Sales_Date,Branch_ID,Lot_ID,Sales_Qty,Sales_Value
2025-01,WH-JKT01,LOT-0229,1232000,6.03187E+11
2025-01,WH-JKT01,LOT-0602,572000,95009200000
2025-01,WH-JKT01,LOT-0891,3605333.333,6.47157E+11
2025-01,WH-JKT01,LOT-0324,128000,17241600000
2025-01,WH-JKT01,LOT-0930,780000,2.2035E+11
2025-01,WH-JKT01,LOT-0007,120000,15528000000
2025-01,WH-JKT01,LOT-0540,1506000,1.42468E+11
2025-01,WH-JKT01,LOT-1026,1680000,9.17616E+11
2025-01,WH-JKT01,LOT-0366,237333.3333,86128266667
2025-01,WH-JKT01,LOT-1040,1632000,1.73971E+11
2025-01,WH-JKT01,LOT-0218,118500,26875800000
2025-01,WH-JKT01,LOT-0612,1444000,6.07635E+11
2025-01,WH-JKT01,LOT-0408,2312000,1.12433E+12
2025-01,WH-JKT01,LOT-0314,677333.3333,2.20201E+11
2025-01,WH-JKT01,LOT-0766,702000,51456600000
2025-01,WH-JKT01,LOT-0331,181333.3333,20835200000
2025-01,WH-JKT01,LOT-1105,564000,2.03773E+11
2025-01,WH-JKT01,LOT-1087,1485000,5.84645E+11
2025-01,WH-JKT01,LOT-0002,2432000,3.19565E+11
2025-01,WH-JKT01,LOT-0664,1242000,2.18965E+11
2025-01,WH-JKT01,LOT-1001,1590000,2.28642E+11
2025-01,WH-JKT01,LOT-0040,400000,95000000000
2025-01,WH-JKT01,LOT-0230,234000,1.11571E+11
2025-01,WH-JKT01,LOT-0744,62500,14487500000
2025-01,WH-JKT01,LOT-0630,296000,1.03274E+11
2025-01,WH-JKT01,LOT-0491,1648000,1.35795E+11
2025-01,WH-JKT01,LOT-0119,30666.66667,1576266667
2025-01,WH-JKT01,LOT-0494,1818000,1.68165E+11
2025-01,WH-JKT01,LOT-1162,332000,12383600000
2025-01,WH-JKT01,LOT-0162,654000,33484800000
2025-01,WH-JKT01,LOT-0176,3520000,1.8927E+12
2025-01,WH-JKT01,LOT-0996,207000,45167400000
2025-01,WH-JKT01,LOT-0142,670000,1.60331E+11
2025-01,WH-JKT01,LOT-1091,110666.6667,10314133333
2025-01,WH-JKT01,LOT-0258,42000,6728400000
2025-01,WH-JKT01,LOT-0263,2584000,1.23954E+12
2025-01,WH-JKT01,LOT-0974,298666.6667,1.11821E+11
2025-01,WH-JKT01,LOT-1126,304000,1.45738E+11
2025-01,WH-JKT01,LOT-0339,288000,35539200000
2025-01,WH-JKT01,LOT-0543,426666.6667,1.15115E+11
2025-01,WH-JKT01,LOT-1081,1552000,6.43304E+11
2025-01,WH-JKT01,LOT-0867,1374000,7.4883E+11
2025-01,WH-JKT01,LOT-0434,365000,1.36912E+11
2025-01,WH-JKT01,LOT-0412,339000,1.85975E+11
2025-01,WH-JKT01,LOT-0639,2076000,5.02807E+11
2025-01,WH-JKT01,LOT-0818,474000,1.46893E+11
2025-01,WH-JKT01,LOT-0765,77333.33333,6581066667
2025-01,WH-JKT01,LOT-0898,194666.6667,30056533333
2025-01,WH-JKT01,LOT-1060,78666.66667,10761600000
2025-01,WH-JKT01,LOT-0925,1344000,3.36672E+11
2025-01,WH-JKT01,LOT-0248,1256000,34791200000
2025-01,WH-JKT01,LOT-0508,3840000,2.42688E+11
2025-01,WH-JKT01,LOT-0461,1316000,4.36517E+11
2025-01,WH-JKT01,LOT-0132,1183500,2.78123E+11
2025-01,WH-JKT01,LOT-0693,165333.3333,27561066667
2025-01,WH-JKT01,LOT-0044,1989000,5.11173E+11
2025-01,WH-JKT01,LOT-1135,36000,17334000000
2025-01,WH-JKT01,LOT-0472,1596000,5.52376E+11
2025-01,WH-JKT01,LOT-0452,92666.66667,48242266667
2025-01,WH-JKT01,LOT-0015,3696000,1.77408E+11
2025-01,WH-JKT01,LOT-0146,1338000,3.38648E+11
2025-01,WH-JKT01,LOT-0121,82666.66667,8580800000
2025-01,WH-JKT01,LOT-0469,477333.3333,1.59907E+11
2025-01,WH-JKT01,LOT-0139,4544000,9.66054E+11
2025-01,WH-JKT01,LOT-0065,1164000,1.45151E+11
2025-01,WH-JKT01,LOT-0677,160000,85504000000
2025-01,WH-JKT01,LOT-1053,312000,38968800000
2025-01,WH-JKT01,LOT-0488,75000,17070000000
2025-01,WH-JKT01,LOT-0571,224000,68275200000
2025-01,WH-JKT01,LOT-0995,692000,1.50026E+11
2025-01,WH-JKT01,LOT-0439,2328000,9.84977E+11
2025-01,WH-JKT01,LOT-0271,426000,1.66012E+11
2025-01,WH-JKT01,LOT-1170,8277333.333,2.62391E+11
2025-01,WH-JKT01,LOT-1181,378000,2.21962E+11
2025-01,WH-JKT01,LOT-0969,506666.6667,2.40768E+11
2025-01,WH-JKT01,LOT-0498,136000,11560000000
2025-01,WH-JKT01,LOT-0834,1050000,2.5473E+11
2025-01,WH-JKT01,LOT-0390,1146666.667,3.41821E+11
2025-01,WH-JKT01,LOT-0194,2032000,1.19908E+12
2025-01,WH-JKT01,LOT-0199,564000,2.89952E+11
2025-01,WH-JKT01,LOT-0883,1092000,4.70215E+11
2025-01,WH-JKT01,LOT-0726,16000,4920000000
2025-01,WH-JKT01,LOT-0868,59000,28143000000
2025-01,WH-JKT01,LOT-0842,240000,76608000000
2025-01,WH-JKT01,LOT-0957,121000,31823000000
2025-01,WH-JKT01,LOT-0111,456000,22298400000
2025-01,WH-JKT01,LOT-0202,692000,2.8455E+11
2025-01,WH-JKT01,LOT-0125,160000,20032000000
2025-01,WH-JKT01,LOT-0825,1176000,99607200000
2025-01,WH-JKT01,LOT-0695,1060000,1.8921E+11
2025-01,WH-JKT01,LOT-0224,558000,2.47473E+11
2025-01,WH-JKT01,LOT-0510,152000,9424000000
2025-01,WH-JKT01,LOT-0393,552000,33727200000
2025-01,WH-JKT01,LOT-1099,186666.6667,14410666667
2025-01,WH-JKT01,LOT-0919,1240000,1.9406E+11
2025-01,WH-JKT01,LOT-0288,6048000,1.88274E+12
2025-01,WH-JKT01,LOT-0865,2432000,1.2661E+12
2025-01,WH-JKT01,LOT-0376,2128000,7.00538E+11
2025-01,WH-JKT01,LOT-0948,3200000,1.6368E+12
2025-01,WH-JKT01,LOT-0512,216000,55274400000
2025-01,WH-JKT01,LOT-0155,10000,5171000000
2025-01,WH-SBY01,LOT-0404,216000,95299200000
2025-01,WH-SBY01,LOT-0746,2640000,6.0984E+11
2025-01,WH-SBY01,LOT-0884,3192000,1.5245E+12
2025-01,WH-SBY01,LOT-0144,240666.6667,54053733333
2025-01,WH-SBY01,LOT-0677,3168000,1.74588E+12
2025-01,WH-SBY01,LOT-0643,2988000,7.58056E+11
2025-01,WH-SBY01,LOT-0256,185000,31635000000
2025-01,WH-SBY01,LOT-0616,272000,1.12173E+11
2025-01,WH-SBY01,LOT-1039,219000,24747000000
2025-01,WH-SBY01,LOT-0634,254000,58242200000
2025-01,WH-SBY01,LOT-0837,834666.6667,2.07081E+11
2025-01,WH-SBY01,LOT-0669,1524000,2.72491E+11
2025-01,WH-SBY01,LOT-0825,304000,26478400000
2025-01,WH-SBY01,LOT-0606,816000,1.42963E+11
2025-01,WH-SBY01,LOT-1136,1877333.333,1.07271E+12
2025-01,WH-SBY01,LOT-0261,750000,3.02625E+11
2025-01,WH-SBY01,LOT-0393,325333.3333,23196266667
2025-01,WH-SBY01,LOT-0862,646000,3.31333E+11
2025-01,WH-SBY01,LOT-0777,412000,1.0333E+11
2025-01,WH-SBY01,LOT-0357,1032000,1.09495E+11
2025-01,WH-SBY01,LOT-1166,1336000,45023200000
2025-01,WH-SBY01,LOT-0617,2570666.667,9.20556E+11
2025-01,WH-SBY01,LOT-0832,184000,41050400000
2025-01,WH-SBY01,LOT-1123,301333.3333,1.42892E+11
2025-01,WH-SBY01,LOT-0001,1416000,1.97249E+11
2025-01,WH-SBY01,LOT-0623,3184000,1.11886E+12
2025-01,WH-SBY01,LOT-0588,1173333.333,5.16619E+11
2025-01,WH-SBY01,LOT-0431,245333.3333,95434666667
2025-01,WH-SBY01,LOT-0881,1034666.667,4.89604E+11
2025-01,WH-SBY01,LOT-1188,245333.3333,1.26003E+11
2025-01,WH-SBY01,LOT-0660,160000,15776000000
2025-01,WH-SBY01,LOT-0953,225333.3333,56851600000
2025-01,WH-SBY01,LOT-0905,20000,6156000000
2025-01,WH-SBY01,LOT-0906,856000,2.57913E+11
2025-01,WH-SBY01,LOT-0438,1292000,4.68738E+11
2025-01,WH-SBY01,LOT-1047,276000,19044000000
2025-01,WH-SBY01,LOT-0970,252000,1.12342E+11
2025-01,WH-SBY01,LOT-0348,232000,90572800000
2025-01,WH-SBY01,LOT-0174,1632000,9.80832E+11
2025-01,WH-SBY01,LOT-0582,240000,1.13976E+11
2025-01,WH-SBY01,LOT-1056,2322000,3.16024E+11
2025-01,WH-SBY01,LOT-0687,396000,1.13573E+11
2025-01,WH-SBY01,LOT-0192,80000,45040000000
2025-01,WH-SBY01,LOT-0482,656000,1.39925E+11
2025-01,WH-SBY01,LOT-0636,1182000,2.62522E+11
2025-01,WH-SBY01,LOT-0461,2968000,8.58049E+11
2025-01,WH-SBY01,LOT-0408,1232000,6.02571E+11
2025-01,WH-SBY01,LOT-0302,1738666.667,3.82681E+11
2025-01,WH-SBY01,LOT-0051,481333.3333,80767733333
2025-01,WH-SBY01,LOT-0095,1420000,6.29486E+11
2025-01,WH-SBY01,LOT-0502,264000,18928800000
2025-01,WH-SBY01,LOT-0974,882000,3.84376E+11
2025-01,WH-SBY01,LOT-0150,364000,91582400000
2025-01,WH-SBY01,LOT-0933,228666.6667,1.26567E+11
2025-01,WH-SBY01,LOT-0849,3168000,1.0768E+12
2025-01,WH-SBY01,LOT-1179,88000,12742400000
2025-01,WH-SBY01,LOT-0399,3060000,1.83906E+11
2025-01,WH-SBY01,LOT-0787,760000,42332000000
2025-01,WH-SBY01,LOT-1013,720000,3.89736E+11
2025-01,WH-SBY01,LOT-0819,908000,2.40348E+11
2025-01,WH-SBY01,LOT-0500,1632000,1.63363E+11
2025-01,WH-SBY01,LOT-0303,572000,1.36365E+11
2025-01,WH-SBY01,LOT-0012,560000,28112000000
2025-01,WH-SBY01,LOT-0219,3888000,9.10958E+11
2025-01,WH-SBY01,LOT-0871,1516000,6.31414E+11
2025-01,WH-SBY01,LOT-0449,340000,36414000000
2025-01,WH-SBY01,LOT-0361,98000,34799800000
2025-01,WH-SBY01,LOT-1061,1410000,2.29407E+11
2025-01,WH-SBY01,LOT-0952,1936000,5.48662E+11
2025-01,WH-SBY01,LOT-0103,925333.3333,48857600000
2025-01,WH-SBY01,LOT-1142,57000,15253200000
2025-01,WH-SBY01,LOT-0511,684000,1.56431E+11
2025-01,WH-SBY01,LOT-0249,1356000,38646000000
2025-01,WH-SBY01,LOT-0935,274000,1.50673E+11
2025-01,WH-SBY01,LOT-0274,620000,2.29028E+11
2025-01,WH-SBY01,LOT-1088,778666.6667,3.4199E+11
2025-01,WH-SBY01,LOT-1145,1614000,4.73225E+11
2025-01,WH-SBY01,LOT-0650,64000,17132800000
2025-01,WH-SBY01,LOT-0907,426000,1.19493E+11
2025-01,WH-SBY01,LOT-1034,1048000,1.11088E+11
2025-01,WH-SBY01,LOT-0874,496000,2.08816E+11
2025-01,WH-SBY01,LOT-0914,2048000,3.21331E+11
2025-01,WH-SBY01,LOT-0326,58500,6557850000
2025-01,WH-SBY01,LOT-0973,472000,1.90263E+11
2025-01,WH-SBY01,LOT-0922,172000,43412800000
2025-01,WH-SBY01,LOT-0531,4832000,4.73053E+11
2025-01,WH-SBY01,LOT-0507,576000,39110400000
2025-01,WH-SBY01,LOT-0568,444000,1.92874E+11
2025-01,WH-SBY01,LOT-1068,429000,71128200000
2025-01,WH-SBY01,LOT-0993,4368000,1.02299E+12
2025-01,WH-SBY01,LOT-0490,1288000,2.56312E+11
2025-01,WH-SBY01,LOT-0563,396000,1.62994E+11
2025-01,WH-SBY01,LOT-0901,166000,42944200000
2025-01,WH-SBY01,LOT-0159,3348000,1.8876E+12
2025-01,WH-SBY01,LOT-0586,1432000,6.21202E+11
2025-01,WH-SBY01,LOT-0481,690000,1.52145E+11
2025-01,WH-SBY01,LOT-0557,1168000,1.48686E+11
2025-01,WH-SBY01,LOT-0688,788000,2.06929E+11
2025-01,WH-SBY01,LOT-0655,3178666.667,3.25813E+11
2025-01,WH-SBY01,LOT-1107,138666.6667,52832000000
2025-01,WH-SBY01,LOT-0166,1134000,52277400000
2025-01,WH-SBY01,LOT-0284,96000,29414400000
2025-01,WH-SBY01,LOT-0309,368000,81585600000
2025-01,WH-SBY01,LOT-0474,384000,1.45728E+11
2025-01,WH-SBY01,LOT-0785,2896000,1.71443E+11
2025-01,WH-SBY01,LOT-0313,1986000,7.50112E+11
2025-01,WH-SBY01,LOT-0439,512000,1.83654E+11
2025-01,WH-SBY01,LOT-0132,234666.6667,56155733333
2025-01,WH-SBY01,LOT-0850,980000,3.21636E+11
2025-01,WH-SBY01,LOT-0835,358000,76504600000
2025-01,WH-SBY01,LOT-0678,41333.33333,21253600000
2025-01,WH-SBY01,LOT-1112,2656000,9.62003E+11
2025-01,WH-SBY01,LOT-0955,202666.6667,55429333333
2025-01,WH-SBY01,LOT-0852,112000,26163200000
2025-01,WH-BDG01,LOT-0311,912000,3.28776E+11
2025-01,WH-BDG01,LOT-0306,512000,1.30918E+11
2025-01,WH-BDG01,LOT-1153,490000,2.66315E+11
2025-01,WH-BDG01,LOT-0623,350000,1.24145E+11
2025-01,WH-BDG01,LOT-0175,116000,70980400000
2025-01,WH-BDG01,LOT-0509,692000,45810400000
2025-01,WH-BDG01,LOT-0243,344000,9666400000
2025-01,WH-BDG01,LOT-1143,1120000,3.19872E+11
2025-01,WH-BDG01,LOT-0853,143000,29672500000
2025-01,WH-BDG01,LOT-0463,100000,29670000000
2025-01,WH-BDG01,LOT-1071,1530000,2.51226E+11
2025-01,WH-BDG01,LOT-0780,1600000,3.8576E+11
2025-01,WH-BDG01,LOT-0923,536000,1.50723E+11
2025-01,WH-BDG01,LOT-0907,3333.333333,968333333.3
2025-01,WH-BDG01,LOT-0609,752000,1.3536E+11
2025-01,WH-BDG01,LOT-0879,32000,12211200000
2025-01,WH-BDG01,LOT-0626,1013333.333,3.83141E+11
2025-01,WH-BDG01,LOT-1165,780000,27378000000
2025-01,WH-BDG01,LOT-0124,1576000,1.62643E+11
2025-01,WH-BDG01,LOT-0204,94000,40965200000
2025-01,WH-BDG01,LOT-0426,1621333.333,2.3104E+11
2025-01,WH-BDG01,LOT-0433,965333.3333,3.76577E+11
2025-01,WH-BDG01,LOT-0542,19000,5219300000
2025-01,WH-BDG01,LOT-0167,1264000,66360000000
2025-01,WH-BDG01,LOT-0322,981333.3333,1.11578E+11
2025-01,WH-BDG01,LOT-0492,574000,47010600000
2025-01,WH-BDG01,LOT-0356,319500,34410150000
2025-01,WH-BDG01,LOT-1131,168000,89594400000
2025-01,WH-BDG01,LOT-0154,693333.3333,3.68091E+11
2025-01,WH-BDG01,LOT-0321,83000,10167500000
2025-01,WH-BDG01,LOT-0006,2226000,2.81144E+11
2025-01,WH-BDG01,LOT-0837,1464000,3.19152E+11
2025-01,WH-BDG01,LOT-0963,168000,81362400000
2025-01,WH-BDG01,LOT-0597,1032000,3.8669E+11
2025-01,WH-BDG01,LOT-0067,316000,37762000000
2025-01,WH-BDG01,LOT-0475,414666.6667,1.55873E+11
2025-01,WH-BDG01,LOT-0591,197333.3333,80334400000
2025-01,WH-BDG01,LOT-0580,1752000,5.43821E+11
2025-01,WH-BDG01,LOT-0930,976500,2.48324E+11
2025-01,WH-BDG01,LOT-0146,528000,1.25453E+11
2025-01,WH-BDG01,LOT-0479,64000,22918400000
2025-01,WH-BDG01,LOT-0406,157000,79080900000
2025-01,WH-BDG01,LOT-0871,1204000,5.43486E+11
2025-01,WH-BDG01,LOT-0236,1020000,3.22422E+11
2025-01,WH-BDG01,LOT-1116,1864000,7.4094E+11
2025-01,WH-BDG01,LOT-0461,482666.6667,1.43786E+11
2025-01,WH-BDG01,LOT-0545,395000,99579500000
2025-01,WH-BDG01,LOT-0292,952000,1.81546E+11
2025-01,WH-BDG01,LOT-0147,67333.33333,18523400000
2025-01,WH-BDG01,LOT-0123,254000,29387800000
2025-01,WH-BDG01,LOT-0340,496000,60264000000
2025-01,WH-BDG01,LOT-0630,286666.6667,95517333333
2025-01,WH-BDG01,LOT-1166,257333.3333,8749333333
2025-01,WH-BDG01,LOT-0592,66666.66667,24600000000
2025-01,WH-BDG01,LOT-0900,458666.6667,79074133333
2025-01,WH-BDG01,LOT-0255,4056000,7.97815E+11
2025-01,WH-BDG01,LOT-0960,1548000,4.74617E+11
2025-01,WH-BDG01,LOT-0825,276000,24122400000
2025-01,WH-BDG01,LOT-0558,921000,1.08033E+11
2025-01,WH-BDG01,LOT-1025,149333.3333,81117866667
2025-01,WH-BDG01,LOT-1106,920000,3.3534E+11
2025-01,WH-BDG01,LOT-1012,952000,4.43442E+11
2025-01,WH-BDG01,LOT-0897,208000,33155200000
2025-01,WH-BDG01,LOT-0165,2040000,1.10772E+11
2025-01,WH-BDG01,LOT-0082,86000,9253600000
2025-01,WH-BDG01,LOT-0885,840000,3.80772E+11
2025-01,WH-BDG01,LOT-0661,478666.6667,88984133333
2025-01,WH-BDG01,LOT-0513,92000,24223600000
2025-01,WH-BDG01,LOT-0053,2800000,4.7796E+11
2025-01,WH-BDG01,LOT-0188,132666.6667,31481800000
2025-01,WH-BDG01,LOT-0469,1300000,4.199E+11
2025-01,WH-BDG01,LOT-1179,786000,1.05796E+11
2025-01,WH-BDG01,LOT-0043,564000,1.22332E+11
2025-01,WH-BDG01,LOT-0552,480000,55104000000
2025-01,WH-BDG01,LOT-1181,1420000,8.42912E+11
2025-01,WH-BDG01,LOT-0083,968000,1.10255E+11
2025-01,WH-BDG01,LOT-0359,454000,58883800000
2025-01,WH-BDG01,LOT-0964,1576000,7.12667E+11
2025-01,WH-BDG01,LOT-1063,168000,28543200000
2025-01,WH-BDG01,LOT-0906,1920000,5.17056E+11
2025-01,WH-BDG01,LOT-0570,25333.33333,9011066667
2025-01,WH-BDG01,LOT-0372,66000,22611600000
2025-01,WH-BDG01,LOT-1199,130666.6667,36456000000
2025-01,WH-SMG01,LOT-1088,3150000,1.29087E+12
2025-01,WH-SMG01,LOT-0844,181333.3333,61272533333
2025-01,WH-SMG01,LOT-1160,438000,2.37002E+11
2025-01,WH-SMG01,LOT-0369,475500,1.6671E+11
2025-01,WH-SMG01,LOT-0349,592000,2.39464E+11
2025-01,WH-SMG01,LOT-0359,161333.3333,20650666667
2025-01,WH-SMG01,LOT-0162,2544000,1.29744E+11
2025-01,WH-SMG01,LOT-0784,256000,12800000000
2025-01,WH-SMG01,LOT-0494,192000,16780800000
2025-01,WH-SMG01,LOT-1020,685333.3333,3.26767E+11
2025-01,WH-SMG01,LOT-1195,500000,1.531E+11
2025-01,WH-SMG01,LOT-0294,296000,50527200000
2025-01,WH-SMG01,LOT-0476,1034666.667,4.02175E+11
2025-01,WH-SMG01,LOT-0945,4620000,2.63248E+12
2025-01,WH-SMG01,LOT-0521,562000,1.68488E+11
2025-01,WH-SMG01,LOT-0942,3080000,1.76576E+12
2025-01,WH-SMG01,LOT-0523,2314666.667,7.28889E+11
2025-01,WH-SMG01,LOT-0020,1020000,49674000000
2025-01,WH-SMG01,LOT-0953,197333.3333,49688533333
2025-01,WH-SMG01,LOT-0590,258666.6667,1.13011E+11
2025-01,WH-SMG01,LOT-1120,2784000,1.20157E+12
2025-01,WH-SMG01,LOT-0324,253333.3333,28424000000
2025-01,WH-SMG01,LOT-0152,2136000,1.06907E+12
2025-01,WH-SMG01,LOT-0905,223333.3333,60925333333
2025-01,WH-SMG01,LOT-0708,1248000,5.62598E+11
2025-01,WH-SMG01,LOT-0613,178666.6667,75057866667
2025-01,WH-SMG01,LOT-0869,1066500,4.96349E+11
2025-01,WH-SMG01,LOT-0513,1205333.333,3.04226E+11
2025-01,WH-SMG01,LOT-0936,3306666.667,2.06832E+12
2025-01,WH-SMG01,LOT-0619,80000,32560000000
2025-01,WH-SMG01,LOT-0408,387000,2.00698E+11
2025-01,WH-SMG01,LOT-0788,1176000,59740800000
2025-01,WH-SMG01,LOT-0990,1584000,6.01128E+11
2025-01,WH-SMG01,LOT-0219,1220000,2.72426E+11
2025-01,WH-SMG01,LOT-0486,661333.3333,1.33854E+11
2025-01,WH-SMG01,LOT-0782,160000,9184000000
2025-01,WH-SMG01,LOT-1172,413333.3333,49930666667
2025-01,WH-SMG01,LOT-0736,105333.3333,65654266667
2025-01,WH-SMG01,LOT-1178,749333.3333,95764800000
2025-01,WH-SMG01,LOT-0606,1002666.667,1.66944E+11
2025-01,WH-SMG01,LOT-0605,192000,32140800000
2025-01,WH-SMG01,LOT-0045,1504000,3.8352E+11
2025-01,WH-SMG01,LOT-0811,1512000,4.37573E+11
2025-01,WH-SMG01,LOT-0563,26000,9523800000
2025-01,WH-SMG01,LOT-0017,62000,2715600000
2025-01,WH-SMG01,LOT-0101,293333.3333,15957333333
2025-01,WH-SMG01,LOT-1018,772000,3.63612E+11
2025-01,WH-SMG01,LOT-0587,468000,2.30116E+11
2025-01,WH-SMG01,LOT-0472,178000,68102800000
2025-01,WH-SMG01,LOT-0722,629333.3333,1.80115E+11
2025-01,WH-SMG01,LOT-0449,1276000,1.15095E+11
2025-01,WH-SMG01,LOT-0390,1026000,2.88819E+11
2025-01,WH-SMG01,LOT-0514,1274666.667,3.21853E+11
2025-01,WH-SMG01,LOT-0281,26666.66667,7104000000
2025-01,WH-SMG01,LOT-0199,375000,2.22863E+11
2025-01,WH-SMG01,LOT-0081,4757333.333,5.352E+11
2025-01,WH-SMG01,LOT-0633,1536000,3.64339E+11
2025-01,WH-SMG01,LOT-0903,1237333.333,3.16757E+11
2025-01,WH-SMG01,LOT-0069,61333.33333,7237333333
2025-01,WH-SMG01,LOT-1187,80000,39632000000
2025-01,WH-SMG01,LOT-0748,386666.6667,93844000000
2025-01,WH-SMG01,LOT-0270,1824000,8.00006E+11
2025-01,WH-SMG01,LOT-0185,342000,72230400000
2025-01,WH-SMG01,LOT-0670,1240000,2.37088E+11
2025-01,WH-SMG01,LOT-0851,1422000,3.27344E+11
2025-01,WH-SMG01,LOT-0360,600000,64740000000
2025-01,WH-SMG01,LOT-0412,364000,1.82364E+11
2025-01,WH-SMG01,LOT-0271,906666.6667,3.31477E+11
2025-01,WH-SMG01,LOT-1105,530666.6667,2.1354E+11
2025-01,WH-SMG01,LOT-0750,230000,53613000000
2025-01,WH-SMG01,LOT-1028,242000,1.19645E+11
2025-01,WH-SMG01,LOT-0559,948000,1.12812E+11
2025-01,WH-SMG01,LOT-0337,4032000,4.16909E+11
2025-01,WH-SMG01,LOT-0527,148666.6667,43544466667
2025-01,WH-SMG01,LOT-0987,90000,32877000000
2025-01,WH-SMG01,LOT-0694,332000,62947200000
2025-01,WH-SMG01,LOT-0236,988000,2.63598E+11
2025-01,WH-SMG01,LOT-0960,64000,16345600000
2025-01,WH-SMG01,LOT-0155,36000,19490400000
2025-01,WH-SMG01,LOT-0289,1040000,3.25312E+11
2025-01,WH-SMG01,LOT-0463,192666.6667,53965933333
2025-01,WH-SMG01,LOT-0814,2336000,6.72067E+11
2025-01,WH-SMG01,LOT-1142,232000,57211200000
2025-01,WH-SMG01,LOT-0809,496000,2.21117E+11
2025-01,WH-SMG01,LOT-0029,1556000,4.45016E+11
2025-01,WH-SMG01,LOT-0542,3366000,7.61726E+11
2025-01,WH-SMG01,LOT-1099,1216000,1.06157E+11
2025-01,WH-SMG01,LOT-0254,555000,90853500000
2025-01,WH-SMG01,LOT-0932,1408000,7.52717E+11
2025-01,WH-SMG01,LOT-0755,341000,1.15224E+11
2025-01,WH-SMG01,LOT-0537,120000,11700000000
2025-01,WH-SMG01,LOT-1198,1156000,3.18131E+11
2025-01,WH-SMG01,LOT-0781,526666.6667,27176000000
2025-01,WH-SMG01,LOT-0761,80000,6632000000
2025-01,WH-SMG01,LOT-0222,97333.33333,49221466667
2025-01,WH-BKS01,LOT-1141,3152000,8.9044E+11
2025-01,WH-BKS01,LOT-0054,172000,25438800000
2025-01,WH-BKS01,LOT-0548,400000,1.0264E+11
2025-01,WH-BKS01,LOT-0060,3872000,6.47011E+11
2025-01,WH-BKS01,LOT-0370,394000,1.49168E+11
2025-01,WH-BKS01,LOT-0560,4236000,5.6127E+11
2025-01,WH-BKS01,LOT-0633,784000,1.83378E+11
2025-01,WH-BKS01,LOT-0696,648000,1.13789E+11
2025-01,WH-BKS01,LOT-0719,2608000,9.83738E+11
2025-01,WH-BKS01,LOT-0013,1226666.667,52992000000
2025-01,WH-BKS01,LOT-0372,1848000,6.80249E+11
2025-01,WH-BKS01,LOT-0294,580000,1.03356E+11
2025-01,WH-BKS01,LOT-1160,1973333.333,1.10961E+12
2025-01,WH-BKS01,LOT-0821,978000,84792600000
2025-01,WH-BKS01,LOT-0143,128000,28992000000
2025-01,WH-BKS01,LOT-0291,302000,48078400000
2025-01,WH-BKS01,LOT-0063,612000,76806000000
2025-01,WH-BKS01,LOT-0188,264000,55783200000
2025-01,WH-BKS01,LOT-1087,4832000,2.12173E+12
2025-01,WH-BKS01,LOT-0441,766000,82804600000
2025-01,WH-BKS01,LOT-0771,1253333.333,3.34891E+11
2025-01,WH-BKS01,LOT-0860,2376000,5.63587E+11
2025-01,WH-BKS01,LOT-0930,507000,1.36383E+11
2025-01,WH-BKS01,LOT-0699,3132000,5.29308E+11
2025-01,WH-BKS01,LOT-0323,96000,11644800000
2025-01,WH-BKS01,LOT-0758,240000,89664000000
2025-01,WH-BKS01,LOT-0639,72000,16365600000
2025-01,WH-BKS01,LOT-0665,186000,31917600000
2025-01,WH-BKS01,LOT-1163,367000,12404600000
2025-01,WH-BKS01,LOT-0174,1832000,1.04772E+12
2025-01,WH-BKS01,LOT-0108,951000,47835300000
2025-01,WH-BKS01,LOT-0319,1560000,5.94984E+11
2025-01,WH-BKS01,LOT-0102,270666.6667,14372400000
2025-01,WH-BKS01,LOT-0168,356000,18262800000
2025-01,WH-BKS01,LOT-0558,124000,15996000000
2025-01,WH-BKS01,LOT-0908,448000,1.21587E+11
2025-01,WH-BKS01,LOT-0869,461333.3333,2.14843E+11
2025-01,WH-BKS01,LOT-0995,1056000,2.4383E+11
2025-01,WH-BKS01,LOT-0906,1072000,3.15597E+11
2025-01,WH-BKS01,LOT-0849,227333.3333,82271933333
2025-01,WH-BKS01,LOT-0442,1252000,1.34715E+11
2025-01,WH-BKS01,LOT-1050,1400000,88480000000
2025-01,WH-BKS01,LOT-0234,7338666.667,1.99171E+12
2025-01,WH-BKS01,LOT-0707,245333.3333,1.1143E+11
2025-01,WH-BKS01,LOT-0881,226666.6667,1.10817E+11
2025-01,WH-BKS01,LOT-0228,1093333.333,4.63464E+11
2025-01,WH-BKS01,LOT-0581,2936000,1.48973E+12
2025-01,WH-BKS01,LOT-0997,489000,1.17116E+11
2025-01,WH-BKS01,LOT-1080,3006000,5.69938E+11
2025-01,WH-BKS01,LOT-0632,280000,65856000000
2025-01,WH-BKS01,LOT-0094,766000,3.67374E+11
2025-01,WH-BKS01,LOT-0452,274000,1.40425E+11
2025-01,WH-BKS01,LOT-0810,348000,1.41497E+11
2025-01,WH-BKS01,LOT-0113,380000,17860000000
2025-01,WH-BKS01,LOT-0016,869333.3333,38511466667
2025-01,WH-BKS01,LOT-0419,456000,2.40358E+11
2025-01,WH-BKS01,LOT-0618,6352000,2.43091E+12
2025-01,WH-BKS01,LOT-0433,180000,77868000000
2025-01,WH-BKS01,LOT-0282,672000,1.79693E+11
2025-01,WH-BKS01,LOT-0524,56000,17102400000
2025-01,WH-BKS01,LOT-0593,843000,3.41246E+11
2025-01,WH-BKS01,LOT-0672,2922666.667,1.43123E+12
2025-01,WH-BKS01,LOT-0246,1062000,33771600000
2025-01,WH-BKS01,LOT-1019,2568000,1.22853E+12
2025-01,WH-BKS01,LOT-0882,2101333.333,9.1429E+11
2025-01,WH-BKS01,LOT-0360,64666.66667,8148000000
2025-01,WH-BKS01,LOT-0265,4256000,1.89647E+12
2025-01,WH-BKS01,LOT-0779,118666.6667,30556666667
2025-01,WH-BKS01,LOT-1091,108000,9061200000
2025-01,WH-BKS01,LOT-0472,468000,1.83737E+11
2025-01,WH-BKS01,LOT-1025,696000,3.58579E+11
2025-01,WH-BKS01,LOT-1145,1040000,2.93176E+11
2025-01,WH-BKS01,LOT-0726,936000,2.52626E+11
2025-01,WH-BKS01,LOT-0148,190500,45681900000
2025-01,WH-BKS01,LOT-0814,326666.6667,1.00679E+11
2025-01,WH-BKS01,LOT-0087,416000,43804800000
2025-01,WH-BKS01,LOT-0894,594000,1.06326E+11
2025-01,WH-BKS01,LOT-0039,1285333.333,3.54881E+11
2025-01,WH-BKS01,LOT-0942,3200000,1.752E+12
2025-01,WH-BKS01,LOT-0160,292000,1.65097E+11
2025-01,WH-BKS01,LOT-0642,285333.3333,85913866667
2025-01,WH-BKS01,LOT-1180,150000,21825000000
2025-01,WH-BKS01,LOT-0880,124000,52154400000
2025-01,WH-BKS01,LOT-1175,260000,35464000000
2025-01,WH-BKS01,LOT-0829,456000,41632800000
2025-01,WH-BKS01,LOT-0856,1076000,2.65664E+11
2025-01,WH-BKS01,LOT-0236,225000,60255000000
2025-01,WH-BKS01,LOT-0830,696000,57907200000
2025-01,WH-BKS01,LOT-0043,1602000,3.56445E+11
2025-01,WH-BKS01,LOT-0666,1824000,3.16829E+11
2025-01,WH-BKS01,LOT-0352,629333.3333,79107200000
2025-01,WH-BKS01,LOT-0943,1952000,1.16495E+12
2025-01,WH-BKS01,LOT-0742,108500,23251550000
2025-01,WH-BKS01,LOT-0181,786000,1.65767E+11
2025-01,WH-BKS01,LOT-0895,1616000,2.8991E+11
2025-01,WH-BKS01,LOT-0217,65333.33333,14615066667
2025-01,WH-BKS01,LOT-0499,336000,33432000000
2025-01,WH-BKS01,LOT-0893,2960000,4.96096E+11
2025-01,WH-BKS01,LOT-1074,79000,13035000000
2025-01,WH-BKS01,LOT-0162,906000,48652200000
2025-01,WH-BKS01,LOT-0811,656000,1.94045E+11
2025-01,WH-BKS01,LOT-0636,405333.3333,97036800000
2025-01,WH-BKS01,LOT-0454,1960000,1.08662E+12
2025-01,WH-BKS01,LOT-0683,28000,7940800000
2025-01,WH-BKS01,LOT-0345,56000,20893600000
2025-01,WH-BKS01,LOT-0157,648000,3.3709E+11
2025-01,WH-BKS01,LOT-1046,502666.6667,35639066667
2025-01,WH-BKS01,LOT-1045,147333.3333,9385133333
2025-01,WH-BKS01,LOT-0398,912000,56452800000
2025-01,WH-BKS01,LOT-0716,178666.6667,63426666667
2025-01,WH-BKS01,LOT-0720,4672000,1.88655E+12
2025-01,WH-BKS01,LOT-0303,2584000,5.9587E+11
2025-01,WH-BKS01,LOT-0484,183000,41138400000
2025-01,WH-BKS01,LOT-0211,1560000,3.77988E+11
2025-01,WH-BKS01,LOT-0300,58500,10512450000
2025-01,WH-BKS01,LOT-0525,1196000,3.44926E+11
2025-01,WH-BKS01,LOT-0405,208000,93516800000
2025-01,WH-BKS01,LOT-0356,6666.666667,804000000
2025-01,WH-BKS01,LOT-0314,192000,68313600000
2025-01,WH-TNG01,LOT-0176,1018666.667,5.81251E+11
2025-01,WH-TNG01,LOT-1073,258666.6667,47930933333
2025-01,WH-TNG01,LOT-0739,160000,83632000000
2025-01,WH-TNG01,LOT-0139,1685333.333,4.11895E+11
2025-01,WH-TNG01,LOT-1078,3664000,5.9027E+11
2025-01,WH-TNG01,LOT-1115,624000,2.32315E+11
2025-01,WH-TNG01,LOT-1040,1340000,1.45926E+11
2025-01,WH-TNG01,LOT-1135,1206000,7.09852E+11
2025-01,WH-TNG01,LOT-0042,168000,41277600000
2025-01,WH-TNG01,LOT-0800,704000,2.30278E+11
2025-01,WH-TNG01,LOT-0963,258666.6667,1.10709E+11
2025-01,WH-TNG01,LOT-0090,263333.3333,25991000000
2025-01,WH-TNG01,LOT-0793,300000,99810000000
2025-01,WH-TNG01,LOT-0765,1248000,93475200000
2025-01,WH-TNG01,LOT-0520,392000,91022400000
2025-01,WH-TNG01,LOT-0034,168000,39513600000
2025-01,WH-TNG01,LOT-0732,200000,1.1302E+11
2025-01,WH-TNG01,LOT-0707,812000,4.17612E+11
2025-01,WH-TNG01,LOT-0494,260000,22516000000
2025-01,WH-TNG01,LOT-0213,368000,91153600000
2025-01,WH-TNG01,LOT-1192,76000,23765200000
2025-01,WH-TNG01,LOT-0681,201333.3333,54742533333
2025-01,WH-TNG01,LOT-0274,682666.6667,2.26645E+11
2025-01,WH-TNG01,LOT-0091,98666.66667,46018133333
2025-01,WH-TNG01,LOT-0722,944000,2.51293E+11
2025-01,WH-TNG01,LOT-1119,740000,2.88378E+11
2025-01,WH-TNG01,LOT-0694,196000,38082800000
2025-01,WH-TNG01,LOT-0359,2688000,3.27936E+11
2025-01,WH-TNG01,LOT-0952,1472000,3.73446E+11
2025-01,WH-TNG01,LOT-0981,846000,3.0346E+11
2025-01,WH-TNG01,LOT-0374,316000,1.21534E+11
2025-01,WH-TNG01,LOT-0277,492000,1.8204E+11
2025-01,WH-TNG01,LOT-0130,4356000,5.10959E+11
2025-01,WH-TNG01,LOT-0938,506666.6667,2.88851E+11
2025-01,WH-TNG01,LOT-0076,178666.6667,1.09058E+11
2025-01,WH-TNG01,LOT-0601,304000,52105600000
2025-01,WH-TNG01,LOT-0413,2741333.333,1.34572E+12
2025-01,WH-TNG01,LOT-0409,1152000,5.49965E+11
2025-01,WH-TNG01,LOT-0086,325333.3333,37478400000
2025-01,WH-TNG01,LOT-0647,2296000,5.99256E+11
2025-01,WH-TNG01,LOT-0636,261333.3333,53913066667
2025-01,WH-TNG01,LOT-1056,1109333.333,1.59522E+11
2025-01,WH-TNG01,LOT-0816,1492000,4.21938E+11
2025-01,WH-TNG01,LOT-1113,286666.6667,1.19425E+11
2025-01,WH-TNG01,LOT-0970,2392000,9.57757E+11
2025-01,WH-TNG01,LOT-0519,445333.3333,1.12402E+11
2025-01,WH-TNG01,LOT-0075,470000,2.58453E+11
2025-01,WH-TNG01,LOT-0392,3228000,2.04655E+11
2025-01,WH-TNG01,LOT-0586,2296000,1.09795E+12
2025-01,WH-TNG01,LOT-0098,65333.33333,29961866667
2025-01,WH-TNG01,LOT-0680,284000,1.51883E+11
2025-01,WH-TNG01,LOT-0560,132000,17173200000
2025-01,WH-TNG01,LOT-0255,360000,59616000000
2025-01,WH-TNG01,LOT-0754,118666.6667,37380000000
2025-01,WH-TNG01,LOT-0895,490666.6667,75121066667
2025-01,WH-TNG01,LOT-0820,2160000,6.64632E+11
2025-01,WH-TNG01,LOT-0901,360000,95904000000
2025-01,WH-TNG01,LOT-0792,880000,3.18912E+11
2025-01,WH-TNG01,LOT-0695,2320000,3.8976E+11
2025-01,WH-TNG01,LOT-0383,320000,91840000000
2025-01,WH-TNG01,LOT-1017,208000,1.07952E+11
2025-01,WH-TNG01,LOT-1019,1941333.333,1.02638E+12
2025-01,WH-TNG01,LOT-0753,604000,1.89958E+11
2025-01,WH-TNG01,LOT-1064,684000,1.20726E+11
2025-01,WH-TNG01,LOT-0547,3768000,9.09218E+11
2025-01,WH-TNG01,LOT-0170,586000,26135600000
2025-01,WH-TNG01,LOT-0870,57000,26465100000
2025-01,WH-TNG01,LOT-0162,3552000,1.85414E+11
2025-01,WH-TNG01,LOT-0882,840000,4.06728E+11
2025-01,WH-TNG01,LOT-0370,6352000,2.40169E+12
2025-01,WH-TNG01,LOT-1118,3852000,1.56314E+12
2025-01,WH-TNG01,LOT-0602,2762666.667,5.42311E+11
2025-01,WH-TNG01,LOT-0658,426000,37914000000
2025-01,WH-TNG01,LOT-0211,106000,25079600000
2025-01,WH-TNG01,LOT-0164,4260000,2.06184E+11
2025-01,WH-TNG01,LOT-0672,711000,3.51021E+11
2025-01,WH-TNG01,LOT-0606,140000,23576000000
2025-01,WH-TNG01,LOT-0628,1953000,7.17532E+11
2025-01,WH-TNG01,LOT-0914,872000,1.33678E+11
2025-01,WH-TNG01,LOT-0873,312000,1.22429E+11
2025-01,WH-TNG01,LOT-0342,2976000,1.12582E+12
2025-01,WH-TNG01,LOT-0910,482666.6667,1.49289E+11
2025-01,WH-TNG01,LOT-0720,142000,58773800000
2025-01,WH-TNG01,LOT-0916,536000,86135200000
2025-01,WH-TNG01,LOT-0087,448000,45875200000
2025-01,WH-TNG01,LOT-0723,268000,72896000000
2025-01,WH-TNG01,LOT-0891,698666.6667,1.0494E+11
2025-01,WH-TNG01,LOT-0563,60000,22554000000
2025-01,WH-TNG01,LOT-0118,402000,22632600000
2025-01,WH-TNG01,LOT-0154,1314000,6.40706E+11
2025-01,WH-TNG01,LOT-0832,387000,94466700000
2025-01,WH-BPR01,LOT-0641,2544000,7.84061E+11
2025-01,WH-BPR01,LOT-0389,1016000,2.98399E+11
2025-01,WH-BPR01,LOT-0327,549000,62146800000
2025-01,WH-BPR01,LOT-1021,166500,84915000000
2025-01,WH-BPR01,LOT-1055,917333.3333,1.18886E+11
2025-01,WH-BPR01,LOT-0957,1182000,3.17131E+11
2025-01,WH-BPR01,LOT-1022,124000,61900800000
2025-01,WH-BPR01,LOT-0632,554000,1.21603E+11
2025-01,WH-BPR01,LOT-1019,496000,2.66798E+11
2025-01,WH-BPR01,LOT-0048,1496000,3.73252E+11
2025-01,WH-BPR01,LOT-0185,1436000,2.95672E+11
2025-01,WH-BPR01,LOT-0806,1008000,3.89592E+11
2025-01,WH-BPR01,LOT-1036,2096000,2.24062E+11
2025-01,WH-BPR01,LOT-0937,418666.6667,2.24447E+11
2025-01,WH-BPR01,LOT-0494,235500,22702200000
2025-01,WH-BPR01,LOT-0441,1460000,1.36656E+11
2025-01,WH-BPR01,LOT-1195,2190000,6.18456E+11
2025-01,WH-BPR01,LOT-0723,1333333.333,3.69067E+11
2025-01,WH-BPR01,LOT-0100,3989333.333,1.64919E+12
2025-01,WH-BPR01,LOT-0104,67000,3685000000
2025-01,WH-BPR01,LOT-0577,377333.3333,1.07955E+11
2025-01,WH-BPR01,LOT-1014,552000,3.05532E+11
2025-01,WH-BPR01,LOT-0964,800000,3.7448E+11
2025-01,WH-BPR01,LOT-0586,612000,2.56918E+11
2025-01,WH-BPR01,LOT-1100,740000,57646000000
2025-01,WH-BPR01,LOT-0017,1386000,68052600000
2025-01,WH-BPR01,LOT-0221,1161000,5.31506E+11
2025-01,WH-BPR01,LOT-0883,1728000,8.66938E+11
2025-01,WH-BPR01,LOT-0275,286000,1.10596E+11
2025-01,WH-BPR01,LOT-0542,722000,1.71692E+11
2025-01,WH-BPR01,LOT-0750,320000,77536000000
2025-01,WH-BPR01,LOT-0826,610000,50386000000
2025-01,WH-BPR01,LOT-0093,360000,1.61892E+11
2025-01,WH-BPR01,LOT-0821,1656000,1.36454E+11
2025-01,WH-BPR01,LOT-0105,248000,12152000000
2025-01,WH-BPR01,LOT-1168,576000,19008000000
2025-01,WH-BPR01,LOT-1151,492000,2.52986E+11
2025-01,WH-BPR01,LOT-0399,4256000,2.57488E+11
2025-01,WH-BPR01,LOT-0743,1144000,2.97783E+11
2025-01,WH-BPR01,LOT-1134,1020000,5.37744E+11
2025-01,WH-BPR01,LOT-0592,330666.6667,1.2443E+11
2025-01,WH-BPR01,LOT-0151,285333.3333,1.54822E+11
2025-01,WH-BPR01,LOT-0792,50666.66667,16122133333
2025-01,WH-BPR01,LOT-1033,1340000,1.36278E+11
2025-01,WH-BPR01,LOT-0923,530666.6667,1.27572E+11
2025-01,WH-BPR01,LOT-1127,1589333.333,7.18061E+11
2025-01,WH-BPR01,LOT-0573,510666.6667,1.56928E+11
2025-01,WH-BPR01,LOT-0244,32000,1024000000
2025-01,WH-BPR01,LOT-0264,250666.6667,1.06934E+11
2025-01,WH-BPR01,LOT-0199,253333.3333,1.53115E+11
2025-01,WH-BPR01,LOT-0807,61333.33333,27998666667
2025-01,WH-BPR01,LOT-0765,416000,34361600000
2025-01,WH-BPR01,LOT-0695,66666.66667,13280000000
2025-01,WH-BPR01,LOT-1143,612000,1.76929E+11
2025-01,WH-BPR01,LOT-0749,27000,6115500000
2025-01,WH-BPR01,LOT-0296,2504000,4.01391E+11
2025-01,WH-BPR01,LOT-0408,469333.3333,2.10684E+11
2025-01,WH-BPR01,LOT-1043,1998000,1.3986E+11
2025-01,WH-BPR01,LOT-0823,5482666.667,5.1866E+11
2025-01,WH-BPR01,LOT-1025,1168000,6.31538E+11
2025-01,WH-BPR01,LOT-0083,325333.3333,33541866667
2025-01,WH-BPR01,LOT-0080,330666.6667,1.76609E+11
2025-01,WH-BPR01,LOT-0281,1516000,4.41156E+11
2025-01,WH-BPR01,LOT-0683,1632000,4.46026E+11
2025-01,WH-BPR01,LOT-0971,36000,15544800000
2025-01,WH-BPR01,LOT-1064,208000,36275200000
2025-01,WH-BPR01,LOT-0936,6272000,3.33859E+12
2025-01,WH-BPR01,LOT-0306,845333.3333,2.11502E+11
2025-01,WH-BPR01,LOT-1056,1130666.667,1.57276E+11
2025-01,WH-BPR01,LOT-0287,804000,2.27452E+11
2025-01,WH-BPR01,LOT-0672,280000,1.57304E+11
2025-01,WH-BPR01,LOT-0653,148500,15221250000
2025-01,WH-BPR01,LOT-0333,996000,1.08464E+11
2025-01,WH-BPR01,LOT-0805,2112000,7.82074E+11
2025-01,WH-BPR01,LOT-0613,402000,1.45685E+11
2025-01,WH-BPR01,LOT-0689,390000,96876000000
2025-01,WH-BPR01,LOT-1039,922666.6667,99094400000
2025-01,WH-BPR01,LOT-1044,250000,17600000000
2025-01,WH-BPR01,LOT-1091,276000,24370800000
2025-01,WH-BPR01,LOT-1004,5744000,8.55282E+11
2025-01,WH-BPR01,LOT-1153,519000,2.6796E+11
2025-01,WH-BPR01,LOT-0614,324000,1.15441E+11
2025-01,WH-BPR01,LOT-0973,1424000,5.86118E+11
2025-01,WH-BPR01,LOT-0035,3893333.333,1.07495E+12
2025-01,WH-BPR01,LOT-0755,2864000,8.92995E+11
2025-01,WH-BPR01,LOT-0679,1872000,9.87106E+11
2025-01,WH-BPR01,LOT-0225,157333.3333,68062400000
2025-01,WH-BPR01,LOT-0854,1168000,2.67238E+11
2025-01,WH-BPR01,LOT-1196,2844000,8.47228E+11
2025-01,WH-BPR01,LOT-0631,420000,92820000000
2025-01,WH-BPR01,LOT-0055,242666.6667,38899466667
2025-01,WH-BPR01,LOT-0972,2952000,1.27999E+12
2025-01,WH-BPR01,LOT-0544,460000,1.2282E+11
2025-01,WH-BPR01,LOT-1185,197500,1.01969E+11
2025-01,WH-BPR01,LOT-1183,1042666.667,5.80035E+11
2025-01,WH-BPR01,LOT-0467,276000,85670400000
2025-01,WH-BPR01,LOT-0106,733333.3333,41433333333
2025-01,WH-BPR01,LOT-0984,29333.33333,11973866667
2025-01,WH-BPR01,LOT-0350,186000,66402000000
2025-01,WH-BPR01,LOT-1074,427500,82806750000
2025-01,WH-BPR01,LOT-0779,648000,1.6187E+11
2025-01,WH-BPR01,LOT-0303,972000,2.10244E+11
2025-01,WH-BPR01,LOT-0497,1445333.333,1.30225E+11
2025-01,WH-BPR01,LOT-0065,470666.6667,54079600000
2025-01,WH-BPR01,LOT-1173,606000,81567600000
2025-01,WH-BPR01,LOT-0226,266000,1.20897E+11
2025-01,WH-BPR01,LOT-0391,66000,4283400000
2025-01,WH-BPR01,LOT-0039,1068000,2.74049E+11
2025-01,WH-BPR01,LOT-0904,4688000,1.19544E+12
2025-01,WH-BPR01,LOT-0643,3856000,1.13135E+12
2025-01,WH-BPR01,LOT-0858,324000,77986800000
2025-01,WH-BPR01,LOT-0311,552000,1.83485E+11
2025-01,WH-BPR01,LOT-0846,4000,1386800000
2025-01,WH-BPR01,LOT-0418,301000,1.49386E+11
2025-01,WH-BPR01,LOT-0841,331500,1.05715E+11
2025-01,WH-BPR01,LOT-1028,98666.66667,50112800000
2025-01,WH-MLG01,LOT-0142,2016000,5.24563E+11
2025-01,WH-MLG01,LOT-0967,570666.6667,2.3249E+11
2025-01,WH-MLG01,LOT-0065,591000,67610400000
2025-01,WH-MLG01,LOT-0588,186666.6667,86240000000
2025-01,WH-MLG01,LOT-0838,240000,52632000000
2025-01,WH-MLG01,LOT-0369,1957333.333,6.74301E+11
2025-01,WH-MLG01,LOT-0278,1290666.667,4.97294E+11
2025-01,WH-MLG01,LOT-0861,194666.6667,97294400000
2025-01,WH-MLG01,LOT-0767,981000,77302800000
2025-01,WH-MLG01,LOT-0784,97333.33333,5148933333
2025-01,WH-MLG01,LOT-0919,1620000,2.40894E+11
2025-01,WH-MLG01,LOT-0774,2688000,6.0265E+11
2025-01,WH-MLG01,LOT-0770,156666.6667,13097333333
2025-01,WH-MLG01,LOT-0165,138666.6667,6905600000
2025-01,WH-MLG01,LOT-1105,408000,1.47084E+11
2025-01,WH-MLG01,LOT-0273,1584000,5.81803E+11
2025-01,WH-MLG01,LOT-0713,313000,1.10896E+11
2025-01,WH-MLG01,LOT-0243,672000,18480000000
2025-01,WH-MLG01,LOT-0366,262666.6667,99629466667
2025-01,WH-MLG01,LOT-1101,3712000,1.49594E+12
2025-01,WH-MLG01,LOT-0805,750000,2.90925E+11
2025-01,WH-MLG01,LOT-1084,1400000,5.8268E+11
2025-01,WH-MLG01,LOT-0261,24000,9787200000
2025-01,WH-MLG01,LOT-0457,136000,83640000000
2025-01,WH-MLG01,LOT-0008,260000,36114000000
2025-01,WH-MLG01,LOT-0047,2085333.333,4.9902E+11
2025-01,WH-MLG01,LOT-0612,1032000,4.12387E+11
2025-01,WH-MLG01,LOT-0949,3893333.333,1.99806E+12
2025-01,WH-MLG01,LOT-1116,762000,3.03733E+11
2025-01,WH-MLG01,LOT-0869,1192000,5.91709E+11
2025-01,WH-MLG01,LOT-1090,556000,2.48921E+11
2025-01,WH-MLG01,LOT-0777,162000,37859400000
2025-01,WH-MLG01,LOT-0471,2136000,8.66148E+11
2025-01,WH-MLG01,LOT-0507,1944000,1.20139E+11
2025-01,WH-MLG01,LOT-0944,2992000,1.62675E+12
2025-01,WH-MLG01,LOT-0709,896000,4.60902E+11
2025-01,WH-MLG01,LOT-0318,1552000,5.22558E+11
2025-01,WH-MLG01,LOT-0565,28000,11158000000
2025-01,WH-MLG01,LOT-0387,1416000,4.17012E+11
2025-01,WH-MLG01,LOT-0232,69333.33333,19330133333
2025-01,WH-MLG01,LOT-0066,304000,37878400000
2025-01,WH-MLG01,LOT-0859,654000,1.4388E+11
2025-01,WH-MLG01,LOT-0033,210000,52899000000
2025-01,WH-MLG01,LOT-0493,2388000,2.2089E+11
2025-01,WH-MLG01,LOT-0423,43333.33333,6257333333
2025-01,WH-MLG01,LOT-0138,2040000,5.25504E+11
2025-01,WH-MLG01,LOT-0207,708000,2.89784E+11
2025-01,WH-MLG01,LOT-0069,4080000,5.49168E+11
2025-01,WH-MLG01,LOT-0915,1776000,2.96059E+11
2025-01,WH-MLG01,LOT-0100,2880000,1.16294E+12
2025-01,WH-MLG01,LOT-0502,185000,11618000000
2025-01,WH-MLG01,LOT-0091,248666.6667,1.09015E+11
2025-01,WH-MLG01,LOT-0824,198000,18829800000
2025-01,WH-MLG01,LOT-0899,2256000,4.04275E+11
2025-01,WH-MLG01,LOT-0480,35000,13198500000
2025-01,WH-MLG01,LOT-1106,86000,37444400000
2025-01,WH-MLG01,LOT-0445,694000,62668200000
2025-01,WH-MLG01,LOT-0116,64000,3283200000
2025-01,WH-MLG01,LOT-0287,1308000,3.62316E+11
2025-01,WH-MLG01,LOT-1032,5872000,6.10101E+11
2025-01,WH-MLG01,LOT-0593,232000,87835200000
2025-01,WH-MLG01,LOT-1180,3136000,3.83846E+11
2025-01,WH-MLG01,LOT-0654,1324000,1.27634E+11
2025-01,WH-MLG01,LOT-1183,426666.6667,2.52885E+11
2025-01,WH-MLG01,LOT-0657,456000,42362400000
2025-01,WH-MLG01,LOT-0486,32000,6764800000
2025-01,WH-MLG01,LOT-0619,860000,2.96184E+11
2025-01,WH-MLG01,LOT-0294,1472000,2.69376E+11
2025-01,WH-MLG01,LOT-1068,2232000,4.22294E+11
2025-01,WH-MLG01,LOT-0453,104000,58323200000
2025-01,WH-MLG01,LOT-0847,1448000,4.94782E+11
2025-01,WH-MLG01,LOT-0616,192000,67584000000
2025-01,WH-MLG01,LOT-0564,108000,42692400000
2025-01,WH-MLG01,LOT-0125,192000,20467200000
2025-01,WH-MLG01,LOT-1141,822000,2.08706E+11
2025-01,WH-MLG01,LOT-0359,992000,1.11104E+11
2025-01,WH-MLG01,LOT-0875,554666.6667,2.06502E+11
2025-01,WH-MLG01,LOT-1139,848000,4.52069E+11
2025-01,WH-MLG01,LOT-1016,774000,4.42883E+11
2025-01,WH-MLG01,LOT-0097,240000,99816000000
2025-01,WH-MLG01,LOT-0706,368000,1.79731E+11
2025-01,WH-MLG01,LOT-0781,3594666.667,2.05255E+11
2025-01,WH-MLG01,LOT-1075,138666.6667,24266666667
2025-01,WH-SLO01,LOT-1132,3168000,1.71104E+12
2025-01,WH-SLO01,LOT-0975,1893333.333,7.59227E+11
2025-01,WH-SLO01,LOT-0115,152000,7554400000
2025-01,WH-SLO01,LOT-0020,1136000,53846400000
2025-01,WH-SLO01,LOT-0351,55500,6077250000
2025-01,WH-SLO01,LOT-0170,1168000,56764800000
2025-01,WH-SLO01,LOT-1024,756000,4.03326E+11
2025-01,WH-SLO01,LOT-0889,1008000,4.48358E+11
2025-01,WH-SLO01,LOT-0679,698666.6667,3.96633E+11
2025-01,WH-SLO01,LOT-1159,1376000,7.8776E+11
2025-01,WH-SLO01,LOT-0196,420000,2.30538E+11
2025-01,WH-SLO01,LOT-1082,98666.66667,41074933333
2025-01,WH-SLO01,LOT-0088,828000,86526000000
2025-01,WH-SLO01,LOT-0471,966000,3.53363E+11
2025-01,WH-SLO01,LOT-0433,2076000,8.02374E+11
2025-01,WH-SLO01,LOT-1161,300000,10950000000
2025-01,WH-SLO01,LOT-0974,2028000,9.17467E+11
2025-01,WH-SLO01,LOT-0556,197333.3333,22989333333
2025-01,WH-SLO01,LOT-0096,2504000,1.1894E+12
2025-01,WH-SLO01,LOT-0153,570666.6667,2.92524E+11
2025-01,WH-SLO01,LOT-0575,253333.3333,81649333333
2025-01,WH-SLO01,LOT-1113,896000,3.37702E+11
2025-01,WH-SLO01,LOT-1155,3240000,1.87013E+12
2025-01,WH-SLO01,LOT-0068,1196000,1.55241E+11
2025-01,WH-SLO01,LOT-0368,228000,82695600000
2025-01,WH-SLO01,LOT-0645,274666.6667,75560800000
2025-01,WH-SLO01,LOT-0033,879000,2.15091E+11
2025-01,WH-SLO01,LOT-0425,142000,19127400000
2025-01,WH-SLO01,LOT-0296,1791000,3.16291E+11
2025-01,WH-SLO01,LOT-0816,754000,2.12477E+11
2025-01,WH-SLO01,LOT-0158,734000,3.54816E+11
2025-01,WH-SLO01,LOT-0613,2464000,1.01172E+12
2025-01,WH-SLO01,LOT-0333,853333.3333,1.02912E+11
2025-01,WH-SLO01,LOT-0493,3424000,3.23568E+11
2025-01,WH-SLO01,LOT-0797,912000,3.09989E+11
2025-01,WH-SLO01,LOT-1108,256000,96588800000
2025-01,WH-SLO01,LOT-0680,332000,1.88244E+11
2025-01,WH-SLO01,LOT-0787,2376000,1.17137E+11
2025-01,WH-SLO01,LOT-0287,1658666.667,4.84828E+11
2025-01,WH-SLO01,LOT-0161,1120000,55776000000
2025-01,WH-SLO01,LOT-1026,1914666.667,9.47377E+11
2025-01,WH-SLO01,LOT-0709,92000,46193200000
2025-01,WH-SLO01,LOT-0110,126000,7106400000
2025-01,WH-SLO01,LOT-0201,1116000,4.90817E+11
2025-01,WH-SLO01,LOT-0896,128000,19084800000
2025-01,WH-SLO01,LOT-0476,264000,1.02353E+11
2025-01,WH-SLO01,LOT-0156,1116000,5.34229E+11
2025-01,WH-SLO01,LOT-0698,848000,1.39835E+11
2025-01,WH-SLO01,LOT-0813,3573333.333,1.05306E+12
2025-01,WH-SLO01,LOT-0669,278666.6667,58157733333
2025-01,WH-SLO01,LOT-0061,464000,62454400000
2025-01,WH-SLO01,LOT-0560,1350000,1.50525E+11
2025-01,WH-SLO01,LOT-0923,146666.6667,36637333333
2025-01,WH-SLO01,LOT-1005,1064000,1.76518E+11
2025-01,WH-SLO01,LOT-0468,1160000,3.6424E+11
2025-01,WH-SLO01,LOT-0729,2392000,6.43926E+11
2025-01,WH-SLO01,LOT-1133,784000,4.11914E+11
2025-01,WH-SLO01,LOT-0769,800000,64640000000
2025-01,WH-SLO01,LOT-0885,3818666.667,1.7921E+12
2025-01,WH-SLO01,LOT-0381,1086000,3.36226E+11
2025-01,WH-SLO01,LOT-1200,5376000,1.39507E+12
2025-01,WH-SLO01,LOT-0779,289333.3333,77483466667
2025-01,WH-SLO01,LOT-0176,48000,25108800000
2025-01,WH-SLO01,LOT-0605,756000,1.26857E+11
2025-01,WH-SLO01,LOT-0505,437333.3333,28514133333
2025-01,WH-SLO01,LOT-0151,880000,4.55136E+11
2025-01,WH-SLO01,LOT-0169,244000,12004800000
2025-01,WH-SLO01,LOT-0549,916000,2.39534E+11
2025-01,WH-SLO01,LOT-0316,1416000,4.77475E+11
2025-01,WH-SLO01,LOT-0798,316000,94452400000
2025-01,WH-SLO01,LOT-0649,3312000,8.61782E+11
2025-01,WH-SLO01,LOT-0739,240000,1.39896E+11
2025-01,WH-SLO01,LOT-0219,2808000,7.0902E+11
2025-01,WH-SLO01,LOT-0188,512000,1.04909E+11
2025-01,WH-SLO01,LOT-0011,1002666.667,48128000000
2025-01,WH-SLO01,LOT-0632,116000,26668400000
2025-01,WH-SLO01,LOT-0911,482000,72155400000
2025-01,WH-SLO01,LOT-0738,282666.6667,1.64145E+11
2025-01,WH-SLO01,LOT-0553,133333.3333,16693333333
2025-01,WH-SLO01,LOT-0210,678000,2.8598E+11
2025-01,WH-SLO01,LOT-0272,509333.3333,1.84837E+11
2025-01,WH-SLO01,LOT-0179,35333.33333,19892666667
2025-01,WH-SLO01,LOT-0384,3584000,9.80941E+11
2025-01,WH-SLO01,LOT-0883,973333.3333,4.29337E+11
2025-01,WH-SLO01,LOT-0920,882000,1.47382E+11
2025-01,WH-SLO01,LOT-1141,37000,10075100000
2025-01,WH-SLO01,LOT-1137,1488000,7.47422E+11
2025-01,WH-SLO01,LOT-1050,171000,11097900000
2025-01,WH-SLO01,LOT-0836,504000,1.0962E+11
2025-01,WH-SLO01,LOT-0212,1530000,3.65517E+11
2025-01,WH-SLO01,LOT-0054,2656000,4.04774E+11
2025-01,WH-SLO01,LOT-0184,304500,67507650000
2025-01,WH-SLO01,LOT-0725,813333.3333,2.13663E+11
2025-01,WH-SLO01,LOT-1136,1480000,8.53664E+11
2025-01,WH-SLO01,LOT-0191,3852000,1.98648E+12
2025-01,WH-SLO01,LOT-0665,116333.3333,23057266667
2025-01,WH-SLO01,LOT-0789,314000,18494600000
2025-01,WH-SLO01,LOT-0026,1228000,3.25788E+11
2025-01,WH-SLO01,LOT-0598,194666.6667,70702933333
2025-01,WH-SLO01,LOT-0848,1016000,3.21158E+11
2025-01,WH-SLO01,LOT-0795,98000,31536400000
2025-01,WH-SLO01,LOT-0174,154000,87826200000
2025-01,WH-SLO01,LOT-1146,292000,79803600000
2025-01,WH-SLO01,LOT-0498,2392000,2.12888E+11
2025-01,WH-YOG01,LOT-0997,800000,1.9448E+11
2025-01,WH-YOG01,LOT-1101,326000,1.27433E+11
2025-01,WH-YOG01,LOT-0355,2517333.333,2.7011E+11
2025-01,WH-YOG01,LOT-1137,1592000,7.82627E+11
2025-01,WH-YOG01,LOT-0342,714666.6667,2.95872E+11
2025-01,WH-YOG01,LOT-1003,2880000,4.95936E+11
2025-01,WH-YOG01,LOT-0592,257333.3333,96371333333
2025-01,WH-YOG01,LOT-0288,1524000,4.3114E+11
2025-01,WH-YOG01,LOT-0384,48000,14496000000
2025-01,WH-YOG01,LOT-0645,506666.6667,1.31176E+11
2025-01,WH-YOG01,LOT-0924,1912000,5.17387E+11
2025-01,WH-YOG01,LOT-0110,482666.6667,25340000000
2025-01,WH-YOG01,LOT-0736,98666.66667,59239466667
2025-01,WH-YOG01,LOT-0020,1664000,74380800000
2025-01,WH-YOG01,LOT-0993,597333.3333,1.50946E+11
2025-01,WH-YOG01,LOT-0280,1032000,3.47887E+11
2025-01,WH-YOG01,LOT-0400,600000,37980000000
2025-01,WH-YOG01,LOT-0787,400000,19960000000
2025-01,WH-YOG01,LOT-1151,3036000,1.80794E+12
2025-01,WH-YOG01,LOT-1036,1416000,1.67513E+11
2025-01,WH-YOG01,LOT-1014,224000,1.064E+11
2025-01,WH-YOG01,LOT-0838,960000,1.97376E+11
2025-01,WH-YOG01,LOT-1008,127500,19864500000
2025-01,WH-YOG01,LOT-0852,6666.666667,1691333333
2025-01,WH-YOG01,LOT-0910,448000,1.18093E+11
2025-01,WH-YOG01,LOT-1001,357000,61154100000
2025-01,WH-YOG01,LOT-0343,3594666.667,1.35483E+12
2025-01,WH-YOG01,LOT-0170,773333.3333,34954666667
2025-01,WH-YOG01,LOT-1158,378000,2.01058E+11
2025-01,WH-YOG01,LOT-0064,1040000,1.31872E+11
2025-01,WH-YOG01,LOT-0452,898666.6667,4.68205E+11
2025-01,WH-YOG01,LOT-0599,1656000,6.42694E+11
2025-01,WH-YOG01,LOT-0067,501333.3333,64020266667
2025-01,WH-YOG01,LOT-0563,248000,96075200000
2025-01,WH-YOG01,LOT-0461,272000,87584000000
2025-01,WH-YOG01,LOT-1102,5000,1870000000
2025-01,WH-YOG01,LOT-0345,132000,47902800000
2025-01,WH-YOG01,LOT-0937,320000,1.82848E+11
2025-01,WH-YOG01,LOT-1159,154666.6667,77859200000
2025-01,WH-YOG01,LOT-1015,962666.6667,4.82874E+11
2025-01,WH-YOG01,LOT-1126,44000,23232000000
2025-01,WH-YOG01,LOT-1047,442000,31912400000
2025-01,WH-YOG01,LOT-0232,996000,2.65932E+11
2025-01,WH-YOG01,LOT-1173,1072000,1.3207E+11
2025-01,WH-YOG01,LOT-0234,912000,2.45328E+11
2025-01,WH-YOG01,LOT-0549,193000,52090700000
2025-01,WH-YOG01,LOT-1113,400000,1.538E+11
2025-01,WH-YOG01,LOT-0752,1560000,5.70804E+11
2025-01,WH-YOG01,LOT-1111,666000,2.89843E+11
2025-01,WH-YOG01,LOT-0086,208000,20488000000
2025-01,WH-YOG01,LOT-0904,293000,73865300000
2025-01,WH-YOG01,LOT-1119,2022000,7.40861E+11
2025-01,WH-YOG01,LOT-0448,490666.6667,51225600000
2025-01,WH-YOG01,LOT-0871,869333.3333,3.73726E+11
2025-01,WH-YOG01,LOT-0210,3440000,1.51979E+12
2025-01,WH-YOG01,LOT-0507,462000,33541200000
2025-01,WH-YOG01,LOT-0610,49000,9633400000
2025-01,WH-YOG01,LOT-0922,1621333.333,4.49271E+11
2025-01,WH-YOG01,LOT-0539,459000,48470400000
2025-01,WH-YOG01,LOT-0714,1104000,4.75382E+11
2025-01,WH-YOG01,LOT-0179,996000,6.01484E+11
2025-01,WH-YOG01,LOT-0900,698666.6667,1.08154E+11
2025-01,WH-YOG01,LOT-0241,256000,7142400000
2025-01,WH-YOG01,LOT-0486,1248000,2.67571E+11
2025-01,WH-YOG01,LOT-0430,3792000,5.22917E+11
2025-01,WH-YOG01,LOT-0719,2864000,1.01185E+12
2025-01,WH-YOG01,LOT-0877,4104000,1.80904E+12
2025-01,WH-YOG01,LOT-0340,440000,49940000000
2025-01,WH-YOG01,LOT-0286,706666.6667,1.93839E+11
2025-01,WH-YOG01,LOT-0424,410000,56662000000
2025-01,WH-YOG01,LOT-0122,128000,15462400000
2025-01,WH-YOG01,LOT-1168,84666.66667,2895600000
2025-01,WH-YOG01,LOT-1091,496000,40076800000
2025-01,WH-YOG01,LOT-0576,1324000,3.96406E+11
2025-01,WH-YOG01,LOT-1104,366666.6667,1.57887E+11
2025-01,WH-YOG01,LOT-0663,88000,18436000000
2025-01,WH-YOG01,LOT-0600,2672000,9.31994E+11
2025-01,WH-YOG01,LOT-0593,1776000,6.60317E+11
2025-01,WH-YOG01,LOT-0548,3029333.333,7.86112E+11
2025-01,WH-YOG01,LOT-1054,3160000,4.08904E+11
2025-01,WH-YOG01,LOT-0196,1197000,6.03408E+11
2025-01,WH-YOG01,LOT-0278,2440000,7.85924E+11
2025-01,WH-YOG01,LOT-0843,1668000,5.16913E+11
2025-01,WH-YOG01,LOT-0568,70000,30135000000
2025-01,WH-YOG01,LOT-0260,1109333.333,1.98349E+11
2025-01,WH-YOG01,LOT-0272,326000,1.20685E+11
2025-01,WH-YOG01,LOT-0512,1191000,2.86674E+11
2025-01,WH-YOG01,LOT-0300,2912000,4.98534E+11
2025-01,WH-YOG01,LOT-0660,664000,62283200000
2025-01,WH-YOG01,LOT-0805,213333.3333,81706666667
2025-01,WH-YOG01,LOT-0292,188000,31546400000
2025-02,WH-JKT01,LOT-0417,232000,1.18668E+11
2025-02,WH-JKT01,LOT-0319,84000,28946400000
2025-02,WH-JKT01,LOT-1099,186666.6667,17546666667
2025-02,WH-JKT01,LOT-0670,154000,30569000000
2025-02,WH-JKT01,LOT-0801,624000,2.33126E+11
2025-02,WH-JKT01,LOT-0136,123000,31401900000
2025-02,WH-JKT01,LOT-0636,2168000,4.83247E+11
2025-02,WH-JKT01,LOT-0896,520000,83720000000
2025-02,WH-JKT01,LOT-0489,1548000,2.96597E+11
2025-02,WH-JKT01,LOT-0119,17666.66667,923966666.7
2025-02,WH-JKT01,LOT-0501,7061333.333,5.08416E+11
2025-02,WH-JKT01,LOT-0177,172000,99777200000
2025-02,WH-JKT01,LOT-0890,216000,99986400000
2025-02,WH-JKT01,LOT-0238,142000,39376600000
2025-02,WH-JKT01,LOT-0929,828000,2.33993E+11
2025-02,WH-JKT01,LOT-0113,618000,33681000000
2025-02,WH-JKT01,LOT-0634,1016000,2.22199E+11
2025-02,WH-JKT01,LOT-0360,708000,79366800000
2025-02,WH-JKT01,LOT-0245,229333.3333,7384533333
2025-02,WH-JKT01,LOT-0026,789333.3333,2.42957E+11
2025-02,WH-JKT01,LOT-0282,810666.6667,2.18394E+11
2025-02,WH-JKT01,LOT-0024,314666.6667,85022933333
2025-02,WH-JKT01,LOT-0336,486000,52779600000
2025-02,WH-JKT01,LOT-1017,264000,1.37966E+11
2025-02,WH-JKT01,LOT-0711,1795500,6.61103E+11
2025-02,WH-JKT01,LOT-1072,1296000,2.29651E+11
2025-02,WH-JKT01,LOT-1060,264000,31389600000
2025-02,WH-JKT01,LOT-0531,474666.6667,45805333333
2025-02,WH-JKT01,LOT-0342,2920000,1.19603E+12
2025-02,WH-JKT01,LOT-0762,25000,1830000000
2025-02,WH-JKT01,LOT-0260,2064000,3.41386E+11
2025-02,WH-JKT01,LOT-0551,1968000,2.26714E+11
2025-02,WH-JKT01,LOT-0242,249333.3333,7180800000
2025-02,WH-JKT01,LOT-0061,180000,22878000000
2025-02,WH-JKT01,LOT-0687,368000,1.02635E+11
2025-02,WH-JKT01,LOT-0880,250666.6667,92295466667
2025-02,WH-JKT01,LOT-0558,424000,55416800000
2025-02,WH-JKT01,LOT-1073,1156000,2.17212E+11
2025-02,WH-JKT01,LOT-0131,396000,85338000000
2025-02,WH-JKT01,LOT-0539,608000,65116800000
2025-02,WH-JKT01,LOT-1181,304000,1.52547E+11
2025-02,WH-JKT01,LOT-0158,192000,1.05734E+11
2025-02,WH-JKT01,LOT-0933,944000,4.95411E+11
2025-02,WH-JKT01,LOT-1047,420000,28350000000
2025-02,WH-JKT01,LOT-0738,654000,4.03714E+11
2025-02,WH-JKT01,LOT-0114,192000,10214400000
2025-02,WH-JKT01,LOT-1024,365333.3333,2.00093E+11
2025-02,WH-JKT01,LOT-1161,86000,2648800000
2025-02,WH-JKT01,LOT-0754,101333.3333,32183466667
2025-02,WH-JKT01,LOT-0323,670000,81137000000
2025-02,WH-JKT01,LOT-0523,630000,1.75644E+11
2025-02,WH-JKT01,LOT-0211,2784000,6.08582E+11
2025-02,WH-JKT01,LOT-1176,723000,88278300000
2025-02,WH-JKT01,LOT-0237,298000,86241200000
2025-02,WH-JKT01,LOT-0468,1000000,3.019E+11
2025-02,WH-JKT01,LOT-1043,40000,2704000000
2025-02,WH-JKT01,LOT-0006,892000,1.09716E+11
2025-02,WH-JKT01,LOT-0091,456000,2.15004E+11
2025-02,WH-JKT01,LOT-0095,217500,90045000000
2025-02,WH-JKT01,LOT-0967,432000,1.71418E+11
2025-02,WH-JKT01,LOT-0746,644000,1.56106E+11
2025-02,WH-JKT01,LOT-0785,336000,17404800000
2025-02,WH-JKT01,LOT-0308,573333.3333,1.44193E+11
2025-02,WH-JKT01,LOT-0367,4000000,1.352E+12
2025-02,WH-JKT01,LOT-0073,1578666.667,8.52796E+11
2025-02,WH-JKT01,LOT-1133,3504000,1.76496E+12
2025-02,WH-JKT01,LOT-0859,4384000,9.54835E+11
2025-02,WH-JKT01,LOT-0460,94333.33333,56156633333
2025-02,WH-JKT01,LOT-0660,1066666.667,1.05173E+11
2025-02,WH-JKT01,LOT-0509,501333.3333,33689600000
2025-02,WH-JKT01,LOT-0853,506000,1.12534E+11
2025-02,WH-JKT01,LOT-0656,784000,72990400000
2025-02,WH-JKT01,LOT-0556,203000,23487100000
2025-02,WH-JKT01,LOT-0160,72000,35661600000
2025-02,WH-JKT01,LOT-1171,351000,42646500000
2025-02,WH-JKT01,LOT-0764,1184000,83708800000
2025-02,WH-JKT01,LOT-1029,738000,3.73871E+11
2025-02,WH-JKT01,LOT-0108,3176000,1.74998E+11
2025-02,WH-JKT01,LOT-0368,248000,1.01581E+11
2025-02,WH-JKT01,LOT-0458,896000,4.75507E+11
2025-02,WH-JKT01,LOT-1057,170666.6667,21128533333
2025-02,WH-JKT01,LOT-0822,8149333.333,6.45427E+11
2025-02,WH-JKT01,LOT-0142,936000,2.37557E+11
2025-02,WH-JKT01,LOT-0953,1082666.667,2.93186E+11
2025-02,WH-JKT01,LOT-0579,93000,25435500000
2025-02,WH-JKT01,LOT-0637,616000,1.34534E+11
2025-02,WH-JKT01,LOT-0671,4074666.667,2.30219E+12
2025-02,WH-JKT01,LOT-0936,409333.3333,2.09783E+11
2025-02,WH-JKT01,LOT-0017,968000,44528000000
2025-02,WH-JKT01,LOT-0756,1573333.333,5.40755E+11
2025-02,WH-JKT01,LOT-0411,439500,2.62294E+11
2025-02,WH-JKT01,LOT-0598,685333.3333,2.61455E+11
2025-02,WH-JKT01,LOT-1155,250666.6667,1.40449E+11
2025-02,WH-JKT01,LOT-0623,153000,51132600000
2025-02,WH-JKT01,LOT-0497,2504000,2.14843E+11
2025-02,WH-JKT01,LOT-0951,730666.6667,2.03125E+11
2025-02,WH-JKT01,LOT-0755,464000,1.71216E+11
2025-02,WH-JKT01,LOT-1011,324000,1.78913E+11
2025-02,WH-JKT01,LOT-0401,477333.3333,2.34705E+11
2025-02,WH-JKT01,LOT-1120,906666.6667,3.24315E+11
2025-02,WH-JKT01,LOT-0503,40000,2748000000
2025-02,WH-JKT01,LOT-0309,77000,18957400000
2025-02,WH-JKT01,LOT-0014,2192000,1.12011E+11
2025-02,WH-JKT01,LOT-0840,56000,12482400000
2025-02,WH-JKT01,LOT-0049,3669333.333,8.6266E+11
2025-02,WH-JKT01,LOT-0478,597333.3333,2.16414E+11
2025-02,WH-JKT01,LOT-1110,510000,1.87476E+11
2025-02,WH-JKT01,LOT-0710,113333.3333,56236000000
2025-02,WH-JKT01,LOT-0020,2432000,1.22573E+11
2025-02,WH-JKT01,LOT-0003,1016000,1.38379E+11
2025-02,WH-JKT01,LOT-0771,752000,1.93114E+11
2025-02,WH-JKT01,LOT-0630,389333.3333,1.49348E+11
2025-02,WH-SBY01,LOT-0731,932000,4.76345E+11
2025-02,WH-SBY01,LOT-0458,230000,1.27972E+11
2025-02,WH-SBY01,LOT-0360,240000,30288000000
2025-02,WH-SBY01,LOT-0775,1172000,2.61708E+11
2025-02,WH-SBY01,LOT-0629,1170000,4.49046E+11
2025-02,WH-SBY01,LOT-0604,144000,23846400000
2025-02,WH-SBY01,LOT-0261,1930666.667,8.92547E+11
2025-02,WH-SBY01,LOT-0364,2304000,9.43027E+11
2025-02,WH-SBY01,LOT-0004,3672000,4.57164E+11
2025-02,WH-SBY01,LOT-1174,432000,62467200000
2025-02,WH-SBY01,LOT-0802,544000,2.20973E+11
2025-02,WH-SBY01,LOT-1163,279000,9904500000
2025-02,WH-SBY01,LOT-0067,992000,1.23405E+11
2025-02,WH-SBY01,LOT-0373,333333.3333,1.188E+11
2025-02,WH-SBY01,LOT-0652,120000,10920000000
2025-02,WH-SBY01,LOT-0453,2960000,1.49658E+12
2025-02,WH-SBY01,LOT-1159,1584000,9.64339E+11
2025-02,WH-SBY01,LOT-0214,1188000,2.92723E+11
2025-02,WH-SBY01,LOT-1017,3864000,1.85549E+12
2025-02,WH-SBY01,LOT-0289,4704000,1.36604E+12
2025-02,WH-SBY01,LOT-0679,540000,3.22056E+11
2025-02,WH-SBY01,LOT-0160,412000,1.95453E+11
2025-02,WH-SBY01,LOT-0488,589333.3333,1.12739E+11
2025-02,WH-SBY01,LOT-0711,3776000,1.46131E+12
2025-02,WH-SBY01,LOT-0655,434666.6667,37468266667
2025-02,WH-SBY01,LOT-0344,309000,1.1535E+11
2025-02,WH-SBY01,LOT-0182,1131000,2.66351E+11
2025-02,WH-SBY01,LOT-0688,234000,55809000000
2025-02,WH-SBY01,LOT-0915,385333.3333,59803733333
2025-02,WH-SBY01,LOT-0024,684000,2.1375E+11
2025-02,WH-SBY01,LOT-0544,542000,1.34199E+11
2025-02,WH-SBY01,LOT-0430,117333.3333,17963733333
2025-02,WH-SBY01,LOT-0512,648000,1.61741E+11
2025-02,WH-SBY01,LOT-0139,876000,1.89566E+11
2025-02,WH-SBY01,LOT-0718,216000,78472800000
2025-02,WH-SBY01,LOT-0526,459000,1.42428E+11
2025-02,WH-SBY01,LOT-0222,149333.3333,74801066667
2025-02,WH-SBY01,LOT-0003,2344000,3.27691E+11
2025-02,WH-SBY01,LOT-0099,1208000,5.64982E+11
2025-02,WH-SBY01,LOT-0791,362000,1.29198E+11
2025-02,WH-SBY01,LOT-0898,140000,22190000000
2025-02,WH-SBY01,LOT-0860,759000,1.77151E+11
2025-02,WH-SBY01,LOT-0341,988000,3.5074E+11
2025-02,WH-SBY01,LOT-0848,657000,2.12145E+11
2025-02,WH-SBY01,LOT-1010,3424000,5.52291E+11
2025-02,WH-SBY01,LOT-0776,1620000,3.9042E+11
2025-02,WH-SBY01,LOT-0720,414000,1.75743E+11
2025-02,WH-SBY01,LOT-1119,2088000,8.56289E+11
2025-02,WH-SBY01,LOT-0769,320000,26208000000
2025-02,WH-SBY01,LOT-0208,568000,2.65483E+11
2025-02,WH-SBY01,LOT-0982,60000,21744000000
2025-02,WH-SBY01,LOT-1184,106666.6667,55850666667
2025-02,WH-SBY01,LOT-0462,256000,84992000000
2025-02,WH-SBY01,LOT-0334,1420000,1.4697E+11
2025-02,WH-SBY01,LOT-0925,645333.3333,1.56751E+11
2025-02,WH-SBY01,LOT-0151,4106666.667,2.08906E+12
2025-02,WH-SBY01,LOT-0069,225333.3333,26273866667
2025-02,WH-SBY01,LOT-0042,436000,1.07125E+11
2025-02,WH-SBY01,LOT-0653,200000,17400000000
2025-02,WH-SBY01,LOT-0535,150666.6667,16498000000
2025-02,WH-SBY01,LOT-0215,2272000,5.66864E+11
2025-02,WH-SBY01,LOT-0152,524000,2.70751E+11
2025-02,WH-SBY01,LOT-0701,1764000,8.90996E+11
2025-02,WH-SBY01,LOT-0349,804000,3.3559E+11
2025-02,WH-SBY01,LOT-0330,76000,8945200000
2025-02,WH-SBY01,LOT-0154,176000,88774400000
2025-02,WH-SBY01,LOT-1121,273000,1.41141E+11
2025-02,WH-SBY01,LOT-0191,38000,19600400000
2025-02,WH-SBY01,LOT-0693,856000,1.67177E+11
2025-02,WH-SBY01,LOT-0989,176000,59558400000
2025-02,WH-SBY01,LOT-0064,240000,31992000000
2025-02,WH-SBY01,LOT-0884,1460000,6.41816E+11
2025-02,WH-SBY01,LOT-0338,2316000,2.79541E+11
2025-02,WH-SBY01,LOT-0890,263000,1.20743E+11
2025-02,WH-SBY01,LOT-0322,68000,8649600000
2025-02,WH-SBY01,LOT-0110,170666.6667,8994133333
2025-02,WH-SBY01,LOT-0421,412000,58833600000
2025-02,WH-SBY01,LOT-0390,82333.33333,23497933333
2025-02,WH-SBY01,LOT-0839,2208000,4.88851E+11
2025-02,WH-SBY01,LOT-1135,274000,1.55057E+11
2025-02,WH-SBY01,LOT-1107,1428000,5.19364E+11
2025-02,WH-SBY01,LOT-0577,6333.333333,1814500000
2025-02,WH-SBY01,LOT-0610,528000,1.0296E+11
2025-02,WH-SBY01,LOT-0487,608000,1.37226E+11
2025-02,WH-SBY01,LOT-0197,1792000,9.35066E+11
2025-02,WH-SBY01,LOT-0102,220000,11330000000
2025-02,WH-SBY01,LOT-0805,570666.6667,2.36484E+11
2025-02,WH-SBY01,LOT-1171,794000,1.11239E+11
2025-02,WH-SBY01,LOT-1126,741000,3.85542E+11
2025-02,WH-SBY01,LOT-1006,2688000,3.94867E+11
2025-02,WH-SBY01,LOT-0315,72000,23774400000
2025-02,WH-SBY01,LOT-0112,1896000,1.05418E+11
2025-02,WH-SBY01,LOT-0739,429333.3333,2.53564E+11
2025-02,WH-SBY01,LOT-0008,4416000,6.00576E+11
2025-02,WH-SBY01,LOT-0876,884000,3.9117E+11
2025-02,WH-SBY01,LOT-0180,244000,1.3764E+11
2025-02,WH-SBY01,LOT-0984,1044000,3.88994E+11
2025-02,WH-SBY01,LOT-0409,5616000,2.65244E+12
2025-02,WH-SBY01,LOT-0199,1296000,7.02302E+11
2025-02,WH-SBY01,LOT-0053,152000,21614400000
2025-02,WH-SBY01,LOT-0424,2752000,4.36467E+11
2025-02,WH-SBY01,LOT-0350,1764000,7.02778E+11
2025-02,WH-SBY01,LOT-0598,824000,3.18723E+11
2025-02,WH-SBY01,LOT-0168,1884000,96649200000
2025-02,WH-SBY01,LOT-0970,2677333.333,1.06959E+12
2025-02,WH-SBY01,LOT-0237,584000,1.76485E+11
2025-02,WH-SBY01,LOT-0632,292000,62955200000
2025-02,WH-SBY01,LOT-0815,1968000,6.12245E+11
2025-02,WH-SBY01,LOT-0965,3605333.333,1.51857E+12
2025-02,WH-SBY01,LOT-1002,432000,68385600000
2025-02,WH-SBY01,LOT-0543,85333.33333,23116800000
2025-02,WH-SBY01,LOT-0187,1248000,2.64826E+11
2025-02,WH-SBY01,LOT-1115,504000,2.06287E+11
2025-02,WH-SBY01,LOT-0794,1496000,4.4521E+11
2025-02,WH-SBY01,LOT-0379,1554000,6.14918E+11
2025-02,WH-SBY01,LOT-0760,1233000,4.53991E+11
2025-02,WH-SBY01,LOT-0782,565333.3333,29906133333
2025-02,WH-SBY01,LOT-0757,61333.33333,21166133333
2025-02,WH-SBY01,LOT-0383,1782000,5.3264E+11
2025-02,WH-BDG01,LOT-0456,1888000,1.0435E+12
2025-02,WH-BDG01,LOT-1095,1424000,1.34426E+11
2025-02,WH-BDG01,LOT-0975,540000,2.45322E+11
2025-02,WH-BDG01,LOT-0735,1360000,7.4596E+11
2025-02,WH-BDG01,LOT-1039,151500,15786300000
2025-02,WH-BDG01,LOT-0615,844000,2.91096E+11
2025-02,WH-BDG01,LOT-0349,476000,1.9616E+11
2025-02,WH-BDG01,LOT-1144,48000,12076800000
2025-02,WH-BDG01,LOT-0371,42666.66667,15569066667
2025-02,WH-BDG01,LOT-0602,30333.33333,5068700000
2025-02,WH-BDG01,LOT-0200,984000,5.62258E+11
2025-02,WH-BDG01,LOT-0965,48000,20558400000
2025-02,WH-BDG01,LOT-0263,885333.3333,3.6458E+11
2025-02,WH-BDG01,LOT-0530,278000,86986200000
2025-02,WH-BDG01,LOT-1145,3296000,9.74957E+11
2025-02,WH-BDG01,LOT-0375,457333.3333,1.5028E+11
2025-02,WH-BDG01,LOT-0688,30000,7092000000
2025-02,WH-BDG01,LOT-0183,512000,1.08954E+11
2025-02,WH-BDG01,LOT-0728,1061333.333,2.79449E+11
2025-02,WH-BDG01,LOT-0458,268000,1.4941E+11
2025-02,WH-BDG01,LOT-0629,442666.6667,1.5303E+11
2025-02,WH-BDG01,LOT-0862,474666.6667,2.48346E+11
2025-02,WH-BDG01,LOT-0679,318000,1.69621E+11
2025-02,WH-BDG01,LOT-0762,672000,54163200000
2025-02,WH-BDG01,LOT-0534,214500,22157850000
2025-02,WH-BDG01,LOT-1200,726000,1.89849E+11
2025-02,WH-BDG01,LOT-0603,154666.6667,28133866667
2025-02,WH-BDG01,LOT-0950,1284000,6.46109E+11
2025-02,WH-BDG01,LOT-0242,1008000,31449600000
2025-02,WH-BDG01,LOT-0964,1554000,6.40093E+11
2025-02,WH-BDG01,LOT-0110,71333.33333,4087400000
2025-02,WH-BDG01,LOT-1196,2176000,6.77389E+11
2025-02,WH-BDG01,LOT-1189,94000,53457800000
2025-02,WH-BDG01,LOT-0146,1248000,2.89536E+11
2025-02,WH-BDG01,LOT-0968,285000,1.25258E+11
2025-02,WH-BDG01,LOT-0399,166500,11338650000
2025-02,WH-BDG01,LOT-1025,669333.3333,3.24961E+11
2025-02,WH-BDG01,LOT-0246,24000,633600000
2025-02,WH-BDG01,LOT-0782,266666.6667,15680000000
2025-02,WH-BDG01,LOT-1086,794666.6667,3.57282E+11
2025-02,WH-BDG01,LOT-0612,54000,22685400000
2025-02,WH-BDG01,LOT-0847,2394000,7.18679E+11
2025-02,WH-BDG01,LOT-0111,2000000,95800000000
2025-02,WH-BDG01,LOT-0309,362666.6667,86967466667
2025-02,WH-BDG01,LOT-0282,1269333.333,4.10883E+11
2025-02,WH-BDG01,LOT-0411,208000,1.07786E+11
2025-02,WH-BDG01,LOT-0702,180000,77976000000
2025-02,WH-BDG01,LOT-0839,188000,46436000000
2025-02,WH-BDG01,LOT-1167,459000,15238800000
2025-02,WH-BDG01,LOT-0938,702000,3.83713E+11
2025-02,WH-BDG01,LOT-0294,3064000,4.92385E+11
2025-02,WH-BDG01,LOT-0648,589500,1.80623E+11
2025-02,WH-BDG01,LOT-0370,9000,3600000000
2025-02,WH-BDG01,LOT-0166,2752000,1.40077E+11
2025-02,WH-BDG01,LOT-0999,1384000,3.17628E+11
2025-02,WH-BDG01,LOT-0682,610666.6667,1.74834E+11
2025-02,WH-BDG01,LOT-0363,1136000,4.56786E+11
2025-02,WH-BDG01,LOT-0642,416000,1.14608E+11
2025-02,WH-BDG01,LOT-0119,180000,8784000000
2025-02,WH-BDG01,LOT-0010,1260000,1.62918E+11
2025-02,WH-BDG01,LOT-0926,1428000,3.57714E+11
2025-02,WH-BDG01,LOT-0561,404000,1.65236E+11
2025-02,WH-BDG01,LOT-0429,124500,19110750000
2025-02,WH-BDG01,LOT-0346,449333.3333,1.91101E+11
2025-02,WH-BDG01,LOT-1181,270000,1.35243E+11
2025-02,WH-BDG01,LOT-0325,481333.3333,61803200000
2025-02,WH-BDG01,LOT-1003,229333.3333,33138666667
2025-02,WH-BDG01,LOT-0181,818666.6667,1.76668E+11
2025-02,WH-BDG01,LOT-0266,2368000,1.06678E+12
2025-02,WH-BDG01,LOT-0889,517333.3333,2.48475E+11
2025-02,WH-BDG01,LOT-0880,2256000,9.43234E+11
2025-02,WH-BDG01,LOT-0827,710000,67024000000
2025-02,WH-BDG01,LOT-0879,502666.6667,2.25798E+11
2025-02,WH-BDG01,LOT-0978,284000,1.16412E+11
2025-02,WH-BDG01,LOT-0786,127000,6311900000
2025-02,WH-BDG01,LOT-0078,286666.6667,1.56778E+11
2025-02,WH-BDG01,LOT-1094,37000,3004400000
2025-02,WH-BDG01,LOT-0409,1980000,8.3556E+11
2025-02,WH-BDG01,LOT-0765,938666.6667,73497600000
2025-02,WH-BDG01,LOT-0029,2053333.333,6.06555E+11
2025-02,WH-BDG01,LOT-0660,588000,51567600000
2025-02,WH-BDG01,LOT-1088,925333.3333,4.33334E+11
2025-02,WH-BDG01,LOT-0391,4320000,2.84688E+11
2025-02,WH-BDG01,LOT-0037,1452000,3.88846E+11
2025-02,WH-BDG01,LOT-0009,1808000,2.46792E+11
2025-02,WH-BDG01,LOT-0510,264000,17740800000
2025-02,WH-BDG01,LOT-0464,3669333.333,1.17492E+12
2025-02,WH-BDG01,LOT-0706,1077333.333,4.7198E+11
2025-02,WH-BDG01,LOT-0640,193333.3333,47521333333
2025-02,WH-BDG01,LOT-0265,1696000,6.67206E+11
2025-02,WH-BDG01,LOT-0211,445333.3333,1.1543E+11
2025-02,WH-BDG01,LOT-1031,701333.3333,84370400000
2025-02,WH-BDG01,LOT-0627,688000,2.73342E+11
2025-02,WH-BDG01,LOT-0343,229333.3333,94966933333
2025-02,WH-BDG01,LOT-0134,1352000,3.0109E+11
2025-02,WH-BDG01,LOT-0094,392000,1.54095E+11
2025-02,WH-BDG01,LOT-0611,1904000,7.38562E+11
2025-02,WH-BDG01,LOT-0596,792000,2.93357E+11
2025-02,WH-BDG01,LOT-0934,333333.3333,1.72867E+11
2025-02,WH-BDG01,LOT-1066,618666.6667,1.13154E+11
2025-02,WH-BDG01,LOT-1074,936000,1.52662E+11
2025-02,WH-SMG01,LOT-0916,34000,5259800000
2025-02,WH-SMG01,LOT-0648,192000,56294400000
2025-02,WH-SMG01,LOT-0244,71333.33333,1997333333
2025-02,WH-SMG01,LOT-1019,174000,99441000000
2025-02,WH-SMG01,LOT-0037,944000,2.3364E+11
2025-02,WH-SMG01,LOT-0211,384000,94848000000
2025-02,WH-SMG01,LOT-0827,416000,34112000000
2025-02,WH-SMG01,LOT-0845,376000,1.11747E+11
2025-02,WH-SMG01,LOT-0074,157333.3333,79846666667
2025-02,WH-SMG01,LOT-1142,1866666.667,5.2528E+11
2025-02,WH-SMG01,LOT-1125,119000,59880800000
2025-02,WH-SMG01,LOT-0001,1314000,1.69506E+11
2025-02,WH-SMG01,LOT-0187,354666.6667,81431466667
2025-02,WH-SMG01,LOT-0624,481333.3333,1.69477E+11
2025-02,WH-SMG01,LOT-1042,1552500,97341750000
2025-02,WH-SMG01,LOT-1152,533333.3333,2.92373E+11
2025-02,WH-SMG01,LOT-0424,1420000,1.96954E+11
2025-02,WH-SMG01,LOT-0935,765333.3333,3.94606E+11
2025-02,WH-SMG01,LOT-0699,1540000,2.66266E+11
2025-02,WH-SMG01,LOT-0745,966000,2.46233E+11
2025-02,WH-SMG01,LOT-0112,1848000,1.03303E+11
2025-02,WH-SMG01,LOT-0457,1974000,1.154E+12
2025-02,WH-SMG01,LOT-0931,112000,61958400000
2025-02,WH-SMG01,LOT-0680,1224000,6.70507E+11
2025-02,WH-SMG01,LOT-1148,313000,78500400000
2025-02,WH-SMG01,LOT-0969,250666.6667,1.21022E+11
2025-02,WH-SMG01,LOT-0927,930000,2.42079E+11
2025-02,WH-SMG01,LOT-0234,7552000,2.01865E+12
2025-02,WH-SMG01,LOT-0200,418500,2.43274E+11
2025-02,WH-SMG01,LOT-0455,396000,2.16216E+11
2025-02,WH-SMG01,LOT-0005,224000,28201600000
2025-02,WH-SMG01,LOT-0700,280000,47096000000
2025-02,WH-SMG01,LOT-0728,4864000,1.49228E+12
2025-02,WH-SMG01,LOT-0598,9333.333333,3402933333
2025-02,WH-SMG01,LOT-1122,2208000,1.15456E+12
2025-02,WH-SMG01,LOT-1070,150000,23910000000
2025-02,WH-SMG01,LOT-0766,453333.3333,36040000000
2025-02,WH-SMG01,LOT-0218,433333.3333,1.0543E+11
2025-02,WH-SMG01,LOT-0094,1372000,5.70752E+11
2025-02,WH-SMG01,LOT-0337,894000,1.02095E+11
2025-02,WH-SMG01,LOT-1009,224000,37430400000
2025-02,WH-SMG01,LOT-0288,3562666.667,1.05134E+12
2025-02,WH-SMG01,LOT-0839,792000,1.82081E+11
2025-02,WH-SMG01,LOT-0220,2805333.333,6.18576E+11
2025-02,WH-SMG01,LOT-0521,2264000,6.95727E+11
2025-02,WH-SMG01,LOT-0402,138666.6667,63134933333
2025-02,WH-SMG01,LOT-0385,912000,2.64389E+11
2025-02,WH-SMG01,LOT-0248,696000,19905600000
2025-02,WH-SMG01,LOT-0805,522000,2.36153E+11
2025-02,WH-SMG01,LOT-0442,856000,85942400000
2025-02,WH-SMG01,LOT-0937,876000,5.32433E+11
2025-02,WH-SMG01,LOT-0391,1348000,79262400000
2025-02,WH-SMG01,LOT-0693,694000,1.22491E+11
2025-02,WH-SMG01,LOT-0221,512000,2.55488E+11
2025-02,WH-SMG01,LOT-0849,850666.6667,3.05134E+11
2025-02,WH-SMG01,LOT-0096,172000,81889200000
2025-02,WH-SMG01,LOT-0253,708000,1.36715E+11
2025-02,WH-SMG01,LOT-0923,800000,2.2896E+11
2025-02,WH-SMG01,LOT-1033,567000,62029800000
2025-02,WH-SMG01,LOT-0276,1498666.667,5.56155E+11
2025-02,WH-SMG01,LOT-1022,45333.33333,24801866667
2025-02,WH-SMG01,LOT-0009,6384000,8.20982E+11
2025-02,WH-SMG01,LOT-1087,706666.6667,3.03301E+11
2025-02,WH-SMG01,LOT-0100,144000,59832000000
2025-02,WH-SMG01,LOT-1134,1014000,5.09941E+11
2025-02,WH-SMG01,LOT-0887,357333.3333,1.52939E+11
2025-02,WH-SMG01,LOT-1199,144000,37915200000
2025-02,WH-SMG01,LOT-0990,200000,75660000000
2025-02,WH-SMG01,LOT-0363,48000,18355200000
2025-02,WH-SMG01,LOT-1185,448000,2.53075E+11
2025-02,WH-SMG01,LOT-0356,456000,57866400000
2025-02,WH-SMG01,LOT-0263,2664000,1.23823E+12
2025-02,WH-SMG01,LOT-0213,293333.3333,70224000000
2025-02,WH-SMG01,LOT-0794,121333.3333,43316000000
2025-02,WH-SMG01,LOT-0660,1024000,1.00864E+11
2025-02,WH-SMG01,LOT-0788,1344000,77683200000
2025-02,WH-SMG01,LOT-0858,82000,19827600000
2025-02,WH-SMG01,LOT-0509,27666.66667,1679366667
2025-02,WH-SMG01,LOT-0561,1488000,5.64547E+11
2025-02,WH-SMG01,LOT-0815,588000,1.51998E+11
2025-02,WH-SMG01,LOT-0703,256000,1.28614E+11
2025-02,WH-SMG01,LOT-0603,870000,1.4355E+11
2025-02,WH-SMG01,LOT-0928,1452000,4.15127E+11
2025-02,WH-SMG01,LOT-0274,3408000,1.17917E+12
2025-02,WH-SMG01,LOT-0283,1962000,5.64271E+11
2025-02,WH-SMG01,LOT-0846,664000,1.9661E+11
2025-02,WH-SMG01,LOT-1050,465333.3333,29688266667
2025-02,WH-SMG01,LOT-0613,64000,25292800000
2025-02,WH-SMG01,LOT-0643,963000,2.47587E+11
2025-02,WH-SMG01,LOT-0446,1544000,1.56716E+11
2025-02,WH-SMG01,LOT-0412,726000,4.24928E+11
2025-02,WH-SMG01,LOT-0430,376000,59182400000
2025-02,WH-SMG01,LOT-0596,78666.66667,28430133333
2025-02,WH-SMG01,LOT-0708,2136000,9.68249E+11
2025-02,WH-SMG01,LOT-0272,130666.6667,44178400000
2025-02,WH-SMG01,LOT-0365,458000,1.663E+11
2025-02,WH-SMG01,LOT-1032,1829333.333,1.84763E+11
2025-02,WH-SMG01,LOT-1112,906666.6667,3.59947E+11
2025-02,WH-SMG01,LOT-0661,49333.33333,9861733333
2025-02,WH-SMG01,LOT-0237,852000,2.39327E+11
2025-02,WH-SMG01,LOT-0722,877333.3333,2.32055E+11
2025-02,WH-SMG01,LOT-0984,936000,3.79829E+11
2025-02,WH-SMG01,LOT-1194,3024000,8.82706E+11
2025-02,WH-SMG01,LOT-1169,13333.33333,461333333.3
2025-02,WH-SMG01,LOT-0855,770666.6667,1.63767E+11
2025-02,WH-SMG01,LOT-1094,13000,995800000
2025-02,WH-SMG01,LOT-0586,3720000,1.68962E+12
2025-02,WH-SMG01,LOT-0866,1282500,7.14481E+11
2025-02,WH-SMG01,LOT-0027,322000,87906000000
2025-02,WH-SMG01,LOT-1071,2304000,4.46515E+11
2025-02,WH-SMG01,LOT-0219,482666.6667,1.07683E+11
2025-02,WH-BKS01,LOT-0292,360000,68328000000
2025-02,WH-BKS01,LOT-0330,850500,1.01805E+11
2025-02,WH-BKS01,LOT-0377,118500,45847650000
2025-02,WH-BKS01,LOT-0453,100000,61720000000
2025-02,WH-BKS01,LOT-0518,906666.6667,2.03637E+11
2025-02,WH-BKS01,LOT-0398,271000,18265400000
2025-02,WH-BKS01,LOT-0235,580000,1.82236E+11
2025-02,WH-BKS01,LOT-0372,370666.6667,1.3496E+11
2025-02,WH-BKS01,LOT-1162,592000,18884800000
2025-02,WH-BKS01,LOT-0112,2034000,1.03531E+11
2025-02,WH-BKS01,LOT-1125,101666.6667,50253833333
2025-02,WH-BKS01,LOT-0945,58666.66667,32213866667
2025-02,WH-BKS01,LOT-1126,262666.6667,1.38268E+11
2025-02,WH-BKS01,LOT-0150,952000,2.38666E+11
2025-02,WH-BKS01,LOT-0596,1110000,4.47774E+11
2025-02,WH-BKS01,LOT-0138,241333.3333,56689200000
2025-02,WH-BKS01,LOT-0514,1338666.667,3.54881E+11
2025-02,WH-BKS01,LOT-0202,21333.33333,9205333333
2025-02,WH-BKS01,LOT-0405,50666.66667,23524533333
2025-02,WH-BKS01,LOT-1190,325333.3333,1.61593E+11
2025-02,WH-BKS01,LOT-0998,111333.3333,25116800000
2025-02,WH-BKS01,LOT-0678,108000,54723600000
2025-02,WH-BKS01,LOT-0732,253333.3333,1.46275E+11
2025-02,WH-BKS01,LOT-0263,86666.66667,38904666667
2025-02,WH-BKS01,LOT-0481,289333.3333,64723866667
2025-02,WH-BKS01,LOT-0205,373000,1.47783E+11
2025-02,WH-BKS01,LOT-0584,5600000,2.59E+12
2025-02,WH-BKS01,LOT-0143,672000,1.71091E+11
2025-02,WH-BKS01,LOT-0397,1792000,1.25798E+11
2025-02,WH-BKS01,LOT-0651,128000,11276800000
2025-02,WH-BKS01,LOT-0996,420000,1.00884E+11
2025-02,WH-BKS01,LOT-0923,464000,1.12706E+11
2025-02,WH-BKS01,LOT-0673,356000,1.74369E+11
2025-02,WH-BKS01,LOT-0627,1788000,6.10066E+11
2025-02,WH-BKS01,LOT-1197,480000,1.28976E+11
2025-02,WH-BKS01,LOT-0313,32333.33333,11374866667
2025-02,WH-BKS01,LOT-1159,848000,4.86074E+11
2025-02,WH-BKS01,LOT-1161,390666.6667,13751466667
2025-02,WH-BKS01,LOT-0747,746000,1.84933E+11
2025-02,WH-BKS01,LOT-0648,800000,2.4784E+11
2025-02,WH-BKS01,LOT-0878,153333.3333,61962000000
2025-02,WH-BKS01,LOT-0346,1968000,8.33842E+11
2025-02,WH-BKS01,LOT-0010,184000,22852800000
2025-02,WH-BKS01,LOT-0642,645000,1.8647E+11
2025-02,WH-BKS01,LOT-0505,1212000,87264000000
2025-02,WH-BKS01,LOT-0454,196000,1.127E+11
2025-02,WH-BKS01,LOT-0894,1064000,1.64282E+11
2025-02,WH-BKS01,LOT-0567,1000000,4.087E+11
2025-02,WH-BKS01,LOT-0737,948000,5.46712E+11
2025-02,WH-BKS01,LOT-0276,106666.6667,35648000000
2025-02,WH-BKS01,LOT-0680,808000,4.04323E+11
2025-02,WH-BKS01,LOT-0983,117000,41148900000
2025-02,WH-BKS01,LOT-0948,2805333.333,1.59455E+12
2025-02,WH-BKS01,LOT-0913,864000,1.40141E+11
2025-02,WH-BKS01,LOT-0735,427500,2.40426E+11
2025-02,WH-BKS01,LOT-0626,319000,1.2004E+11
2025-02,WH-BKS01,LOT-1130,2954666.667,1.41558E+12
2025-02,WH-BKS01,LOT-0223,195000,81978000000
2025-02,WH-BKS01,LOT-0360,1368000,1.48565E+11
2025-02,WH-BKS01,LOT-0168,2504000,1.24699E+11
2025-02,WH-BKS01,LOT-0575,20000,6362000000
2025-02,WH-BKS01,LOT-0287,469333.3333,1.42114E+11
2025-02,WH-BKS01,LOT-1104,1450666.667,5.67791E+11
2025-02,WH-BKS01,LOT-0403,162000,79347600000
2025-02,WH-BKS01,LOT-0540,448000,42560000000
2025-02,WH-BKS01,LOT-0157,2677333.333,1.46263E+12
2025-02,WH-BKS01,LOT-0155,266666.6667,1.32987E+11
2025-02,WH-BKS01,LOT-0039,4608000,1.30729E+12
2025-02,WH-BKS01,LOT-1039,1925333.333,2.19295E+11
2025-02,WH-BKS01,LOT-0064,1998000,2.25974E+11
2025-02,WH-BKS01,LOT-1192,498000,1.48852E+11
2025-02,WH-BKS01,LOT-1186,31333.33333,16305866667
2025-02,WH-BKS01,LOT-0830,1132000,97012400000
2025-02,WH-BKS01,LOT-0436,808000,2.83366E+11
2025-02,WH-BKS01,LOT-0076,4106666.667,2.41308E+12
2025-02,WH-BKS01,LOT-0534,1600000,1.6192E+11
2025-02,WH-BKS01,LOT-1114,271000,95744300000
2025-02,WH-BKS01,LOT-1106,453333.3333,1.69275E+11
2025-02,WH-BKS01,LOT-0967,996000,4.29674E+11
2025-02,WH-BKS01,LOT-0305,354000,76393200000
2025-02,WH-BKS01,LOT-0750,1352000,3.25562E+11
2025-02,WH-BKS01,LOT-0804,92000,40857200000
2025-02,WH-BKS01,LOT-0458,442000,2.511E+11
2025-02,WH-BKS01,LOT-0275,1272000,4.29427E+11
2025-02,WH-BKS01,LOT-0952,1412000,3.859E+11
2025-02,WH-BKS01,LOT-1027,36333.33333,17959566667
2025-02,WH-BKS01,LOT-1046,1160000,80156000000
2025-02,WH-BKS01,LOT-0186,1552000,3.40354E+11
2025-02,WH-BKS01,LOT-0813,756000,2.03591E+11
2025-02,WH-BKS01,LOT-0746,486000,1.16834E+11
2025-02,WH-BKS01,LOT-1029,976000,4.80875E+11
2025-02,WH-BKS01,LOT-0022,300000,93720000000
2025-02,WH-BKS01,LOT-0490,2736000,5.28322E+11
2025-02,WH-BKS01,LOT-0340,162666.6667,18186133333
2025-02,WH-BKS01,LOT-1053,1452000,2.0691E+11
2025-02,WH-BKS01,LOT-0288,672000,1.85405E+11
2025-02,WH-BKS01,LOT-0914,1120000,1.88384E+11
2025-02,WH-BKS01,LOT-0327,3050666.667,3.82859E+11
2025-02,WH-BKS01,LOT-0367,3786666.667,1.4715E+12
2025-02,WH-BKS01,LOT-1160,43500,23851050000
2025-02,WH-BKS01,LOT-0300,3960000,6.20136E+11
2025-02,WH-BKS01,LOT-0991,408000,1.03061E+11
2025-02,WH-BKS01,LOT-0083,1476000,1.74168E+11
2025-02,WH-BKS01,LOT-0449,2421333.333,2.20583E+11
2025-02,WH-BKS01,LOT-0999,278000,61910600000
2025-02,WH-BKS01,LOT-0475,120000,46068000000
2025-02,WH-BKS01,LOT-0129,750000,83400000000
2025-02,WH-BKS01,LOT-0542,1680000,4.29744E+11
2025-02,WH-BKS01,LOT-0757,1084000,3.51108E+11
2025-02,WH-BKS01,LOT-0480,103333.3333,35164333333
2025-02,WH-BKS01,LOT-0088,62666.66667,6987333333
2025-02,WH-BKS01,LOT-0424,305333.3333,39540666667
2025-02,WH-TNG01,LOT-0586,708000,3.46212E+11
2025-02,WH-TNG01,LOT-0399,186666.6667,11088000000
2025-02,WH-TNG01,LOT-0069,663000,80886000000
2025-02,WH-TNG01,LOT-1046,281000,17562500000
2025-02,WH-TNG01,LOT-1057,485333.3333,61734400000
2025-02,WH-TNG01,LOT-0475,1898666.667,7.53771E+11
2025-02,WH-TNG01,LOT-0348,3824000,1.65503E+12
2025-02,WH-TNG01,LOT-0074,1448000,8.05088E+11
2025-02,WH-TNG01,LOT-0737,166000,97574800000
2025-02,WH-TNG01,LOT-0490,11000,2393600000
2025-02,WH-TNG01,LOT-0001,1592000,2.13806E+11
2025-02,WH-TNG01,LOT-0323,342000,40698000000
2025-02,WH-TNG01,LOT-0178,1461333.333,7.76845E+11
2025-02,WH-TNG01,LOT-0566,741333.3333,2.75405E+11
2025-02,WH-TNG01,LOT-0819,984000,3.06516E+11
2025-02,WH-TNG01,LOT-0724,2880000,8.00352E+11
2025-02,WH-TNG01,LOT-0810,1040000,4.22864E+11
2025-02,WH-TNG01,LOT-0831,292000,69671200000
2025-02,WH-TNG01,LOT-0411,1040000,5.50992E+11
2025-02,WH-TNG01,LOT-1061,1120000,1.8368E+11
2025-02,WH-TNG01,LOT-0032,388000,1.02898E+11
2025-02,WH-TNG01,LOT-0141,398666.6667,1.03494E+11
2025-02,WH-TNG01,LOT-0185,149333.3333,33853866667
2025-02,WH-TNG01,LOT-1126,1333333.333,6.45867E+11
2025-02,WH-TNG01,LOT-0583,1066666.667,4.63787E+11
2025-02,WH-TNG01,LOT-1146,1532000,3.80089E+11
2025-02,WH-TNG01,LOT-1194,108000,28490400000
2025-02,WH-TNG01,LOT-0713,1386666.667,5.02251E+11
2025-02,WH-TNG01,LOT-0712,163500,64386300000
2025-02,WH-TNG01,LOT-0567,5968000,2.2559E+12
2025-02,WH-TNG01,LOT-0464,254000,75133200000
2025-02,WH-TNG01,LOT-0932,292000,1.78704E+11
2025-02,WH-TNG01,LOT-0828,174000,14877000000
2025-02,WH-TNG01,LOT-1178,2864000,3.58859E+11
2025-02,WH-TNG01,LOT-0010,230000,32384000000
2025-02,WH-TNG01,LOT-0535,1984000,2.14074E+11
2025-02,WH-TNG01,LOT-0359,216000,25185600000
2025-02,WH-TNG01,LOT-0834,938666.6667,2.04066E+11
2025-02,WH-TNG01,LOT-1037,283500,32177250000
2025-02,WH-TNG01,LOT-0219,1088000,2.49914E+11
2025-02,WH-TNG01,LOT-1145,1146666.667,2.82653E+11
2025-02,WH-TNG01,LOT-0149,4224000,1.15822E+12
2025-02,WH-TNG01,LOT-1031,848000,96587200000
2025-02,WH-TNG01,LOT-0603,674000,1.26105E+11
2025-02,WH-TNG01,LOT-0697,188000,37750400000
2025-02,WH-TNG01,LOT-0240,200000,56920000000
2025-02,WH-TNG01,LOT-1052,465333.3333,60679466667
2025-02,WH-TNG01,LOT-0528,573000,1.7276E+11
2025-02,WH-TNG01,LOT-1102,720000,2.79432E+11
2025-02,WH-TNG01,LOT-0513,604000,1.46893E+11
2025-02,WH-TNG01,LOT-0907,316000,95748000000
2025-02,WH-TNG01,LOT-0773,2656000,6.95872E+11
2025-02,WH-TNG01,LOT-1154,944000,5.21277E+11
2025-02,WH-TNG01,LOT-0991,424000,1.01802E+11
2025-02,WH-TNG01,LOT-0499,328000,27256800000
2025-02,WH-TNG01,LOT-0696,1440000,2.4768E+11
2025-02,WH-TNG01,LOT-0940,2004000,1.17715E+12
2025-02,WH-TNG01,LOT-0944,1472000,7.66029E+11
2025-02,WH-TNG01,LOT-0057,1340000,2.07968E+11
2025-02,WH-TNG01,LOT-0988,4949333.333,1.96687E+12
2025-02,WH-TNG01,LOT-0239,506666.6667,1.56509E+11
2025-02,WH-TNG01,LOT-0529,1084000,3.62923E+11
2025-02,WH-TNG01,LOT-0139,3456000,7.5721E+11
2025-02,WH-TNG01,LOT-0784,42666.66667,2129066667
2025-02,WH-TNG01,LOT-0452,750000,4.347E+11
2025-02,WH-TNG01,LOT-0471,3465000,1.35516E+12
2025-02,WH-TNG01,LOT-0647,60000,15954000000
2025-02,WH-TNG01,LOT-0845,832000,2.51347E+11
2025-02,WH-TNG01,LOT-1058,148000,21030800000
2025-02,WH-TNG01,LOT-1098,494000,42681600000
2025-02,WH-TNG01,LOT-0020,96000,4819200000
2025-02,WH-TNG01,LOT-0540,2184000,2.32159E+11
2025-02,WH-TNG01,LOT-0509,31333.33333,1936400000
2025-02,WH-TNG01,LOT-0589,2568000,1.10629E+12
2025-02,WH-TNG01,LOT-0191,340000,2.05428E+11
2025-02,WH-TNG01,LOT-0818,816000,2.22523E+11
2025-02,WH-TNG01,LOT-0701,524000,2.60323E+11
2025-02,WH-TNG01,LOT-0156,616000,3.25618E+11
2025-02,WH-TNG01,LOT-1136,864000,4.67165E+11
2025-02,WH-TNG01,LOT-0366,61333.33333,20571200000
2025-02,WH-TNG01,LOT-0976,1032000,4.11768E+11
2025-02,WH-TNG01,LOT-0643,2052000,6.2545E+11
2025-02,WH-TNG01,LOT-0725,1952000,6.13904E+11
2025-02,WH-TNG01,LOT-0448,562000,61201800000
2025-02,WH-TNG01,LOT-1175,760000,1.01308E+11
2025-02,WH-TNG01,LOT-0552,5792000,7.10099E+11
2025-02,WH-TNG01,LOT-0375,1637333.333,5.98445E+11
2025-02,WH-TNG01,LOT-0390,328000,96727200000
2025-02,WH-TNG01,LOT-1022,390666.6667,1.94005E+11
2025-02,WH-TNG01,LOT-0409,5312000,2.57154E+12
2025-02,WH-TNG01,LOT-0481,163000,37164000000
2025-02,WH-TNG01,LOT-0496,2008000,1.84736E+11
2025-02,WH-TNG01,LOT-0544,400000,98720000000
2025-02,WH-TNG01,LOT-0424,192000,27206400000
2025-02,WH-TNG01,LOT-0470,168000,49728000000
2025-02,WH-TNG01,LOT-0416,15000,8220000000
2025-02,WH-TNG01,LOT-0512,2096000,5.51458E+11
2025-02,WH-TNG01,LOT-0730,1448000,3.95449E+11
2025-02,WH-TNG01,LOT-0320,556000,1.74751E+11
2025-02,WH-TNG01,LOT-0246,2048000,65945600000
2025-02,WH-TNG01,LOT-0161,373500,17666550000
2025-02,WH-TNG01,LOT-1009,4234666.667,6.58067E+11
2025-02,WH-TNG01,LOT-0014,1848000,89628000000
2025-02,WH-TNG01,LOT-1109,16000,6433600000
2025-02,WH-TNG01,LOT-0087,269333.3333,28630133333
2025-02,WH-TNG01,LOT-0761,2336000,1.79638E+11
2025-02,WH-TNG01,LOT-0646,704000,1.85152E+11
2025-02,WH-TNG01,LOT-1177,2037333.333,2.83189E+11
2025-02,WH-TNG01,LOT-0563,264000,97732800000
2025-02,WH-TNG01,LOT-1006,120000,18612000000
2025-02,WH-TNG01,LOT-1047,1016000,70713600000
2025-02,WH-TNG01,LOT-0574,636000,1.98814E+11
2025-02,WH-TNG01,LOT-0815,1893333.333,5.11957E+11
2025-02,WH-BPR01,LOT-0551,1500000,1.683E+11
2025-02,WH-BPR01,LOT-0846,33333.33333,10953333333
2025-02,WH-BPR01,LOT-0386,3664000,1.03948E+12
2025-02,WH-BPR01,LOT-0141,752000,1.9567E+11
2025-02,WH-BPR01,LOT-0374,408000,1.48186E+11
2025-02,WH-BPR01,LOT-0280,754666.6667,2.58851E+11
2025-02,WH-BPR01,LOT-0594,1516000,5.6941E+11
2025-02,WH-BPR01,LOT-0227,414666.6667,2.07292E+11
2025-02,WH-BPR01,LOT-0933,6144000,3.24649E+12
2025-02,WH-BPR01,LOT-0928,1104000,2.69376E+11
2025-02,WH-BPR01,LOT-0558,312000,40497600000
2025-02,WH-BPR01,LOT-1008,376000,57640800000
2025-02,WH-BPR01,LOT-0385,6666.666667,1976666667
2025-02,WH-BPR01,LOT-0657,792000,71834400000
2025-02,WH-BPR01,LOT-0040,1056000,2.98109E+11
2025-02,WH-BPR01,LOT-0312,644000,2.42724E+11
2025-02,WH-BPR01,LOT-0102,1932000,98918400000
2025-02,WH-BPR01,LOT-1096,748000,58044800000
2025-02,WH-BPR01,LOT-0046,560000,1.4364E+11
2025-02,WH-BPR01,LOT-0381,102000,28733400000
2025-02,WH-BPR01,LOT-0210,259000,1.17949E+11
2025-02,WH-BPR01,LOT-0578,249000,74824500000
2025-02,WH-BPR01,LOT-0552,453333.3333,54082666667
2025-02,WH-BPR01,LOT-0257,169000,27716000000
2025-02,WH-BPR01,LOT-0898,544000,91337600000
2025-02,WH-BPR01,LOT-0017,36000,1832400000
2025-02,WH-BPR01,LOT-0477,71000,24842900000
2025-02,WH-BPR01,LOT-0185,168000,34104000000
2025-02,WH-BPR01,LOT-0309,2277000,4.95475E+11
2025-02,WH-BPR01,LOT-0031,84000,22276800000
2025-02,WH-BPR01,LOT-1011,812000,4.35151E+11
2025-02,WH-BPR01,LOT-0445,1644000,1.68346E+11
2025-02,WH-BPR01,LOT-0701,4912000,2.20451E+12
2025-02,WH-BPR01,LOT-0861,768000,3.68102E+11
2025-02,WH-BPR01,LOT-0639,7936000,1.63878E+12
2025-02,WH-BPR01,LOT-1021,888000,4.6176E+11
2025-02,WH-BPR01,LOT-0761,120000,9288000000
2025-02,WH-BPR01,LOT-0950,442666.6667,2.19828E+11
2025-02,WH-BPR01,LOT-0065,1546666.667,1.99211E+11
2025-02,WH-BPR01,LOT-0677,434000,2.51373E+11
2025-02,WH-BPR01,LOT-0165,489333.3333,21922133333
2025-02,WH-BPR01,LOT-0300,1920000,3.19104E+11
2025-02,WH-BPR01,LOT-0115,66666.66667,3653333333
2025-02,WH-BPR01,LOT-0546,213333.3333,48554666667
2025-02,WH-BPR01,LOT-0804,230000,1.04259E+11
2025-02,WH-BPR01,LOT-0147,432000,98884800000
2025-02,WH-BPR01,LOT-1113,82000,32545800000
2025-02,WH-BPR01,LOT-0963,918000,3.77665E+11
2025-02,WH-BPR01,LOT-0372,227333.3333,77111466667
2025-02,WH-BPR01,LOT-0394,1733333.333,1.2428E+11
2025-02,WH-BPR01,LOT-0513,1546666.667,3.9904E+11
2025-02,WH-BPR01,LOT-0782,976500,55660500000
2025-02,WH-BPR01,LOT-0026,794000,2.37565E+11
2025-02,WH-BPR01,LOT-0250,501333.3333,15290666667
2025-02,WH-BPR01,LOT-0510,1456000,1.01629E+11
2025-02,WH-BPR01,LOT-0789,618666.6667,31180800000
2025-02,WH-BPR01,LOT-0908,194000,55134800000
2025-02,WH-BPR01,LOT-0507,701333.3333,45656800000
2025-02,WH-BPR01,LOT-0069,1813333.333,2.23765E+11
2025-02,WH-BPR01,LOT-0408,936000,4.34866E+11
2025-02,WH-BPR01,LOT-0944,493333.3333,2.92843E+11
2025-02,WH-BPR01,LOT-0193,286000,1.74803E+11
2025-02,WH-BPR01,LOT-1068,684000,1.2613E+11
2025-02,WH-BPR01,LOT-0427,288000,43891200000
2025-02,WH-BPR01,LOT-0969,900000,4.2309E+11
2025-02,WH-BPR01,LOT-0797,340000,1.14954E+11
2025-02,WH-BPR01,LOT-0640,4688000,1.07449E+12
2025-02,WH-BPR01,LOT-0662,1182000,2.37109E+11
2025-02,WH-BPR01,LOT-0325,257333.3333,29902133333
2025-02,WH-BPR01,LOT-0087,629333.3333,67401600000
2025-02,WH-BPR01,LOT-1126,832000,3.56429E+11
2025-02,WH-BPR01,LOT-1067,234666.6667,44445866667
2025-02,WH-BPR01,LOT-0251,1240000,1.98896E+11
2025-02,WH-BPR01,LOT-0519,197333.3333,53398400000
2025-02,WH-BPR01,LOT-0986,318000,1.06943E+11
2025-02,WH-BPR01,LOT-0612,236000,85148800000
2025-02,WH-BPR01,LOT-0407,747000,3.15906E+11
2025-02,WH-BPR01,LOT-0739,3818666.667,2.30495E+12
2025-02,WH-BPR01,LOT-0107,384000,20851200000
2025-02,WH-BPR01,LOT-0447,396000,43045200000
2025-02,WH-BPR01,LOT-0232,224000,60144000000
2025-02,WH-BPR01,LOT-0484,640000,1.30304E+11
2025-02,WH-BPR01,LOT-0890,100000,44610000000
2025-02,WH-BPR01,LOT-0665,1616000,2.9088E+11
2025-02,WH-BPR01,LOT-0343,1088000,4.55981E+11
2025-02,WH-BPR01,LOT-0566,104000,41506400000
2025-02,WH-BPR01,LOT-1198,3157333.333,9.72459E+11
2025-02,WH-BPR01,LOT-0246,2280000,61104000000
2025-02,WH-BPR01,LOT-0811,342000,1.03147E+11
2025-02,WH-BPR01,LOT-0498,1116000,1.01556E+11
2025-02,WH-BPR01,LOT-0019,5728000,2.83536E+11
2025-02,WH-BPR01,LOT-1191,70666.66667,20408533333
2025-02,WH-BPR01,LOT-0974,210666.6667,78220533333
2025-02,WH-BPR01,LOT-0318,800000,2.7344E+11
2025-02,WH-BPR01,LOT-0184,44000,10375200000
2025-02,WH-BPR01,LOT-0323,938666.6667,1.11326E+11
2025-02,WH-BPR01,LOT-1024,454000,2.24594E+11
2025-02,WH-BPR01,LOT-0188,264000,61644000000
2025-02,WH-BPR01,LOT-0694,322666.6667,61919733333
2025-02,WH-BPR01,LOT-0123,6677333.333,8.29993E+11
2025-02,WH-BPR01,LOT-0729,3509333.333,1.06228E+12
2025-02,WH-BPR01,LOT-0316,600000,1.9056E+11
2025-02,WH-BPR01,LOT-1099,1092000,84302400000
2025-02,WH-BPR01,LOT-0220,374666.6667,90182266667
2025-02,WH-BPR01,LOT-0258,229333.3333,40981866667
2025-02,WH-BPR01,LOT-1000,629333.3333,1.38013E+11
2025-02,WH-BPR01,LOT-0649,698000,2.07236E+11
2025-02,WH-BPR01,LOT-1144,103000,30333500000
2025-02,WH-BPR01,LOT-0712,1040000,4.16208E+11
2025-02,WH-BPR01,LOT-0899,526000,78058400000
2025-02,WH-BPR01,LOT-0396,1205333.333,75453866667
2025-02,WH-BPR01,LOT-0044,206000,45835000000
2025-02,WH-BPR01,LOT-0774,472000,1.05917E+11
2025-02,WH-BPR01,LOT-0734,198000,1.17691E+11
2025-02,WH-MLG01,LOT-0818,292000,88388400000
2025-02,WH-MLG01,LOT-0538,650000,62140000000
2025-02,WH-MLG01,LOT-0175,3248000,2.00012E+12
2025-02,WH-MLG01,LOT-0817,106666.6667,33130666667
2025-02,WH-MLG01,LOT-1028,1184000,5.6169E+11
2025-02,WH-MLG01,LOT-0890,716000,3.64086E+11
2025-02,WH-MLG01,LOT-0268,1364000,5.46964E+11
2025-02,WH-MLG01,LOT-0277,1008000,3.48365E+11
2025-02,WH-MLG01,LOT-0985,1408000,5.40813E+11
2025-02,WH-MLG01,LOT-1146,866666.6667,2.4128E+11
2025-02,WH-MLG01,LOT-0406,581333.3333,2.58403E+11
2025-02,WH-MLG01,LOT-1000,166000,38661400000
2025-02,WH-MLG01,LOT-0810,656000,2.94478E+11
2025-02,WH-MLG01,LOT-1171,922666.6667,1.23176E+11
2025-02,WH-MLG01,LOT-0402,576000,2.54131E+11
2025-02,WH-MLG01,LOT-1150,100000,27250000000
2025-02,WH-MLG01,LOT-1074,946666.6667,1.79772E+11
2025-02,WH-MLG01,LOT-0505,37500,2426250000
2025-02,WH-MLG01,LOT-0497,2196000,2.17184E+11
2025-02,WH-MLG01,LOT-0147,74000,18218800000
2025-02,WH-MLG01,LOT-0546,798000,1.84498E+11
2025-02,WH-MLG01,LOT-0881,784000,4.00232E+11
2025-02,WH-MLG01,LOT-0663,334000,57681800000
2025-02,WH-MLG01,LOT-1180,2954666.667,4.36109E+11
2025-02,WH-MLG01,LOT-0184,195000,39429000000
2025-02,WH-MLG01,LOT-0231,474000,1.45802E+11
2025-02,WH-MLG01,LOT-0848,792000,2.51143E+11
2025-02,WH-MLG01,LOT-0868,4608000,2.57403E+12
2025-02,WH-MLG01,LOT-0749,320000,74784000000
2025-02,WH-MLG01,LOT-0714,993000,4.25103E+11
2025-02,WH-MLG01,LOT-0391,290000,17603000000
2025-02,WH-MLG01,LOT-0657,134666.6667,11500533333
2025-02,WH-MLG01,LOT-0706,1584000,6.74626E+11
2025-02,WH-MLG01,LOT-0050,954000,2.3497E+11
2025-02,WH-MLG01,LOT-0625,5040000,1.88395E+12
2025-02,WH-MLG01,LOT-0347,1476000,5.92319E+11
2025-02,WH-MLG01,LOT-0717,82000,33439600000
2025-02,WH-MLG01,LOT-0906,2256000,5.78213E+11
2025-02,WH-MLG01,LOT-0299,1992000,3.2131E+11
2025-02,WH-MLG01,LOT-0903,1884000,5.2639E+11
2025-02,WH-MLG01,LOT-0092,337000,1.42416E+11
2025-02,WH-MLG01,LOT-0479,406000,1.52088E+11
2025-02,WH-MLG01,LOT-0409,200000,87400000000
2025-02,WH-MLG01,LOT-0766,240000,16848000000
2025-02,WH-MLG01,LOT-0320,2376000,9.14998E+11
2025-02,WH-MLG01,LOT-0176,1144000,7.12712E+11
2025-02,WH-MLG01,LOT-0112,118000,6478200000
2025-02,WH-MLG01,LOT-0498,972000,93409200000
2025-02,WH-MLG01,LOT-0303,608000,1.31875E+11
2025-02,WH-MLG01,LOT-0590,2061000,1.03153E+12
2025-02,WH-MLG01,LOT-0029,1020000,3.08244E+11
2025-02,WH-MLG01,LOT-0704,239000,1.22296E+11
2025-02,WH-MLG01,LOT-0228,446000,2.00968E+11
2025-02,WH-MLG01,LOT-0922,208000,55972800000
2025-02,WH-MLG01,LOT-0965,2122666.667,9.76851E+11
2025-02,WH-MLG01,LOT-0047,549333.3333,1.35136E+11
2025-02,WH-MLG01,LOT-0680,385000,2.1202E+11
2025-02,WH-MLG01,LOT-0429,1116000,1.62043E+11
2025-02,WH-MLG01,LOT-1102,730000,3.08133E+11
2025-02,WH-MLG01,LOT-0434,361333.3333,1.29791E+11
2025-02,WH-MLG01,LOT-0418,1428000,8.32238E+11
2025-02,WH-MLG01,LOT-1120,156000,66393600000
2025-02,WH-MLG01,LOT-1072,520000,93236000000
2025-02,WH-MLG01,LOT-0530,552000,1.85472E+11
2025-02,WH-MLG01,LOT-1124,200000,96920000000
2025-02,WH-MLG01,LOT-0990,1076000,4.26311E+11
2025-02,WH-MLG01,LOT-0290,40000,10976000000
2025-02,WH-MLG01,LOT-0038,920000,2.35152E+11
2025-02,WH-MLG01,LOT-0772,960000,2.49792E+11
2025-02,WH-MLG01,LOT-1194,302000,84801600000
2025-02,WH-MLG01,LOT-1079,884000,1.51076E+11
2025-02,WH-MLG01,LOT-0090,21333.33333,2402133333
2025-02,WH-MLG01,LOT-0524,154000,46600400000
2025-02,WH-MLG01,LOT-0349,893333.3333,3.47775E+11
2025-02,WH-MLG01,LOT-0124,561000,63954000000
2025-02,WH-MLG01,LOT-0582,388000,1.90818E+11
2025-02,WH-MLG01,LOT-0412,2888000,1.59013E+12
2025-02,WH-MLG01,LOT-0556,4394666.667,5.24723E+11
2025-02,WH-MLG01,LOT-0109,705000,34333500000
2025-02,WH-MLG01,LOT-0953,632000,1.79867E+11
2025-02,WH-MLG01,LOT-0018,369000,19003500000
2025-02,WH-MLG01,LOT-0137,158000,34017400000
2025-02,WH-MLG01,LOT-0796,113333.3333,38975333333
2025-02,WH-MLG01,LOT-0738,1107000,6.64754E+11
2025-02,WH-MLG01,LOT-0221,4464000,2.15343E+12
2025-02,WH-MLG01,LOT-0040,229500,55080000000
2025-02,WH-MLG01,LOT-0600,705000,2.74104E+11
2025-02,WH-MLG01,LOT-0792,96000,31900800000
2025-02,WH-MLG01,LOT-0474,3216000,1.26453E+12
2025-02,WH-MLG01,LOT-0780,354666.6667,89340533333
2025-02,WH-MLG01,LOT-1042,344000,23254400000
2025-02,WH-MLG01,LOT-0204,398000,1.5518E+11
2025-02,WH-MLG01,LOT-0647,368000,1.13234E+11
2025-02,WH-MLG01,LOT-0993,588000,1.4994E+11
2025-02,WH-MLG01,LOT-1089,162000,65334600000
2025-02,WH-MLG01,LOT-0181,52666.66667,10638666667
2025-02,WH-MLG01,LOT-0382,369000,93652200000
2025-02,WH-MLG01,LOT-0408,648000,2.92507E+11
2025-02,WH-MLG01,LOT-1026,1592000,8.79421E+11
2025-02,WH-MLG01,LOT-0938,3242666.667,1.89437E+12
2025-02,WH-MLG01,LOT-1149,65000,18876000000
2025-02,WH-MLG01,LOT-0045,432000,92966400000
2025-02,WH-MLG01,LOT-0082,528000,54225600000
2025-02,WH-MLG01,LOT-0507,2868000,1.93303E+11
2025-02,WH-MLG01,LOT-1085,346666.6667,1.51875E+11
2025-02,WH-MLG01,LOT-0684,42000,11222400000
2025-02,WH-MLG01,LOT-1004,5482666.667,8.16917E+11
2025-02,WH-MLG01,LOT-0806,918000,3.92078E+11
2025-02,WH-MLG01,LOT-0322,237000,28487400000
2025-02,WH-MLG01,LOT-0711,180000,72126000000
2025-02,WH-MLG01,LOT-0721,96000,25977600000
2025-02,WH-MLG01,LOT-0728,2280000,6.21528E+11
2025-02,WH-MLG01,LOT-0620,1956000,7.5971E+11
2025-02,WH-MLG01,LOT-0484,55500,10545000000
2025-02,WH-MLG01,LOT-1027,426666.6667,1.94688E+11
2025-02,WH-SLO01,LOT-0076,482000,2.82934E+11
2025-02,WH-SLO01,LOT-0298,864000,1.64592E+11
2025-02,WH-SLO01,LOT-0067,88000,11545600000
2025-02,WH-SLO01,LOT-1184,421333.3333,2.32913E+11
2025-02,WH-SLO01,LOT-0612,3754666.667,1.3851E+12
2025-02,WH-SLO01,LOT-0679,1488000,7.254E+11
2025-02,WH-SLO01,LOT-0180,1800000,1.06434E+12
2025-02,WH-SLO01,LOT-0101,558000,27453600000
2025-02,WH-SLO01,LOT-0224,121500,53277750000
2025-02,WH-SLO01,LOT-0854,53333.33333,11845333333
2025-02,WH-SLO01,LOT-0366,262666.6667,1.00417E+11
2025-02,WH-SLO01,LOT-0331,118666.6667,13611066667
2025-02,WH-SLO01,LOT-0583,1632000,7.08288E+11
2025-02,WH-SLO01,LOT-1173,170666.6667,24797866667
2025-02,WH-SLO01,LOT-1152,1037333.333,5.58915E+11
2025-02,WH-SLO01,LOT-0364,166000,64557400000
2025-02,WH-SLO01,LOT-0933,288000,1.60906E+11
2025-02,WH-SLO01,LOT-1186,518000,3.04895E+11
2025-02,WH-SLO01,LOT-0738,260000,1.4547E+11
2025-02,WH-SLO01,LOT-0074,848000,4.41638E+11
2025-02,WH-SLO01,LOT-0191,1908000,9.84528E+11
2025-02,WH-SLO01,LOT-0613,522666.6667,2.12621E+11
2025-02,WH-SLO01,LOT-0662,144000,29736000000
2025-02,WH-SLO01,LOT-0755,232000,78787200000
2025-02,WH-SLO01,LOT-0777,672000,1.79424E+11
2025-02,WH-SLO01,LOT-0139,55333.33333,12184400000
2025-02,WH-SLO01,LOT-0876,2016000,8.63856E+11
2025-02,WH-SLO01,LOT-1128,2184000,1.00398E+12
2025-02,WH-SLO01,LOT-0133,1834666.667,3.99774E+11
2025-02,WH-SLO01,LOT-0600,73333.33333,29604666667
2025-02,WH-SLO01,LOT-0965,1076000,4.90871E+11
2025-02,WH-SLO01,LOT-0276,96000,31910400000
2025-02,WH-SLO01,LOT-0250,184000,5372800000
2025-02,WH-SLO01,LOT-0563,370000,1.56695E+11
2025-02,WH-SLO01,LOT-0675,384000,1.86547E+11
2025-02,WH-SLO01,LOT-1080,324000,60134400000
2025-02,WH-SLO01,LOT-0848,3296000,1.17173E+12
2025-02,WH-SLO01,LOT-1075,1400000,2.4836E+11
2025-02,WH-SLO01,LOT-0430,56000,7408800000
2025-02,WH-SLO01,LOT-0429,2382000,3.55394E+11
2025-02,WH-SLO01,LOT-0120,1476000,69372000000
2025-02,WH-SLO01,LOT-1171,2358000,3.05597E+11
2025-02,WH-SLO01,LOT-1084,149333.3333,62391466667
2025-02,WH-SLO01,LOT-0991,824000,1.86142E+11
2025-02,WH-SLO01,LOT-0589,92333.33333,41263766667
2025-02,WH-SLO01,LOT-0875,115000,48668000000
2025-02,WH-SLO01,LOT-0649,768000,2.0137E+11
2025-02,WH-SLO01,LOT-0532,290000,26825000000
2025-02,WH-SLO01,LOT-1077,3445333.333,6.22916E+11
2025-02,WH-SLO01,LOT-1178,342000,43297200000
2025-02,WH-SLO01,LOT-0725,92000,26578800000
2025-02,WH-SLO01,LOT-0266,286000,1.148E+11
2025-02,WH-SLO01,LOT-1153,2920000,1.74441E+12
2025-02,WH-SLO01,LOT-1017,1788000,8.7755E+11
2025-02,WH-SLO01,LOT-1065,109333.3333,18050933333
2025-02,WH-SLO01,LOT-1020,474666.6667,2.48298E+11
2025-02,WH-SLO01,LOT-1009,270000,39258000000
2025-02,WH-SLO01,LOT-0369,656000,2.65024E+11
2025-02,WH-SLO01,LOT-0477,30000,10323000000
2025-02,WH-SLO01,LOT-0595,170666.6667,58914133333
2025-02,WH-SLO01,LOT-0397,3280000,2.00408E+11
2025-02,WH-SLO01,LOT-0004,4960000,7.08784E+11
2025-02,WH-SLO01,LOT-0243,654000,20601000000
2025-02,WH-SLO01,LOT-0050,484000,1.14998E+11
2025-02,WH-SLO01,LOT-0953,1496000,4.01377E+11
2025-02,WH-SLO01,LOT-0242,565333.3333,17412266667
2025-02,WH-SLO01,LOT-0425,696000,1.07045E+11
2025-02,WH-SLO01,LOT-0850,270000,97875000000
2025-02,WH-SLO01,LOT-0094,521333.3333,2.38927E+11
2025-02,WH-SLO01,LOT-0684,1180000,2.8438E+11
2025-02,WH-SLO01,LOT-0717,1448000,5.64286E+11
2025-02,WH-SLO01,LOT-1148,952000,2.44854E+11
2025-02,WH-SLO01,LOT-0435,668000,2.73012E+11
2025-02,WH-SLO01,LOT-0024,364500,1.05304E+11
2025-02,WH-SLO01,LOT-0413,714000,3.60142E+11
2025-02,WH-SLO01,LOT-0577,320000,89152000000
2025-02,WH-SLO01,LOT-0522,1018666.667,3.03563E+11
2025-02,WH-SLO01,LOT-0631,726000,1.79322E+11
2025-02,WH-SLO01,LOT-0615,696000,2.83342E+11
2025-02,WH-SLO01,LOT-1038,1026000,1.13886E+11
2025-02,WH-SLO01,LOT-1127,53333.33333,23200000000
2025-02,WH-SLO01,LOT-0664,124000,22828400000
2025-02,WH-SLO01,LOT-0013,160666.6667,8194000000
2025-02,WH-SLO01,LOT-0234,596000,1.8482E+11
2025-02,WH-SLO01,LOT-0683,1256000,3.33342E+11
2025-02,WH-SLO01,LOT-0700,706666.6667,1.18155E+11
2025-02,WH-SLO01,LOT-0812,493333.3333,1.48888E+11
2025-02,WH-SLO01,LOT-1166,3648000,1.26221E+11
2025-02,WH-SLO01,LOT-0060,109333.3333,18411733333
2025-02,WH-SLO01,LOT-0360,1108000,1.29414E+11
2025-02,WH-SLO01,LOT-0398,1637333.333,1.05444E+11
2025-02,WH-SLO01,LOT-0677,858666.6667,4.40668E+11
2025-02,WH-SLO01,LOT-0693,86000,17251600000
2025-02,WH-SLO01,LOT-0982,402000,1.37082E+11
2025-02,WH-SLO01,LOT-0972,666000,2.92041E+11
2025-02,WH-SLO01,LOT-0073,818666.6667,4.46828E+11
2025-02,WH-SLO01,LOT-0279,2421333.333,8.70227E+11
2025-02,WH-SLO01,LOT-0987,1440000,5.45472E+11
2025-02,WH-SLO01,LOT-0319,500000,1.632E+11
2025-02,WH-SLO01,LOT-0944,231333.3333,1.15343E+11
2025-02,WH-SLO01,LOT-1100,3936000,3.41645E+11
2025-02,WH-SLO01,LOT-0687,677333.3333,1.6256E+11
2025-02,WH-YOG01,LOT-0949,136000,80525600000
2025-02,WH-YOG01,LOT-0667,100000,17980000000
2025-02,WH-YOG01,LOT-1137,218000,1.23192E+11
2025-02,WH-YOG01,LOT-0200,925333.3333,4.67016E+11
2025-02,WH-YOG01,LOT-0912,877333.3333,1.40373E+11
2025-02,WH-YOG01,LOT-0361,1605333.333,5.74228E+11
2025-02,WH-YOG01,LOT-0631,96000,23644800000
2025-02,WH-YOG01,LOT-0832,185333.3333,44924800000
2025-02,WH-YOG01,LOT-0143,1960000,4.84904E+11
2025-02,WH-YOG01,LOT-0223,2613333.333,1.22043E+12
2025-02,WH-YOG01,LOT-0777,928000,2.24576E+11
2025-02,WH-YOG01,LOT-0671,206666.6667,1.07136E+11
2025-02,WH-YOG01,LOT-1013,92000,49680000000
2025-02,WH-YOG01,LOT-0126,1240000,1.488E+11
2025-02,WH-YOG01,LOT-0186,251333.3333,57706133333
2025-02,WH-YOG01,LOT-0446,414000,37467000000
2025-02,WH-YOG01,LOT-0285,494000,1.4741E+11
2025-02,WH-YOG01,LOT-1190,1589333.333,7.84813E+11
2025-02,WH-YOG01,LOT-0001,924000,1.29914E+11
2025-02,WH-YOG01,LOT-0301,324000,67910400000
2025-02,WH-YOG01,LOT-0306,674666.6667,1.43232E+11
2025-02,WH-YOG01,LOT-0928,1578000,3.78247E+11
2025-02,WH-YOG01,LOT-1089,196000,80654000000
2025-02,WH-YOG01,LOT-0597,2560000,9.23392E+11
2025-02,WH-YOG01,LOT-0799,1632000,4.84378E+11
2025-02,WH-YOG01,LOT-1184,661333.3333,3.68495E+11
2025-02,WH-YOG01,LOT-0916,1842000,3.06877E+11
2025-02,WH-YOG01,LOT-0401,1368000,6.3612E+11
2025-02,WH-YOG01,LOT-0422,1002666.667,1.37466E+11
2025-02,WH-YOG01,LOT-0649,363000,97066200000
2025-02,WH-YOG01,LOT-0614,1034666.667,4.22144E+11
2025-02,WH-YOG01,LOT-1168,126000,4170600000
2025-02,WH-YOG01,LOT-0624,256000,1.03654E+11
2025-02,WH-YOG01,LOT-0891,6592000,1.16876E+12
2025-02,WH-YOG01,LOT-0706,332000,1.68224E+11
2025-02,WH-YOG01,LOT-0183,6240000,1.49198E+12
2025-02,WH-YOG01,LOT-1194,1064000,2.9377E+11
2025-02,WH-YOG01,LOT-0017,2744000,1.28694E+11
2025-02,WH-YOG01,LOT-1046,1765333.333,1.13864E+11
2025-02,WH-YOG01,LOT-0828,1600000,1.4672E+11
2025-02,WH-YOG01,LOT-0262,965333.3333,3.79762E+11
2025-02,WH-YOG01,LOT-0603,2240000,4.28288E+11
2025-02,WH-YOG01,LOT-0128,256000,26444800000
2025-02,WH-YOG01,LOT-0757,2581333.333,8.56745E+11
2025-02,WH-YOG01,LOT-1125,159000,75747600000
2025-02,WH-YOG01,LOT-0109,390000,23010000000
2025-02,WH-YOG01,LOT-0002,661333.3333,85113600000
2025-02,WH-YOG01,LOT-1147,2928000,7.66258E+11
2025-02,WH-YOG01,LOT-0736,278000,1.45394E+11
2025-02,WH-YOG01,LOT-0225,1210666.667,4.994E+11
2025-02,WH-YOG01,LOT-0578,1248000,3.57302E+11
2025-02,WH-YOG01,LOT-0064,3541333.333,4.76309E+11
2025-02,WH-YOG01,LOT-0482,531000,1.22183E+11
2025-02,WH-YOG01,LOT-0885,108000,55144800000
2025-02,WH-YOG01,LOT-0808,1765333.333,7.07016E+11
2025-02,WH-YOG01,LOT-0652,904000,86151200000
2025-02,WH-YOG01,LOT-0784,1014000,59014800000
2025-02,WH-YOG01,LOT-0782,352000,18128000000
2025-02,WH-YOG01,LOT-0892,82500,12713250000
2025-02,WH-YOG01,LOT-1117,2432000,9.36806E+11
2025-02,WH-YOG01,LOT-0433,400000,1.6232E+11
2025-02,WH-YOG01,LOT-0356,2730666.667,3.3751E+11
2025-02,WH-YOG01,LOT-0973,306000,1.33049E+11
2025-02,WH-YOG01,LOT-0386,406500,1.1004E+11
2025-02,WH-YOG01,LOT-1138,1432000,8.49892E+11
2025-02,WH-YOG01,LOT-0788,330000,18051000000
2025-02,WH-YOG01,LOT-0738,2792000,1.41499E+12
2025-02,WH-YOG01,LOT-0855,52000,10727600000
2025-02,WH-YOG01,LOT-0316,73333.33333,25842666667
2025-02,WH-YOG01,LOT-0591,946666.6667,3.53864E+11
2025-02,WH-YOG01,LOT-0258,468000,87562800000
2025-02,WH-YOG01,LOT-0276,709333.3333,2.35144E+11
2025-02,WH-YOG01,LOT-0024,45333.33333,13509333333
2025-02,WH-YOG01,LOT-0147,136000,37114400000
2025-02,WH-YOG01,LOT-0033,909333.3333,2.5725E+11
2025-02,WH-YOG01,LOT-0295,928000,1.77619E+11
2025-02,WH-YOG01,LOT-0997,1324000,2.88235E+11
2025-02,WH-YOG01,LOT-0895,88000,13050400000
2025-02,WH-YOG01,LOT-0279,1256000,4.10335E+11
2025-02,WH-YOG01,LOT-0174,341000,2.04839E+11
2025-02,WH-YOG01,LOT-0282,5376000,1.5999E+12
2025-02,WH-YOG01,LOT-0852,792000,1.97287E+11
2025-02,WH-YOG01,LOT-0934,722000,3.83526E+11
2025-02,WH-YOG01,LOT-0872,930000,3.77301E+11
2025-02,WH-YOG01,LOT-0369,344000,1.31855E+11
2025-02,WH-YOG01,LOT-0931,389333.3333,2.34106E+11
2025-02,WH-YOG01,LOT-1044,3829333.333,2.87966E+11
2025-02,WH-YOG01,LOT-0869,2394000,1.28845E+12
2025-02,WH-YOG01,LOT-1131,1088000,5.43347E+11
2025-02,WH-YOG01,LOT-0922,168000,42134400000
2025-02,WH-YOG01,LOT-0728,192000,53548800000
2025-02,WH-YOG01,LOT-0463,1050000,3.5805E+11
2025-02,WH-YOG01,LOT-0381,548000,1.68291E+11
2025-02,WH-YOG01,LOT-0870,93333.33333,44305333333
2025-02,WH-YOG01,LOT-0016,480000,22752000000
2025-02,WH-YOG01,LOT-1021,1284000,6.61517E+11
2025-02,WH-YOG01,LOT-0485,384000,83097600000
2025-02,WH-YOG01,LOT-1028,120000,55896000000
2025-02,WH-YOG01,LOT-0552,530666.6667,63573866667
2025-02,WH-YOG01,LOT-0842,3828000,1.29999E+12
2025-02,WH-YOG01,LOT-1119,231000,95195100000
2025-02,WH-YOG01,LOT-1181,228000,1.12153E+11
2025-02,WH-YOG01,LOT-0752,109333.3333,37632533333
2025-02,WH-YOG01,LOT-0069,199500,25875150000
2025-02,WH-YOG01,LOT-0078,28000,16802800000
2025-02,WH-YOG01,LOT-1164,972000,34311600000
2025-02,WH-YOG01,LOT-0990,40000,16376000000
2025-02,WH-YOG01,LOT-0755,2760000,9.14388E+11
2025-02,WH-YOG01,LOT-0232,328000,1.00335E+11
2025-02,WH-YOG01,LOT-1189,1845000,1.02195E+12
2025-02,WH-YOG01,LOT-0987,1608000,6.29854E+11
2025-02,WH-YOG01,LOT-0164,2394000,1.18024E+11
2025-02,WH-YOG01,LOT-0291,608000,1.0415E+11
2025-02,WH-YOG01,LOT-1079,1508000,2.85314E+11
2025-02,WH-YOG01,LOT-0573,240000,71040000000
2025-02,WH-YOG01,LOT-0953,12000,3270000000
2025-02,WH-YOG01,LOT-1059,714000,99174600000
2025-02,WH-YOG01,LOT-0161,1004000,45682000000
2025-03,WH-JKT01,LOT-0736,338666.6667,2.09093E+11
2025-03,WH-JKT01,LOT-0683,5072000,1.37857E+12
2025-03,WH-JKT01,LOT-0621,1240000,4.26312E+11
2025-03,WH-JKT01,LOT-0821,2080000,1.8616E+11
2025-03,WH-JKT01,LOT-0114,266666.6667,14293333333
2025-03,WH-JKT01,LOT-0186,848000,1.77826E+11
2025-03,WH-JKT01,LOT-0749,74666.66667,17875200000
2025-03,WH-JKT01,LOT-1095,274666.6667,21588800000
2025-03,WH-JKT01,LOT-0697,736000,1.47715E+11
2025-03,WH-JKT01,LOT-0165,1926000,92448000000
2025-03,WH-JKT01,LOT-0942,788000,4.754E+11
2025-03,WH-JKT01,LOT-0594,2112000,7.5145E+11
2025-03,WH-JKT01,LOT-0416,3192000,1.78688E+12
2025-03,WH-JKT01,LOT-0362,296000,1.0505E+11
2025-03,WH-JKT01,LOT-1136,416000,2.05462E+11
2025-03,WH-JKT01,LOT-0081,243000,27337500000
2025-03,WH-JKT01,LOT-0787,329333.3333,17816933333
2025-03,WH-JKT01,LOT-0392,917333.3333,62286933333
2025-03,WH-JKT01,LOT-0613,72000,25041600000
2025-03,WH-JKT01,LOT-0799,509333.3333,1.60746E+11
2025-03,WH-JKT01,LOT-0219,454000,1.02195E+11
2025-03,WH-JKT01,LOT-0997,1280000,3.22176E+11
2025-03,WH-JKT01,LOT-0174,1048000,5.90443E+11
2025-03,WH-JKT01,LOT-0897,174000,29701800000
2025-03,WH-JKT01,LOT-0389,1120000,2.92432E+11
2025-03,WH-JKT01,LOT-0287,101333.3333,29650133333
2025-03,WH-JKT01,LOT-0074,170666.6667,85981866667
2025-03,WH-JKT01,LOT-0396,250000,17150000000
2025-03,WH-JKT01,LOT-0052,2464000,3.97443E+11
2025-03,WH-JKT01,LOT-0489,2336000,4.59258E+11
2025-03,WH-JKT01,LOT-1002,936000,1.59962E+11
2025-03,WH-JKT01,LOT-0797,325333.3333,1.13867E+11
2025-03,WH-JKT01,LOT-0130,342000,36765000000
2025-03,WH-JKT01,LOT-1108,168000,70224000000
2025-03,WH-JKT01,LOT-0631,856000,1.89262E+11
2025-03,WH-JKT01,LOT-1024,936000,4.28969E+11
2025-03,WH-JKT01,LOT-1094,912000,77702400000
2025-03,WH-JKT01,LOT-0921,1216000,2.96096E+11
2025-03,WH-JKT01,LOT-0034,211333.3333,54693066667
2025-03,WH-JKT01,LOT-0076,270666.6667,1.45916E+11
2025-03,WH-JKT01,LOT-0695,239000,45601200000
2025-03,WH-JKT01,LOT-0115,109333.3333,5543200000
2025-03,WH-JKT01,LOT-0692,858000,1.46718E+11
2025-03,WH-JKT01,LOT-0088,280000,27328000000
2025-03,WH-JKT01,LOT-0831,3157333.333,6.55778E+11
2025-03,WH-JKT01,LOT-0243,98666.66667,2664000000
2025-03,WH-JKT01,LOT-0434,729000,2.82852E+11
2025-03,WH-JKT01,LOT-1072,184000,34665600000
2025-03,WH-JKT01,LOT-0939,1248000,7.67894E+11
2025-03,WH-JKT01,LOT-1099,418666.6667,33200266667
2025-03,WH-JKT01,LOT-0306,882666.6667,2.24992E+11
2025-03,WH-JKT01,LOT-1187,368000,2.03982E+11
2025-03,WH-JKT01,LOT-0478,3456000,1.3938E+12
2025-03,WH-JKT01,LOT-0148,196000,48059200000
2025-03,WH-JKT01,LOT-0290,2176000,6.3735E+11
2025-03,WH-JKT01,LOT-0040,1226666.667,3.26661E+11
2025-03,WH-JKT01,LOT-0966,482000,2.02151E+11
2025-03,WH-JKT01,LOT-0094,4032000,1.72408E+12
2025-03,WH-JKT01,LOT-0498,262000,22636800000
2025-03,WH-JKT01,LOT-0268,302666.6667,1.33597E+11
2025-03,WH-JKT01,LOT-0030,409333.3333,1.30168E+11
2025-03,WH-JKT01,LOT-0353,1192000,1.52218E+11
2025-03,WH-JKT01,LOT-0103,145333.3333,8661866667
2025-03,WH-JKT01,LOT-0630,200000,81340000000
2025-03,WH-JKT01,LOT-0200,3040000,1.77901E+12
2025-03,WH-JKT01,LOT-0935,22000,12322200000
2025-03,WH-JKT01,LOT-0350,1098666.667,4.30238E+11
2025-03,WH-JKT01,LOT-0131,1925333.333,4.84221E+11
2025-03,WH-JKT01,LOT-0218,118000,28001400000
2025-03,WH-JKT01,LOT-0234,62666.66667,18624533333
2025-03,WH-JKT01,LOT-1019,14666.66667,7917066667
2025-03,WH-JKT01,LOT-0452,284000,1.74262E+11
2025-03,WH-JKT01,LOT-0873,96000,38044800000
2025-03,WH-JKT01,LOT-0691,1143000,2.14998E+11
2025-03,WH-JKT01,LOT-0824,306000,24021000000
2025-03,WH-JKT01,LOT-0665,3701333.333,6.74383E+11
2025-03,WH-JKT01,LOT-0248,2190000,63948000000
2025-03,WH-JKT01,LOT-1180,891000,1.26433E+11
2025-03,WH-JKT01,LOT-1118,34000,14749200000
2025-03,WH-JKT01,LOT-0282,322666.6667,1.00123E+11
2025-03,WH-JKT01,LOT-0659,2190000,1.99728E+11
2025-03,WH-JKT01,LOT-0437,129333.3333,51966133333
2025-03,WH-JKT01,LOT-0356,2920000,3.53612E+11
2025-03,WH-JKT01,LOT-0688,1956000,4.64746E+11
2025-03,WH-JKT01,LOT-0561,716000,2.71722E+11
2025-03,WH-JKT01,LOT-0851,84000,18488400000
2025-03,WH-JKT01,LOT-0345,1040000,3.89168E+11
2025-03,WH-JKT01,LOT-0758,424000,1.45093E+11
2025-03,WH-JKT01,LOT-1134,222000,1.26607E+11
2025-03,WH-JKT01,LOT-0338,368000,42651200000
2025-03,WH-JKT01,LOT-0899,704000,1.20032E+11
2025-03,WH-JKT01,LOT-0499,132000,12078000000
2025-03,WH-JKT01,LOT-1192,466666.6667,1.28333E+11
2025-03,WH-JKT01,LOT-0084,41333.33333,4108533333
2025-03,WH-JKT01,LOT-0274,256000,90060800000
2025-03,WH-JKT01,LOT-0205,100000,41910000000
2025-03,WH-JKT01,LOT-0771,141000,35771700000
2025-03,WH-JKT01,LOT-0324,1946666.667,2.16859E+11
2025-03,WH-JKT01,LOT-0033,490666.6667,1.35571E+11
2025-03,WH-JKT01,LOT-0998,100000,26050000000
2025-03,WH-JKT01,LOT-0166,254000,12649200000
2025-03,WH-JKT01,LOT-0014,674000,31880200000
2025-03,WH-JKT01,LOT-0015,780000,37674000000
2025-03,WH-JKT01,LOT-0368,2184000,7.63526E+11
2025-03,WH-JKT01,LOT-0183,1737000,3.96905E+11
2025-03,WH-JKT01,LOT-0582,676000,3.04268E+11
2025-03,WH-JKT01,LOT-0853,2256000,5.19106E+11
2025-03,WH-JKT01,LOT-0975,589333.3333,2.31078E+11
2025-03,WH-JKT01,LOT-0260,49333.33333,8574133333
2025-03,WH-JKT01,LOT-0423,708000,1.01952E+11
2025-03,WH-JKT01,LOT-0294,1461333.333,2.73123E+11
2025-03,WH-JKT01,LOT-0555,653333.3333,82973333333
2025-03,WH-JKT01,LOT-0923,1056000,2.96947E+11
2025-03,WH-JKT01,LOT-0844,1848000,6.03002E+11
2025-03,WH-SBY01,LOT-0135,712000,1.7444E+11
2025-03,WH-SBY01,LOT-0386,2021333.333,5.63952E+11
2025-03,WH-SBY01,LOT-0938,266666.6667,1.4024E+11
2025-03,WH-SBY01,LOT-0179,2296000,1.20127E+12
2025-03,WH-SBY01,LOT-0165,68000,3291200000
2025-03,WH-SBY01,LOT-0801,936000,3.82356E+11
2025-03,WH-SBY01,LOT-0367,138666.6667,49753600000
2025-03,WH-SBY01,LOT-0591,632000,2.46038E+11
2025-03,WH-SBY01,LOT-0158,1212000,6.27574E+11
2025-03,WH-SBY01,LOT-0224,2117333.333,9.28027E+11
2025-03,WH-SBY01,LOT-0338,192000,19795200000
2025-03,WH-SBY01,LOT-0566,466000,1.90128E+11
2025-03,WH-SBY01,LOT-0230,130666.6667,66104266667
2025-03,WH-SBY01,LOT-0304,412000,89733600000
2025-03,WH-SBY01,LOT-1017,334000,1.7702E+11
2025-03,WH-SBY01,LOT-0309,1418666.667,3.61051E+11
2025-03,WH-SBY01,LOT-0419,1845333.333,9.76919E+11
2025-03,WH-SBY01,LOT-1067,160000,28768000000
2025-03,WH-SBY01,LOT-0047,1189333.333,2.78066E+11
2025-03,WH-SBY01,LOT-0601,520000,84656000000
2025-03,WH-SBY01,LOT-0854,181000,40308700000
2025-03,WH-SBY01,LOT-1109,932000,4.00201E+11
2025-03,WH-SBY01,LOT-0271,130666.6667,43525066667
2025-03,WH-SBY01,LOT-0971,309333.3333,1.33725E+11
2025-03,WH-SBY01,LOT-0711,434000,1.81152E+11
2025-03,WH-SBY01,LOT-0861,1824000,8.63117E+11
2025-03,WH-SBY01,LOT-0910,1005333.333,3.10648E+11
2025-03,WH-SBY01,LOT-0044,444000,1.11844E+11
2025-03,WH-SBY01,LOT-0598,868000,3.03279E+11
2025-03,WH-SBY01,LOT-0388,3253333.333,9.30453E+11
2025-03,WH-SBY01,LOT-0129,1248000,1.33536E+11
2025-03,WH-SBY01,LOT-0046,1488000,3.94469E+11
2025-03,WH-SBY01,LOT-0476,2184000,9.03521E+11
2025-03,WH-SBY01,LOT-1065,304000,57030400000
2025-03,WH-SBY01,LOT-0688,921000,2.53551E+11
2025-03,WH-SBY01,LOT-0844,133333.3333,39386666667
2025-03,WH-SBY01,LOT-1186,1328000,7.87371E+11
2025-03,WH-SBY01,LOT-0703,434000,1.91264E+11
2025-03,WH-SBY01,LOT-0669,1446000,2.86886E+11
2025-03,WH-SBY01,LOT-0996,782000,2.0113E+11
2025-03,WH-SBY01,LOT-1086,570666.6667,2.31405E+11
2025-03,WH-SBY01,LOT-1124,800000,3.6608E+11
2025-03,WH-SBY01,LOT-0912,1536000,2.20262E+11
2025-03,WH-SBY01,LOT-0623,1696000,6.69242E+11
2025-03,WH-SBY01,LOT-1162,320000,10944000000
2025-03,WH-SBY01,LOT-0628,510666.6667,1.86802E+11
2025-03,WH-SBY01,LOT-0352,72000,9000000000
2025-03,WH-SBY01,LOT-0533,373500,35743950000
2025-03,WH-SBY01,LOT-0465,1328000,4.38904E+11
2025-03,WH-SBY01,LOT-0992,1476000,3.21473E+11
2025-03,WH-SBY01,LOT-0762,345000,29083500000
2025-03,WH-SBY01,LOT-0097,436000,1.76493E+11
2025-03,WH-SBY01,LOT-0724,238000,70138600000
2025-03,WH-SBY01,LOT-0583,12666.66667,5412466667
2025-03,WH-SBY01,LOT-0934,584000,3.31829E+11
2025-03,WH-SBY01,LOT-0341,13000,5219500000
2025-03,WH-SBY01,LOT-0330,3040000,3.78784E+11
2025-03,WH-SBY01,LOT-1097,1764000,1.48705E+11
2025-03,WH-SBY01,LOT-0585,1096000,5.22902E+11
2025-03,WH-SBY01,LOT-0374,992000,3.90749E+11
2025-03,WH-SBY01,LOT-0360,176000,20187200000
2025-03,WH-SBY01,LOT-0315,4560000,1.62382E+12
2025-03,WH-SBY01,LOT-0331,730666.6667,76720000000
2025-03,WH-SBY01,LOT-0488,45333.33333,8808266667
2025-03,WH-SBY01,LOT-0240,241000,76372900000
2025-03,WH-SBY01,LOT-0085,98666.66667,10360000000
2025-03,WH-SBY01,LOT-0649,64000,17254400000
2025-03,WH-SBY01,LOT-1177,109500,15198600000
2025-03,WH-SBY01,LOT-0260,1496000,2.41754E+11
2025-03,WH-SBY01,LOT-0903,3285333.333,9.29749E+11
2025-03,WH-SBY01,LOT-0534,469333.3333,47402666667
2025-03,WH-SBY01,LOT-0758,1058666.667,3.68734E+11
2025-03,WH-SBY01,LOT-0378,3168000,1.03784E+12
2025-03,WH-SBY01,LOT-0421,1560000,2.09508E+11
2025-03,WH-SBY01,LOT-1152,170000,1.02935E+11
2025-03,WH-SBY01,LOT-0072,5680000,3.34438E+12
2025-03,WH-SBY01,LOT-0650,572000,1.68282E+11
2025-03,WH-SBY01,LOT-0705,714000,3.28012E+11
2025-03,WH-SBY01,LOT-0303,2965333.333,7.01894E+11
2025-03,WH-SBY01,LOT-0764,208000,14539200000
2025-03,WH-SBY01,LOT-0919,360000,54468000000
2025-03,WH-SBY01,LOT-1106,1518000,5.93083E+11
2025-03,WH-SBY01,LOT-0333,234666.6667,24311466667
2025-03,WH-SBY01,LOT-1093,1344000,1.15046E+11
2025-03,WH-SBY01,LOT-0618,50500,20583800000
2025-03,WH-SBY01,LOT-0249,582000,17576400000
2025-03,WH-SBY01,LOT-0052,365333.3333,62179733333
2025-03,WH-SBY01,LOT-0829,738000,65165400000
2025-03,WH-SBY01,LOT-1023,4704000,2.51946E+12
2025-03,WH-SBY01,LOT-0298,290666.6667,50372533333
2025-03,WH-SBY01,LOT-0939,117333.3333,61377066667
2025-03,WH-SBY01,LOT-0656,384000,38937600000
2025-03,WH-SBY01,LOT-0320,2666666.667,9.048E+11
2025-03,WH-SBY01,LOT-0009,716000,91791200000
2025-03,WH-SBY01,LOT-1119,462000,1.97089E+11
2025-03,WH-SBY01,LOT-1040,2480000,2.79248E+11
2025-03,WH-SBY01,LOT-0679,960000,4.848E+11
2025-03,WH-SBY01,LOT-0606,640000,1.04576E+11
2025-03,WH-SBY01,LOT-0594,130000,46280000000
2025-03,WH-SBY01,LOT-1175,1920000,2.39424E+11
2025-03,WH-SBY01,LOT-0302,80666.66667,18012866667
2025-03,WH-SBY01,LOT-1158,672000,3.47894E+11
2025-03,WH-SBY01,LOT-0906,120000,33204000000
2025-03,WH-BDG01,LOT-0160,2816000,1.40941E+12
2025-03,WH-BDG01,LOT-0039,14666.66667,4234266667
2025-03,WH-BDG01,LOT-0992,1365333.333,3.34643E+11
2025-03,WH-BDG01,LOT-0884,276000,1.27843E+11
2025-03,WH-BDG01,LOT-0088,4104000,4.60879E+11
2025-03,WH-BDG01,LOT-0403,132000,57406800000
2025-03,WH-BDG01,LOT-0221,140000,67018000000
2025-03,WH-BDG01,LOT-0068,76000,9788800000
2025-03,WH-BDG01,LOT-1052,364000,43024800000
2025-03,WH-BDG01,LOT-0122,159000,17505900000
2025-03,WH-BDG01,LOT-0961,309000,1.45755E+11
2025-03,WH-BDG01,LOT-0244,844000,22872400000
2025-03,WH-BDG01,LOT-0519,666000,1.70962E+11
2025-03,WH-BDG01,LOT-0089,294000,33604200000
2025-03,WH-BDG01,LOT-0136,1058666.667,2.53762E+11
2025-03,WH-BDG01,LOT-0618,432000,1.74744E+11
2025-03,WH-BDG01,LOT-0022,334000,1.06145E+11
2025-03,WH-BDG01,LOT-0198,1496000,8.24296E+11
2025-03,WH-BDG01,LOT-0254,1408500,2.75362E+11
2025-03,WH-BDG01,LOT-0421,674666.6667,97624266667
2025-03,WH-BDG01,LOT-0410,106666.6667,52992000000
2025-03,WH-BDG01,LOT-0379,80000,26376000000
2025-03,WH-BDG01,LOT-0720,510000,1.99971E+11
2025-03,WH-BDG01,LOT-0060,1738666.667,3.01485E+11
2025-03,WH-BDG01,LOT-0186,26666.66667,5288000000
2025-03,WH-BDG01,LOT-0299,64000,11968000000
2025-03,WH-BDG01,LOT-0569,4160000,1.69728E+12
2025-03,WH-BDG01,LOT-1188,256000,1.36141E+11
2025-03,WH-BDG01,LOT-0713,234666.6667,88727466667
2025-03,WH-BDG01,LOT-0722,160000,46928000000
2025-03,WH-BDG01,LOT-0329,216000,27928800000
2025-03,WH-BDG01,LOT-1026,1829333.333,9.69913E+11
2025-03,WH-BDG01,LOT-0496,794000,72333400000
2025-03,WH-BDG01,LOT-1035,324000,34052400000
2025-03,WH-BDG01,LOT-1168,914666.6667,31281600000
2025-03,WH-BDG01,LOT-0140,789000,1.76578E+11
2025-03,WH-BDG01,LOT-0203,1440000,6.61536E+11
2025-03,WH-BDG01,LOT-1185,749333.3333,4.12658E+11
2025-03,WH-BDG01,LOT-0029,3168000,8.30016E+11
2025-03,WH-BDG01,LOT-1084,1200000,5.6268E+11
2025-03,WH-BDG01,LOT-0445,173333.3333,16865333333
2025-03,WH-BDG01,LOT-0393,498000,35059200000
2025-03,WH-BDG01,LOT-0578,462000,1.34488E+11
2025-03,WH-BDG01,LOT-0352,168000,18446400000
2025-03,WH-BDG01,LOT-1101,513000,2.19667E+11
2025-03,WH-BDG01,LOT-0009,640000,91328000000
2025-03,WH-BDG01,LOT-0439,178000,69544600000
2025-03,WH-BDG01,LOT-1033,36500,3931050000
2025-03,WH-BDG01,LOT-0973,1836000,7.53311E+11
2025-03,WH-BDG01,LOT-0751,162666.6667,55973600000
2025-03,WH-BDG01,LOT-0380,1365333.333,5.05446E+11
2025-03,WH-BDG01,LOT-0901,946666.6667,2.6838E+11
2025-03,WH-BDG01,LOT-0220,163333.3333,38595666667
2025-03,WH-BDG01,LOT-0371,340000,1.21958E+11
2025-03,WH-BDG01,LOT-0727,136666.6667,37132333333
2025-03,WH-BDG01,LOT-0778,614000,1.66026E+11
2025-03,WH-BDG01,LOT-0869,640000,3.37984E+11
2025-03,WH-BDG01,LOT-1054,2382000,3.41102E+11
2025-03,WH-BDG01,LOT-0467,676000,1.89415E+11
2025-03,WH-BDG01,LOT-0835,307000,63549000000
2025-03,WH-BDG01,LOT-0232,1536000,4.36531E+11
2025-03,WH-BDG01,LOT-0644,256000,73753600000
2025-03,WH-BDG01,LOT-0955,396000,1.19711E+11
2025-03,WH-BDG01,LOT-0226,1432000,6.41822E+11
2025-03,WH-BDG01,LOT-1065,448000,74502400000
2025-03,WH-BDG01,LOT-0279,498666.6667,1.73436E+11
2025-03,WH-BDG01,LOT-1016,33000,17697900000
2025-03,WH-BDG01,LOT-0740,524000,2.79659E+11
2025-03,WH-BDG01,LOT-0591,437333.3333,1.68592E+11
2025-03,WH-BDG01,LOT-1142,238000,57929200000
2025-03,WH-BDG01,LOT-0084,858666.6667,85437333333
2025-03,WH-BDG01,LOT-0169,182000,8080800000
2025-03,WH-BDG01,LOT-0672,114000,55814400000
2025-03,WH-BDG01,LOT-1012,909333.3333,5.07772E+11
2025-03,WH-BDG01,LOT-0237,3146666.667,9.26693E+11
2025-03,WH-BDG01,LOT-0789,1173333.333,60426666667
2025-03,WH-BDG01,LOT-0581,120333.3333,55545866667
2025-03,WH-BDG01,LOT-0936,64000,40140800000
2025-03,WH-BDG01,LOT-0639,3168000,7.29907E+11
2025-03,WH-BDG01,LOT-0910,170000,48535000000
2025-03,WH-BDG01,LOT-0463,765000,2.16342E+11
2025-03,WH-BDG01,LOT-1135,933333.3333,4.70773E+11
2025-03,WH-BDG01,LOT-0596,345333.3333,1.3064E+11
2025-03,WH-BDG01,LOT-0877,1056000,4.46582E+11
2025-03,WH-BDG01,LOT-0387,960000,2.7552E+11
2025-03,WH-BDG01,LOT-0143,382000,1.04859E+11
2025-03,WH-BDG01,LOT-0975,576000,2.36794E+11
2025-03,WH-SMG01,LOT-1098,1096000,99407200000
2025-03,WH-SMG01,LOT-0439,49000,19820500000
2025-03,WH-SMG01,LOT-0589,760000,3.63812E+11
2025-03,WH-SMG01,LOT-0544,52000,14258400000
2025-03,WH-SMG01,LOT-0098,4048000,1.86168E+12
2025-03,WH-SMG01,LOT-0609,16500,3220800000
2025-03,WH-SMG01,LOT-1175,70500,9136800000
2025-03,WH-SMG01,LOT-0824,104666.6667,9859600000
2025-03,WH-SMG01,LOT-0463,1278000,4.27491E+11
2025-03,WH-SMG01,LOT-0189,1856000,4.15373E+11
2025-03,WH-SMG01,LOT-1185,68000,36278000000
2025-03,WH-SMG01,LOT-0195,375000,2.22675E+11
2025-03,WH-SMG01,LOT-0690,750000,1.79925E+11
2025-03,WH-SMG01,LOT-0560,762000,92659200000
2025-03,WH-SMG01,LOT-0138,1408000,3.33274E+11
2025-03,WH-SMG01,LOT-1161,805333.3333,30119466667
2025-03,WH-SMG01,LOT-1088,1456000,5.99144E+11
2025-03,WH-SMG01,LOT-0974,68000,26431600000
2025-03,WH-SMG01,LOT-0875,402000,1.73664E+11
2025-03,WH-SMG01,LOT-0430,330000,45936000000
2025-03,WH-SMG01,LOT-0712,101333.3333,41739200000
2025-03,WH-SMG01,LOT-0158,3104000,1.6802E+12
2025-03,WH-SMG01,LOT-0619,1178666.667,4.25499E+11
2025-03,WH-SMG01,LOT-1034,118000,12319200000
2025-03,WH-SMG01,LOT-0615,217500,82410750000
2025-03,WH-SMG01,LOT-0887,270000,1.36404E+11
2025-03,WH-SMG01,LOT-1106,44000,17476800000
2025-03,WH-SMG01,LOT-0642,522666.6667,1.54187E+11
2025-03,WH-SMG01,LOT-0410,62000,28030200000
2025-03,WH-SMG01,LOT-0849,221000,72465900000
2025-03,WH-SMG01,LOT-0515,262000,70478000000
2025-03,WH-SMG01,LOT-1056,210666.6667,26628266667
2025-03,WH-SMG01,LOT-0929,2968000,7.59214E+11
2025-03,WH-SMG01,LOT-1122,324000,1.39482E+11
2025-03,WH-SMG01,LOT-0370,420000,1.41078E+11
2025-03,WH-SMG01,LOT-0039,2298000,6.2092E+11
2025-03,WH-SMG01,LOT-1058,42666.66667,5777066667
2025-03,WH-SMG01,LOT-0383,348000,92185200000
2025-03,WH-SMG01,LOT-1182,2296000,1.2217E+12
2025-03,WH-SMG01,LOT-1023,1328000,7.33189E+11
2025-03,WH-SMG01,LOT-0437,1013333.333,4.30261E+11
2025-03,WH-SMG01,LOT-0958,1420000,3.65082E+11
2025-03,WH-SMG01,LOT-0549,1008000,2.7085E+11
2025-03,WH-SMG01,LOT-1092,609000,46649400000
2025-03,WH-SMG01,LOT-0889,618000,3.16107E+11
2025-03,WH-SMG01,LOT-1160,720000,3.87288E+11
2025-03,WH-SMG01,LOT-0123,392000,42218400000
2025-03,WH-SMG01,LOT-1070,597333.3333,1.10507E+11
2025-03,WH-SMG01,LOT-0411,348000,2.06364E+11
2025-03,WH-SMG01,LOT-0747,218666.6667,49724800000
2025-03,WH-SMG01,LOT-0948,2117333.333,1.19375E+12
2025-03,WH-SMG01,LOT-0303,234666.6667,52025600000
2025-03,WH-SMG01,LOT-0493,276000,26882400000
2025-03,WH-SMG01,LOT-0309,256000,59212800000
2025-03,WH-SMG01,LOT-0892,864000,1.52928E+11
2025-03,WH-SMG01,LOT-0841,233333.3333,80430000000
2025-03,WH-SMG01,LOT-0653,448000,44576000000
2025-03,WH-SMG01,LOT-0132,965333.3333,2.15945E+11
2025-03,WH-SMG01,LOT-0417,57000,30113100000
2025-03,WH-SMG01,LOT-0845,1252000,4.32691E+11
2025-03,WH-SMG01,LOT-0547,3420000,8.97408E+11
2025-03,WH-SMG01,LOT-0588,474000,2.29226E+11
2025-03,WH-SMG01,LOT-0329,526666.6667,58460000000
2025-03,WH-SMG01,LOT-0526,1332000,3.79087E+11
2025-03,WH-SMG01,LOT-0484,1856000,4.13517E+11
2025-03,WH-SMG01,LOT-0832,444000,91020000000
2025-03,WH-SMG01,LOT-0489,285333.3333,61517866667
2025-03,WH-SMG01,LOT-0233,220000,65604000000
2025-03,WH-SMG01,LOT-0308,366000,79056000000
2025-03,WH-SMG01,LOT-0394,538000,36853000000
2025-03,WH-SMG01,LOT-0057,2122666.667,3.60217E+11
2025-03,WH-SMG01,LOT-0503,526666.6667,32758666667
2025-03,WH-SMG01,LOT-0636,1648000,3.88763E+11
2025-03,WH-SMG01,LOT-0951,1344000,3.71482E+11
2025-03,WH-SMG01,LOT-0995,2286000,4.99034E+11
2025-03,WH-SMG01,LOT-1147,372000,1.03602E+11
2025-03,WH-SMG01,LOT-0894,917333.3333,1.58423E+11
2025-03,WH-SMG01,LOT-0865,282666.6667,1.31327E+11
2025-03,WH-SMG01,LOT-0076,772000,3.9897E+11
2025-03,WH-SMG01,LOT-0414,264000,1.5745E+11
2025-03,WH-SMG01,LOT-0327,1584000,1.82794E+11
2025-03,WH-SMG01,LOT-0559,64000,8473600000
2025-03,WH-SMG01,LOT-0280,448000,1.6249E+11
2025-03,WH-SMG01,LOT-0060,81333.33333,14005600000
2025-03,WH-BKS01,LOT-0407,130666.6667,55441866667
2025-03,WH-BKS01,LOT-0537,828000,77500800000
2025-03,WH-BKS01,LOT-0346,650666.6667,2.52459E+11
2025-03,WH-BKS01,LOT-0102,86000,4205400000
2025-03,WH-BKS01,LOT-0822,374000,36053600000
2025-03,WH-BKS01,LOT-0879,389333.3333,1.58537E+11
2025-03,WH-BKS01,LOT-0533,1370666.667,1.26787E+11
2025-03,WH-BKS01,LOT-0306,2238000,5.61067E+11
2025-03,WH-BKS01,LOT-0183,544000,1.14077E+11
2025-03,WH-BKS01,LOT-0754,436000,1.59314E+11
2025-03,WH-BKS01,LOT-0349,1552000,6.53392E+11
2025-03,WH-BKS01,LOT-1162,3104000,1.06467E+11
2025-03,WH-BKS01,LOT-0241,288000,8582400000
2025-03,WH-BKS01,LOT-0029,7338666.667,2.17151E+12
2025-03,WH-BKS01,LOT-1077,808000,1.59418E+11
2025-03,WH-BKS01,LOT-0892,37333.33333,6096533333
2025-03,WH-BKS01,LOT-0930,594000,1.45827E+11
2025-03,WH-BKS01,LOT-1013,58666.66667,28805333333
2025-03,WH-BKS01,LOT-0243,346666.6667,10573333333
2025-03,WH-BKS01,LOT-0460,1845333.333,9.31155E+11
2025-03,WH-BKS01,LOT-0417,1412000,8.48047E+11
2025-03,WH-BKS01,LOT-0391,268000,17178800000
2025-03,WH-BKS01,LOT-0546,1228000,3.34507E+11
2025-03,WH-BKS01,LOT-0590,236000,1.1741E+11
2025-03,WH-BKS01,LOT-0783,332000,16201600000
2025-03,WH-BKS01,LOT-0267,640000,2.97216E+11
2025-03,WH-BKS01,LOT-0884,342000,1.59817E+11
2025-03,WH-BKS01,LOT-0424,1304000,2.06293E+11
2025-03,WH-BKS01,LOT-0442,618000,63715800000
2025-03,WH-BKS01,LOT-0580,922666.6667,2.97652E+11
2025-03,WH-BKS01,LOT-0388,906666.6667,2.60667E+11
2025-03,WH-BKS01,LOT-0857,157333.3333,34833600000
2025-03,WH-BKS01,LOT-0370,126333.3333,51998800000
2025-03,WH-BKS01,LOT-0837,1776000,3.74914E+11
2025-03,WH-BKS01,LOT-0299,58000,10782200000
2025-03,WH-BKS01,LOT-0059,223500,34128450000
2025-03,WH-BKS01,LOT-0595,198000,78705000000
2025-03,WH-BKS01,LOT-0483,1710000,3.93129E+11
2025-03,WH-BKS01,LOT-0924,400000,96240000000
2025-03,WH-BKS01,LOT-0509,180000,11322000000
2025-03,WH-BKS01,LOT-0758,1596000,5.82859E+11
2025-03,WH-BKS01,LOT-1194,400000,1.018E+11
2025-03,WH-BKS01,LOT-0939,111000,58685700000
2025-03,WH-BKS01,LOT-0176,844000,4.58545E+11
2025-03,WH-BKS01,LOT-0022,4160000,1.32496E+12
2025-03,WH-BKS01,LOT-0961,221333.3333,89573600000
2025-03,WH-BKS01,LOT-0273,1365333.333,5.14458E+11
2025-03,WH-BKS01,LOT-0663,571500,1.15614E+11
2025-03,WH-BKS01,LOT-0815,81500,25118300000
2025-03,WH-BKS01,LOT-0435,1669333.333,6.02629E+11
2025-03,WH-BKS01,LOT-0786,2070000,1.02465E+11
2025-03,WH-BKS01,LOT-0867,514666.6667,2.62789E+11
2025-03,WH-BKS01,LOT-0525,1020000,3.07428E+11
2025-03,WH-BKS01,LOT-0150,1624000,4.03726E+11
2025-03,WH-BKS01,LOT-0196,1562666.667,8.83688E+11
2025-03,WH-BKS01,LOT-1141,153000,43207200000
2025-03,WH-BKS01,LOT-0121,1158000,1.35139E+11
2025-03,WH-BKS01,LOT-0107,908000,50484800000
2025-03,WH-BKS01,LOT-0682,208000,49088000000
2025-03,WH-BKS01,LOT-0481,358000,82662200000
2025-03,WH-BKS01,LOT-0965,936000,3.87785E+11
2025-03,WH-BKS01,LOT-0726,5696000,1.70196E+12
2025-03,WH-BKS01,LOT-0094,86000,37547600000
2025-03,WH-BKS01,LOT-0011,336000,16027200000
2025-03,WH-BKS01,LOT-0520,612000,1.49022E+11
2025-03,WH-BKS01,LOT-1034,60000,7302000000
2025-03,WH-BKS01,LOT-0781,332000,17230800000
2025-03,WH-BKS01,LOT-0620,140000,55818000000
2025-03,WH-BKS01,LOT-0809,842666.6667,3.73301E+11
2025-03,WH-BKS01,LOT-0760,544000,1.81696E+11
2025-03,WH-BKS01,LOT-0271,789333.3333,2.5306E+11
2025-03,WH-BKS01,LOT-1146,234666.6667,68381866667
2025-03,WH-BKS01,LOT-0085,534000,53079600000
2025-03,WH-BKS01,LOT-1189,1776000,9.50693E+11
2025-03,WH-BKS01,LOT-0368,80666.66667,31056666667
2025-03,WH-BKS01,LOT-0534,1184000,1.27043E+11
2025-03,WH-BKS01,LOT-0348,1116000,4.16268E+11
2025-03,WH-BKS01,LOT-1032,122666.6667,14523733333
2025-03,WH-BKS01,LOT-1010,34666.66667,5023200000
2025-03,WH-BKS01,LOT-0695,343000,62083000000
2025-03,WH-BKS01,LOT-0959,196000,58702000000
2025-03,WH-BKS01,LOT-0184,112000,22131200000
2025-03,WH-BKS01,LOT-0650,4380000,1.18698E+12
2025-03,WH-BKS01,LOT-1087,3660000,1.66384E+12
2025-03,WH-BKS01,LOT-0887,784000,3.81102E+11
2025-03,WH-BKS01,LOT-0291,648000,1.20593E+11
2025-03,WH-BKS01,LOT-0240,716000,2.30838E+11
2025-03,WH-BKS01,LOT-0642,533333.3333,1.41813E+11
2025-03,WH-BKS01,LOT-0091,240000,1.09608E+11
2025-03,WH-BKS01,LOT-0262,1674666.667,6.90298E+11
2025-03,WH-BKS01,LOT-1023,465333.3333,2.14891E+11
2025-03,WH-BKS01,LOT-0576,1112000,2.93346E+11
2025-03,WH-BKS01,LOT-0739,621000,3.22672E+11
2025-03,WH-BKS01,LOT-0881,368000,1.7837E+11
2025-03,WH-BKS01,LOT-0540,320000,33536000000
2025-03,WH-BKS01,LOT-0541,1818666.667,4.99042E+11
2025-03,WH-BKS01,LOT-1059,1878000,2.55971E+11
2025-03,WH-BKS01,LOT-0893,160000,26640000000
2025-03,WH-BKS01,LOT-0338,1280000,1.40416E+11
2025-03,WH-BKS01,LOT-0647,349000,1.08434E+11
2025-03,WH-BKS01,LOT-1007,233333.3333,35980000000
2025-03,WH-BKS01,LOT-0310,848000,1.802E+11
2025-03,WH-BKS01,LOT-1139,888000,4.28638E+11
2025-03,WH-BKS01,LOT-0902,165333.3333,49583466667
2025-03,WH-BKS01,LOT-0109,4332000,2.57754E+11
2025-03,WH-BKS01,LOT-0387,144000,37886400000
2025-03,WH-BKS01,LOT-0305,449333.3333,96786400000
2025-03,WH-BKS01,LOT-0112,682666.6667,35157333333
2025-03,WH-BKS01,LOT-0471,3466666.667,1.3988E+12
2025-03,WH-TNG01,LOT-0391,956000,68736400000
2025-03,WH-TNG01,LOT-0177,391000,2.04258E+11
2025-03,WH-TNG01,LOT-0617,236000,95957600000
2025-03,WH-TNG01,LOT-0950,1902000,1.10259E+12
2025-03,WH-TNG01,LOT-0304,912000,2.26723E+11
2025-03,WH-TNG01,LOT-0971,52000,21424000000
2025-03,WH-TNG01,LOT-0865,240000,1.25544E+11
2025-03,WH-TNG01,LOT-0045,660000,1.72326E+11
2025-03,WH-TNG01,LOT-0239,765000,2.35391E+11
2025-03,WH-TNG01,LOT-0341,1957333.333,7.60424E+11
2025-03,WH-TNG01,LOT-0313,352000,1.23341E+11
2025-03,WH-TNG01,LOT-0912,330000,48543000000
2025-03,WH-TNG01,LOT-0994,382000,87210600000
2025-03,WH-TNG01,LOT-0966,300000,1.2147E+11
2025-03,WH-TNG01,LOT-0041,648000,1.5377E+11
2025-03,WH-TNG01,LOT-0921,3472000,9.65563E+11
2025-03,WH-TNG01,LOT-1199,170666.6667,45721600000
2025-03,WH-TNG01,LOT-0497,988000,87141600000
2025-03,WH-TNG01,LOT-0413,2104000,1.06799E+12
2025-03,WH-TNG01,LOT-0604,376000,66401600000
2025-03,WH-TNG01,LOT-1167,782000,26275200000
2025-03,WH-TNG01,LOT-0803,2616000,1.1186E+12
2025-03,WH-TNG01,LOT-0105,1312000,74784000000
2025-03,WH-TNG01,LOT-0684,828000,2.12713E+11
2025-03,WH-TNG01,LOT-0017,726000,31871400000
2025-03,WH-TNG01,LOT-0211,1194666.667,2.78596E+11
2025-03,WH-TNG01,LOT-0885,642000,3.26521E+11
2025-03,WH-TNG01,LOT-0852,1434666.667,3.50346E+11
2025-03,WH-TNG01,LOT-1016,506666.6667,2.87381E+11
2025-03,WH-TNG01,LOT-1186,616000,3.10834E+11
2025-03,WH-TNG01,LOT-1136,13333.33333,7497333333
2025-03,WH-TNG01,LOT-0596,807000,3.33614E+11
2025-03,WH-TNG01,LOT-0076,64000,34240000000
2025-03,WH-TNG01,LOT-0999,840000,2.18904E+11
2025-03,WH-TNG01,LOT-0819,949333.3333,2.65908E+11
2025-03,WH-TNG01,LOT-0996,1098666.667,2.74117E+11
2025-03,WH-TNG01,LOT-1052,514500,72904650000
2025-03,WH-TNG01,LOT-1000,738000,1.89371E+11
2025-03,WH-TNG01,LOT-0475,45333.33333,18722666667
2025-03,WH-TNG01,LOT-0125,2960000,3.58752E+11
2025-03,WH-TNG01,LOT-1082,3252000,1.5525E+12
2025-03,WH-TNG01,LOT-0039,146000,37361400000
2025-03,WH-TNG01,LOT-1181,941333.3333,5.35054E+11
2025-03,WH-TNG01,LOT-0647,426666.6667,1.26421E+11
2025-03,WH-TNG01,LOT-1134,330000,1.9272E+11
2025-03,WH-TNG01,LOT-0131,108000,27194400000
2025-03,WH-TNG01,LOT-0549,2933333.333,7.50053E+11
2025-03,WH-TNG01,LOT-0855,853333.3333,2.04459E+11
2025-03,WH-TNG01,LOT-0970,466000,2.11191E+11
2025-03,WH-TNG01,LOT-0240,1132000,3.40958E+11
2025-03,WH-TNG01,LOT-1014,6848000,3.66573E+12
2025-03,WH-TNG01,LOT-0711,724000,2.7483E+11
2025-03,WH-TNG01,LOT-0919,898666.6667,1.39743E+11
2025-03,WH-TNG01,LOT-0894,282666.6667,49608000000
2025-03,WH-TNG01,LOT-0043,192000,41644800000
2025-03,WH-TNG01,LOT-0331,234666.6667,25907200000
2025-03,WH-TNG01,LOT-0590,1492000,7.28096E+11
2025-03,WH-TNG01,LOT-0394,368000,24214400000
2025-03,WH-TNG01,LOT-0962,562000,2.35928E+11
2025-03,WH-TNG01,LOT-0705,312000,1.47982E+11
2025-03,WH-TNG01,LOT-0898,328000,53529600000
2025-03,WH-TNG01,LOT-0476,4704000,1.81574E+12
2025-03,WH-TNG01,LOT-1040,96000,9696000000
2025-03,WH-TNG01,LOT-0450,562000,57155400000
2025-03,WH-TNG01,LOT-0695,170666.6667,33314133333
2025-03,WH-TNG01,LOT-0960,640000,1.87264E+11
2025-03,WH-TNG01,LOT-0269,1183500,4.71625E+11
2025-03,WH-TNG01,LOT-0601,560000,1.0892E+11
2025-03,WH-TNG01,LOT-0800,1461333.333,4.95977E+11
2025-03,WH-TNG01,LOT-0854,744000,1.57505E+11
2025-03,WH-TNG01,LOT-0738,4704000,2.74337E+12
2025-03,WH-TNG01,LOT-0968,136000,59173600000
2025-03,WH-TNG01,LOT-0332,3576000,4.24471E+11
2025-03,WH-TNG01,LOT-0425,237000,33061500000
2025-03,WH-TNG01,LOT-0579,666666.6667,2.08267E+11
2025-03,WH-TNG01,LOT-0989,1208000,4.59523E+11
2025-03,WH-TNG01,LOT-0265,1467000,6.59123E+11
2025-03,WH-TNG01,LOT-0355,309000,34360800000
2025-03,WH-TNG01,LOT-0409,632000,2.83705E+11
2025-03,WH-TNG01,LOT-0321,2968000,3.69219E+11
2025-03,WH-TNG01,LOT-1008,202666.6667,33399466667
2025-03,WH-TNG01,LOT-0207,2168000,9.81887E+11
2025-03,WH-TNG01,LOT-1012,232000,1.15977E+11
2025-03,WH-TNG01,LOT-0622,202000,69629400000
2025-03,WH-TNG01,LOT-0481,1512000,3.14345E+11
2025-03,WH-TNG01,LOT-0429,106666.6667,16085333333
2025-03,WH-TNG01,LOT-1141,143333.3333,35016333333
2025-03,WH-TNG01,LOT-0097,24000,10255200000
2025-03,WH-TNG01,LOT-0038,47333.33333,12301933333
2025-03,WH-TNG01,LOT-0735,1242666.667,6.39973E+11
2025-03,WH-TNG01,LOT-0535,468000,47408400000
2025-03,WH-TNG01,LOT-0732,612000,3.50248E+11
2025-03,WH-TNG01,LOT-0325,621000,82034100000
2025-03,WH-TNG01,LOT-0358,1824000,2.14867E+11
2025-03,WH-TNG01,LOT-1032,589333.3333,72959466667
2025-03,WH-TNG01,LOT-0066,238000,31820600000
2025-03,WH-TNG01,LOT-0692,1360000,2.60168E+11
2025-03,WH-TNG01,LOT-0882,4650666.667,2.33138E+12
2025-03,WH-TNG01,LOT-0234,117000,34386300000
2025-03,WH-TNG01,LOT-0465,3036000,9.7911E+11
2025-03,WH-TNG01,LOT-0248,378666.6667,12268800000
2025-03,WH-TNG01,LOT-1151,1068000,6.45499E+11
2025-03,WH-TNG01,LOT-0459,390000,2.27526E+11
2025-03,WH-TNG01,LOT-0997,2142000,5.03798E+11
2025-03,WH-TNG01,LOT-0529,516000,1.45976E+11
2025-03,WH-TNG01,LOT-0697,1164000,2.06494E+11
2025-03,WH-TNG01,LOT-0728,390000,1.13919E+11
2025-03,WH-TNG01,LOT-0096,856000,3.41116E+11
2025-03,WH-TNG01,LOT-0548,129333.3333,32798933333
2025-03,WH-TNG01,LOT-0310,100000,23390000000
2025-03,WH-TNG01,LOT-1056,195000,24687000000
2025-03,WH-TNG01,LOT-0214,588000,1.33888E+11
2025-03,WH-TNG01,LOT-0104,1138500,55558800000
2025-03,WH-TNG01,LOT-0897,832000,1.24966E+11
2025-03,WH-BPR01,LOT-0864,2272000,1.04989E+12
2025-03,WH-BPR01,LOT-0100,1936000,8.49904E+11
2025-03,WH-BPR01,LOT-0625,76000,27922400000
2025-03,WH-BPR01,LOT-0581,3408000,1.62766E+12
2025-03,WH-BPR01,LOT-0442,42000,3985800000
2025-03,WH-BPR01,LOT-0375,610000,2.26554E+11
2025-03,WH-BPR01,LOT-1002,349333.3333,58129066667
2025-03,WH-BPR01,LOT-0005,3605333.333,5.04747E+11
2025-03,WH-BPR01,LOT-0251,960000,1.73952E+11
2025-03,WH-BPR01,LOT-1122,349500,1.52697E+11
2025-03,WH-BPR01,LOT-0715,880000,3.45312E+11
2025-03,WH-BPR01,LOT-0139,25666.66667,5885366667
2025-03,WH-BPR01,LOT-0092,364000,1.67404E+11
2025-03,WH-BPR01,LOT-0856,2240000,5.64032E+11
2025-03,WH-BPR01,LOT-0986,385333.3333,1.43113E+11
2025-03,WH-BPR01,LOT-1174,7500,1078500000
2025-03,WH-BPR01,LOT-0635,644000,1.39748E+11
2025-03,WH-BPR01,LOT-1159,60000,30144000000
2025-03,WH-BPR01,LOT-0927,4016000,1.00641E+12
2025-03,WH-BPR01,LOT-0692,532000,1.03953E+11
2025-03,WH-BPR01,LOT-0773,796000,2.16432E+11
2025-03,WH-BPR01,LOT-0974,1312000,5.07088E+11
2025-03,WH-BPR01,LOT-0272,1064000,3.59632E+11
2025-03,WH-BPR01,LOT-0284,348000,1.07288E+11
2025-03,WH-BPR01,LOT-1034,781333.3333,79696000000
2025-03,WH-BPR01,LOT-0944,66666.66667,35673333333
2025-03,WH-BPR01,LOT-0922,536000,1.50884E+11
2025-03,WH-BPR01,LOT-0920,1128000,1.81044E+11
2025-03,WH-BPR01,LOT-0306,1776000,4.46309E+11
2025-03,WH-BPR01,LOT-0667,298666.6667,58060800000
2025-03,WH-BPR01,LOT-0183,445333.3333,1.04253E+11
2025-03,WH-BPR01,LOT-0839,720000,1.6956E+11
2025-03,WH-BPR01,LOT-0794,780000,2.69178E+11
2025-03,WH-BPR01,LOT-0477,288000,1.02298E+11
2025-03,WH-BPR01,LOT-0810,901333.3333,3.60083E+11
2025-03,WH-BPR01,LOT-0695,1920000,3.84E+11
2025-03,WH-BPR01,LOT-1108,2076000,7.4217E+11
2025-03,WH-BPR01,LOT-0094,359000,1.43851E+11
2025-03,WH-BPR01,LOT-0908,24000,6902400000
2025-03,WH-BPR01,LOT-0569,14000,5971000000
2025-03,WH-BPR01,LOT-0182,930666.6667,1.87715E+11
2025-03,WH-BPR01,LOT-0340,3468000,4.2483E+11
2025-03,WH-BPR01,LOT-0051,4380000,6.93354E+11
2025-03,WH-BPR01,LOT-1172,1236000,1.68096E+11
2025-03,WH-BPR01,LOT-0633,674000,1.57918E+11
2025-03,WH-BPR01,LOT-1150,560000,1.35184E+11
2025-03,WH-BPR01,LOT-0254,696000,1.22844E+11
2025-03,WH-BPR01,LOT-1146,181333.3333,47074133333
2025-03,WH-BPR01,LOT-0175,197000,1.19835E+11
2025-03,WH-BPR01,LOT-0395,752000,48128000000
2025-03,WH-BPR01,LOT-1110,796000,3.37663E+11
2025-03,WH-BPR01,LOT-1182,6000,3013200000
2025-03,WH-BPR01,LOT-0109,517333.3333,30574400000
2025-03,WH-BPR01,LOT-1168,696000,21367200000
2025-03,WH-BPR01,LOT-1069,3080000,4.76168E+11
2025-03,WH-BPR01,LOT-0388,1184000,3.44426E+11
2025-03,WH-BPR01,LOT-0975,1472000,5.87328E+11
2025-03,WH-BPR01,LOT-1030,102000,54774000000
2025-03,WH-BPR01,LOT-0039,866666.6667,2.17013E+11
2025-03,WH-BPR01,LOT-0247,992000,27478400000
2025-03,WH-BPR01,LOT-1090,1028000,4.90253E+11
2025-03,WH-BPR01,LOT-0369,15333.33333,5446400000
2025-03,WH-BPR01,LOT-0564,547500,2.24694E+11
2025-03,WH-BPR01,LOT-0422,149333.3333,19323733333
2025-03,WH-BPR01,LOT-0503,496500,32769000000
2025-03,WH-BPR01,LOT-1187,882000,4.87922E+11
2025-03,WH-BPR01,LOT-0910,171333.3333,44837933333
2025-03,WH-BPR01,LOT-0174,208000,1.22346E+11
2025-03,WH-BPR01,LOT-1093,4704000,4.16774E+11
2025-03,WH-BPR01,LOT-0657,1252000,1.18189E+11
2025-03,WH-BPR01,LOT-0823,304000,27056000000
2025-03,WH-BPR01,LOT-0093,2316000,9.1343E+11
2025-03,WH-BPR01,LOT-1007,205500,35366550000
2025-03,WH-BPR01,LOT-0048,322666.6667,83764266667
2025-03,WH-BPR01,LOT-0697,3024000,5.84237E+11
2025-03,WH-BPR01,LOT-0896,206000,35905800000
2025-03,WH-BPR01,LOT-0370,64000,26304000000
2025-03,WH-BPR01,LOT-0850,1436000,4.91112E+11
2025-03,WH-BPR01,LOT-0050,1701333.333,3.87564E+11
2025-03,WH-BPR01,LOT-1082,388000,1.8205E+11
2025-03,WH-BPR01,LOT-0650,4000,1236800000
2025-03,WH-BPR01,LOT-0783,1332000,74725200000
2025-03,WH-BPR01,LOT-0527,449333.3333,1.24106E+11
2025-03,WH-BPR01,LOT-0187,226666.6667,48393333333
2025-03,WH-BPR01,LOT-0235,852000,2.38219E+11
2025-03,WH-BPR01,LOT-0204,3765333.333,1.63039E+12
2025-03,WH-BPR01,LOT-0345,3096000,1.18205E+12
2025-03,WH-BPR01,LOT-0585,8384000,3.52044E+12
2025-03,WH-BPR01,LOT-0295,1994666.667,3.28522E+11
2025-03,WH-BPR01,LOT-0524,3136000,1.04052E+12
2025-03,WH-BPR01,LOT-0184,2954666.667,6.33185E+11
2025-03,WH-BPR01,LOT-0316,7000,2398200000
2025-03,WH-BPR01,LOT-0629,234666.6667,78871466667
2025-03,WH-BPR01,LOT-0835,198000,48272400000
2025-03,WH-BPR01,LOT-0347,4074666.667,1.51007E+12
2025-03,WH-BPR01,LOT-0121,1074000,1.20503E+11
2025-03,WH-BPR01,LOT-0372,86000,33505600000
2025-03,WH-BPR01,LOT-0056,70000,10318000000
2025-03,WH-BPR01,LOT-0120,656000,31094400000
2025-03,WH-BPR01,LOT-0611,1300000,4.5656E+11
2025-03,WH-BPR01,LOT-0799,83333.33333,27158333333
2025-03,WH-BPR01,LOT-0203,45333.33333,19933066667
2025-03,WH-BPR01,LOT-0656,325000,33020000000
2025-03,WH-BPR01,LOT-0292,1064000,1.76092E+11
2025-03,WH-BPR01,LOT-0846,658666.6667,2.05175E+11
2025-03,WH-BPR01,LOT-0664,358000,72781400000
2025-03,WH-BPR01,LOT-0529,350000,1.0717E+11
2025-03,WH-BPR01,LOT-0770,756000,64411200000
2025-03,WH-BPR01,LOT-0248,1248000,37689600000
2025-03,WH-BPR01,LOT-0107,264000,13068000000
2025-03,WH-BPR01,LOT-0415,932000,5.16701E+11
2025-03,WH-BPR01,LOT-0491,128000,12838400000
2025-03,WH-BPR01,LOT-0485,176000,35992000000
2025-03,WH-BPR01,LOT-1010,720000,1.03176E+11
2025-03,WH-BPR01,LOT-1042,186666.6667,11760000000
2025-03,WH-BPR01,LOT-0789,462000,22684200000
2025-03,WH-BPR01,LOT-0236,1690666.667,5.09398E+11
2025-03,WH-MLG01,LOT-0209,2064000,8.37571E+11
2025-03,WH-MLG01,LOT-0115,64000,3443200000
2025-03,WH-MLG01,LOT-1146,2154000,5.44316E+11
2025-03,WH-MLG01,LOT-0107,1458000,74212200000
2025-03,WH-MLG01,LOT-0604,251000,47790400000
2025-03,WH-MLG01,LOT-0782,1856000,1.07091E+11
2025-03,WH-MLG01,LOT-0823,197000,16154000000
2025-03,WH-MLG01,LOT-0197,445500,2.63691E+11
2025-03,WH-MLG01,LOT-0842,16000,5121600000
2025-03,WH-MLG01,LOT-0478,168000,61152000000
2025-03,WH-MLG01,LOT-0022,3468000,9.26303E+11
2025-03,WH-MLG01,LOT-0929,306000,79498800000
2025-03,WH-MLG01,LOT-0787,5248000,2.89165E+11
2025-03,WH-MLG01,LOT-0951,3168000,8.58845E+11
2025-03,WH-MLG01,LOT-0877,106666.6667,40810666667
2025-03,WH-MLG01,LOT-0208,300000,1.2051E+11
2025-03,WH-MLG01,LOT-0696,834000,1.59127E+11
2025-03,WH-MLG01,LOT-0054,237333.3333,40417866667
2025-03,WH-MLG01,LOT-0930,2080000,5.10224E+11
2025-03,WH-MLG01,LOT-1060,96000,11644800000
2025-03,WH-MLG01,LOT-0673,1668000,9.82952E+11
2025-03,WH-MLG01,LOT-0395,15000,1051500000
2025-03,WH-MLG01,LOT-0222,75000,33607500000
2025-03,WH-MLG01,LOT-0211,183000,41980200000
2025-03,WH-MLG01,LOT-0026,298666.6667,83268266667
2025-03,WH-MLG01,LOT-0139,508000,1.16383E+11
2025-03,WH-MLG01,LOT-0397,2080000,1.41024E+11
2025-03,WH-MLG01,LOT-1174,730666.6667,1.08431E+11
2025-03,WH-MLG01,LOT-0259,3456000,6.67008E+11
2025-03,WH-MLG01,LOT-1043,369000,23247000000
2025-03,WH-MLG01,LOT-0525,312000,1.02804E+11
2025-03,WH-MLG01,LOT-0728,426000,1.29376E+11
2025-03,WH-MLG01,LOT-0863,206000,1.05616E+11
2025-03,WH-MLG01,LOT-0986,2880000,1.05206E+12
2025-03,WH-MLG01,LOT-0911,155500,24304650000
2025-03,WH-MLG01,LOT-0381,220000,58344000000
2025-03,WH-MLG01,LOT-0498,224000,21571200000
2025-03,WH-MLG01,LOT-0282,1626666.667,4.46195E+11
2025-03,WH-MLG01,LOT-0091,1488000,6.17966E+11
2025-03,WH-MLG01,LOT-0124,324000,35607600000
2025-03,WH-MLG01,LOT-0262,96000,42816000000
2025-03,WH-MLG01,LOT-0639,394666.6667,96653866667
2025-03,WH-MLG01,LOT-1198,706666.6667,2.19773E+11
2025-03,WH-MLG01,LOT-0893,510000,77775000000
2025-03,WH-MLG01,LOT-1051,122666.6667,16915733333
2025-03,WH-MLG01,LOT-0733,5504000,3.18627E+12
2025-03,WH-MLG01,LOT-0638,720000,1.638E+11
2025-03,WH-MLG01,LOT-1196,3501000,1.07096E+12
2025-03,WH-MLG01,LOT-1109,259333.3333,1.03422E+11
2025-03,WH-MLG01,LOT-0299,2340000,4.1067E+11
2025-03,WH-MLG01,LOT-0302,1024000,2.29376E+11
2025-03,WH-MLG01,LOT-0962,392000,1.73342E+11
2025-03,WH-MLG01,LOT-0633,1344000,3.19066E+11
2025-03,WH-MLG01,LOT-0703,344000,1.61852E+11
2025-03,WH-MLG01,LOT-0597,1610666.667,5.96269E+11
2025-03,WH-MLG01,LOT-0756,303000,1.05989E+11
2025-03,WH-MLG01,LOT-0017,111000,4961700000
2025-03,WH-MLG01,LOT-1061,1728000,2.94106E+11
2025-03,WH-MLG01,LOT-0297,1500000,2.565E+11
2025-03,WH-MLG01,LOT-0118,107333.3333,5516933333
2025-03,WH-MLG01,LOT-0487,528000,1.12517E+11
2025-03,WH-MLG01,LOT-1039,1568000,1.66678E+11
2025-03,WH-MLG01,LOT-0112,192000,9254400000
2025-03,WH-MLG01,LOT-0865,288000,1.40314E+11
2025-03,WH-MLG01,LOT-0705,2160000,9.89928E+11
2025-03,WH-MLG01,LOT-0401,3232000,1.37295E+12
2025-03,WH-MLG01,LOT-0411,4272000,2.3889E+12
2025-03,WH-MLG01,LOT-0413,1784000,9.62825E+11
2025-03,WH-MLG01,LOT-0141,226000,55392600000
2025-03,WH-MLG01,LOT-0700,1381333.333,2.42286E+11
2025-03,WH-MLG01,LOT-0388,1200000,3.0264E+11
2025-03,WH-MLG01,LOT-0975,1848000,7.17578E+11
2025-03,WH-MLG01,LOT-0958,2680000,6.81792E+11
2025-03,WH-MLG01,LOT-0679,31333.33333,16262000000
2025-03,WH-MLG01,LOT-1185,391500,2.14072E+11
2025-03,WH-MLG01,LOT-1160,1002000,5.12623E+11
2025-03,WH-MLG01,LOT-0688,876000,2.49397E+11
2025-03,WH-MLG01,LOT-0614,146666.6667,51773333333
2025-03,WH-MLG01,LOT-0858,504000,1.0463E+11
2025-03,WH-MLG01,LOT-0674,107000,56014500000
2025-03,WH-MLG01,LOT-0333,3150000,3.4335E+11
2025-03,WH-MLG01,LOT-0215,2544000,6.35491E+11
2025-03,WH-MLG01,LOT-0931,1592000,9.40872E+11
2025-03,WH-MLG01,LOT-0087,773333.3333,78261333333
2025-03,WH-SLO01,LOT-0283,2826000,8.83408E+11
2025-03,WH-SLO01,LOT-1113,274000,1.0412E+11
2025-03,WH-SLO01,LOT-0535,1184000,1.28701E+11
2025-03,WH-SLO01,LOT-0018,320000,15072000000
2025-03,WH-SLO01,LOT-0614,100000,40300000000
2025-03,WH-SLO01,LOT-0578,1216000,3.67962E+11
2025-03,WH-SLO01,LOT-0710,79333.33333,36318800000
2025-03,WH-SLO01,LOT-0828,2952000,2.73946E+11
2025-03,WH-SLO01,LOT-0831,410000,96104000000
2025-03,WH-SLO01,LOT-1188,94000,50337000000
2025-03,WH-SLO01,LOT-0025,768000,2.42074E+11
2025-03,WH-SLO01,LOT-0967,570000,2.47152E+11
2025-03,WH-SLO01,LOT-1050,804000,60541200000
2025-03,WH-SLO01,LOT-0306,196000,47530000000
2025-03,WH-SLO01,LOT-0815,159000,44154300000
2025-03,WH-SLO01,LOT-0467,162000,47271600000
2025-03,WH-SLO01,LOT-0465,85000,24990000000
2025-03,WH-SLO01,LOT-0430,2608000,3.79464E+11
2025-03,WH-SLO01,LOT-0972,230666.6667,1.032E+11
2025-03,WH-SLO01,LOT-0479,1086000,4.26907E+11
2025-03,WH-SLO01,LOT-1057,116000,16390800000
2025-03,WH-SLO01,LOT-1132,1720000,1.02065E+12
2025-03,WH-SLO01,LOT-0960,3072000,7.89504E+11
2025-03,WH-SLO01,LOT-0945,386000,1.92382E+11
2025-03,WH-SLO01,LOT-0698,1237333.333,2.25937E+11
2025-03,WH-SLO01,LOT-0176,2736000,1.52751E+12
2025-03,WH-SLO01,LOT-0642,712000,1.91101E+11
2025-03,WH-SLO01,LOT-0385,1056000,2.6759E+11
2025-03,WH-SLO01,LOT-0879,144000,53539200000
2025-03,WH-SLO01,LOT-0856,1920000,4.57728E+11
2025-03,WH-SLO01,LOT-0899,321333.3333,50899200000
2025-03,WH-SLO01,LOT-0922,1544000,3.97734E+11
2025-03,WH-SLO01,LOT-1144,277333.3333,72689066667
2025-03,WH-SLO01,LOT-0062,26666.66667,3096000000
2025-03,WH-SLO01,LOT-0768,1472000,1.24678E+11
2025-03,WH-SLO01,LOT-0285,344000,1.0461E+11
2025-03,WH-SLO01,LOT-1183,1290666.667,7.01606E+11
2025-03,WH-SLO01,LOT-0263,52000,20592000000
2025-03,WH-SLO01,LOT-0626,682000,2.37745E+11
2025-03,WH-SLO01,LOT-0020,916000,40212400000
2025-03,WH-SLO01,LOT-1024,882000,4.76015E+11
2025-03,WH-SLO01,LOT-0727,184000,56359200000
2025-03,WH-SLO01,LOT-0696,630000,1.05273E+11
2025-03,WH-SLO01,LOT-0462,413333.3333,1.17511E+11
2025-03,WH-SLO01,LOT-0859,768000,1.72493E+11
2025-03,WH-SLO01,LOT-0872,176000,74483200000
2025-03,WH-SLO01,LOT-0827,20000,1814000000
2025-03,WH-SLO01,LOT-1102,166000,65254600000
2025-03,WH-SLO01,LOT-0668,96000,17155200000
2025-03,WH-SLO01,LOT-0048,132000,34346400000
2025-03,WH-SLO01,LOT-1163,369333.3333,11892533333
2025-03,WH-SLO01,LOT-0066,962666.6667,1.0676E+11
2025-03,WH-SLO01,LOT-0315,880000,3.2868E+11
2025-03,WH-SLO01,LOT-0677,5328000,2.98901E+12
2025-03,WH-SLO01,LOT-1164,912000,33835200000
2025-03,WH-SLO01,LOT-1176,272000,38161600000
2025-03,WH-SLO01,LOT-0801,1392000,5.21026E+11
2025-03,WH-SLO01,LOT-0781,42000,2058000000
2025-03,WH-SLO01,LOT-0419,792000,4.56192E+11
2025-03,WH-SLO01,LOT-0131,198000,45421200000
2025-03,WH-SLO01,LOT-1095,508000,40690800000
2025-03,WH-SLO01,LOT-0792,52000,16905200000
2025-03,WH-SLO01,LOT-0386,64000,17318400000
2025-03,WH-SLO01,LOT-0973,412000,1.75883E+11
2025-03,WH-SLO01,LOT-0223,74000,32027200000
2025-03,WH-SLO01,LOT-0674,144000,83001600000
2025-03,WH-SLO01,LOT-1167,2070000,65826000000
2025-03,WH-SLO01,LOT-0925,360000,85644000000
2025-03,WH-SLO01,LOT-0624,1068000,3.61198E+11
2025-03,WH-SLO01,LOT-0191,172000,91710400000
2025-03,WH-SLO01,LOT-0352,1300000,1.4313E+11
2025-03,WH-SLO01,LOT-0214,444000,1.15085E+11
2025-03,WH-SLO01,LOT-1133,828000,4.86367E+11
2025-03,WH-SLO01,LOT-0364,264000,92769600000
2025-03,WH-SLO01,LOT-1001,265500,40594950000
2025-03,WH-SLO01,LOT-0055,248000,35340000000
2025-03,WH-SLO01,LOT-0383,113000,30442200000
2025-03,WH-SLO01,LOT-0408,816000,3.60509E+11
2025-03,WH-SLO01,LOT-0143,936000,2.12472E+11
2025-03,WH-SLO01,LOT-0791,49000,16709000000
2025-03,WH-SLO01,LOT-0582,193000,81040700000
2025-03,WH-SLO01,LOT-0422,348000,49311600000
2025-03,WH-SLO01,LOT-0478,794000,3.04181E+11
2025-03,WH-SLO01,LOT-0597,57000,22515000000
2025-03,WH-SLO01,LOT-1074,444000,73792800000
2025-03,WH-SLO01,LOT-0144,212000,54081200000
2025-03,WH-SLO01,LOT-0932,5248000,3.10996E+12
2025-03,WH-SLO01,LOT-0118,1056000,60086400000
2025-03,WH-SLO01,LOT-0755,1596000,5.63388E+11
2025-03,WH-SLO01,LOT-1062,116666.6667,18690000000
2025-03,WH-SLO01,LOT-0023,1182000,3.71384E+11
2025-03,WH-SLO01,LOT-0670,334000,69839400000
2025-03,WH-SLO01,LOT-0842,346000,1.13626E+11
2025-03,WH-SLO01,LOT-0322,704000,77510400000
2025-03,WH-SLO01,LOT-0227,1824000,8.29738E+11
2025-03,WH-SLO01,LOT-0265,2128000,9.51216E+11
2025-03,WH-SLO01,LOT-1099,1488000,1.27373E+11
2025-03,WH-SLO01,LOT-0857,365000,92527500000
2025-03,WH-SLO01,LOT-0980,248000,91735200000
2025-03,WH-SLO01,LOT-0141,3144000,8.51081E+11
2025-03,WH-SLO01,LOT-0797,1738666.667,5.42986E+11
2025-03,WH-SLO01,LOT-0423,1194666.667,1.81828E+11
2025-03,WH-SLO01,LOT-0267,858666.6667,3.39774E+11
2025-03,WH-SLO01,LOT-0635,300000,66330000000
2025-03,WH-SLO01,LOT-0886,312000,1.37249E+11
2025-03,WH-SLO01,LOT-0326,197000,22635300000
2025-03,WH-SLO01,LOT-1178,216000,27540000000
2025-03,WH-SLO01,LOT-0636,1128000,2.61358E+11
2025-03,WH-SLO01,LOT-0416,696000,3.98669E+11
2025-03,WH-SLO01,LOT-1030,57666.66667,26797700000
2025-03,WH-SLO01,LOT-0940,1002000,5.87473E+11
2025-03,WH-SLO01,LOT-0565,4202666.667,1.49279E+12
2025-03,WH-SLO01,LOT-0414,289333.3333,1.62692E+11
2025-03,WH-SLO01,LOT-0016,202666.6667,10133333333
2025-03,WH-SLO01,LOT-0293,244000,45774400000
2025-03,WH-SLO01,LOT-0913,174000,26691600000
2025-03,WH-SLO01,LOT-0132,440000,1.045E+11
2025-03,WH-SLO01,LOT-0818,2760000,8.64708E+11
2025-03,WH-YOG01,LOT-0782,5653333.333,3.19413E+11
2025-03,WH-YOG01,LOT-1068,1320000,2.36016E+11
2025-03,WH-YOG01,LOT-0659,1444000,1.21874E+11
2025-03,WH-YOG01,LOT-0376,134666.6667,52560400000
2025-03,WH-YOG01,LOT-0906,381000,1.01422E+11
2025-03,WH-YOG01,LOT-0013,2656000,1.13677E+11
2025-03,WH-YOG01,LOT-0133,1140000,2.75994E+11
2025-03,WH-YOG01,LOT-1007,702000,99684000000
2025-03,WH-YOG01,LOT-0144,345000,88837500000
2025-03,WH-YOG01,LOT-0395,276000,18492000000
2025-03,WH-YOG01,LOT-0107,5648000,2.82965E+11
2025-03,WH-YOG01,LOT-0290,174666.6667,52382533333
2025-03,WH-YOG01,LOT-0419,2064000,1.20641E+12
2025-03,WH-YOG01,LOT-0258,14666.66667,2408266667
2025-03,WH-YOG01,LOT-0188,104000,23212800000
2025-03,WH-YOG01,LOT-0356,134000,15450200000
2025-03,WH-YOG01,LOT-1125,1220000,6.42452E+11
2025-03,WH-YOG01,LOT-0484,122666.6667,25858133333
2025-03,WH-YOG01,LOT-1040,404000,48884000000
2025-03,WH-YOG01,LOT-0161,118666.6667,6265600000
2025-03,WH-YOG01,LOT-0873,178666.6667,75933333333
2025-03,WH-YOG01,LOT-0957,522000,1.6015E+11
2025-03,WH-YOG01,LOT-0638,2736000,6.71688E+11
2025-03,WH-YOG01,LOT-0337,1626666.667,1.76493E+11
2025-03,WH-YOG01,LOT-0405,4586666.667,2.27132E+12
2025-03,WH-YOG01,LOT-0502,1508000,1.09632E+11
2025-03,WH-YOG01,LOT-0869,720000,3.77136E+11
2025-03,WH-YOG01,LOT-0362,181000,71857000000
2025-03,WH-YOG01,LOT-0510,378666.6667,26885333333
2025-03,WH-YOG01,LOT-0621,776000,2.79903E+11
2025-03,WH-YOG01,LOT-0585,864000,3.59683E+11
2025-03,WH-YOG01,LOT-1181,242666.6667,1.41135E+11
2025-03,WH-YOG01,LOT-0919,13333.33333,1936000000
2025-03,WH-YOG01,LOT-0413,481333.3333,2.57947E+11
2025-03,WH-YOG01,LOT-0557,327000,41071200000
2025-03,WH-YOG01,LOT-0986,760000,2.81048E+11
2025-03,WH-YOG01,LOT-0164,760000,36556000000
2025-03,WH-YOG01,LOT-0737,1460000,7.61682E+11
2025-03,WH-YOG01,LOT-0816,677333.3333,1.79493E+11
2025-03,WH-YOG01,LOT-0774,162666.6667,39609333333
2025-03,WH-YOG01,LOT-0344,113000,41504900000
2025-03,WH-YOG01,LOT-0965,280000,1.2964E+11
2025-03,WH-YOG01,LOT-0904,1179000,3.10077E+11
2025-03,WH-YOG01,LOT-0866,1141333.333,5.73862E+11
2025-03,WH-YOG01,LOT-1035,1944000,2.00038E+11
2025-03,WH-YOG01,LOT-0888,660000,2.87958E+11
2025-03,WH-YOG01,LOT-0320,232500,74400000000
2025-03,WH-YOG01,LOT-0988,544000,1.94534E+11
2025-03,WH-YOG01,LOT-0041,120000,25992000000
2025-03,WH-YOG01,LOT-0876,1333333.333,5.42133E+11
2025-03,WH-YOG01,LOT-0171,465333.3333,2.7934E+11
2025-03,WH-YOG01,LOT-0615,13500,4702050000
2025-03,WH-YOG01,LOT-1101,1037333.333,4.52485E+11
2025-03,WH-YOG01,LOT-0313,2070000,7.38162E+11
2025-03,WH-YOG01,LOT-1133,277333.3333,1.36476E+11
2025-03,WH-YOG01,LOT-0360,2176000,2.72E+11
2025-03,WH-YOG01,LOT-0527,525333.3333,1.63694E+11
2025-03,WH-YOG01,LOT-0780,1050666.667,2.45751E+11
2025-03,WH-YOG01,LOT-0950,1012000,5.50629E+11
2025-03,WH-YOG01,LOT-0627,354000,1.33352E+11
2025-03,WH-YOG01,LOT-0929,1416000,3.62496E+11
2025-03,WH-YOG01,LOT-0581,1080000,5.54472E+11
2025-03,WH-YOG01,LOT-0769,508000,43230800000
2025-03,WH-YOG01,LOT-1152,690000,3.79086E+11
2025-03,WH-YOG01,LOT-0985,211333.3333,71916733333
2025-03,WH-YOG01,LOT-0148,1683000,4.53569E+11
2025-03,WH-YOG01,LOT-0683,74666.66667,17464533333
2025-03,WH-YOG01,LOT-0280,482666.6667,1.67485E+11
2025-03,WH-YOG01,LOT-0962,152000,60176800000
2025-03,WH-YOG01,LOT-0401,178666.6667,90548266667
2025-03,WH-YOG01,LOT-0317,1184000,4.54419E+11
2025-03,WH-YOG01,LOT-0389,1556000,4.64933E+11
2025-03,WH-YOG01,LOT-0009,1158000,1.51351E+11
2025-03,WH-YOG01,LOT-0027,949333.3333,2.8518E+11
2025-03,WH-YOG01,LOT-1026,248000,1.25265E+11
2025-03,WH-YOG01,LOT-0767,1372000,99881600000
2025-03,WH-YOG01,LOT-0829,662000,63419600000
2025-03,WH-YOG01,LOT-0852,112666.6667,23265666667
2025-03,WH-YOG01,LOT-0809,3024000,1.3478E+12
2025-03,WH-YOG01,LOT-0765,508000,38100000000
2025-03,WH-YOG01,LOT-0787,232000,11855200000
2025-03,WH-YOG01,LOT-1003,506000,78126400000
2025-03,WH-YOG01,LOT-0631,848000,2.04453E+11
2025-03,WH-YOG01,LOT-0146,549000,1.35109E+11
2025-03,WH-YOG01,LOT-0838,5290666.667,1.33536E+12
2025-03,WH-YOG01,LOT-0080,1452000,8.72797E+11
2025-03,WH-YOG01,LOT-0255,760000,1.32468E+11
2025-03,WH-YOG01,LOT-0789,1890000,95823000000
2025-03,WH-YOG01,LOT-1159,234000,1.41617E+11
2025-03,WH-YOG01,LOT-0333,1584000,1.89763E+11
2025-03,WH-YOG01,LOT-0398,989333.3333,64900266667
2025-03,WH-YOG01,LOT-0894,210000,34104000000
2025-03,WH-YOG01,LOT-0523,16333.33333,4772600000
2025-03,WH-YOG01,LOT-0714,2792000,1.20977E+12
2025-04,WH-JKT01,LOT-0345,1005333.333,3.77302E+11
2025-04,WH-JKT01,LOT-0914,1444000,2.49523E+11
2025-04,WH-JKT01,LOT-0237,3872000,1.222E+12
2025-04,WH-JKT01,LOT-0988,1648000,5.65923E+11
2025-04,WH-JKT01,LOT-1108,1020000,4.27584E+11
2025-04,WH-JKT01,LOT-0494,4832000,4.74502E+11
2025-04,WH-JKT01,LOT-0499,341333.3333,33416533333
2025-04,WH-JKT01,LOT-0434,184000,69055200000
2025-04,WH-JKT01,LOT-0350,5440000,1.98832E+12
2025-04,WH-JKT01,LOT-0184,600000,1.2834E+11
2025-04,WH-JKT01,LOT-0217,672000,1.52611E+11
2025-04,WH-JKT01,LOT-0891,948000,1.4457E+11
2025-04,WH-JKT01,LOT-0060,2069333.333,3.07296E+11
2025-04,WH-JKT01,LOT-0329,1352000,1.48585E+11
2025-04,WH-JKT01,LOT-0669,752000,1.53558E+11
2025-04,WH-JKT01,LOT-0786,38000,2135600000
2025-04,WH-JKT01,LOT-0575,160000,45744000000
2025-04,WH-JKT01,LOT-0452,297333.3333,1.72959E+11
2025-04,WH-JKT01,LOT-0528,182000,60478600000
2025-04,WH-JKT01,LOT-0976,144000,57427200000
2025-04,WH-JKT01,LOT-0253,2964000,4.93802E+11
2025-04,WH-JKT01,LOT-0279,248000,80798400000
2025-04,WH-JKT01,LOT-1095,1429333.333,1.26067E+11
2025-04,WH-JKT01,LOT-1008,616000,95788000000
2025-04,WH-JKT01,LOT-0186,1296000,2.8823E+11
2025-04,WH-JKT01,LOT-0682,3376000,8.34547E+11
2025-04,WH-JKT01,LOT-0459,1040000,5.51096E+11
2025-04,WH-JKT01,LOT-1180,1020000,1.31886E+11
2025-04,WH-JKT01,LOT-0133,206666.6667,53340666667
2025-04,WH-JKT01,LOT-0703,4068000,2.02383E+12
2025-04,WH-JKT01,LOT-0773,1077000,2.92406E+11
2025-04,WH-JKT01,LOT-0782,928000,51968000000
2025-04,WH-JKT01,LOT-1151,161333.3333,97542133333
2025-04,WH-JKT01,LOT-0895,449333.3333,71174400000
2025-04,WH-JKT01,LOT-0478,1312000,5.08269E+11
2025-04,WH-JKT01,LOT-0458,257333.3333,1.29413E+11
2025-04,WH-JKT01,LOT-0531,384000,35289600000
2025-04,WH-JKT01,LOT-0596,510000,1.98594E+11
2025-04,WH-JKT01,LOT-0180,1413333.333,7.57688E+11
2025-04,WH-JKT01,LOT-0229,1830000,8.54427E+11
2025-04,WH-JKT01,LOT-0183,1192000,2.57114E+11
2025-04,WH-JKT01,LOT-0697,480000,92064000000
2025-04,WH-JKT01,LOT-0386,205333.3333,53674133333
2025-04,WH-JKT01,LOT-0238,672000,2.17997E+11
2025-04,WH-JKT01,LOT-1174,242666.6667,32274666667
2025-04,WH-JKT01,LOT-0754,594000,1.85566E+11
2025-04,WH-JKT01,LOT-0261,171000,67425300000
2025-04,WH-JKT01,LOT-0642,2240000,5.92032E+11
2025-04,WH-JKT01,LOT-0779,3872000,8.56486E+11
2025-04,WH-JKT01,LOT-1182,867000,5.04334E+11
2025-04,WH-JKT01,LOT-0004,736000,96931200000
2025-04,WH-JKT01,LOT-0637,1080000,2.62656E+11
2025-04,WH-JKT01,LOT-0127,1120000,1.33392E+11
2025-04,WH-JKT01,LOT-1097,1352000,1.06402E+11
2025-04,WH-JKT01,LOT-0389,520000,1.3676E+11
2025-04,WH-JKT01,LOT-0795,228000,81692400000
2025-04,WH-JKT01,LOT-0868,1164000,6.37872E+11
2025-04,WH-JKT01,LOT-0655,1620000,1.40616E+11
2025-04,WH-JKT01,LOT-0748,192666.6667,45064733333
2025-04,WH-JKT01,LOT-0259,330000,54252000000
2025-04,WH-JKT01,LOT-1065,560000,97832000000
2025-04,WH-JKT01,LOT-0455,1356000,7.05798E+11
2025-04,WH-JKT01,LOT-0219,778666.6667,1.75434E+11
2025-04,WH-JKT01,LOT-0810,1755000,6.54264E+11
2025-04,WH-JKT01,LOT-0019,272000,12947200000
2025-04,WH-JKT01,LOT-1103,1146000,5.00917E+11
2025-04,WH-JKT01,LOT-0944,981333.3333,5.28252E+11
2025-04,WH-JKT01,LOT-0648,3637333.333,9.21337E+11
2025-04,WH-JKT01,LOT-0297,1685333.333,2.66451E+11
2025-04,WH-JKT01,LOT-0608,5760000,1.13414E+12
2025-04,WH-JKT01,LOT-0449,826666.6667,85229333333
2025-04,WH-JKT01,LOT-1024,928000,4.31798E+11
2025-04,WH-JKT01,LOT-0934,85333.33333,50551466667
2025-04,WH-JKT01,LOT-0302,1450666.667,3.66874E+11
2025-04,WH-JKT01,LOT-0581,246666.6667,1.17142E+11
2025-04,WH-JKT01,LOT-0299,798000,1.30952E+11
2025-04,WH-JKT01,LOT-0071,660000,3.78048E+11
2025-04,WH-JKT01,LOT-0656,54000,4746600000
2025-04,WH-JKT01,LOT-0633,134666.6667,28266533333
2025-04,WH-JKT01,LOT-1029,1226666.667,6.7712E+11
2025-04,WH-JKT01,LOT-0561,208666.6667,82965866667
2025-04,WH-JKT01,LOT-1176,409333.3333,53581733333
2025-04,WH-JKT01,LOT-0980,35000,15092000000
2025-04,WH-JKT01,LOT-0442,1768000,1.60534E+11
2025-04,WH-JKT01,LOT-1014,540000,2.66004E+11
2025-04,WH-JKT01,LOT-0597,1348000,5.5295E+11
2025-04,WH-JKT01,LOT-0772,1114666.667,2.71756E+11
2025-04,WH-JKT01,LOT-0121,135000,15957000000
2025-04,WH-JKT01,LOT-0683,720000,1.73952E+11
2025-04,WH-JKT01,LOT-0313,1162666.667,3.70774E+11
2025-04,WH-JKT01,LOT-0432,1520000,5.66048E+11
2025-04,WH-JKT01,LOT-0461,658000,2.11547E+11
2025-04,WH-JKT01,LOT-0108,309000,17489400000
2025-04,WH-JKT01,LOT-0367,195333.3333,75144733333
2025-04,WH-JKT01,LOT-0999,709333.3333,1.71517E+11
2025-04,WH-JKT01,LOT-0803,292000,1.2883E+11
2025-04,WH-JKT01,LOT-0613,885333.3333,3.75027E+11
2025-04,WH-JKT01,LOT-0327,3632000,4.33661E+11
2025-04,WH-JKT01,LOT-0045,418666.6667,95288533333
2025-04,WH-JKT01,LOT-1123,214500,94594500000
2025-04,WH-JKT01,LOT-0804,162666.6667,69832800000
2025-04,WH-JKT01,LOT-0692,568000,94117600000
2025-04,WH-JKT01,LOT-0866,664000,3.08826E+11
2025-04,WH-JKT01,LOT-0970,525000,2.4444E+11
2025-04,WH-JKT01,LOT-0714,474000,2.00407E+11
2025-04,WH-JKT01,LOT-0802,1440000,5.66784E+11
2025-04,WH-JKT01,LOT-0801,586666.6667,2.36192E+11
2025-04,WH-JKT01,LOT-0148,629333.3333,1.53243E+11
2025-04,WH-JKT01,LOT-1082,154666.6667,71146666667
2025-04,WH-SBY01,LOT-0360,292000,34485200000
2025-04,WH-SBY01,LOT-1079,93000,16340100000
2025-04,WH-SBY01,LOT-0628,1592000,5.46056E+11
2025-04,WH-SBY01,LOT-1003,330666.6667,50360533333
2025-04,WH-SBY01,LOT-0196,2816000,1.47756E+12
2025-04,WH-SBY01,LOT-1084,1124000,5.24009E+11
2025-04,WH-SBY01,LOT-0715,86666.66667,32500000000
2025-04,WH-SBY01,LOT-1172,2016000,2.60064E+11
2025-04,WH-SBY01,LOT-0578,228000,59918400000
2025-04,WH-SBY01,LOT-1130,3498666.667,1.6993E+12
2025-04,WH-SBY01,LOT-0556,232000,30716800000
2025-04,WH-SBY01,LOT-0203,3562666.667,1.54157E+12
2025-04,WH-SBY01,LOT-0099,92000,43598800000
2025-04,WH-SBY01,LOT-0350,1284000,5.41976E+11
2025-04,WH-SBY01,LOT-0652,136000,12280800000
2025-04,WH-SBY01,LOT-0798,1920000,6.29376E+11
2025-04,WH-SBY01,LOT-0371,628000,2.17979E+11
2025-04,WH-SBY01,LOT-0707,14000,6413400000
2025-04,WH-SBY01,LOT-1089,1496000,6.06628E+11
2025-04,WH-SBY01,LOT-0825,372000,29164800000
2025-04,WH-SBY01,LOT-0977,600000,2.4642E+11
2025-04,WH-SBY01,LOT-0262,96000,41932800000
2025-04,WH-SBY01,LOT-0531,41500,4100200000
2025-04,WH-SBY01,LOT-0020,762000,32461200000
2025-04,WH-SBY01,LOT-1052,2122666.667,2.85286E+11
2025-04,WH-SBY01,LOT-0319,240000,83616000000
2025-04,WH-SBY01,LOT-0259,784000,1.34142E+11
2025-04,WH-SBY01,LOT-0293,1194666.667,2.26031E+11
2025-04,WH-SBY01,LOT-0776,4464000,1.17046E+12
2025-04,WH-SBY01,LOT-1163,480000,18096000000
2025-04,WH-SBY01,LOT-0548,341000,91285700000
2025-04,WH-SBY01,LOT-0109,87000,4350000000
2025-04,WH-SBY01,LOT-0759,4128000,1.3804E+12
2025-04,WH-SBY01,LOT-0511,250666.6667,66401600000
2025-04,WH-SBY01,LOT-0857,490666.6667,1.05641E+11
2025-04,WH-SBY01,LOT-0938,306000,1.6625E+11
2025-04,WH-SBY01,LOT-0375,146000,51129200000
2025-04,WH-SBY01,LOT-0899,513333.3333,80439333333
2025-04,WH-SBY01,LOT-0725,42000,11151000000
2025-04,WH-SBY01,LOT-0960,106000,32404200000
2025-04,WH-SBY01,LOT-1029,920000,5.10324E+11
2025-04,WH-SBY01,LOT-0588,520000,2.37536E+11
2025-04,WH-SBY01,LOT-0565,286000,1.12369E+11
2025-04,WH-SBY01,LOT-0877,2124000,9.06736E+11
2025-04,WH-SBY01,LOT-1067,2052000,3.71412E+11
2025-04,WH-SBY01,LOT-0469,278666.6667,86080133333
2025-04,WH-SBY01,LOT-0626,384000,1.51757E+11
2025-04,WH-SBY01,LOT-0179,3264000,1.71327E+12
2025-04,WH-SBY01,LOT-0833,160000,38896000000
2025-04,WH-SBY01,LOT-0641,368000,96636800000
2025-04,WH-SBY01,LOT-0185,2349000,4.56646E+11
2025-04,WH-SBY01,LOT-0163,3195000,1.49207E+11
2025-04,WH-SBY01,LOT-0158,469333.3333,2.58462E+11
2025-04,WH-SBY01,LOT-0492,2389333.333,2.3965E+11
2025-04,WH-SBY01,LOT-0192,382000,1.89663E+11
2025-04,WH-SBY01,LOT-0339,166666.6667,18000000000
2025-04,WH-SBY01,LOT-1179,168666.6667,20746000000
2025-04,WH-SBY01,LOT-0118,448000,22176000000
2025-04,WH-SBY01,LOT-0174,332000,1.98038E+11
2025-04,WH-SBY01,LOT-0586,400000,1.76E+11
2025-04,WH-SBY01,LOT-1135,794000,3.92315E+11
2025-04,WH-SBY01,LOT-1010,278000,48399800000
2025-04,WH-SBY01,LOT-0022,174666.6667,52557200000
2025-04,WH-SBY01,LOT-0869,336000,1.60238E+11
2025-04,WH-SBY01,LOT-1042,2928000,2.15208E+11
2025-04,WH-SBY01,LOT-0280,76000,28074400000
2025-04,WH-SBY01,LOT-0983,262000,1.00608E+11
2025-04,WH-SBY01,LOT-1020,202000,1.15645E+11
2025-04,WH-SBY01,LOT-1055,2456000,3.28367E+11
2025-04,WH-SBY01,LOT-1091,432000,34819200000
2025-04,WH-SBY01,LOT-0256,144000,25185600000
2025-04,WH-SBY01,LOT-0831,1160000,2.93016E+11
2025-04,WH-SBY01,LOT-0029,948000,2.71318E+11
2025-04,WH-SBY01,LOT-0390,320000,84000000000
2025-04,WH-SBY01,LOT-0015,248000,11482400000
2025-04,WH-SBY01,LOT-0871,364000,1.42652E+11
2025-04,WH-SBY01,LOT-1095,219333.3333,20639266667
2025-04,WH-SBY01,LOT-0501,708000,46090800000
2025-04,WH-SBY01,LOT-1082,125000,49262500000
2025-04,WH-SBY01,LOT-0087,892000,99547200000
2025-04,WH-SBY01,LOT-0919,1280000,1.86368E+11
2025-04,WH-SBY01,LOT-0346,573000,2.14932E+11
2025-04,WH-SBY01,LOT-1073,368000,68668800000
2025-04,WH-SBY01,LOT-0461,524000,1.55628E+11
2025-04,WH-SBY01,LOT-0359,38666.66667,4249466667
2025-04,WH-SBY01,LOT-0154,26666.66667,12437333333
2025-04,WH-SBY01,LOT-0752,1544000,5.03962E+11
2025-04,WH-BDG01,LOT-0967,8333.333333,3773333333
2025-04,WH-BDG01,LOT-0574,196000,62720000000
2025-04,WH-BDG01,LOT-0207,572000,2.66094E+11
2025-04,WH-BDG01,LOT-0883,124000,59941600000
2025-04,WH-BDG01,LOT-0379,528000,2.08613E+11
2025-04,WH-BDG01,LOT-0517,896000,2.21222E+11
2025-04,WH-BDG01,LOT-1007,10000,1626000000
2025-04,WH-BDG01,LOT-0745,2624000,6.34483E+11
2025-04,WH-BDG01,LOT-0685,3088000,7.76941E+11
2025-04,WH-BDG01,LOT-0624,366000,1.45814E+11
2025-04,WH-BDG01,LOT-0229,373333.3333,1.79685E+11
2025-04,WH-BDG01,LOT-0199,1712000,1.02771E+12
2025-04,WH-BDG01,LOT-0028,206666.6667,57866666667
2025-04,WH-BDG01,LOT-1131,136000,75072000000
2025-04,WH-BDG01,LOT-0267,26666.66667,12368000000
2025-04,WH-BDG01,LOT-0679,234000,1.33099E+11
2025-04,WH-BDG01,LOT-0739,1776000,9.35597E+11
2025-04,WH-BDG01,LOT-0741,34666.66667,8264533333
2025-04,WH-BDG01,LOT-1084,1212000,4.82618E+11
2025-04,WH-BDG01,LOT-0762,257333.3333,20844000000
2025-04,WH-BDG01,LOT-0488,3616000,7.20307E+11
2025-04,WH-BDG01,LOT-0566,1300000,5.2572E+11
2025-04,WH-BDG01,LOT-0431,765333.3333,2.8103E+11
2025-04,WH-BDG01,LOT-1197,924000,2.46246E+11
2025-04,WH-BDG01,LOT-0787,284000,14427200000
2025-04,WH-BDG01,LOT-0179,1744000,1.05669E+12
2025-04,WH-BDG01,LOT-0218,260000,60398000000
2025-04,WH-BDG01,LOT-0268,310666.6667,1.27249E+11
2025-04,WH-BDG01,LOT-0247,250666.6667,7269333333
2025-04,WH-BDG01,LOT-0085,53333.33333,6266666667
2025-04,WH-BDG01,LOT-0391,277333.3333,18165333333
2025-04,WH-BDG01,LOT-0396,2880000,1.76256E+11
2025-04,WH-BDG01,LOT-0913,1140000,1.69062E+11
2025-04,WH-BDG01,LOT-0203,1024000,4.82918E+11
2025-04,WH-BDG01,LOT-0154,517333.3333,2.74652E+11
2025-04,WH-BDG01,LOT-1120,60000,22710000000
2025-04,WH-BDG01,LOT-0703,190000,95893000000
2025-04,WH-BDG01,LOT-0618,1424000,5.5892E+11
2025-04,WH-BDG01,LOT-0972,213333.3333,81173333333
2025-04,WH-BDG01,LOT-0414,669000,3.45271E+11
2025-04,WH-BDG01,LOT-1093,893333.3333,83973333333
2025-04,WH-BDG01,LOT-0315,224000,82230400000
2025-04,WH-BDG01,LOT-0090,100000,11350000000
2025-04,WH-BDG01,LOT-0262,29333.33333,13012266667
2025-04,WH-BDG01,LOT-0393,792000,50608800000
2025-04,WH-BDG01,LOT-0857,325333.3333,79934400000
2025-04,WH-BDG01,LOT-1128,1053333.333,5.39412E+11
2025-04,WH-BDG01,LOT-0518,216000,48837600000
2025-04,WH-BDG01,LOT-1148,598500,1.46273E+11
2025-04,WH-BDG01,LOT-0712,104000,44574400000
2025-04,WH-BDG01,LOT-0750,1872000,3.97426E+11
2025-04,WH-BDG01,LOT-0919,9000,1565100000
2025-04,WH-BDG01,LOT-0241,118000,3504600000
2025-04,WH-BDG01,LOT-0894,801000,1.39775E+11
2025-04,WH-BDG01,LOT-0139,48000,10598400000
2025-04,WH-BDG01,LOT-0989,666666.6667,2.63867E+11
2025-04,WH-BDG01,LOT-0859,1237333.333,3.03394E+11
2025-04,WH-BDG01,LOT-1073,324000,55825200000
2025-04,WH-BDG01,LOT-1032,672000,71299200000
2025-04,WH-BDG01,LOT-0045,424500,1.06167E+11
2025-04,WH-BDG01,LOT-0342,869333.3333,3.45038E+11
2025-04,WH-BDG01,LOT-0562,30000,12606000000
2025-04,WH-BDG01,LOT-0265,38000,16651600000
2025-04,WH-BDG01,LOT-0594,456000,1.72824E+11
2025-04,WH-BDG01,LOT-0094,434000,1.74208E+11
2025-04,WH-BDG01,LOT-1160,1269333.333,6.41267E+11
2025-04,WH-BDG01,LOT-0125,297333.3333,33063466667
2025-04,WH-BDG01,LOT-0390,370000,1.07078E+11
2025-04,WH-BDG01,LOT-0815,240000,74232000000
2025-04,WH-BDG01,LOT-1014,1893333.333,9.58216E+11
2025-04,WH-BDG01,LOT-1091,1978666.667,1.80652E+11
2025-04,WH-BDG01,LOT-1052,165333.3333,21476800000
2025-04,WH-BDG01,LOT-0339,274500,29234250000
2025-04,WH-BDG01,LOT-0897,447000,70447200000
2025-04,WH-BDG01,LOT-1044,1280000,85632000000
2025-04,WH-BDG01,LOT-1152,252000,1.54098E+11
2025-04,WH-BDG01,LOT-0800,256000,91673600000
2025-04,WH-BDG01,LOT-0821,3768000,3.05208E+11
2025-04,WH-BDG01,LOT-0557,448000,54835200000
2025-04,WH-BDG01,LOT-0424,416000,56035200000
2025-04,WH-BDG01,LOT-0377,296000,98212800000
2025-04,WH-BDG01,LOT-0008,4152000,5.7007E+11
2025-04,WH-BDG01,LOT-0328,1296000,1.69387E+11
2025-04,WH-BDG01,LOT-1172,244000,35526400000
2025-04,WH-BDG01,LOT-0447,762666.6667,82749333333
2025-04,WH-BDG01,LOT-0019,1029000,47539800000
2025-04,WH-BDG01,LOT-1051,420000,58254000000
2025-04,WH-BDG01,LOT-0933,984000,5.95123E+11
2025-04,WH-BDG01,LOT-1076,12000,2306400000
2025-04,WH-BDG01,LOT-0531,121500,12951900000
2025-04,WH-BDG01,LOT-0622,80000,28376000000
2025-04,WH-BDG01,LOT-0452,816000,4.52227E+11
2025-04,WH-BDG01,LOT-0607,1992000,3.85452E+11
2025-04,WH-BDG01,LOT-0550,165333.3333,41978133333
2025-04,WH-BDG01,LOT-0244,251333.3333,7062466667
2025-04,WH-BDG01,LOT-0351,306000,34700400000
2025-04,WH-BDG01,LOT-0459,280000,1.4644E+11
2025-04,WH-BDG01,LOT-0598,2424000,8.88154E+11
2025-04,WH-SMG01,LOT-0869,880000,4.62528E+11
2025-04,WH-SMG01,LOT-0986,848000,3.40133E+11
2025-04,WH-SMG01,LOT-0848,44500,13292150000
2025-04,WH-SMG01,LOT-0683,1560000,4.20108E+11
2025-04,WH-SMG01,LOT-0284,208000,58094400000
2025-04,WH-SMG01,LOT-0504,116000,7134000000
2025-04,WH-SMG01,LOT-0785,1669333.333,95652800000
2025-04,WH-SMG01,LOT-0858,704000,1.45798E+11
2025-04,WH-SMG01,LOT-1126,397333.3333,1.76734E+11
2025-04,WH-SMG01,LOT-1019,708000,3.3361E+11
2025-04,WH-SMG01,LOT-1104,310000,1.10701E+11
2025-04,WH-SMG01,LOT-1094,2608000,2.08379E+11
2025-04,WH-SMG01,LOT-1009,216000,35056800000
2025-04,WH-SMG01,LOT-1091,126000,10180800000
2025-04,WH-SMG01,LOT-1099,288000,27100800000
2025-04,WH-SMG01,LOT-0472,784000,2.66011E+11
2025-04,WH-SMG01,LOT-0788,672000,32928000000
2025-04,WH-SMG01,LOT-0172,664000,3.45479E+11
2025-04,WH-SMG01,LOT-1190,869333.3333,4.25017E+11
2025-04,WH-SMG01,LOT-0864,1994666.667,1.06954E+12
2025-04,WH-SMG01,LOT-1080,277333.3333,49531733333
2025-04,WH-SMG01,LOT-1184,110666.6667,63544800000
2025-04,WH-SMG01,LOT-0450,4512000,4.3631E+11
2025-04,WH-SMG01,LOT-0179,284000,1.68497E+11
2025-04,WH-SMG01,LOT-0482,288000,58320000000
2025-04,WH-SMG01,LOT-0741,1024000,2.42381E+11
2025-04,WH-SMG01,LOT-0006,262000,36837200000
2025-04,WH-SMG01,LOT-0417,216000,1.0597E+11
2025-04,WH-SMG01,LOT-0036,1200000,3.12E+11
2025-04,WH-SMG01,LOT-0743,32000,7235200000
2025-04,WH-SMG01,LOT-1144,164000,45624800000
2025-04,WH-SMG01,LOT-0971,240000,1.06728E+11
2025-04,WH-SMG01,LOT-0274,312000,1.21087E+11
2025-04,WH-SMG01,LOT-0226,656000,3.26032E+11
2025-04,WH-SMG01,LOT-0123,1882666.667,2.2159E+11
2025-04,WH-SMG01,LOT-0716,530666.6667,2.17786E+11
2025-04,WH-SMG01,LOT-0740,348000,1.97386E+11
2025-04,WH-SMG01,LOT-0286,378000,1.13513E+11
2025-04,WH-SMG01,LOT-0604,725333.3333,1.43543E+11
2025-04,WH-SMG01,LOT-0943,477333.3333,2.58285E+11
2025-04,WH-SMG01,LOT-0296,36000,6080400000
2025-04,WH-SMG01,LOT-1130,1512000,7.42694E+11
2025-04,WH-SMG01,LOT-0863,1800000,8.2782E+11
2025-04,WH-SMG01,LOT-0497,492000,47478000000
2025-04,WH-SMG01,LOT-0432,1624000,6.00718E+11
2025-04,WH-SMG01,LOT-0460,475500,2.72509E+11
2025-04,WH-SMG01,LOT-0115,885333.3333,46922666667
2025-04,WH-SMG01,LOT-0283,1554000,4.1756E+11
2025-04,WH-SMG01,LOT-0241,32000,870400000
2025-04,WH-SMG01,LOT-0294,217333.3333,38359333333
2025-04,WH-SMG01,LOT-0774,65333.33333,16072000000
2025-04,WH-SMG01,LOT-0054,632000,96316800000
2025-04,WH-SMG01,LOT-0870,624000,2.9509E+11
2025-04,WH-SMG01,LOT-0762,222000,17582400000
2025-04,WH-SMG01,LOT-0111,740000,35298000000
2025-04,WH-SMG01,LOT-0218,768000,1.90464E+11
2025-04,WH-SMG01,LOT-1192,480000,1.28976E+11
2025-04,WH-SMG01,LOT-0152,988000,5.59998E+11
2025-04,WH-SMG01,LOT-0977,3555000,1.57842E+12
2025-04,WH-SMG01,LOT-0324,1348000,1.79958E+11
2025-04,WH-SMG01,LOT-0062,272000,36638400000
2025-04,WH-SMG01,LOT-0301,2032000,4.27126E+11
2025-04,WH-SMG01,LOT-0749,302000,69943200000
2025-04,WH-SMG01,LOT-0290,483000,1.54222E+11
2025-04,WH-SMG01,LOT-0162,94666.66667,4619733333
2025-04,WH-SMG01,LOT-0502,534000,38608200000
2025-04,WH-SMG01,LOT-0158,440000,2.20528E+11
2025-04,WH-SMG01,LOT-0026,944000,2.69418E+11
2025-04,WH-SMG01,LOT-1166,470000,15275000000
2025-04,WH-SMG01,LOT-0853,2832000,5.8849E+11
2025-04,WH-SMG01,LOT-0307,890666.6667,1.87931E+11
2025-04,WH-SMG01,LOT-0374,390000,1.45548E+11
2025-04,WH-SMG01,LOT-0963,194666.6667,76757066667
2025-04,WH-SMG01,LOT-0287,58000,16274800000
2025-04,WH-SMG01,LOT-1081,688000,3.03133E+11
2025-04,WH-SMG01,LOT-0614,448000,1.61907E+11
2025-04,WH-SMG01,LOT-0843,1446000,4.93664E+11
2025-04,WH-SMG01,LOT-0691,488000,88376800000
2025-04,WH-SMG01,LOT-0910,2664000,7.54711E+11
2025-04,WH-SMG01,LOT-0028,1296000,3.45773E+11
2025-04,WH-SMG01,LOT-0588,129333.3333,63011200000
2025-04,WH-SMG01,LOT-0228,1664000,8.08371E+11
2025-04,WH-SMG01,LOT-0320,428000,1.46932E+11
2025-04,WH-SMG01,LOT-0066,50666.66667,5968533333
2025-04,WH-SMG01,LOT-0356,209333.3333,24596666667
2025-04,WH-SMG01,LOT-1031,485333.3333,57172266667
2025-04,WH-SMG01,LOT-0329,252000,29433600000
2025-04,WH-SMG01,LOT-0023,64000,18784000000
2025-04,WH-SMG01,LOT-0812,326666.6667,85880666667
2025-04,WH-SMG01,LOT-0868,608000,2.97859E+11
2025-04,WH-SMG01,LOT-0931,112000,70280000000
2025-04,WH-SMG01,LOT-1135,1592000,7.77214E+11
2025-04,WH-SMG01,LOT-0529,506666.6667,1.63907E+11
2025-04,WH-SMG01,LOT-1172,494000,62639200000
2025-04,WH-SMG01,LOT-1028,602666.6667,3.26947E+11
2025-04,WH-SMG01,LOT-0627,1572000,6.01919E+11
2025-04,WH-SMG01,LOT-0466,3050666.667,8.92625E+11
2025-04,WH-SMG01,LOT-0322,380000,42484000000
2025-04,WH-SMG01,LOT-0557,853333.3333,98816000000
2025-04,WH-SMG01,LOT-0189,184000,38161600000
2025-04,WH-SMG01,LOT-1069,1476000,2.51215E+11
2025-04,WH-SMG01,LOT-0257,876000,1.57242E+11
2025-04,WH-SMG01,LOT-0434,5552000,2.35294E+12
2025-04,WH-SMG01,LOT-0821,99000,9256500000
2025-04,WH-SMG01,LOT-0449,832000,89856000000
2025-04,WH-SMG01,LOT-0804,298666.6667,1.19317E+11
2025-04,WH-SMG01,LOT-0377,3120000,1.06954E+12
2025-04,WH-SMG01,LOT-1146,424000,1.09986E+11
2025-04,WH-SMG01,LOT-0159,219000,1.12325E+11
2025-04,WH-SMG01,LOT-0960,837000,2.43065E+11
2025-04,WH-SMG01,LOT-0978,464000,2.09589E+11
2025-04,WH-BKS01,LOT-0727,2048000,5.98016E+11
2025-04,WH-BKS01,LOT-1169,117333.3333,3731200000
2025-04,WH-BKS01,LOT-0797,1584000,5.78002E+11
2025-04,WH-BKS01,LOT-0021,512000,1.50579E+11
2025-04,WH-BKS01,LOT-1149,205000,51373000000
2025-04,WH-BKS01,LOT-0407,334000,1.5354E+11
2025-04,WH-BKS01,LOT-0160,372000,2.03707E+11
2025-04,WH-BKS01,LOT-1185,1200000,6.4464E+11
2025-04,WH-BKS01,LOT-0297,990000,1.69092E+11
2025-04,WH-BKS01,LOT-0664,377000,66691300000
2025-04,WH-BKS01,LOT-0649,334000,94889400000
2025-04,WH-BKS01,LOT-0030,3648000,1.00028E+12
2025-04,WH-BKS01,LOT-0309,981333.3333,2.4288E+11
2025-04,WH-BKS01,LOT-0940,1052000,5.50512E+11
2025-04,WH-BKS01,LOT-0303,600000,1.4802E+11
2025-04,WH-BKS01,LOT-1023,4213333.333,2.17829E+12
2025-04,WH-BKS01,LOT-0233,276000,86774400000
2025-04,WH-BKS01,LOT-0833,458666.6667,1.14942E+11
2025-04,WH-BKS01,LOT-0539,145333.3333,13385200000
2025-04,WH-BKS01,LOT-1067,108000,18327600000
2025-04,WH-BKS01,LOT-0008,1304000,1.82038E+11
2025-04,WH-BKS01,LOT-0923,1328000,3.14736E+11
2025-04,WH-BKS01,LOT-0258,4404000,7.93601E+11
2025-04,WH-BKS01,LOT-0921,270000,72117000000
2025-04,WH-BKS01,LOT-0200,22666.66667,13194266667
2025-04,WH-BKS01,LOT-0075,47333.33333,28882800000
2025-04,WH-BKS01,LOT-0448,877333.3333,89926666667
2025-04,WH-BKS01,LOT-0385,752000,1.96874E+11
2025-04,WH-BKS01,LOT-0861,1017000,5.61282E+11
2025-04,WH-BKS01,LOT-1119,104666.6667,38601066667
2025-04,WH-BKS01,LOT-0341,2773333.333,1.14261E+12
2025-04,WH-BKS01,LOT-0774,792000,2.05999E+11
2025-04,WH-BKS01,LOT-0443,4104000,3.70591E+11
2025-04,WH-BKS01,LOT-0713,125333.3333,53680266667
2025-04,WH-BKS01,LOT-0430,434666.6667,56463200000
2025-04,WH-BKS01,LOT-0392,3210666.667,2.26673E+11
2025-04,WH-BKS01,LOT-1182,183000,98929800000
2025-04,WH-BKS01,LOT-0759,206666.6667,64521333333
2025-04,WH-BKS01,LOT-0746,102666.6667,23171866667
2025-04,WH-BKS01,LOT-0034,388000,92693200000
2025-04,WH-BKS01,LOT-0619,387000,1.59289E+11
2025-04,WH-BKS01,LOT-0629,148000,53294800000
2025-04,WH-BKS01,LOT-1029,1024000,5.47635E+11
2025-04,WH-BKS01,LOT-0256,864000,1.40486E+11
2025-04,WH-BKS01,LOT-0934,650000,3.36895E+11
2025-04,WH-BKS01,LOT-0848,2136000,6.92278E+11
2025-04,WH-BKS01,LOT-0841,440000,1.49116E+11
2025-04,WH-BKS01,LOT-0721,2506666.667,7.6328E+11
2025-04,WH-BKS01,LOT-0722,776000,2.12469E+11
2025-04,WH-BKS01,LOT-1111,256000,1.0432E+11
2025-04,WH-BKS01,LOT-0873,984000,4.11017E+11
2025-04,WH-BKS01,LOT-1072,112000,18390400000
2025-04,WH-BKS01,LOT-0688,240000,69216000000
2025-04,WH-BKS01,LOT-0361,2016000,8.28979E+11
2025-04,WH-BKS01,LOT-0878,1248000,5.148E+11
2025-04,WH-BKS01,LOT-0765,344000,26935200000
2025-04,WH-BKS01,LOT-0363,67500,27391500000
2025-04,WH-BKS01,LOT-1133,51500,28309550000
2025-04,WH-BKS01,LOT-0334,3348000,3.40492E+11
2025-04,WH-BKS01,LOT-1112,356000,1.4806E+11
2025-04,WH-BKS01,LOT-0893,345000,60375000000
2025-04,WH-BKS01,LOT-0782,63000,3698100000
2025-04,WH-BKS01,LOT-0584,26666.66667,11938666667
2025-04,WH-BKS01,LOT-0896,468000,69357600000
2025-04,WH-BKS01,LOT-0581,3829333.333,1.94377E+12
2025-04,WH-BKS01,LOT-0204,852000,3.49916E+11
2025-04,WH-BKS01,LOT-0180,142666.6667,88924133333
2025-04,WH-BKS01,LOT-0213,366000,90731400000
2025-04,WH-BKS01,LOT-0184,225333.3333,46689066667
2025-04,WH-BKS01,LOT-0843,193000,67762300000
2025-04,WH-BKS01,LOT-1017,684000,3.55748E+11
2025-04,WH-BKS01,LOT-1116,418000,1.79447E+11
2025-04,WH-BKS01,LOT-0205,532000,2.13651E+11
2025-04,WH-BKS01,LOT-0910,712000,2.1481E+11
2025-04,WH-BKS01,LOT-1031,1116000,1.193E+11
2025-04,WH-BKS01,LOT-1191,1648000,4.27491E+11
2025-04,WH-BKS01,LOT-0067,3176000,3.96365E+11
2025-04,WH-BKS01,LOT-0594,356000,1.42934E+11
2025-04,WH-BKS01,LOT-0862,1994666.667,1.01309E+12
2025-04,WH-BKS01,LOT-0434,1864000,7.17826E+11
2025-04,WH-BKS01,LOT-0457,258000,1.37669E+11
2025-04,WH-BKS01,LOT-0932,336000,1.96157E+11
2025-04,WH-BKS01,LOT-1130,420000,1.9614E+11
2025-04,WH-BKS01,LOT-0781,214000,11748600000
2025-04,WH-BKS01,LOT-0235,784000,2.4939E+11
2025-04,WH-BKS01,LOT-0401,49333.33333,22949866667
2025-04,WH-BKS01,LOT-0962,176000,84884800000
2025-04,WH-BKS01,LOT-0255,714666.6667,1.29998E+11
2025-04,WH-BKS01,LOT-0719,1240000,4.97116E+11
2025-04,WH-BKS01,LOT-0951,893333.3333,2.73181E+11
2025-04,WH-BKS01,LOT-0846,2208000,7.05235E+11
2025-04,WH-BKS01,LOT-0811,160000,41760000000
2025-04,WH-BKS01,LOT-0016,1360000,63648000000
2025-04,WH-BKS01,LOT-0768,400000,30240000000
2025-04,WH-BKS01,LOT-0459,168000,88519200000
2025-04,WH-BKS01,LOT-1040,3120000,3.40392E+11
2025-04,WH-BKS01,LOT-0549,880000,2.024E+11
2025-04,WH-BKS01,LOT-0542,448000,1.1639E+11
2025-04,WH-BKS01,LOT-0630,2976000,1.05737E+12
2025-04,WH-BKS01,LOT-0850,324000,1.08313E+11
2025-04,WH-BKS01,LOT-0495,112666.6667,11142733333
2025-04,WH-BKS01,LOT-0009,1168000,1.4016E+11
2025-04,WH-BKS01,LOT-0032,3200000,8.5376E+11
2025-04,WH-BKS01,LOT-0054,274000,40880800000
2025-04,WH-BKS01,LOT-0315,3504000,1.17104E+12
2025-04,WH-BKS01,LOT-0767,210666.6667,17948800000
2025-04,WH-BKS01,LOT-1063,1392000,2.17987E+11
2025-04,WH-TNG01,LOT-0892,2160000,3.1968E+11
2025-04,WH-TNG01,LOT-0651,1032000,87204000000
2025-04,WH-TNG01,LOT-0656,44000,4241600000
2025-04,WH-TNG01,LOT-0406,488000,2.44878E+11
2025-04,WH-TNG01,LOT-0404,1077333.333,5.05269E+11
2025-04,WH-TNG01,LOT-0102,1432000,72745600000
2025-04,WH-TNG01,LOT-1012,1637333.333,8.96113E+11
2025-04,WH-TNG01,LOT-1022,714666.6667,3.86992E+11
2025-04,WH-TNG01,LOT-0096,262666.6667,1.24714E+11
2025-04,WH-TNG01,LOT-0563,489333.3333,1.90595E+11
2025-04,WH-TNG01,LOT-0863,1328000,7.25752E+11
2025-04,WH-TNG01,LOT-0245,708000,22656000000
2025-04,WH-TNG01,LOT-0255,1248000,2.42486E+11
2025-04,WH-TNG01,LOT-0928,269333.3333,77972000000
2025-04,WH-TNG01,LOT-0351,3434666.667,4.05634E+11
2025-04,WH-TNG01,LOT-0670,418000,74195000000
2025-04,WH-TNG01,LOT-0785,196000,10446800000
2025-04,WH-TNG01,LOT-0485,237333.3333,47798933333
2025-04,WH-TNG01,LOT-1181,1800000,1.01214E+12
2025-04,WH-TNG01,LOT-0044,426666.6667,1.01717E+11
2025-04,WH-TNG01,LOT-0584,88500,43232250000
2025-04,WH-TNG01,LOT-0037,341333.3333,80110933333
2025-04,WH-TNG01,LOT-1180,2560000,3.2256E+11
2025-04,WH-TNG01,LOT-0010,38000,4993200000
2025-04,WH-TNG01,LOT-0946,1104000,5.98037E+11
2025-04,WH-TNG01,LOT-0583,280000,1.19616E+11
2025-04,WH-TNG01,LOT-0269,1144000,4.53138E+11
2025-04,WH-TNG01,LOT-0825,450000,36945000000
2025-04,WH-TNG01,LOT-0076,69333.33333,38417600000
2025-04,WH-TNG01,LOT-1093,88333.33333,7287500000
2025-04,WH-TNG01,LOT-1081,306666.6667,1.26776E+11
2025-04,WH-TNG01,LOT-0081,293333.3333,28746666667
2025-04,WH-TNG01,LOT-0691,600000,1.1478E+11
2025-04,WH-TNG01,LOT-0034,884000,2.1605E+11
2025-04,WH-TNG01,LOT-0143,202000,49429400000
2025-04,WH-TNG01,LOT-0963,206000,86334600000
2025-04,WH-TNG01,LOT-0195,316000,1.7478E+11
2025-04,WH-TNG01,LOT-0851,678000,1.43058E+11
2025-04,WH-TNG01,LOT-0617,40000,15824000000
2025-04,WH-TNG01,LOT-0650,244000,65001600000
2025-04,WH-TNG01,LOT-0709,128000,65587200000
2025-04,WH-TNG01,LOT-0820,1196000,3.2304E+11
2025-04,WH-TNG01,LOT-0164,50666.66667,2518133333
2025-04,WH-TNG01,LOT-1140,584000,2.95913E+11
2025-04,WH-TNG01,LOT-0642,2576000,7.5992E+11
2025-04,WH-TNG01,LOT-0097,1130666.667,4.79742E+11
2025-04,WH-TNG01,LOT-0806,298666.6667,1.16151E+11
2025-04,WH-TNG01,LOT-0612,1077000,3.93213E+11
2025-04,WH-TNG01,LOT-0931,440000,2.33024E+11
2025-04,WH-TNG01,LOT-1011,327000,1.64187E+11
2025-04,WH-TNG01,LOT-0249,456000,13999200000
2025-04,WH-TNG01,LOT-0766,76000,6209200000
2025-04,WH-TNG01,LOT-0211,35333.33333,7836933333
2025-04,WH-TNG01,LOT-0060,726000,1.1812E+11
2025-04,WH-TNG01,LOT-0459,1149000,6.17588E+11
2025-04,WH-TNG01,LOT-0098,1904000,7.81211E+11
2025-04,WH-TNG01,LOT-0022,110666.6667,33399200000
2025-04,WH-TNG01,LOT-0285,90000,24678000000
2025-04,WH-TNG01,LOT-0216,1269333.333,2.78746E+11
2025-04,WH-TNG01,LOT-0662,22000,4325200000
2025-04,WH-TNG01,LOT-0893,597333.3333,93661866667
2025-04,WH-TNG01,LOT-0464,760000,2.58096E+11
2025-04,WH-TNG01,LOT-0349,234666.6667,85888000000
2025-04,WH-TNG01,LOT-0181,1050666.667,2.4449E+11
2025-04,WH-TNG01,LOT-0392,824000,52324000000
2025-04,WH-TNG01,LOT-0756,658666.6667,2.27306E+11
2025-04,WH-TNG01,LOT-1101,510000,2.18943E+11
2025-04,WH-TNG01,LOT-0011,984000,42902400000
2025-04,WH-TNG01,LOT-0108,117000,6423300000
2025-04,WH-TNG01,LOT-0532,1836000,1.97921E+11
2025-04,WH-TNG01,LOT-0089,2184000,2.36746E+11
2025-04,WH-TNG01,LOT-0227,1042666.667,4.43759E+11
2025-04,WH-TNG01,LOT-0099,70666.66667,28097066667
2025-04,WH-TNG01,LOT-0624,1524000,5.42239E+11
2025-04,WH-TNG01,LOT-0154,512000,2.76685E+11
2025-04,WH-TNG01,LOT-0541,2272000,5.38691E+11
2025-04,WH-TNG01,LOT-0675,762000,3.91897E+11
2025-04,WH-TNG01,LOT-0778,1912000,4.22361E+11
2025-04,WH-TNG01,LOT-0553,277500,32328750000
2025-04,WH-TNG01,LOT-0283,1050000,3.33585E+11
2025-04,WH-TNG01,LOT-1195,5504000,1.67542E+12
2025-04,WH-TNG01,LOT-0944,1240000,6.76296E+11
2025-04,WH-TNG01,LOT-0246,572000,17503200000
2025-04,WH-TNG01,LOT-0259,502666.6667,92440400000
2025-04,WH-TNG01,LOT-0654,640000,65600000000
2025-04,WH-TNG01,LOT-0304,1053000,2.53352E+11
2025-04,WH-TNG01,LOT-1197,308000,84576800000
2025-04,WH-TNG01,LOT-0847,26666.66667,8317333333
2025-04,WH-TNG01,LOT-0916,2048000,3.3833E+11
2025-04,WH-TNG01,LOT-0251,1800000,3.1194E+11
2025-04,WH-TNG01,LOT-1069,772000,1.21281E+11
2025-04,WH-TNG01,LOT-0493,297000,27888300000
2025-04,WH-TNG01,LOT-1184,1160000,6.82776E+11
2025-04,WH-TNG01,LOT-0979,469333.3333,1.94867E+11
2025-04,WH-TNG01,LOT-1004,705000,1.226E+11
2025-04,WH-TNG01,LOT-0575,1233000,3.37226E+11
2025-04,WH-TNG01,LOT-0660,938666.6667,84573866667
2025-04,WH-TNG01,LOT-0989,174000,63788400000
2025-04,WH-TNG01,LOT-0463,981000,3.31284E+11
2025-04,WH-TNG01,LOT-0189,657000,1.3659E+11
2025-04,WH-TNG01,LOT-0607,138666.6667,25584000000
2025-04,WH-TNG01,LOT-0170,728000,34798400000
2025-04,WH-TNG01,LOT-0723,3816000,1.00475E+12
2025-04,WH-TNG01,LOT-1144,1422000,3.86357E+11
2025-04,WH-TNG01,LOT-0497,121333.3333,10568133333
2025-04,WH-TNG01,LOT-0422,36000,5198400000
2025-04,WH-BPR01,LOT-0956,75000,22072500000
2025-04,WH-BPR01,LOT-0308,2552000,6.4489E+11
2025-04,WH-BPR01,LOT-1072,86000,15617600000
2025-04,WH-BPR01,LOT-0594,196000,68286400000
2025-04,WH-BPR01,LOT-1144,2264000,6.57692E+11
2025-04,WH-BPR01,LOT-0334,620000,63488000000
2025-04,WH-BPR01,LOT-0622,274666.6667,93276800000
2025-04,WH-BPR01,LOT-0998,522000,1.10612E+11
2025-04,WH-BPR01,LOT-0591,2370000,9.66723E+11
2025-04,WH-BPR01,LOT-0133,1440000,3.63456E+11
2025-04,WH-BPR01,LOT-0604,256000,42086400000
2025-04,WH-BPR01,LOT-0032,1797333.333,4.30641E+11
2025-04,WH-BPR01,LOT-0930,1648000,3.96838E+11
2025-04,WH-BPR01,LOT-0084,306000,33598800000
2025-04,WH-BPR01,LOT-0446,1432000,1.37758E+11
2025-04,WH-BPR01,LOT-0580,96000,25939200000
2025-04,WH-BPR01,LOT-0253,4864000,9.00813E+11
2025-04,WH-BPR01,LOT-0109,510666.6667,28903733333
2025-04,WH-BPR01,LOT-1001,242666.6667,35890400000
2025-04,WH-BPR01,LOT-0627,78000,29125200000
2025-04,WH-BPR01,LOT-0011,172000,7550800000
2025-04,WH-BPR01,LOT-0882,525000,2.53628E+11
2025-04,WH-BPR01,LOT-0722,112000,30688000000
2025-04,WH-BPR01,LOT-0002,874666.6667,1.20791E+11
2025-04,WH-BPR01,LOT-0103,32000,1843200000
2025-04,WH-BPR01,LOT-0515,1728000,4.40294E+11
2025-04,WH-BPR01,LOT-0283,84000,22411200000
2025-04,WH-BPR01,LOT-0718,221333.3333,88732533333
2025-04,WH-BPR01,LOT-0581,594000,2.77101E+11
2025-04,WH-BPR01,LOT-1029,1048000,4.94866E+11
2025-04,WH-BPR01,LOT-1149,658666.6667,1.58805E+11
2025-04,WH-BPR01,LOT-0318,789000,2.7331E+11
2025-04,WH-BPR01,LOT-0177,176000,1.09138E+11
2025-04,WH-BPR01,LOT-0555,842666.6667,1.00446E+11
2025-04,WH-BPR01,LOT-0293,264000,49262400000
2025-04,WH-BPR01,LOT-0403,568000,2.53612E+11
2025-04,WH-BPR01,LOT-0885,848000,4.13146E+11
2025-04,WH-BPR01,LOT-1199,2046000,5.93545E+11
2025-04,WH-BPR01,LOT-0166,113000,5164100000
2025-04,WH-BPR01,LOT-0596,85333.33333,30122666667
2025-04,WH-BPR01,LOT-0449,2316000,2.3878E+11
2025-04,WH-BPR01,LOT-0066,245333.3333,30126933333
2025-04,WH-BPR01,LOT-0970,242000,1.07496E+11
2025-04,WH-BPR01,LOT-0727,992000,2.82522E+11
2025-04,WH-BPR01,LOT-0510,204000,14239200000
2025-04,WH-BPR01,LOT-0792,408000,1.34681E+11
2025-04,WH-BPR01,LOT-0866,461333.3333,2.23793E+11
2025-04,WH-BPR01,LOT-0818,808000,2.39087E+11
2025-04,WH-BPR01,LOT-0201,118000,50504000000
2025-04,WH-BPR01,LOT-0536,1776000,1.65523E+11
2025-04,WH-BPR01,LOT-0619,300000,1.1409E+11
2025-04,WH-BPR01,LOT-0637,1172000,2.5995E+11
2025-04,WH-BPR01,LOT-0355,1812000,2.04575E+11
2025-04,WH-BPR01,LOT-1155,223333.3333,1.29355E+11
2025-04,WH-BPR01,LOT-0893,1023000,1.7033E+11
2025-04,WH-BPR01,LOT-0661,26000,5363800000
2025-04,WH-BPR01,LOT-1185,372000,2.22605E+11
2025-04,WH-BPR01,LOT-0286,976000,3.09587E+11
2025-04,WH-BPR01,LOT-0409,717000,3.21359E+11
2025-04,WH-BPR01,LOT-0513,172000,40901600000
2025-04,WH-BPR01,LOT-0278,1572000,5.23162E+11
2025-04,WH-BPR01,LOT-0853,1464000,3.3833E+11
2025-04,WH-BPR01,LOT-1136,2136000,1.0428E+12
2025-04,WH-BPR01,LOT-0617,2040000,7.25424E+11
2025-04,WH-BPR01,LOT-0625,1020000,3.93312E+11
2025-04,WH-BPR01,LOT-0176,1602000,9.03848E+11
2025-04,WH-BPR01,LOT-0609,152000,26296000000
2025-04,WH-BPR01,LOT-1161,3160000,1.11548E+11
2025-04,WH-BPR01,LOT-0945,1648000,8.1988E+11
2025-04,WH-BPR01,LOT-1118,1340000,5.26486E+11
2025-04,WH-BPR01,LOT-0376,164000,60040400000
2025-04,WH-BPR01,LOT-0770,145500,11509050000
2025-04,WH-BPR01,LOT-0895,4224000,7.26106E+11
2025-04,WH-BPR01,LOT-0197,1644000,8.64415E+11
2025-04,WH-BPR01,LOT-0284,1086000,3.07012E+11
2025-04,WH-BPR01,LOT-1079,201333.3333,34810533333
2025-04,WH-BPR01,LOT-0906,642000,1.93049E+11
2025-04,WH-BPR01,LOT-0642,78000,19968000000
2025-04,WH-BPR01,LOT-1032,1140000,1.18674E+11
2025-04,WH-BPR01,LOT-0733,864000,5.05354E+11
2025-04,WH-BPR01,LOT-0960,520000,1.58496E+11
2025-04,WH-BPR01,LOT-0726,992000,2.73098E+11
2025-04,WH-BPR01,LOT-0876,656000,2.95134E+11
2025-04,WH-BPR01,LOT-0862,253333.3333,1.37028E+11
2025-04,WH-BPR01,LOT-0841,464000,1.65834E+11
2025-04,WH-BPR01,LOT-0057,125333.3333,20842933333
2025-04,WH-BPR01,LOT-1145,904500,2.5534E+11
2025-04,WH-BPR01,LOT-0055,1760000,3.04128E+11
2025-04,WH-BPR01,LOT-0863,108000,56289600000
2025-04,WH-MLG01,LOT-0077,1448000,8.68076E+11
2025-04,WH-MLG01,LOT-0150,2424000,6.01879E+11
2025-04,WH-MLG01,LOT-0905,1112000,3.22814E+11
2025-04,WH-MLG01,LOT-0767,336000,25267200000
2025-04,WH-MLG01,LOT-0061,552000,63369600000
2025-04,WH-MLG01,LOT-0357,528000,56443200000
2025-04,WH-MLG01,LOT-0658,145333.3333,13661333333
2025-04,WH-MLG01,LOT-0221,2026666.667,8.98421E+11
2025-04,WH-MLG01,LOT-0921,522666.6667,1.4227E+11
2025-04,WH-MLG01,LOT-0774,768000,1.78483E+11
2025-04,WH-MLG01,LOT-0273,84000,31684800000
2025-04,WH-MLG01,LOT-1176,293000,42895200000
2025-04,WH-MLG01,LOT-1140,1456000,8.38074E+11
2025-04,WH-MLG01,LOT-0410,122666.6667,55813333333
2025-04,WH-MLG01,LOT-0401,109333.3333,56284800000
2025-04,WH-MLG01,LOT-0518,1658666.667,4.26941E+11
2025-04,WH-MLG01,LOT-1006,15333.33333,2615866667
2025-04,WH-MLG01,LOT-0897,666666.6667,1.18467E+11
2025-04,WH-MLG01,LOT-0586,1144000,5.56442E+11
2025-04,WH-MLG01,LOT-0462,87000,24238200000
2025-04,WH-MLG01,LOT-0413,3168000,1.62772E+12
2025-04,WH-MLG01,LOT-0332,1472000,1.63981E+11
2025-04,WH-MLG01,LOT-0889,213333.3333,1.06048E+11
2025-04,WH-MLG01,LOT-1083,161333.3333,62984533333
2025-04,WH-MLG01,LOT-0394,528000,31152000000
2025-04,WH-MLG01,LOT-0177,420000,2.40702E+11
2025-04,WH-MLG01,LOT-1193,530666.6667,1.55963E+11
2025-04,WH-MLG01,LOT-0050,764000,1.65024E+11
2025-04,WH-MLG01,LOT-0198,502000,2.51803E+11
2025-04,WH-MLG01,LOT-0417,2117333.333,1.12473E+12
2025-04,WH-MLG01,LOT-0069,92000,11104400000
2025-04,WH-MLG01,LOT-0288,1784000,5.29134E+11
2025-04,WH-MLG01,LOT-0011,64000,3001600000
2025-04,WH-MLG01,LOT-0737,1280000,7.97056E+11
2025-04,WH-MLG01,LOT-0836,1158000,2.56844E+11
2025-04,WH-MLG01,LOT-1164,180000,6066000000
2025-04,WH-MLG01,LOT-1120,90666.66667,33773333333
2025-04,WH-MLG01,LOT-0148,78000,19851000000
2025-04,WH-MLG01,LOT-0698,968000,1.73369E+11
2025-04,WH-MLG01,LOT-0380,520000,2.01448E+11
2025-04,WH-MLG01,LOT-1082,372000,1.63829E+11
2025-04,WH-MLG01,LOT-1017,96000,53712000000
2025-04,WH-MLG01,LOT-0390,264000,78856800000
2025-04,WH-MLG01,LOT-0425,352000,46076800000
2025-04,WH-MLG01,LOT-1169,687000,21915300000
2025-04,WH-MLG01,LOT-0971,108000,42692400000
2025-04,WH-MLG01,LOT-1026,3756000,1.95312E+12
2025-04,WH-MLG01,LOT-0722,260000,82134000000
2025-04,WH-MLG01,LOT-0731,106500,61546350000
2025-04,WH-MLG01,LOT-1145,2000000,5.536E+11
2025-04,WH-MLG01,LOT-0283,909333.3333,2.43156E+11
2025-04,WH-MLG01,LOT-0138,1197000,3.07988E+11
2025-04,WH-MLG01,LOT-0899,660000,1.07118E+11
2025-04,WH-MLG01,LOT-0876,6096000,2.65481E+12
2025-04,WH-MLG01,LOT-0771,702000,1.70656E+11
2025-04,WH-MLG01,LOT-0146,159000,43422900000
2025-04,WH-MLG01,LOT-1166,765333.3333,25026400000
2025-04,WH-MLG01,LOT-0161,1017000,47493900000
2025-04,WH-MLG01,LOT-0261,846000,3.5329E+11
2025-04,WH-MLG01,LOT-1060,752000,97910400000
2025-04,WH-MLG01,LOT-0611,64000,23769600000
2025-04,WH-MLG01,LOT-0207,860000,3.87E+11
2025-04,WH-MLG01,LOT-0242,1722666.667,50646400000
2025-04,WH-MLG01,LOT-1022,60000,28326000000
2025-04,WH-MLG01,LOT-0473,225000,90495000000
2025-04,WH-MLG01,LOT-0106,1445333.333,73856533333
2025-04,WH-MLG01,LOT-1108,2304000,9.2736E+11
2025-04,WH-MLG01,LOT-0678,357333.3333,1.88636E+11
2025-04,WH-MLG01,LOT-0047,102666.6667,22268400000
2025-04,WH-MLG01,LOT-0459,250000,1.45975E+11
2025-04,WH-MLG01,LOT-0594,2696000,1.07597E+12
2025-04,WH-MLG01,LOT-0515,252000,55540800000
2025-04,WH-MLG01,LOT-0800,88000,27684800000
2025-04,WH-MLG01,LOT-0733,918000,5.06277E+11
2025-04,WH-MLG01,LOT-0140,128000,27366400000
2025-04,WH-MLG01,LOT-0324,2536000,3.03306E+11
2025-04,WH-MLG01,LOT-0590,37333.33333,18666666667
2025-04,WH-MLG01,LOT-0154,1206000,6.13613E+11
2025-04,WH-MLG01,LOT-1095,238000,19087600000
2025-04,WH-MLG01,LOT-1179,1188000,1.65607E+11
2025-04,WH-MLG01,LOT-0495,1246500,1.02961E+11
2025-04,WH-MLG01,LOT-1061,966000,1.4973E+11
2025-04,WH-MLG01,LOT-1025,526666.6667,2.56697E+11
2025-04,WH-MLG01,LOT-0640,18000,4440600000
2025-04,WH-MLG01,LOT-0818,1042666.667,3.20724E+11
2025-04,WH-MLG01,LOT-0117,1112000,61938400000
2025-04,WH-MLG01,LOT-1119,1637333.333,6.06959E+11
2025-04,WH-SLO01,LOT-0699,144000,28756800000
2025-04,WH-SLO01,LOT-0889,182666.6667,94310800000
2025-04,WH-SLO01,LOT-0876,39000,16528200000
2025-04,WH-SLO01,LOT-0117,1480000,77996000000
2025-04,WH-SLO01,LOT-0224,108000,50706000000
2025-04,WH-SLO01,LOT-1134,1962666.667,9.68576E+11
2025-04,WH-SLO01,LOT-0795,528000,1.72498E+11
2025-04,WH-SLO01,LOT-0589,177333.3333,75047466667
2025-04,WH-SLO01,LOT-1096,290666.6667,23950933333
2025-04,WH-SLO01,LOT-0950,390000,2.28189E+11
2025-04,WH-SLO01,LOT-0869,2118000,1.05942E+12
2025-04,WH-SLO01,LOT-1173,3996000,5.30669E+11
2025-04,WH-SLO01,LOT-1164,298000,9416800000
2025-04,WH-SLO01,LOT-1063,2064000,3.62851E+11
2025-04,WH-SLO01,LOT-0533,504000,48988800000
2025-04,WH-SLO01,LOT-0333,1278000,1.56555E+11
2025-04,WH-SLO01,LOT-0781,392000,21089600000
2025-04,WH-SLO01,LOT-0958,1240000,3.5526E+11
2025-04,WH-SLO01,LOT-0488,928000,1.89405E+11
2025-04,WH-SLO01,LOT-0271,816000,3.15384E+11
2025-04,WH-SLO01,LOT-0032,614000,1.44413E+11
2025-04,WH-SLO01,LOT-0575,1264000,3.48485E+11
2025-04,WH-SLO01,LOT-0562,3520000,1.38758E+12
2025-04,WH-SLO01,LOT-0176,512000,2.9184E+11
2025-04,WH-SLO01,LOT-0512,604000,1.54684E+11
2025-04,WH-SLO01,LOT-1112,345000,1.32549E+11
2025-04,WH-SLO01,LOT-0606,1818000,2.97425E+11
2025-04,WH-SLO01,LOT-0692,4010666.667,6.77803E+11
2025-04,WH-SLO01,LOT-1170,1580000,59724000000
2025-04,WH-SLO01,LOT-0809,30000,13587000000
2025-04,WH-SLO01,LOT-0080,476000,2.67274E+11
2025-04,WH-SLO01,LOT-0741,897000,2.17971E+11
2025-04,WH-SLO01,LOT-0551,6080000,7.2656E+11
2025-04,WH-SLO01,LOT-0514,380000,85728000000
2025-04,WH-SLO01,LOT-0026,183333.3333,56650000000
2025-04,WH-SLO01,LOT-0255,1680000,2.98368E+11
2025-04,WH-SLO01,LOT-0629,1638000,6.06388E+11
2025-04,WH-SLO01,LOT-1165,222666.6667,7236666667
2025-04,WH-SLO01,LOT-0658,199333.3333,17740666667
2025-04,WH-SLO01,LOT-0542,1032000,2.48506E+11
2025-04,WH-SLO01,LOT-0367,2122666.667,8.69869E+11
2025-04,WH-SLO01,LOT-0909,41000,11422600000
2025-04,WH-SLO01,LOT-0948,776000,4.66842E+11
2025-04,WH-SLO01,LOT-0036,1077000,2.66019E+11
2025-04,WH-SLO01,LOT-0901,1013333.333,3.12411E+11
2025-04,WH-SLO01,LOT-0019,285333.3333,13153866667
2025-04,WH-SLO01,LOT-0956,986666.6667,2.79128E+11
2025-04,WH-SLO01,LOT-0076,176000,1.05987E+11
2025-04,WH-SLO01,LOT-0735,5424000,3.05588E+12
2025-04,WH-SLO01,LOT-0984,325333.3333,1.20764E+11
2025-04,WH-SLO01,LOT-1140,584000,2.96146E+11
2025-04,WH-SLO01,LOT-0447,46000,5000200000
2025-04,WH-SLO01,LOT-0837,520000,1.25996E+11
2025-04,WH-SLO01,LOT-0120,284000,15392800000
2025-04,WH-SLO01,LOT-1187,1380000,6.95244E+11
2025-04,WH-SLO01,LOT-0163,552000,28980000000
2025-04,WH-SLO01,LOT-0567,1909333.333,7.21537E+11
2025-04,WH-SLO01,LOT-1130,368000,1.72813E+11
2025-04,WH-SLO01,LOT-0644,350666.6667,1.09373E+11
2025-04,WH-SLO01,LOT-0132,897000,2.11064E+11
2025-04,WH-SLO01,LOT-0903,400000,1.0532E+11
2025-04,WH-SLO01,LOT-0369,388000,1.55937E+11
2025-04,WH-SLO01,LOT-0529,96000,27225600000
2025-04,WH-SLO01,LOT-0566,1314000,4.91042E+11
2025-04,WH-SLO01,LOT-0532,192000,20198400000
2025-04,WH-SLO01,LOT-1014,2940000,1.60289E+12
2025-04,WH-SLO01,LOT-0261,1104000,5.16562E+11
2025-04,WH-SLO01,LOT-0466,675000,1.87515E+11
2025-04,WH-SLO01,LOT-0358,480000,62400000000
2025-04,WH-SLO01,LOT-0301,216000,50436000000
2025-04,WH-SLO01,LOT-0102,276000,16256400000
2025-04,WH-SLO01,LOT-0477,1326000,4.82266E+11
2025-04,WH-SLO01,LOT-0235,2240000,6.84768E+11
2025-04,WH-SLO01,LOT-0079,512000,2.96243E+11
2025-04,WH-SLO01,LOT-0378,130000,44954000000
2025-04,WH-SLO01,LOT-1038,531000,60693300000
2025-04,WH-SLO01,LOT-0902,1920000,4.9536E+11
2025-04,WH-SLO01,LOT-1188,3989333.333,1.96714E+12
2025-04,WH-SLO01,LOT-0650,1532000,4.72162E+11
2025-04,WH-SLO01,LOT-0086,624000,73444800000
2025-04,WH-SLO01,LOT-0467,5232000,1.59838E+12
2025-04,WH-YOG01,LOT-0593,2080000,7.26336E+11
2025-04,WH-YOG01,LOT-0978,262666.6667,1.16519E+11
2025-04,WH-YOG01,LOT-0276,78000,28649400000
2025-04,WH-YOG01,LOT-0376,840000,2.98956E+11
2025-04,WH-YOG01,LOT-1044,506000,37393400000
2025-04,WH-YOG01,LOT-0172,760000,4.32212E+11
2025-04,WH-YOG01,LOT-0312,288000,94550400000
2025-04,WH-YOG01,LOT-0016,400000,20800000000
2025-04,WH-YOG01,LOT-0758,1687500,6.02438E+11
2025-04,WH-YOG01,LOT-0929,3000,778500000
2025-04,WH-YOG01,LOT-0777,1024000,2.54976E+11
2025-04,WH-YOG01,LOT-0657,74000,7192800000
2025-04,WH-YOG01,LOT-0899,36000,5749200000
2025-04,WH-YOG01,LOT-0362,834000,3.18004E+11
2025-04,WH-YOG01,LOT-1042,492000,34735200000
2025-04,WH-YOG01,LOT-0573,220666.6667,62713466667
2025-04,WH-YOG01,LOT-0199,1104000,6.31598E+11
2025-04,WH-YOG01,LOT-0476,1034666.667,4.19143E+11
2025-04,WH-YOG01,LOT-0609,123000,24083400000
2025-04,WH-YOG01,LOT-1011,925333.3333,4.7849E+11
2025-04,WH-YOG01,LOT-0699,654000,1.16608E+11
2025-04,WH-YOG01,LOT-0099,748000,3.27699E+11
2025-04,WH-YOG01,LOT-1156,468000,2.40458E+11
2025-04,WH-YOG01,LOT-1061,62000,11699400000
2025-04,WH-YOG01,LOT-1076,3128000,5.89628E+11
2025-04,WH-YOG01,LOT-1188,657000,3.93674E+11
2025-04,WH-YOG01,LOT-1041,684000,44938800000
2025-04,WH-YOG01,LOT-0874,444000,1.66722E+11
2025-04,WH-YOG01,LOT-0585,322666.6667,1.64302E+11
2025-04,WH-YOG01,LOT-0662,7317333.333,1.27687E+12
2025-04,WH-YOG01,LOT-0787,541500,28699500000
2025-04,WH-YOG01,LOT-0653,420000,41370000000
2025-04,WH-YOG01,LOT-0366,378000,1.5086E+11
2025-04,WH-YOG01,LOT-0294,510000,91035000000
2025-04,WH-YOG01,LOT-0086,949333.3333,97116800000
2025-04,WH-YOG01,LOT-0432,204000,75949200000
2025-04,WH-YOG01,LOT-0882,460000,2.33588E+11
2025-04,WH-YOG01,LOT-1064,285333.3333,44540533333
2025-04,WH-YOG01,LOT-0570,3200000,1.21184E+12
2025-04,WH-YOG01,LOT-1178,700000,90790000000
2025-04,WH-YOG01,LOT-0644,820000,2.4723E+11
2025-04,WH-YOG01,LOT-0204,888000,3.74825E+11
2025-04,WH-YOG01,LOT-0712,21333.33333,7961600000
2025-04,WH-YOG01,LOT-0584,251333.3333,1.09858E+11
2025-04,WH-YOG01,LOT-0340,990000,1.19394E+11
2025-04,WH-YOG01,LOT-0243,216000,6285600000
2025-04,WH-YOG01,LOT-0590,1416000,6.67786E+11
2025-04,WH-YOG01,LOT-0561,360000,1.42668E+11
2025-04,WH-YOG01,LOT-0997,2600000,5.6446E+11
2025-04,WH-YOG01,LOT-0459,3402666.667,1.95177E+12
2025-04,WH-YOG01,LOT-0347,284000,1.14168E+11
2025-04,WH-YOG01,LOT-0591,30000,12417000000
2025-04,WH-YOG01,LOT-0532,40000,4284000000
2025-04,WH-YOG01,LOT-0218,68000,17102000000
2025-04,WH-YOG01,LOT-0475,350000,1.4273E+11
2025-04,WH-YOG01,LOT-0571,529333.3333,1.64093E+11
2025-04,WH-YOG01,LOT-0289,296000,89717600000
2025-04,WH-YOG01,LOT-0197,540000,2.80854E+11
2025-04,WH-YOG01,LOT-0424,2511000,3.39487E+11
2025-04,WH-YOG01,LOT-1131,226666.6667,1.3056E+11
2025-04,WH-YOG01,LOT-0346,828000,3.50327E+11
2025-04,WH-YOG01,LOT-0057,325333.3333,49320533333
2025-04,WH-YOG01,LOT-0082,58000,6826600000
2025-04,WH-YOG01,LOT-1106,2088000,8.1599E+11
2025-04,WH-YOG01,LOT-1102,768000,3.20717E+11
2025-04,WH-YOG01,LOT-0400,44000,2600400000
2025-04,WH-YOG01,LOT-0014,80000,4008000000
2025-04,WH-YOG01,LOT-1001,730666.6667,1.05581E+11
2025-04,WH-YOG01,LOT-0053,1248000,2.10163E+11
2025-04,WH-YOG01,LOT-0757,26000,8182200000
2025-04,WH-YOG01,LOT-0417,848000,4.16114E+11
2025-04,WH-YOG01,LOT-0578,874666.6667,2.71497E+11
2025-04,WH-YOG01,LOT-1170,1048000,32278400000
2025-04,WH-YOG01,LOT-0912,2069333.333,3.0233E+11
2025-04,WH-YOG01,LOT-1067,792000,1.40659E+11
2025-04,WH-YOG01,LOT-0259,144000,27446400000
2025-04,WH-YOG01,LOT-0930,190666.6667,53996800000
2025-04,WH-YOG01,LOT-0605,528000,87225600000
2025-04,WH-YOG01,LOT-0225,249333.3333,1.19555E+11
2025-04,WH-YOG01,LOT-0246,1140000,32946000000
2025-04,WH-YOG01,LOT-0911,24000,4003200000
2025-04,WH-YOG01,LOT-0886,752000,3.60734E+11
2025-04,WH-YOG01,LOT-0539,656000,60417600000
2025-04,WH-YOG01,LOT-0178,1632000,9.85891E+11
2025-04,WH-YOG01,LOT-0281,554666.6667,1.74165E+11
2025-04,WH-YOG01,LOT-0239,492000,1.53061E+11
2025-04,WH-YOG01,LOT-0725,1184000,3.39453E+11
2025-04,WH-YOG01,LOT-0162,170666.6667,8072533333
2025-04,WH-YOG01,LOT-0456,717000,3.76712E+11
2025-04,WH-YOG01,LOT-0153,560000,3.16848E+11
2025-04,WH-YOG01,LOT-0670,6400000,1.20896E+12
2025-04,WH-YOG01,LOT-0321,2464000,2.97405E+11
2025-04,WH-YOG01,LOT-1039,354000,43577400000
2025-04,WH-YOG01,LOT-0687,146000,36368600000
2025-04,WH-YOG01,LOT-0566,1200000,5.1252E+11
2025-04,WH-YOG01,LOT-1051,2224000,2.89787E+11
2025-04,WH-YOG01,LOT-0152,1066666.667,4.9344E+11
2025-04,WH-YOG01,LOT-0645,2072000,6.14762E+11
2025-04,WH-YOG01,LOT-0079,585000,3.41933E+11
2025-04,WH-YOG01,LOT-0888,986666.6667,4.24859E+11
2025-04,WH-YOG01,LOT-0206,476000,2.08678E+11
2025-04,WH-YOG01,LOT-1068,17000,2859400000
2025-04,WH-YOG01,LOT-0651,328000,30208800000
2025-04,WH-YOG01,LOT-0390,1328000,3.77152E+11
2025-04,WH-YOG01,LOT-1144,334000,85904800000
2025-04,WH-YOG01,LOT-0073,702000,4.1418E+11
2025-04,WH-YOG01,LOT-0017,70500,3066750000
2025-05,WH-JKT01,LOT-0426,14000,1941800000
2025-05,WH-JKT01,LOT-1004,808000,1.19342E+11
2025-05,WH-JKT01,LOT-0512,318000,78546000000
2025-05,WH-JKT01,LOT-0172,522000,2.71701E+11
2025-05,WH-JKT01,LOT-0290,2592000,7.55827E+11
2025-05,WH-JKT01,LOT-0826,453333.3333,35994666667
2025-05,WH-JKT01,LOT-0970,2640000,1.17559E+12
2025-05,WH-JKT01,LOT-1072,160000,27648000000
2025-05,WH-JKT01,LOT-1161,96000,3580800000
2025-05,WH-JKT01,LOT-0477,290000,1.03878E+11
2025-05,WH-JKT01,LOT-0121,2676000,3.10416E+11
2025-05,WH-JKT01,LOT-1011,966000,4.87057E+11
2025-05,WH-JKT01,LOT-0517,2382000,5.71918E+11
2025-05,WH-JKT01,LOT-0844,540000,1.80306E+11
2025-05,WH-JKT01,LOT-0638,3996000,9.37861E+11
2025-05,WH-JKT01,LOT-0692,176000,32736000000
2025-05,WH-JKT01,LOT-0309,304000,74206400000
2025-05,WH-JKT01,LOT-0075,1184000,6.11299E+11
2025-05,WH-JKT01,LOT-0659,1172000,99971600000
2025-05,WH-JKT01,LOT-1158,272000,1.5553E+11
2025-05,WH-JKT01,LOT-0833,1058666.667,2.364E+11
2025-05,WH-JKT01,LOT-0012,897000,45029400000
2025-05,WH-JKT01,LOT-0550,1232000,3.14653E+11
2025-05,WH-JKT01,LOT-0429,509333.3333,79303200000
2025-05,WH-JKT01,LOT-1152,3123000,1.90441E+12
2025-05,WH-JKT01,LOT-1001,298666.6667,43814400000
2025-05,WH-JKT01,LOT-1118,246000,1.06961E+11
2025-05,WH-JKT01,LOT-1024,51000,27999000000
2025-05,WH-JKT01,LOT-0642,638000,1.67156E+11
2025-05,WH-JKT01,LOT-0483,474666.6667,99157866667
2025-05,WH-JKT01,LOT-0660,26666.66667,2389333333
2025-05,WH-JKT01,LOT-0945,62000,31334800000
2025-05,WH-JKT01,LOT-0990,613333.3333,2.26565E+11
2025-05,WH-JKT01,LOT-1054,2624000,3.2905E+11
2025-05,WH-JKT01,LOT-1137,174000,98675400000
2025-05,WH-JKT01,LOT-0167,128000,6400000000
2025-05,WH-JKT01,LOT-0216,2376000,5.96851E+11
2025-05,WH-JKT01,LOT-0872,1098000,4.46117E+11
2025-05,WH-JKT01,LOT-0159,328000,1.80925E+11
2025-05,WH-JKT01,LOT-0770,445333.3333,34914133333
2025-05,WH-JKT01,LOT-0261,837333.3333,3.89695E+11
2025-05,WH-JKT01,LOT-0028,1080000,3.4344E+11
2025-05,WH-JKT01,LOT-0332,1568000,1.85181E+11
2025-05,WH-JKT01,LOT-1065,912000,1.58779E+11
2025-05,WH-JKT01,LOT-0249,2295000,70456500000
2025-05,WH-JKT01,LOT-0341,1064000,4.3475E+11
2025-05,WH-JKT01,LOT-0405,2320000,1.18274E+12
2025-05,WH-JKT01,LOT-0897,338000,53167400000
2025-05,WH-JKT01,LOT-0233,272000,86006400000
2025-05,WH-JKT01,LOT-0080,3888000,2.27604E+12
2025-05,WH-JKT01,LOT-0869,1638000,8.74201E+11
2025-05,WH-JKT01,LOT-1015,1216000,6.46304E+11
2025-05,WH-JKT01,LOT-0350,272000,1.04339E+11
2025-05,WH-JKT01,LOT-1075,144000,28065600000
2025-05,WH-JKT01,LOT-0998,13333.33333,2952000000
2025-05,WH-JKT01,LOT-0287,63000,18597600000
2025-05,WH-JKT01,LOT-1121,74666.66667,36400000000
2025-05,WH-JKT01,LOT-0857,346000,72763800000
2025-05,WH-JKT01,LOT-0818,1544000,4.76942E+11
2025-05,WH-JKT01,LOT-0019,174666.6667,9030266667
2025-05,WH-JKT01,LOT-0608,2835000,4.89888E+11
2025-05,WH-JKT01,LOT-0241,448000,12588800000
2025-05,WH-JKT01,LOT-0892,1000000,1.59E+11
2025-05,WH-JKT01,LOT-0603,2166000,4.10024E+11
2025-05,WH-JKT01,LOT-0556,580000,72384000000
2025-05,WH-JKT01,LOT-1071,4752000,9.06682E+11
2025-05,WH-JKT01,LOT-0661,558000,1.15562E+11
2025-05,WH-JKT01,LOT-0762,948000,75934800000
2025-05,WH-JKT01,LOT-1155,768000,4.01587E+11
2025-05,WH-JKT01,LOT-0340,776000,94672000000
2025-05,WH-JKT01,LOT-0595,778000,2.96963E+11
2025-05,WH-JKT01,LOT-0419,77333.33333,38071200000
2025-05,WH-JKT01,LOT-0761,114000,9097200000
2025-05,WH-JKT01,LOT-1064,493333.3333,78637333333
2025-05,WH-JKT01,LOT-0515,4064000,9.28218E+11
2025-05,WH-JKT01,LOT-0967,1152000,4.62182E+11
2025-05,WH-JKT01,LOT-0948,792000,3.92911E+11
2025-05,WH-JKT01,LOT-0432,441333.3333,1.80417E+11
2025-05,WH-JKT01,LOT-0677,220000,1.0923E+11
2025-05,WH-JKT01,LOT-0278,1132000,3.82276E+11
2025-05,WH-JKT01,LOT-0337,312000,36410400000
2025-05,WH-JKT01,LOT-1074,2292000,3.67637E+11
2025-05,WH-JKT01,LOT-0971,1396000,6.16334E+11
2025-05,WH-JKT01,LOT-0021,890666.6667,2.8056E+11
2025-05,WH-JKT01,LOT-0651,242666.6667,24533600000
2025-05,WH-JKT01,LOT-0853,1220000,2.93654E+11
2025-05,WH-JKT01,LOT-0368,2304000,8.61005E+11
2025-05,WH-JKT01,LOT-0308,690000,1.5732E+11
2025-05,WH-JKT01,LOT-0964,461333.3333,2.10183E+11
2025-05,WH-JKT01,LOT-0138,152000,33500800000
2025-05,WH-SBY01,LOT-0303,234666.6667,54231466667
2025-05,WH-SBY01,LOT-0547,200000,52620000000
2025-05,WH-SBY01,LOT-0172,687000,4.16391E+11
2025-05,WH-SBY01,LOT-0354,952000,1.14335E+11
2025-05,WH-SBY01,LOT-0909,960000,2.66304E+11
2025-05,WH-SBY01,LOT-0092,139333.3333,60150200000
2025-05,WH-SBY01,LOT-0565,1032000,3.8473E+11
2025-05,WH-SBY01,LOT-0407,1045333.333,5.01969E+11
2025-05,WH-SBY01,LOT-1036,336000,39076800000
2025-05,WH-SBY01,LOT-0839,421333.3333,87131733333
2025-05,WH-SBY01,LOT-0355,744000,92479200000
2025-05,WH-SBY01,LOT-0007,2112000,2.55763E+11
2025-05,WH-SBY01,LOT-0638,2007000,4.82081E+11
2025-05,WH-SBY01,LOT-0561,600000,2.3106E+11
2025-05,WH-SBY01,LOT-1149,12666.66667,3154000000
2025-05,WH-SBY01,LOT-0719,60000,25632000000
2025-05,WH-SBY01,LOT-0242,206666.6667,6675333333
2025-05,WH-SBY01,LOT-0700,1638000,2.7977E+11
2025-05,WH-SBY01,LOT-0955,196666.6667,57839666667
2025-05,WH-SBY01,LOT-1164,284000,10053600000
2025-05,WH-SBY01,LOT-0177,192000,1.20077E+11
2025-05,WH-SBY01,LOT-1160,652000,3.88657E+11
2025-05,WH-SBY01,LOT-0949,924000,5.37676E+11
2025-05,WH-SBY01,LOT-0181,159333.3333,33762733333
2025-05,WH-SBY01,LOT-0239,1280000,3.36256E+11
2025-05,WH-SBY01,LOT-0186,160000,32464000000
2025-05,WH-SBY01,LOT-0374,372000,1.2767E+11
2025-05,WH-SBY01,LOT-0381,122666.6667,32089600000
2025-05,WH-SBY01,LOT-0651,218000,20034200000
2025-05,WH-SBY01,LOT-0042,2000000,4.548E+11
2025-05,WH-SBY01,LOT-0347,1420000,5.65018E+11
2025-05,WH-SBY01,LOT-0022,1045333.333,2.72205E+11
2025-05,WH-SBY01,LOT-0446,458666.6667,44261333333
2025-05,WH-SBY01,LOT-0768,369000,29040300000
2025-05,WH-SBY01,LOT-0943,618000,3.52322E+11
2025-05,WH-SBY01,LOT-0167,984000,50380800000
2025-05,WH-SBY01,LOT-0506,645333.3333,45431466667
2025-05,WH-SBY01,LOT-0631,592500,1.46348E+11
2025-05,WH-SBY01,LOT-0392,1082666.667,65393066667
2025-05,WH-SBY01,LOT-0272,131666.6667,50928666667
2025-05,WH-SBY01,LOT-0636,1254000,3.01085E+11
2025-05,WH-SBY01,LOT-0110,397333.3333,22965866667
2025-05,WH-SBY01,LOT-0777,1512000,4.01285E+11
2025-05,WH-SBY01,LOT-0588,2480000,1.12642E+12
2025-05,WH-SBY01,LOT-0365,82000,29552800000
2025-05,WH-SBY01,LOT-0572,462666.6667,1.42686E+11
2025-05,WH-SBY01,LOT-0288,813333.3333,2.14964E+11
2025-05,WH-SBY01,LOT-1158,421333.3333,2.20526E+11
2025-05,WH-SBY01,LOT-0647,250000,68825000000
2025-05,WH-SBY01,LOT-0848,358000,1.18068E+11
2025-05,WH-SBY01,LOT-0463,26666.66667,8424000000
2025-05,WH-SBY01,LOT-0386,778000,2.13328E+11
2025-05,WH-SBY01,LOT-0559,117333.3333,14701866667
2025-05,WH-SBY01,LOT-0409,200000,94040000000
2025-05,WH-SBY01,LOT-0363,27000,9444600000
2025-05,WH-SBY01,LOT-0605,605333.3333,1.00425E+11
2025-05,WH-SBY01,LOT-0532,2144000,2.22976E+11
2025-05,WH-SBY01,LOT-0901,1184000,3.08432E+11
2025-05,WH-SBY01,LOT-0542,874666.6667,2.13331E+11
2025-05,WH-SBY01,LOT-0190,1004000,1.96182E+11
2025-05,WH-SBY01,LOT-1004,220000,32362000000
2025-05,WH-SBY01,LOT-0728,416000,1.2351E+11
2025-05,WH-SBY01,LOT-1186,314666.6667,1.70329E+11
2025-05,WH-SBY01,LOT-0745,94000,21516600000
2025-05,WH-SBY01,LOT-0715,1520000,5.46288E+11
2025-05,WH-SBY01,LOT-1072,1696000,3.2224E+11
2025-05,WH-SBY01,LOT-0921,66000,16130400000
2025-05,WH-SBY01,LOT-0350,210000,83895000000
2025-05,WH-SBY01,LOT-0076,804000,4.62782E+11
2025-05,WH-SBY01,LOT-1199,40000,11292000000
2025-05,WH-SBY01,LOT-0790,928000,49184000000
2025-05,WH-SBY01,LOT-0319,6384000,2.0282E+12
2025-05,WH-SBY01,LOT-1102,222000,83871600000
2025-05,WH-SBY01,LOT-1165,658000,20661200000
2025-05,WH-SBY01,LOT-0432,1253333.333,4.90805E+11
2025-05,WH-SBY01,LOT-0889,329333.3333,1.61439E+11
2025-05,WH-SBY01,LOT-0711,2965333.333,1.27895E+12
2025-05,WH-SBY01,LOT-0592,165333.3333,66265600000
2025-05,WH-SBY01,LOT-0425,296000,43038400000
2025-05,WH-SBY01,LOT-0701,804000,4.1004E+11
2025-05,WH-SBY01,LOT-1032,240000,24912000000
2025-05,WH-SBY01,LOT-1130,1062000,5.56488E+11
2025-05,WH-SBY01,LOT-0551,244666.6667,30314200000
2025-05,WH-SBY01,LOT-1052,282666.6667,36916266667
2025-05,WH-SBY01,LOT-0529,1276000,4.0781E+11
2025-05,WH-SBY01,LOT-0447,1896000,1.86566E+11
2025-05,WH-SBY01,LOT-0958,2581333.333,6.87925E+11
2025-05,WH-SBY01,LOT-0535,89333.33333,9692666667
2025-05,WH-SBY01,LOT-0065,1920000,2.28672E+11
2025-05,WH-SBY01,LOT-0237,414666.6667,1.26515E+11
2025-05,WH-SBY01,LOT-1059,1429333.333,1.83098E+11
2025-05,WH-SBY01,LOT-0382,2800000,7.5096E+11
2025-05,WH-SBY01,LOT-0974,90666.66667,37635733333
2025-05,WH-SBY01,LOT-0287,768000,2.15654E+11
2025-05,WH-SBY01,LOT-0957,872000,2.18785E+11
2025-05,WH-SBY01,LOT-0662,342000,62209800000
2025-05,WH-SBY01,LOT-0763,92000,7314000000
2025-05,WH-SBY01,LOT-1155,997333.3333,5.8733E+11
2025-05,WH-SBY01,LOT-0774,554000,1.43154E+11
2025-05,WH-SBY01,LOT-0070,1056000,1.20595E+11
2025-05,WH-SBY01,LOT-0661,1482666.667,2.57687E+11
2025-05,WH-SBY01,LOT-0215,4021333.333,8.83487E+11
2025-05,WH-SBY01,LOT-0735,385500,2.14762E+11
2025-05,WH-SBY01,LOT-0017,435000,20010000000
2025-05,WH-SBY01,LOT-0326,5098666.667,6.4957E+11
2025-05,WH-SBY01,LOT-0864,688000,3.81221E+11
2025-05,WH-SBY01,LOT-0686,1140000,3.17946E+11
2025-05,WH-SBY01,LOT-0690,394666.6667,1.02219E+11
2025-05,WH-SBY01,LOT-0206,117333.3333,48763733333
2025-05,WH-SBY01,LOT-0384,128000,33203200000
2025-05,WH-SBY01,LOT-0734,250000,1.454E+11
2025-05,WH-SBY01,LOT-0628,252000,90568800000
2025-05,WH-BDG01,LOT-0692,466666.6667,84513333333
2025-05,WH-BDG01,LOT-0619,672000,2.64701E+11
2025-05,WH-BDG01,LOT-0866,720000,3.762E+11
2025-05,WH-BDG01,LOT-0821,1323000,1.1391E+11
2025-05,WH-BDG01,LOT-0046,2112000,4.56614E+11
2025-05,WH-BDG01,LOT-0377,800000,2.8992E+11
2025-05,WH-BDG01,LOT-0527,1365333.333,4.59298E+11
2025-05,WH-BDG01,LOT-0163,394000,21197200000
2025-05,WH-BDG01,LOT-0888,288000,1.31702E+11
2025-05,WH-BDG01,LOT-0239,136000,36529600000
2025-05,WH-BDG01,LOT-0393,232000,14291200000
2025-05,WH-BDG01,LOT-1170,122000,4233400000
2025-05,WH-BDG01,LOT-0535,96000,10406400000
2025-05,WH-BDG01,LOT-0621,3176000,1.23896E+12
2025-05,WH-BDG01,LOT-1053,381000,54597300000
2025-05,WH-BDG01,LOT-1105,2288000,8.93235E+11
2025-05,WH-BDG01,LOT-0500,1556000,1.33505E+11
2025-05,WH-BDG01,LOT-0101,829333.3333,42793600000
2025-05,WH-BDG01,LOT-0767,798000,60408600000
2025-05,WH-BDG01,LOT-1175,1258666.667,1.7571E+11
2025-05,WH-BDG01,LOT-0969,2848000,1.37416E+12
2025-05,WH-BDG01,LOT-0441,131666.6667,13509000000
2025-05,WH-BDG01,LOT-0895,524000,85778800000
2025-05,WH-BDG01,LOT-0563,1640000,6.0762E+11
2025-05,WH-BDG01,LOT-0381,211000,59058900000
2025-05,WH-BDG01,LOT-0567,968000,3.63581E+11
2025-05,WH-BDG01,LOT-1028,1253333.333,5.85432E+11
2025-05,WH-BDG01,LOT-0094,1520000,6.46E+11
2025-05,WH-BDG01,LOT-0817,24000,6864000000
2025-05,WH-BDG01,LOT-0372,1056000,3.99168E+11
2025-05,WH-BDG01,LOT-0584,1813333.333,7.84267E+11
2025-05,WH-BDG01,LOT-0559,440000,52184000000
2025-05,WH-BDG01,LOT-0011,2712000,1.2665E+11
2025-05,WH-BDG01,LOT-0834,584000,1.31166E+11
2025-05,WH-BDG01,LOT-0425,440000,57244000000
2025-05,WH-BDG01,LOT-0039,238000,57453200000
2025-05,WH-BDG01,LOT-0849,429333.3333,1.41637E+11
2025-05,WH-BDG01,LOT-0266,61333.33333,27189066667
2025-05,WH-BDG01,LOT-0547,379000,92892900000
2025-05,WH-BDG01,LOT-0948,64000,33728000000
2025-05,WH-BDG01,LOT-0652,1584000,1.37174E+11
2025-05,WH-BDG01,LOT-0199,2600000,1.43156E+12
2025-05,WH-BDG01,LOT-0454,76500,46955700000
2025-05,WH-BDG01,LOT-0461,21333.33333,6922666667
2025-05,WH-BDG01,LOT-0038,1017000,2.59538E+11
2025-05,WH-BDG01,LOT-0665,3192000,6.52764E+11
2025-05,WH-BDG01,LOT-0453,464000,2.57752E+11
2025-05,WH-BDG01,LOT-0131,6000000,1.5252E+12
2025-05,WH-BDG01,LOT-0590,752000,3.47274E+11
2025-05,WH-BDG01,LOT-0944,738000,4.39627E+11
2025-05,WH-BDG01,LOT-0862,906666.6667,4.25952E+11
2025-05,WH-BDG01,LOT-0674,304000,1.786E+11
2025-05,WH-BDG01,LOT-1109,495000,2.00277E+11
2025-05,WH-BDG01,LOT-0797,2160000,6.75864E+11
2025-05,WH-BDG01,LOT-0975,1669333.333,6.78584E+11
2025-05,WH-BDG01,LOT-1143,768000,2.18573E+11
2025-05,WH-BDG01,LOT-0026,361500,1.05088E+11
2025-05,WH-BDG01,LOT-0703,81333.33333,40935066667
2025-05,WH-BDG01,LOT-0698,928000,1.82538E+11
2025-05,WH-BDG01,LOT-0655,229333.3333,20204266667
2025-05,WH-BDG01,LOT-0710,2992000,1.55345E+12
2025-05,WH-BDG01,LOT-0911,21333.33333,3562666667
2025-05,WH-BDG01,LOT-0311,2124000,7.72286E+11
2025-05,WH-BDG01,LOT-0947,361333.3333,2.18354E+11
2025-05,WH-BDG01,LOT-1022,404000,1.85032E+11
2025-05,WH-BDG01,LOT-0432,872000,3.74175E+11
2025-05,WH-BDG01,LOT-1091,1484000,1.27921E+11
2025-05,WH-BDG01,LOT-0349,123666.6667,51470066667
2025-05,WH-BDG01,LOT-0799,112000,40835200000
2025-05,WH-BDG01,LOT-0524,370000,1.01528E+11
2025-05,WH-BDG01,LOT-0826,1004000,93773600000
2025-05,WH-BDG01,LOT-0067,46666.66667,5469333333
2025-05,WH-BDG01,LOT-1171,832000,1.19974E+11
2025-05,WH-BDG01,LOT-0161,1128000,58881600000
2025-05,WH-BDG01,LOT-0997,1528000,3.53732E+11
2025-05,WH-BDG01,LOT-1150,709333.3333,1.95209E+11
2025-05,WH-BDG01,LOT-0708,230000,1.0718E+11
2025-05,WH-BDG01,LOT-0171,544000,2.8375E+11
2025-05,WH-BDG01,LOT-0426,185333.3333,28207733333
2025-05,WH-BDG01,LOT-1085,802666.6667,3.67059E+11
2025-05,WH-BDG01,LOT-0757,165333.3333,58693333333
2025-05,WH-BDG01,LOT-0623,2048000,7.40966E+11
2025-05,WH-BDG01,LOT-0598,474666.6667,1.65943E+11
2025-05,WH-BDG01,LOT-0646,387000,1.16371E+11
2025-05,WH-BDG01,LOT-0925,224000,56022400000
2025-05,WH-SMG01,LOT-0152,2148000,1.20761E+12
2025-05,WH-SMG01,LOT-0939,520000,2.7898E+11
2025-05,WH-SMG01,LOT-1007,4464000,6.97277E+11
2025-05,WH-SMG01,LOT-0502,133333.3333,9906666667
2025-05,WH-SMG01,LOT-0533,564000,57415200000
2025-05,WH-SMG01,LOT-0702,68000,33816400000
2025-05,WH-SMG01,LOT-0605,190000,36879000000
2025-05,WH-SMG01,LOT-0911,98666.66667,16990400000
2025-05,WH-SMG01,LOT-0678,48000,26160000000
2025-05,WH-SMG01,LOT-0923,192000,47424000000
2025-05,WH-SMG01,LOT-0529,86000,26703000000
2025-05,WH-SMG01,LOT-1164,1812000,61608000000
2025-05,WH-SMG01,LOT-0564,293333.3333,1.16277E+11
2025-05,WH-SMG01,LOT-0074,124000,66054800000
2025-05,WH-SMG01,LOT-0287,1316000,3.51635E+11
2025-05,WH-SMG01,LOT-0304,498000,1.06572E+11
2025-05,WH-SMG01,LOT-1069,141000,24125100000
2025-05,WH-SMG01,LOT-0591,298666.6667,1.13941E+11
2025-05,WH-SMG01,LOT-0054,690000,1.11711E+11
2025-05,WH-SMG01,LOT-0453,158000,89854600000
2025-05,WH-SMG01,LOT-0760,402666.6667,1.34531E+11
2025-05,WH-SMG01,LOT-1155,330666.6667,1.94267E+11
2025-05,WH-SMG01,LOT-0743,462000,1.15685E+11
2025-05,WH-SMG01,LOT-0597,624000,2.40365E+11
2025-05,WH-SMG01,LOT-0629,880000,3.322E+11
2025-05,WH-SMG01,LOT-0325,476000,64355200000
2025-05,WH-SMG01,LOT-1163,88666.66667,3192000000
2025-05,WH-SMG01,LOT-0625,2808000,9.85046E+11
2025-05,WH-SMG01,LOT-0974,656000,2.51445E+11
2025-05,WH-SMG01,LOT-0901,352000,98630400000
2025-05,WH-SMG01,LOT-0604,300000,59610000000
2025-05,WH-SMG01,LOT-0317,421333.3333,1.40346E+11
2025-05,WH-SMG01,LOT-0264,1108000,4.5561E+11
2025-05,WH-SMG01,LOT-0301,1160000,2.8014E+11
2025-05,WH-SMG01,LOT-0599,1048000,3.80319E+11
2025-05,WH-SMG01,LOT-0787,1840000,91448000000
2025-05,WH-SMG01,LOT-0527,261333.3333,87180800000
2025-05,WH-SMG01,LOT-0467,1524000,4.21691E+11
2025-05,WH-SMG01,LOT-0058,1060000,1.67162E+11
2025-05,WH-SMG01,LOT-0434,352000,1.28445E+11
2025-05,WH-SMG01,LOT-1195,2101333.333,5.86272E+11
2025-05,WH-SMG01,LOT-0621,640000,2.15744E+11
2025-05,WH-SMG01,LOT-1197,4928000,1.34879E+12
2025-05,WH-SMG01,LOT-0025,178000,52171800000
2025-05,WH-SMG01,LOT-0532,147000,13847400000
2025-05,WH-SMG01,LOT-0746,90000,22464000000
2025-05,WH-SMG01,LOT-1042,228000,15162000000
2025-05,WH-SMG01,LOT-1059,1717333.333,2.1501E+11
2025-05,WH-SMG01,LOT-0832,1656000,3.76906E+11
2025-05,WH-SMG01,LOT-0977,2840000,1.11896E+12
2025-05,WH-SMG01,LOT-0349,634000,2.34136E+11
2025-05,WH-SMG01,LOT-0705,349000,1.53106E+11
2025-05,WH-SMG01,LOT-0320,340000,1.11452E+11
2025-05,WH-SMG01,LOT-1027,828000,4.41986E+11
2025-05,WH-SMG01,LOT-0644,170000,49249000000
2025-05,WH-SMG01,LOT-1072,680000,1.1696E+11
2025-05,WH-SMG01,LOT-0767,1434666.667,1.23094E+11
2025-05,WH-SMG01,LOT-0775,1808000,4.53808E+11
2025-05,WH-SMG01,LOT-0994,145333.3333,36406000000
2025-05,WH-SMG01,LOT-0347,2272000,8.42458E+11
2025-05,WH-SMG01,LOT-1076,1112000,1.9738E+11
2025-05,WH-SMG01,LOT-0988,2560000,9.344E+11
2025-05,WH-SMG01,LOT-0360,1288000,1.46446E+11
2025-05,WH-SMG01,LOT-0992,1984000,5.01754E+11
2025-05,WH-SMG01,LOT-0778,664000,1.61618E+11
2025-05,WH-SMG01,LOT-0030,333000,98101800000
2025-05,WH-SMG01,LOT-0133,526666.6667,1.21923E+11
2025-05,WH-SMG01,LOT-0461,395000,1.33234E+11
2025-05,WH-SMG01,LOT-0634,22000,5489000000
2025-05,WH-SMG01,LOT-0423,372000,55353600000
2025-05,WH-SMG01,LOT-0460,608000,3.74832E+11
2025-05,WH-SMG01,LOT-0308,794000,1.7603E+11
2025-05,WH-SMG01,LOT-0570,2920000,1.07631E+12
2025-05,WH-SMG01,LOT-0245,1029000,31693200000
2025-05,WH-SMG01,LOT-0404,103333.3333,51997333333
2025-05,WH-SMG01,LOT-0731,51000,27744000000
2025-05,WH-SMG01,LOT-1022,266666.6667,1.29333E+11
2025-05,WH-SMG01,LOT-0941,776000,4.45967E+11
2025-05,WH-SMG01,LOT-1167,920000,32200000000
2025-05,WH-SMG01,LOT-1074,1226666.667,2.3552E+11
2025-05,WH-SMG01,LOT-0468,78666.66667,22113200000
2025-05,WH-SMG01,LOT-0415,696000,3.65609E+11
2025-05,WH-SMG01,LOT-0745,666666.6667,1.72333E+11
2025-05,WH-SMG01,LOT-0068,1848000,2.25086E+11
2025-05,WH-SMG01,LOT-0817,74666.66667,22467200000
2025-05,WH-SMG01,LOT-0203,1632000,7.31789E+11
2025-05,WH-SMG01,LOT-0675,732000,3.96012E+11
2025-05,WH-SMG01,LOT-1040,1776000,2.19514E+11
2025-05,WH-SMG01,LOT-0138,1626666.667,3.73157E+11
2025-05,WH-SMG01,LOT-0556,168000,18513600000
2025-05,WH-SMG01,LOT-1134,240000,1.22952E+11
2025-05,WH-SMG01,LOT-1096,517333.3333,43662933333
2025-05,WH-SMG01,LOT-1102,600000,2.193E+11
2025-05,WH-SMG01,LOT-0163,109500,5847300000
2025-05,WH-SMG01,LOT-0115,252000,12675600000
2025-05,WH-SMG01,LOT-0915,1140000,1.77612E+11
2025-05,WH-SMG01,LOT-1161,164000,6051600000
2025-05,WH-SMG01,LOT-1071,306000,52326000000
2025-05,WH-SMG01,LOT-0508,214000,14616200000
2025-05,WH-SMG01,LOT-0525,458000,1.32179E+11
2025-05,WH-SMG01,LOT-0375,1788000,6.4672E+11
2025-05,WH-BKS01,LOT-1141,469500,1.37564E+11
2025-05,WH-BKS01,LOT-1088,37500,17238750000
2025-05,WH-BKS01,LOT-0597,1498666.667,5.48512E+11
2025-05,WH-BKS01,LOT-0045,320000,74112000000
2025-05,WH-BKS01,LOT-0288,1328000,4.2496E+11
2025-05,WH-BKS01,LOT-0140,454666.6667,1.00572E+11
2025-05,WH-BKS01,LOT-0643,853333.3333,2.24427E+11
2025-05,WH-BKS01,LOT-0740,858000,4.57743E+11
2025-05,WH-BKS01,LOT-0914,309333.3333,51875200000
2025-05,WH-BKS01,LOT-0440,96000,34704000000
2025-05,WH-BKS01,LOT-0378,2453333.333,8.08864E+11
2025-05,WH-BKS01,LOT-0658,262666.6667,22011466667
2025-05,WH-BKS01,LOT-0960,385000,1.15539E+11
2025-05,WH-BKS01,LOT-0467,222000,66822000000
2025-05,WH-BKS01,LOT-0944,932000,5.03373E+11
2025-05,WH-BKS01,LOT-0742,2261333.333,5.0179E+11
2025-05,WH-BKS01,LOT-0683,132666.6667,35315866667
2025-05,WH-BKS01,LOT-0408,45333.33333,19488800000
2025-05,WH-BKS01,LOT-0531,501333.3333,50534400000
2025-05,WH-BKS01,LOT-0523,3210666.667,1.02549E+12
2025-05,WH-BKS01,LOT-0048,268000,59844400000
2025-05,WH-BKS01,LOT-0245,597333.3333,16187733333
2025-05,WH-BKS01,LOT-0842,1530000,5.29992E+11
2025-05,WH-BKS01,LOT-0876,846000,3.6378E+11
2025-05,WH-BKS01,LOT-0812,222666.6667,62124000000
2025-05,WH-BKS01,LOT-0997,298666.6667,77862400000
2025-05,WH-BKS01,LOT-0099,1056000,4.44893E+11
2025-05,WH-BKS01,LOT-1083,1080000,4.69692E+11
2025-05,WH-BKS01,LOT-0124,238000,24371200000
2025-05,WH-BKS01,LOT-1050,1061333.333,78326400000
2025-05,WH-BKS01,LOT-0765,418000,35739000000
2025-05,WH-BKS01,LOT-0034,298666.6667,75652266667
2025-05,WH-BKS01,LOT-1159,1304000,7.83965E+11
2025-05,WH-BKS01,LOT-0896,681000,1.21014E+11
2025-05,WH-BKS01,LOT-0066,450666.6667,52908266667
2025-05,WH-BKS01,LOT-1033,728000,74474400000
2025-05,WH-BKS01,LOT-0670,668000,1.35203E+11
2025-05,WH-BKS01,LOT-1104,164000,58630000000
2025-05,WH-BKS01,LOT-1008,580000,95874000000
2025-05,WH-BKS01,LOT-0579,226666.6667,60180000000
2025-05,WH-BKS01,LOT-1178,396000,49777200000
2025-05,WH-BKS01,LOT-0684,18000,4334400000
2025-05,WH-BKS01,LOT-0138,448000,97574400000
2025-05,WH-BKS01,LOT-0155,653333.3333,3.54956E+11
2025-05,WH-BKS01,LOT-1158,192000,1.09978E+11
2025-05,WH-BKS01,LOT-0189,112000,26129600000
2025-05,WH-BKS01,LOT-1144,914666.6667,2.34338E+11
2025-05,WH-BKS01,LOT-0231,321000,92544300000
2025-05,WH-BKS01,LOT-1090,85000,36278000000
2025-05,WH-BKS01,LOT-0325,752000,1.00618E+11
2025-05,WH-BKS01,LOT-1052,218666.6667,29913600000
2025-05,WH-BKS01,LOT-0180,1388000,7.36889E+11
2025-05,WH-BKS01,LOT-1176,61000,8723000000
2025-05,WH-BKS01,LOT-0391,30000,1965000000
2025-05,WH-BKS01,LOT-0150,1288000,3.15302E+11
2025-05,WH-BKS01,LOT-0883,588000,2.99704E+11
2025-05,WH-BKS01,LOT-0568,560000,2.25904E+11
2025-05,WH-BKS01,LOT-0954,25333.33333,7498666667
2025-05,WH-BKS01,LOT-0925,522000,1.23714E+11
2025-05,WH-BKS01,LOT-0312,490000,1.54938E+11
2025-05,WH-BKS01,LOT-0677,78000,45996600000
2025-05,WH-BKS01,LOT-0373,149333.3333,53924266667
2025-05,WH-BKS01,LOT-1179,263333.3333,36261000000
2025-05,WH-BKS01,LOT-0696,2184000,3.70625E+11
2025-05,WH-BKS01,LOT-0930,149333.3333,35287466667
2025-05,WH-BKS01,LOT-1081,1071000,4.2508E+11
2025-05,WH-BKS01,LOT-0886,101333.3333,43674666667
2025-05,WH-BKS01,LOT-0044,165333.3333,39448533333
2025-05,WH-BKS01,LOT-0823,1302000,1.22388E+11
2025-05,WH-BKS01,LOT-0602,372000,66662400000
2025-05,WH-BKS01,LOT-0014,313000,15837800000
2025-05,WH-BKS01,LOT-0799,6666.666667,2116666667
2025-05,WH-BKS01,LOT-0039,1960000,5.55072E+11
2025-05,WH-BKS01,LOT-0018,408000,17870400000
2025-05,WH-BKS01,LOT-0462,2046000,6.3692E+11
2025-05,WH-BKS01,LOT-0661,5104000,1.00396E+12
2025-05,WH-BKS01,LOT-0875,162000,65869200000
2025-05,WH-BKS01,LOT-0309,1552000,3.86448E+11
2025-05,WH-BKS01,LOT-0457,594000,3.11672E+11
2025-05,WH-BKS01,LOT-1197,156000,44304000000
2025-05,WH-BKS01,LOT-0669,234000,41886000000
2025-05,WH-BKS01,LOT-1091,250666.6667,22534933333
2025-05,WH-BKS01,LOT-0938,1674000,9.33255E+11
2025-05,WH-BKS01,LOT-0411,1914000,9.57E+11
2025-05,WH-BKS01,LOT-1177,1920000,2.45376E+11
2025-05,WH-BKS01,LOT-0727,3024000,8.93592E+11
2025-05,WH-BKS01,LOT-1182,1845333.333,1.05092E+12
2025-05,WH-BKS01,LOT-0313,1928000,6.99864E+11
2025-05,WH-BKS01,LOT-0387,406500,1.14308E+11
2025-05,WH-BKS01,LOT-0304,94000,23077000000
2025-05,WH-BKS01,LOT-0423,192000,26726400000
2025-05,WH-BKS01,LOT-0632,1045333.333,2.45444E+11
2025-05,WH-BKS01,LOT-0372,200666.6667,75450666667
2025-05,WH-BKS01,LOT-0207,352000,1.59738E+11
2025-05,WH-BKS01,LOT-0054,606000,98838600000
2025-05,WH-BKS01,LOT-1093,318000,29923800000
2025-05,WH-TNG01,LOT-0293,562000,1.07398E+11
2025-05,WH-TNG01,LOT-0070,3381333.333,4.07789E+11
2025-05,WH-TNG01,LOT-0488,216000,43243200000
2025-05,WH-TNG01,LOT-0332,420000,45444000000
2025-05,WH-TNG01,LOT-0813,2176000,6.79565E+11
2025-05,WH-TNG01,LOT-0661,496000,93595200000
2025-05,WH-TNG01,LOT-0024,888000,2.70218E+11
2025-05,WH-TNG01,LOT-1172,105333.3333,12713733333
2025-05,WH-TNG01,LOT-0985,532000,2.08384E+11
2025-05,WH-TNG01,LOT-0991,1388000,3.15354E+11
2025-05,WH-TNG01,LOT-0705,3040000,1.47258E+12
2025-05,WH-TNG01,LOT-0385,52000,13218400000
2025-05,WH-TNG01,LOT-1183,4586666.667,2.31168E+12
2025-05,WH-TNG01,LOT-0831,1506000,3.68217E+11
2025-05,WH-TNG01,LOT-0926,132000,38187600000
2025-05,WH-TNG01,LOT-0440,387000,1.47989E+11
2025-05,WH-TNG01,LOT-0929,172000,46646400000
2025-05,WH-TNG01,LOT-0539,273333.3333,28044000000
2025-05,WH-TNG01,LOT-1118,88000,37136000000
2025-05,WH-TNG01,LOT-0901,54666.66667,14486666667
2025-05,WH-TNG01,LOT-0242,389333.3333,10589866667
2025-05,WH-TNG01,LOT-0573,280000,75684000000
2025-05,WH-TNG01,LOT-1054,2298000,3.04485E+11
2025-05,WH-TNG01,LOT-0691,930666.6667,1.57283E+11
2025-05,WH-TNG01,LOT-0382,464000,1.20269E+11
2025-05,WH-TNG01,LOT-0523,292000,93936400000
2025-05,WH-TNG01,LOT-0699,13333.33333,2502666667
2025-05,WH-TNG01,LOT-0999,542000,1.23088E+11
2025-05,WH-TNG01,LOT-1125,228000,1.15414E+11
2025-05,WH-TNG01,LOT-0935,2488000,1.40721E+12
2025-05,WH-TNG01,LOT-0198,1372000,7.50072E+11
2025-05,WH-TNG01,LOT-0702,181333.3333,86532266667
2025-05,WH-TNG01,LOT-1064,845333.3333,1.4396E+11
2025-05,WH-TNG01,LOT-0130,164000,20188400000
2025-05,WH-TNG01,LOT-0749,260666.6667,66991333333
2025-05,WH-TNG01,LOT-0874,179000,78903200000
2025-05,WH-TNG01,LOT-0053,66666.66667,10313333333
2025-05,WH-TNG01,LOT-1113,135000,48883500000
2025-05,WH-TNG01,LOT-0259,1944000,3.41755E+11
2025-05,WH-TNG01,LOT-0194,91000,54390700000
2025-05,WH-TNG01,LOT-0466,957333.3333,3.18313E+11
2025-05,WH-TNG01,LOT-0937,762000,4.572E+11
2025-05,WH-TNG01,LOT-0228,960000,4.4352E+11
2025-05,WH-TNG01,LOT-0247,150000,4875000000
2025-05,WH-TNG01,LOT-1128,1878000,9.86138E+11
2025-05,WH-TNG01,LOT-0606,253333.3333,43472000000
2025-05,WH-TNG01,LOT-0712,2760000,1.08164E+12
2025-05,WH-TNG01,LOT-0629,485333.3333,1.96317E+11
2025-05,WH-TNG01,LOT-0927,440000,1.04984E+11
2025-05,WH-TNG01,LOT-0894,464000,81153600000
2025-05,WH-TNG01,LOT-1134,789333.3333,4.55051E+11
2025-05,WH-TNG01,LOT-0170,253333.3333,11932000000
2025-05,WH-TNG01,LOT-1034,177333.3333,20464266667
2025-05,WH-TNG01,LOT-0374,922666.6667,3.24871E+11
2025-05,WH-TNG01,LOT-0815,354666.6667,1.10975E+11
2025-05,WH-TNG01,LOT-1047,125333.3333,7795733333
2025-05,WH-TNG01,LOT-0400,1973333.333,1.37739E+11
2025-05,WH-TNG01,LOT-0291,516000,91848000000
2025-05,WH-TNG01,LOT-0455,314666.6667,1.79738E+11
2025-05,WH-TNG01,LOT-0035,1035000,2.57094E+11
2025-05,WH-TNG01,LOT-0407,244666.6667,1.14749E+11
2025-05,WH-TNG01,LOT-0725,840000,2.57292E+11
2025-05,WH-TNG01,LOT-1077,262666.6667,47962933333
2025-05,WH-TNG01,LOT-0311,692000,2.36595E+11
2025-05,WH-TNG01,LOT-1153,1252000,6.44905E+11
2025-05,WH-TNG01,LOT-1087,1336000,6.35535E+11
2025-05,WH-TNG01,LOT-1076,398666.6667,65142133333
2025-05,WH-TNG01,LOT-0097,6336000,2.59966E+12
2025-05,WH-TNG01,LOT-1092,1208000,1.07029E+11
2025-05,WH-TNG01,LOT-0743,837333.3333,1.94847E+11
2025-05,WH-TNG01,LOT-1105,1648000,6.86062E+11
2025-05,WH-TNG01,LOT-0472,66666.66667,24213333333
2025-05,WH-TNG01,LOT-1088,690000,3.21747E+11
2025-05,WH-TNG01,LOT-0342,794666.6667,3.36462E+11
2025-05,WH-TNG01,LOT-0767,128000,10892800000
2025-05,WH-TNG01,LOT-0326,652000,84042800000
2025-05,WH-TNG01,LOT-0206,678000,3.02863E+11
2025-05,WH-TNG01,LOT-0340,72000,7653600000
2025-05,WH-TNG01,LOT-0464,776000,2.15573E+11
2025-05,WH-TNG01,LOT-0312,692000,2.22063E+11
2025-05,WH-BPR01,LOT-0059,812000,1.35523E+11
2025-05,WH-BPR01,LOT-0936,732000,4.42567E+11
2025-05,WH-BPR01,LOT-0520,127333.3333,33208533333
2025-05,WH-BPR01,LOT-0735,556000,3.09748E+11
2025-05,WH-BPR01,LOT-0705,1146000,5.87783E+11
2025-05,WH-BPR01,LOT-0722,500000,1.3755E+11
2025-05,WH-BPR01,LOT-0510,374000,22963600000
2025-05,WH-BPR01,LOT-0567,239333.3333,86878000000
2025-05,WH-BPR01,LOT-0914,1092000,1.64018E+11
2025-05,WH-BPR01,LOT-0098,1120000,4.94368E+11
2025-05,WH-BPR01,LOT-0665,432000,90374400000
2025-05,WH-BPR01,LOT-0939,1584000,9.40896E+11
2025-05,WH-BPR01,LOT-0539,558000,53958600000
2025-05,WH-BPR01,LOT-0329,3768000,4.35204E+11
2025-05,WH-BPR01,LOT-0429,1464000,2.21064E+11
2025-05,WH-BPR01,LOT-1144,2680000,7.90064E+11
2025-05,WH-BPR01,LOT-1121,238000,1.13121E+11
2025-05,WH-BPR01,LOT-0660,1594666.667,1.58988E+11
2025-05,WH-BPR01,LOT-0822,1920000,1.72032E+11
2025-05,WH-BPR01,LOT-0714,345333.3333,1.38099E+11
2025-05,WH-BPR01,LOT-0353,76000,9804000000
2025-05,WH-BPR01,LOT-1024,122666.6667,55543466667
2025-05,WH-BPR01,LOT-0183,1248000,2.73686E+11
2025-05,WH-BPR01,LOT-0684,68000,19244000000
2025-05,WH-BPR01,LOT-0721,1494000,4.60301E+11
2025-05,WH-BPR01,LOT-1103,640000,2.3136E+11
2025-05,WH-BPR01,LOT-0467,1488000,4.17384E+11
2025-05,WH-BPR01,LOT-0649,559500,1.50953E+11
2025-05,WH-BPR01,LOT-0627,402000,1.62127E+11
2025-05,WH-BPR01,LOT-0208,1508000,5.85707E+11
2025-05,WH-BPR01,LOT-0186,3732000,8.06858E+11
2025-05,WH-BPR01,LOT-0832,2190000,5.29323E+11
2025-05,WH-BPR01,LOT-0641,328500,1.02525E+11
2025-05,WH-BPR01,LOT-1019,345000,1.85058E+11
2025-05,WH-BPR01,LOT-0382,978000,2.76285E+11
2025-05,WH-BPR01,LOT-0784,466666.6667,24220000000
2025-05,WH-BPR01,LOT-0415,330666.6667,1.82958E+11
2025-05,WH-BPR01,LOT-0543,2120000,5.79396E+11
2025-05,WH-BPR01,LOT-0995,104000,25979200000
2025-05,WH-BPR01,LOT-0719,2824000,1.12819E+12
2025-05,WH-BPR01,LOT-0691,16000,3208000000
2025-05,WH-BPR01,LOT-0897,64000,10860800000
2025-05,WH-BPR01,LOT-0741,2256000,5.4347E+11
2025-05,WH-BPR01,LOT-0327,656000,82328000000
2025-05,WH-BPR01,LOT-0346,828000,3.19774E+11
2025-05,WH-BPR01,LOT-0662,87000,17339100000
2025-05,WH-BPR01,LOT-0033,352000,1.01235E+11
2025-05,WH-BPR01,LOT-0229,393000,1.9933E+11
2025-05,WH-BPR01,LOT-0389,517333.3333,1.30627E+11
2025-05,WH-BPR01,LOT-1192,2064000,6.12389E+11
2025-05,WH-BPR01,LOT-0636,928000,1.92467E+11
2025-05,WH-BPR01,LOT-1037,316500,36017700000
2025-05,WH-BPR01,LOT-1148,1420000,3.71472E+11
2025-05,WH-BPR01,LOT-0607,426000,75359400000
2025-05,WH-BPR01,LOT-1147,1317333.333,3.2604E+11
2025-05,WH-BPR01,LOT-0365,1080000,3.753E+11
2025-05,WH-BPR01,LOT-0816,218666.6667,60220800000
2025-05,WH-BPR01,LOT-0156,5872000,2.97945E+12
2025-05,WH-BPR01,LOT-0407,268000,1.26014E+11
2025-05,WH-BPR01,LOT-0192,594000,3.12385E+11
2025-05,WH-BPR01,LOT-0829,71333.33333,5877866667
2025-05,WH-BPR01,LOT-0540,336000,34776000000
2025-05,WH-BPR01,LOT-0299,267000,46191000000
2025-05,WH-BPR01,LOT-0697,159000,29144700000
2025-05,WH-BPR01,LOT-1092,10000,923000000
2025-05,WH-BPR01,LOT-0725,576000,1.8144E+11
2025-05,WH-BPR01,LOT-0813,140000,41300000000
2025-05,WH-BPR01,LOT-0273,424000,1.3975E+11
2025-05,WH-BPR01,LOT-0789,1237500,60142500000
2025-05,WH-BPR01,LOT-0213,1376000,3.18819E+11
2025-05,WH-BPR01,LOT-0602,114000,21990600000
2025-05,WH-BPR01,LOT-1168,3146666.667,1.09189E+11
2025-05,WH-BPR01,LOT-0169,213333.3333,11541333333
2025-05,WH-BPR01,LOT-0664,269333.3333,52654666667
2025-05,WH-BPR01,LOT-0461,1560000,4.49436E+11
2025-05,WH-BPR01,LOT-0907,77333.33333,23926933333
2025-05,WH-BPR01,LOT-0084,108000,12614400000
2025-05,WH-BPR01,LOT-0504,896000,61734400000
2025-05,WH-BPR01,LOT-1123,397333.3333,1.7729E+11
2025-05,WH-BPR01,LOT-0318,345000,1.26201E+11
2025-05,WH-BPR01,LOT-0561,400000,1.4664E+11
2025-05,WH-BPR01,LOT-0054,864000,1.46102E+11
2025-05,WH-BPR01,LOT-1013,309333.3333,1.44582E+11
2025-05,WH-BPR01,LOT-0460,64000,39161600000
2025-05,WH-BPR01,LOT-0449,528000,56073600000
2025-05,WH-BPR01,LOT-0503,164000,12070400000
2025-05,WH-BPR01,LOT-0463,240000,71736000000
2025-05,WH-BPR01,LOT-0902,258666.6667,74108000000
2025-05,WH-BPR01,LOT-0443,360000,38952000000
2025-05,WH-BPR01,LOT-0298,345333.3333,56462000000
2025-05,WH-BPR01,LOT-0026,336000,1.0789E+11
2025-05,WH-BPR01,LOT-0608,708000,1.40326E+11
2025-05,WH-BPR01,LOT-0500,1368000,1.25993E+11
2025-05,WH-BPR01,LOT-0043,1088000,2.77114E+11
2025-05,WH-BPR01,LOT-0990,384000,1.49222E+11
2025-05,WH-BPR01,LOT-0899,304000,47697600000
2025-05,WH-BPR01,LOT-0849,2304000,7.02259E+11
2025-05,WH-BPR01,LOT-1140,85333.33333,42871466667
2025-05,WH-BPR01,LOT-1129,2250666.667,9.73638E+11
2025-05,WH-BPR01,LOT-1164,140000,5208000000
2025-05,WH-BPR01,LOT-0394,500000,34900000000
2025-05,WH-BPR01,LOT-0845,1368000,4.70729E+11
2025-05,WH-BPR01,LOT-1063,1228000,1.93287E+11
2025-05,WH-BPR01,LOT-1190,542000,2.70079E+11
2025-05,WH-BPR01,LOT-0819,2720000,7.43376E+11
2025-05,WH-BPR01,LOT-1179,2192000,2.99646E+11
2025-05,WH-MLG01,LOT-1069,540000,97956000000
2025-05,WH-MLG01,LOT-0808,138000,60899400000
2025-05,WH-MLG01,LOT-1119,864000,3.72902E+11
2025-05,WH-MLG01,LOT-0412,2312000,1.35275E+12
2025-05,WH-MLG01,LOT-0579,107000,28943500000
2025-05,WH-MLG01,LOT-0657,46000,4255000000
2025-05,WH-MLG01,LOT-0278,160000,52064000000
2025-05,WH-MLG01,LOT-0918,192000,32601600000
2025-05,WH-MLG01,LOT-0406,198000,84942000000
2025-05,WH-MLG01,LOT-0600,720000,2.898E+11
2025-05,WH-MLG01,LOT-0874,1024000,4.12672E+11
2025-05,WH-MLG01,LOT-0828,258666.6667,22322933333
2025-05,WH-MLG01,LOT-0892,1248000,2.00304E+11
2025-05,WH-MLG01,LOT-0773,530666.6667,1.17967E+11
2025-05,WH-MLG01,LOT-0169,524000,27352800000
2025-05,WH-MLG01,LOT-1005,101000,16826600000
2025-05,WH-MLG01,LOT-0049,752000,1.73787E+11
2025-05,WH-MLG01,LOT-1007,444000,62870400000
2025-05,WH-MLG01,LOT-0214,332000,76227200000
2025-05,WH-MLG01,LOT-0659,266000,26972400000
2025-05,WH-MLG01,LOT-1150,736000,1.95629E+11
2025-05,WH-MLG01,LOT-0992,167000,35821500000
2025-05,WH-MLG01,LOT-0797,199000,60993500000
2025-05,WH-MLG01,LOT-0627,308000,1.13652E+11
2025-05,WH-MLG01,LOT-1020,960000,4.64832E+11
2025-05,WH-MLG01,LOT-0589,554666.6667,2.48768E+11
2025-05,WH-MLG01,LOT-0113,1122000,57895200000
2025-05,WH-MLG01,LOT-1081,460000,1.81608E+11
2025-05,WH-MLG01,LOT-0086,1040000,1.15024E+11
2025-05,WH-MLG01,LOT-0386,405333.3333,1.14953E+11
2025-05,WH-MLG01,LOT-0183,117000,25587900000
2025-05,WH-MLG01,LOT-0629,445333.3333,1.4883E+11
2025-05,WH-MLG01,LOT-1170,2840000,88324000000
2025-05,WH-MLG01,LOT-1112,1080000,4.28868E+11
2025-05,WH-MLG01,LOT-0356,481500,59368950000
2025-05,WH-MLG01,LOT-0643,1000000,3.089E+11
2025-05,WH-MLG01,LOT-0099,194000,76048000000
2025-05,WH-MLG01,LOT-1095,116000,10300800000
2025-05,WH-MLG01,LOT-0058,24000,3712800000
2025-05,WH-MLG01,LOT-0097,1758000,6.923E+11
2025-05,WH-MLG01,LOT-0621,1082666.667,4.21699E+11
2025-05,WH-MLG01,LOT-0789,396000,23047200000
2025-05,WH-MLG01,LOT-0721,395000,1.16012E+11
2025-05,WH-MLG01,LOT-1102,3516000,1.41308E+12
2025-05,WH-MLG01,LOT-0108,80000,4464000000
2025-05,WH-MLG01,LOT-0889,330666.6667,1.69467E+11
2025-05,WH-MLG01,LOT-1042,893333.3333,60478666667
2025-05,WH-MLG01,LOT-1074,1898666.667,3.47456E+11
2025-05,WH-MLG01,LOT-0366,626666.6667,2.53549E+11
2025-05,WH-MLG01,LOT-0760,252000,88754400000
2025-05,WH-MLG01,LOT-0092,848000,3.48782E+11
2025-05,WH-MLG01,LOT-0440,1320000,5.11764E+11
2025-05,WH-MLG01,LOT-0203,166000,70898600000
2025-05,WH-MLG01,LOT-0937,756000,4.05216E+11
2025-05,WH-MLG01,LOT-0381,302000,87066600000
2025-05,WH-MLG01,LOT-0454,752000,4.62555E+11
2025-05,WH-MLG01,LOT-0656,1624000,1.6711E+11
2025-05,WH-MLG01,LOT-0150,174000,42264600000
2025-05,WH-MLG01,LOT-0417,30000,16125000000
2025-05,WH-MLG01,LOT-1015,210666.6667,1.01078E+11
2025-05,WH-MLG01,LOT-0424,1440000,2.04048E+11
2025-05,WH-MLG01,LOT-0032,282000,79129200000
2025-05,WH-MLG01,LOT-0093,560000,2.23944E+11
2025-05,WH-MLG01,LOT-0782,3900000,2.0475E+11
2025-05,WH-MLG01,LOT-0422,2261333.333,3.21109E+11
2025-05,WH-MLG01,LOT-0239,145333.3333,42306533333
2025-05,WH-MLG01,LOT-0595,1888000,7.05357E+11
2025-05,WH-MLG01,LOT-0010,1624000,2.12744E+11
2025-05,WH-MLG01,LOT-0493,1416000,1.24466E+11
2025-05,WH-MLG01,LOT-0678,313500,1.56938E+11
2025-05,WH-MLG01,LOT-0363,184000,64271200000
2025-05,WH-MLG01,LOT-0799,928000,3.20531E+11
2025-05,WH-MLG01,LOT-0468,789333.3333,2.28038E+11
2025-05,WH-MLG01,LOT-0762,3402000,2.73861E+11
2025-05,WH-MLG01,LOT-0824,1926000,1.63517E+11
2025-05,WH-MLG01,LOT-0320,242000,85692200000
2025-05,WH-MLG01,LOT-0291,1056000,1.95888E+11
2025-05,WH-MLG01,LOT-0505,392000,27244000000
2025-05,WH-MLG01,LOT-0529,684000,2.039E+11
2025-05,WH-MLG01,LOT-0866,326666.6667,1.52619E+11
2025-05,WH-MLG01,LOT-1169,676000,22916400000
2025-05,WH-MLG01,LOT-0635,1458000,3.24842E+11
2025-05,WH-MLG01,LOT-0420,285333.3333,1.46319E+11
2025-05,WH-MLG01,LOT-0559,765333.3333,1.00718E+11
2025-05,WH-MLG01,LOT-0839,1368000,3.05611E+11
2025-05,WH-MLG01,LOT-0021,807000,2.31206E+11
2025-05,WH-MLG01,LOT-0852,462000,95587800000
2025-05,WH-MLG01,LOT-0848,880000,2.83096E+11
2025-05,WH-MLG01,LOT-0570,230666.6667,84470133333
2025-05,WH-MLG01,LOT-0389,772000,2.24575E+11
2025-05,WH-MLG01,LOT-1000,1791000,3.92945E+11
2025-05,WH-MLG01,LOT-0520,210000,52290000000
2025-05,WH-MLG01,LOT-0022,53000,14272900000
2025-05,WH-MLG01,LOT-0810,2672000,1.09686E+12
2025-05,WH-MLG01,LOT-0920,1532000,2.24132E+11
2025-05,WH-MLG01,LOT-0264,4064000,1.69631E+12
2025-05,WH-MLG01,LOT-0457,1580000,9.06604E+11
2025-05,WH-MLG01,LOT-0145,2032000,5.21411E+11
2025-05,WH-MLG01,LOT-0235,30666.66667,9334933333
2025-05,WH-MLG01,LOT-0237,152000,40720800000
2025-05,WH-MLG01,LOT-0326,12000,1600800000
2025-05,WH-MLG01,LOT-1001,48000,7300800000
2025-05,WH-MLG01,LOT-0137,229500,51935850000
2025-05,WH-MLG01,LOT-0376,498666.6667,1.67452E+11
2025-05,WH-MLG01,LOT-1100,328000,30733600000
2025-05,WH-MLG01,LOT-0671,324000,1.88374E+11
2025-05,WH-MLG01,LOT-0343,1520000,6.1332E+11
2025-05,WH-MLG01,LOT-0526,1770666.667,5.49438E+11
2025-05,WH-MLG01,LOT-0816,2485333.333,7.02355E+11
2025-05,WH-MLG01,LOT-0584,1095000,4.73916E+11
2025-05,WH-MLG01,LOT-1099,480000,37584000000
2025-05,WH-MLG01,LOT-0587,584000,2.51879E+11
2025-05,WH-MLG01,LOT-1168,82000,2607600000
2025-05,WH-MLG01,LOT-0536,130000,13182000000
2025-05,WH-SLO01,LOT-0840,1380000,2.898E+11
2025-05,WH-SLO01,LOT-0325,357333.3333,39699733333
2025-05,WH-SLO01,LOT-1151,76000,39968400000
2025-05,WH-SLO01,LOT-1132,3088000,1.80957E+12
2025-05,WH-SLO01,LOT-0962,600000,2.412E+11
2025-05,WH-SLO01,LOT-0576,76500,20111850000
2025-05,WH-SLO01,LOT-0511,1424000,3.29371E+11
2025-05,WH-SLO01,LOT-0233,80000,24560000000
2025-05,WH-SLO01,LOT-0301,812000,1.81807E+11
2025-05,WH-SLO01,LOT-0912,1104000,1.63834E+11
2025-05,WH-SLO01,LOT-0199,848000,4.90229E+11
2025-05,WH-SLO01,LOT-0081,1032000,1.14242E+11
2025-05,WH-SLO01,LOT-0278,450000,1.58445E+11
2025-05,WH-SLO01,LOT-0781,2274000,1.27799E+11
2025-05,WH-SLO01,LOT-0969,72000,31284000000
2025-05,WH-SLO01,LOT-0777,1584000,3.49272E+11
2025-05,WH-SLO01,LOT-0977,285000,1.28934E+11
2025-05,WH-SLO01,LOT-0350,1112000,4.04546E+11
2025-05,WH-SLO01,LOT-0041,1692000,4.13186E+11
2025-05,WH-SLO01,LOT-0743,404000,99586000000
2025-05,WH-SLO01,LOT-0904,2184000,6.47993E+11
2025-05,WH-SLO01,LOT-1198,808000,2.13635E+11
2025-05,WH-SLO01,LOT-1172,338000,48063600000
2025-05,WH-SLO01,LOT-0373,363000,1.2077E+11
2025-05,WH-SLO01,LOT-0917,660000,1.12134E+11
2025-05,WH-SLO01,LOT-1008,624000,1.00526E+11
2025-05,WH-SLO01,LOT-1161,1584000,55756800000
2025-05,WH-SLO01,LOT-0705,928000,4.32262E+11
2025-05,WH-SLO01,LOT-0696,1086000,2.0786E+11
2025-05,WH-SLO01,LOT-0175,1472000,7.5072E+11
2025-05,WH-SLO01,LOT-0758,236000,75850400000
2025-05,WH-SLO01,LOT-0142,521333.3333,1.20949E+11
2025-05,WH-SLO01,LOT-0363,48000,16228800000
2025-05,WH-SLO01,LOT-0277,2172000,8.34917E+11
2025-05,WH-SLO01,LOT-0615,186666.6667,73453333333
2025-05,WH-SLO01,LOT-0807,675000,2.54273E+11
2025-05,WH-SLO01,LOT-0307,1056000,2.66429E+11
2025-05,WH-SLO01,LOT-0228,349500,1.44204E+11
2025-05,WH-SLO01,LOT-0404,514666.6667,2.509E+11
2025-05,WH-SLO01,LOT-0657,1008000,95558400000
2025-05,WH-SLO01,LOT-0599,1520000,5.98728E+11
2025-05,WH-SLO01,LOT-0171,630000,3.71952E+11
2025-05,WH-SLO01,LOT-0727,114000,33071400000
2025-05,WH-SLO01,LOT-1014,2262000,1.25722E+12
2025-05,WH-SLO01,LOT-0033,156666.6667,39699333333
2025-05,WH-SLO01,LOT-0856,1333333.333,2.98133E+11
2025-05,WH-SLO01,LOT-0347,1896000,7.8703E+11
2025-05,WH-SLO01,LOT-0748,1980000,4.72824E+11
2025-05,WH-SLO01,LOT-0518,1544000,3.5373E+11
2025-05,WH-SLO01,LOT-0394,610000,37210000000
2025-05,WH-SLO01,LOT-1052,1432000,1.80575E+11
2025-05,WH-SLO01,LOT-0574,1296000,4.10832E+11
2025-05,WH-SLO01,LOT-1066,684000,1.28113E+11
2025-05,WH-SLO01,LOT-0049,2250666.667,5.36784E+11
2025-05,WH-SLO01,LOT-1003,1290666.667,2.01473E+11
2025-05,WH-SLO01,LOT-0653,154000,15061200000
2025-05,WH-SLO01,LOT-0342,808000,3.12373E+11
2025-05,WH-SLO01,LOT-0107,45333.33333,2647466667
2025-05,WH-SLO01,LOT-0490,334000,68369800000
2025-05,WH-SLO01,LOT-0628,1968000,6.71875E+11
2025-05,WH-SLO01,LOT-0539,384000,34713600000
2025-05,WH-SLO01,LOT-0920,1029000,1.77194E+11
2025-05,WH-SLO01,LOT-0887,437333.3333,2.09264E+11
2025-05,WH-SLO01,LOT-0692,792000,1.35828E+11
2025-05,WH-SLO01,LOT-0083,104000,11003200000
2025-05,WH-SLO01,LOT-0559,108000,12495600000
2025-05,WH-SLO01,LOT-0939,282666.6667,1.44641E+11
2025-05,WH-SLO01,LOT-0165,820000,37556000000
2025-05,WH-SLO01,LOT-0682,1287000,3.20463E+11
2025-05,WH-SLO01,LOT-1130,816000,3.89558E+11
2025-05,WH-SLO01,LOT-0065,1000000,1.225E+11
2025-05,WH-SLO01,LOT-0268,454000,2.1565E+11
2025-05,WH-SLO01,LOT-0022,516000,1.49588E+11
2025-05,WH-SLO01,LOT-1175,920000,1.12608E+11
2025-05,WH-SLO01,LOT-0040,472000,1.12053E+11
2025-05,WH-SLO01,LOT-0620,340000,1.36136E+11
2025-05,WH-SLO01,LOT-0780,948000,2.22875E+11
2025-05,WH-SLO01,LOT-0409,250000,1.18025E+11
2025-05,WH-SLO01,LOT-0963,1161000,5.43348E+11
2025-05,WH-SLO01,LOT-0779,290666.6667,71387733333
2025-05,WH-SLO01,LOT-0796,162000,55047600000
2025-05,WH-SLO01,LOT-0074,474666.6667,2.70133E+11
2025-05,WH-SLO01,LOT-0554,1065000,1.32699E+11
2025-05,WH-SLO01,LOT-0769,2544000,1.82405E+11
2025-05,WH-SLO01,LOT-0688,71000,18665900000
2025-05,WH-SLO01,LOT-0752,1074000,3.81485E+11
2025-05,WH-SLO01,LOT-1050,952000,71114400000
2025-05,WH-SLO01,LOT-0870,194000,1.00143E+11
2025-05,WH-SLO01,LOT-0834,329333.3333,68468400000
2025-05,WH-SLO01,LOT-0701,1398000,6.4336E+11
2025-05,WH-SLO01,LOT-0272,698666.6667,2.32446E+11
2025-05,WH-SLO01,LOT-0710,344000,1.69214E+11
2025-05,WH-SLO01,LOT-0536,220000,22770000000
2025-05,WH-SLO01,LOT-0396,372000,25854000000
2025-05,WH-SLO01,LOT-1002,867000,1.32131E+11
2025-05,WH-SLO01,LOT-0577,464000,1.41891E+11
2025-05,WH-SLO01,LOT-0547,840000,2.30412E+11
2025-05,WH-SLO01,LOT-0922,1749333.333,4.67422E+11
2025-05,WH-SLO01,LOT-0174,366000,2.17404E+11
2025-05,WH-SLO01,LOT-1043,422666.6667,27684666667
2025-05,WH-SLO01,LOT-0048,132000,31653600000
2025-05,WH-SLO01,LOT-0264,2940000,1.38121E+12
2025-05,WH-SLO01,LOT-0220,1485000,3.5343E+11
2025-05,WH-SLO01,LOT-0498,565333.3333,50314666667
2025-05,WH-SLO01,LOT-0153,1706666.667,9.01632E+11
2025-05,WH-SLO01,LOT-0765,245333.3333,19234133333
2025-05,WH-SLO01,LOT-0134,1285333.333,3.0938E+11
2025-05,WH-SLO01,LOT-0316,1005333.333,3.35078E+11
2025-05,WH-SLO01,LOT-0486,940000,1.92794E+11
2025-05,WH-SLO01,LOT-0179,206000,1.24403E+11
2025-05,WH-SLO01,LOT-0155,146000,78533400000
2025-05,WH-SLO01,LOT-0020,764000,38964000000
2025-05,WH-SLO01,LOT-0028,186666.6667,53965333333
2025-05,WH-SLO01,LOT-0699,317333.3333,59500000000
2025-05,WH-SLO01,LOT-0145,344000,83351200000
2025-05,WH-SLO01,LOT-0320,644000,2.24949E+11
2025-05,WH-SLO01,LOT-1194,632000,1.896E+11
2025-05,WH-SLO01,LOT-0944,504000,2.74882E+11
2025-05,WH-SLO01,LOT-0678,495000,2.74428E+11
2025-05,WH-YOG01,LOT-0410,173500,85275250000
2025-05,WH-YOG01,LOT-0386,651000,1.84363E+11
2025-05,WH-YOG01,LOT-0247,200000,5520000000
2025-05,WH-YOG01,LOT-0606,15333.33333,2611266667
2025-05,WH-YOG01,LOT-0125,3232000,3.67802E+11
2025-05,WH-YOG01,LOT-0400,122000,8332600000
2025-05,WH-YOG01,LOT-1073,604000,1.16512E+11
2025-05,WH-YOG01,LOT-1033,2120000,2.5758E+11
2025-05,WH-YOG01,LOT-0579,400500,1.15024E+11
2025-05,WH-YOG01,LOT-0509,656000,44608000000
2025-05,WH-YOG01,LOT-0771,1738666.667,4.49793E+11
2025-05,WH-YOG01,LOT-0867,149000,72130900000
2025-05,WH-YOG01,LOT-0023,588000,1.71343E+11
2025-05,WH-YOG01,LOT-0611,458666.6667,1.88466E+11
2025-05,WH-YOG01,LOT-0535,586500,60409500000
2025-05,WH-YOG01,LOT-0419,469333.3333,2.39548E+11
2025-05,WH-YOG01,LOT-0296,138000,23570400000
2025-05,WH-YOG01,LOT-0607,2028000,3.51452E+11
2025-05,WH-YOG01,LOT-0052,50666.66667,7944533333
2025-05,WH-YOG01,LOT-0060,2704000,4.44538E+11
2025-05,WH-YOG01,LOT-0864,2128000,1.06208E+12
2025-05,WH-YOG01,LOT-0162,1584000,71913600000
2025-05,WH-YOG01,LOT-0755,270666.6667,97683600000
2025-05,WH-YOG01,LOT-0953,385000,1.17348E+11
2025-05,WH-YOG01,LOT-0303,293333.3333,63976000000
2025-05,WH-YOG01,LOT-0915,1776000,2.95704E+11
2025-05,WH-YOG01,LOT-0783,1884000,1.09084E+11
2025-05,WH-YOG01,LOT-1138,466666.6667,2.35853E+11
2025-05,WH-YOG01,LOT-0322,154000,20143200000
2025-05,WH-YOG01,LOT-0910,1008000,2.81333E+11
2025-05,WH-YOG01,LOT-0644,2016000,5.8585E+11
2025-05,WH-YOG01,LOT-0221,1180000,5.87168E+11
2025-05,WH-YOG01,LOT-0561,714666.6667,2.64355E+11
2025-05,WH-YOG01,LOT-0934,34000,18574200000
2025-05,WH-YOG01,LOT-0566,460000,1.93476E+11
2025-05,WH-YOG01,LOT-0406,1050000,4.6326E+11
2025-05,WH-YOG01,LOT-0929,1678500,4.31375E+11
2025-05,WH-YOG01,LOT-0584,688000,3.16755E+11
2025-05,WH-YOG01,LOT-0334,820000,94710000000
2025-05,WH-YOG01,LOT-0264,1898666.667,8.9731E+11
2025-05,WH-YOG01,LOT-0662,250000,48100000000
2025-05,WH-YOG01,LOT-0035,1359000,3.77123E+11
2025-05,WH-YOG01,LOT-0254,3690666.667,7.08608E+11
2025-05,WH-YOG01,LOT-0108,132000,6507600000
2025-05,WH-YOG01,LOT-0669,29500,6059300000
2025-05,WH-YOG01,LOT-1132,53333.33333,29397333333
2025-05,WH-YOG01,LOT-0978,10000,4500000000
2025-05,WH-YOG01,LOT-0756,20000,6502000000
2025-05,WH-YOG01,LOT-0291,100000,18320000000
2025-05,WH-YOG01,LOT-0646,387000,1.00272E+11
2025-05,WH-YOG01,LOT-0769,772000,56510400000
2025-05,WH-YOG01,LOT-1127,408000,2.1473E+11
2025-05,WH-YOG01,LOT-0053,3072000,5.25926E+11
2025-05,WH-YOG01,LOT-0890,258000,1.15481E+11
2025-05,WH-YOG01,LOT-0664,2712000,4.63481E+11
2025-05,WH-YOG01,LOT-0811,1596000,4.08895E+11
2025-05,WH-YOG01,LOT-0365,176000,62814400000
2025-05,WH-YOG01,LOT-0071,1112000,6.10266E+11
2025-05,WH-YOG01,LOT-0580,109000,29440900000
2025-05,WH-YOG01,LOT-1159,1980000,1.16879E+12
2025-05,WH-YOG01,LOT-1165,3776000,1.37069E+11
2025-05,WH-YOG01,LOT-0081,1984000,2.00186E+11
2025-05,WH-YOG01,LOT-1048,248000,15698400000
2025-05,WH-YOG01,LOT-0115,666666.6667,34533333333
2025-05,WH-YOG01,LOT-0271,2408000,8.88311E+11
2025-05,WH-YOG01,LOT-1018,432000,2.13235E+11
2025-05,WH-YOG01,LOT-0131,1941333.333,4.63396E+11
2025-05,WH-YOG01,LOT-0140,98666.66667,24380533333
2025-05,WH-YOG01,LOT-0287,442666.6667,1.22176E+11
2025-05,WH-YOG01,LOT-0311,3328000,1.21039E+12
2025-05,WH-YOG01,LOT-0210,26666.66667,10381333333
2025-05,WH-YOG01,LOT-1071,1356000,2.58996E+11
2025-05,WH-YOG01,LOT-0335,432000,45489600000
2025-05,WH-YOG01,LOT-0482,22000,4692600000
2025-05,WH-YOG01,LOT-0189,54000,12079800000
2025-05,WH-YOG01,LOT-0738,1596000,9.7356E+11
2025-05,WH-YOG01,LOT-0732,981333.3333,5.29233E+11
2025-05,WH-YOG01,LOT-0693,750000,1.2825E+11
2025-05,WH-YOG01,LOT-0167,211500,9411750000
2025-05,WH-YOG01,LOT-0846,1152000,4.16794E+11
2025-05,WH-YOG01,LOT-0704,101000,45116700000
2025-05,WH-YOG01,LOT-0143,78000,20763600000
2025-05,WH-YOG01,LOT-1009,2696000,3.8445E+11
2025-05,WH-YOG01,LOT-0821,1562666.667,1.46266E+11
2025-05,WH-YOG01,LOT-1117,3632000,1.44953E+12
2025-05,WH-YOG01,LOT-0128,1638000,1.86241E+11
2025-05,WH-YOG01,LOT-1075,246000,45928200000
2025-05,WH-YOG01,LOT-0853,1540000,3.2032E+11
2025-05,WH-YOG01,LOT-0318,1018666.667,3.26177E+11
2025-05,WH-YOG01,LOT-1123,1158000,5.49355E+11
2025-05,WH-YOG01,LOT-0184,1968000,4.30205E+11
2025-05,WH-YOG01,LOT-0425,1176000,1.75459E+11
2025-05,WH-YOG01,LOT-0919,877500,1.45841E+11
2025-05,WH-YOG01,LOT-0326,374666.6667,42487200000
2025-05,WH-YOG01,LOT-0237,1016000,3.07035E+11
2025-05,WH-YOG01,LOT-0466,319500,91888200000
2025-05,WH-YOG01,LOT-0491,840000,74508000000
2025-05,WH-YOG01,LOT-0116,242666.6667,13395200000
2025-05,WH-YOG01,LOT-1143,106666.6667,30464000000
2025-05,WH-YOG01,LOT-0050,3112000,8.09431E+11
2025-05,WH-YOG01,LOT-0462,1400000,4.361E+11
2025-05,WH-YOG01,LOT-0981,1512000,6.2249E+11
2025-05,WH-YOG01,LOT-0087,588000,65032800000
2025-05,WH-YOG01,LOT-0449,200000,19240000000
2025-05,WH-YOG01,LOT-0477,376000,1.45399E+11
2025-05,WH-YOG01,LOT-0313,470000,1.73571E+11
2025-05,WH-YOG01,LOT-0282,470666.6667,1.28398E+11
2025-05,WH-YOG01,LOT-1026,104000,50637600000
2025-05,WH-YOG01,LOT-0655,1300000,1.1193E+11
2025-05,WH-YOG01,LOT-0794,2864000,9.54858E+11
2025-05,WH-YOG01,LOT-0040,3088000,7.4884E+11
2025-05,WH-YOG01,LOT-1045,447000,28652700000
2025-05,WH-YOG01,LOT-0594,220000,88858000000
2025-05,WH-YOG01,LOT-0049,1656000,3.62995E+11
2025-06,WH-JKT01,LOT-0230,1232000,6.09717E+11
2025-06,WH-JKT01,LOT-1027,38000,20888600000
2025-06,WH-JKT01,LOT-1115,696000,2.49516E+11
2025-06,WH-JKT01,LOT-0086,2069333.333,2.22453E+11
2025-06,WH-JKT01,LOT-1065,1925333.333,3.35586E+11
2025-06,WH-JKT01,LOT-0213,1116000,2.73643E+11
2025-06,WH-JKT01,LOT-1179,232000,29672800000
2025-06,WH-JKT01,LOT-0009,390000,53664000000
2025-06,WH-JKT01,LOT-0522,682666.6667,1.93877E+11
2025-06,WH-JKT01,LOT-1128,314666.6667,1.44117E+11
2025-06,WH-JKT01,LOT-0338,704000,71878400000
2025-06,WH-JKT01,LOT-0465,1248000,3.71654E+11
2025-06,WH-JKT01,LOT-0686,325333.3333,88328000000
2025-06,WH-JKT01,LOT-1002,29333.33333,4332533333
2025-06,WH-JKT01,LOT-0240,168666.6667,46889333333
2025-06,WH-JKT01,LOT-0667,203000,40803000000
2025-06,WH-JKT01,LOT-0765,1356000,1.14582E+11
2025-06,WH-JKT01,LOT-1124,2133333.333,9.94987E+11
2025-06,WH-JKT01,LOT-0809,954000,3.67862E+11
2025-06,WH-JKT01,LOT-1072,477333.3333,91791200000
2025-06,WH-JKT01,LOT-0805,6464000,2.86549E+12
2025-06,WH-JKT01,LOT-0449,244000,25424800000
2025-06,WH-JKT01,LOT-1182,484000,2.88803E+11
2025-06,WH-JKT01,LOT-0720,128000,46003200000
2025-06,WH-JKT01,LOT-0836,304000,64204800000
2025-06,WH-JKT01,LOT-0218,418666.6667,1.00731E+11
2025-06,WH-JKT01,LOT-0463,1832000,5.65172E+11
2025-06,WH-JKT01,LOT-0930,1086000,2.816E+11
2025-06,WH-JKT01,LOT-0319,1468000,5.17323E+11
2025-06,WH-JKT01,LOT-0386,2160000,5.886E+11
2025-06,WH-JKT01,LOT-0002,3396000,4.11256E+11
2025-06,WH-JKT01,LOT-1034,658666.6667,66591200000
2025-06,WH-JKT01,LOT-0221,4864000,2.26322E+12
2025-06,WH-JKT01,LOT-1015,442000,2.08359E+11
2025-06,WH-JKT01,LOT-0296,98000,16277800000
2025-06,WH-JKT01,LOT-0148,690000,1.67256E+11
2025-06,WH-JKT01,LOT-0628,840000,3.10128E+11
2025-06,WH-JKT01,LOT-0496,172000,17028000000
2025-06,WH-JKT01,LOT-0832,400000,84280000000
2025-06,WH-JKT01,LOT-0621,928000,3.12272E+11
2025-06,WH-JKT01,LOT-0429,133333.3333,19920000000
2025-06,WH-JKT01,LOT-1110,233000,95856200000
2025-06,WH-JKT01,LOT-0198,852000,4.59313E+11
2025-06,WH-JKT01,LOT-0392,370666.6667,24167466667
2025-06,WH-JKT01,LOT-0049,1818666.667,4.08109E+11
2025-06,WH-JKT01,LOT-0034,972000,2.33377E+11
2025-06,WH-JKT01,LOT-0064,33333.33333,3853333333
2025-06,WH-JKT01,LOT-0606,160000,27808000000
2025-06,WH-JKT01,LOT-0248,6192000,1.90094E+11
2025-06,WH-JKT01,LOT-0425,53333.33333,7493333333
2025-06,WH-JKT01,LOT-0381,798000,2.37166E+11
2025-06,WH-JKT01,LOT-0147,186000,46704600000
2025-06,WH-JKT01,LOT-0138,1269000,3.04306E+11
2025-06,WH-JKT01,LOT-0520,24000,5640000000
2025-06,WH-JKT01,LOT-0927,337500,85455000000
2025-06,WH-JKT01,LOT-0244,86000,2726200000
2025-06,WH-JKT01,LOT-0865,456000,2.16965E+11
2025-06,WH-JKT01,LOT-0733,992000,5.58198E+11
2025-06,WH-JKT01,LOT-0826,114000,9120000000
2025-06,WH-JKT01,LOT-0022,541333.3333,1.59098E+11
2025-06,WH-JKT01,LOT-0615,869333.3333,3.36519E+11
2025-06,WH-JKT01,LOT-0703,164000,71815600000
2025-06,WH-JKT01,LOT-0795,186666.6667,66360000000
2025-06,WH-JKT01,LOT-0768,316000,26480800000
2025-06,WH-JKT01,LOT-0427,78000,11208600000
2025-06,WH-JKT01,LOT-0623,672000,2.51126E+11
2025-06,WH-JKT01,LOT-0878,174666.6667,73255200000
2025-06,WH-JKT01,LOT-0980,3456000,1.5234E+12
2025-06,WH-JKT01,LOT-1007,760000,1.30872E+11
2025-06,WH-JKT01,LOT-0065,1482666.667,1.78068E+11
2025-06,WH-JKT01,LOT-1024,1170000,5.80671E+11
2025-06,WH-JKT01,LOT-0655,450666.6667,44435733333
2025-06,WH-JKT01,LOT-0524,57000,16256400000
2025-06,WH-JKT01,LOT-0970,3008000,1.44294E+12
2025-06,WH-JKT01,LOT-0786,820000,43952000000
2025-06,WH-JKT01,LOT-1104,160000,67024000000
2025-06,WH-JKT01,LOT-0201,420000,1.80348E+11
2025-06,WH-JKT01,LOT-0866,2826666.667,1.55721E+12
2025-06,WH-JKT01,LOT-0719,446666.6667,1.88985E+11
2025-06,WH-JKT01,LOT-1005,2640000,3.86232E+11
2025-06,WH-JKT01,LOT-0056,414666.6667,66097866667
2025-06,WH-JKT01,LOT-0779,690666.6667,1.79711E+11
2025-06,WH-JKT01,LOT-0080,2034000,1.15023E+12
2025-06,WH-JKT01,LOT-0999,436000,93740000000
2025-06,WH-JKT01,LOT-0178,192000,1.13952E+11
2025-06,WH-JKT01,LOT-0973,632000,2.7492E+11
2025-06,WH-JKT01,LOT-0517,16666.66667,3973333333
2025-06,WH-JKT01,LOT-1114,137333.3333,51651066667
2025-06,WH-JKT01,LOT-0189,1797333.333,4.14465E+11
2025-06,WH-JKT01,LOT-0170,268500,12726900000
2025-06,WH-JKT01,LOT-0503,558000,38446200000
2025-06,WH-JKT01,LOT-0193,972000,5.78632E+11
2025-06,WH-JKT01,LOT-0932,490000,2.79496E+11
2025-06,WH-JKT01,LOT-0778,606000,1.57196E+11
2025-06,WH-JKT01,LOT-0691,4284000,7.95967E+11
2025-06,WH-JKT01,LOT-0495,2328000,2.3117E+11
2025-06,WH-JKT01,LOT-0962,104666.6667,46995333333
2025-06,WH-JKT01,LOT-0071,2384000,1.21965E+12
2025-06,WH-JKT01,LOT-0662,1062000,1.84363E+11
2025-06,WH-JKT01,LOT-0635,680000,1.69864E+11
2025-06,WH-JKT01,LOT-1132,277000,1.49469E+11
2025-06,WH-JKT01,LOT-0925,1749333.333,4.17916E+11
2025-06,WH-JKT01,LOT-0444,3924000,3.72388E+11
2025-06,WH-JKT01,LOT-0841,572000,2.0346E+11
2025-06,WH-JKT01,LOT-0195,6592000,3.6612E+12
2025-06,WH-JKT01,LOT-0263,1760000,8.32832E+11
2025-06,WH-SBY01,LOT-0491,378000,31941000000
2025-06,WH-SBY01,LOT-1160,384000,2.19418E+11
2025-06,WH-SBY01,LOT-0392,1053333.333,64990666667
2025-06,WH-SBY01,LOT-0714,1206000,4.43567E+11
2025-06,WH-SBY01,LOT-0628,3413333.333,1.1305E+12
2025-06,WH-SBY01,LOT-0393,87000,5211300000
2025-06,WH-SBY01,LOT-0687,4096000,1.09568E+12
2025-06,WH-SBY01,LOT-1061,572000,1.0479E+11
2025-06,WH-SBY01,LOT-0843,68000,20508800000
2025-06,WH-SBY01,LOT-0571,1704000,4.70815E+11
2025-06,WH-SBY01,LOT-0541,960000,2.45376E+11
2025-06,WH-SBY01,LOT-0869,186000,1.03044E+11
2025-06,WH-SBY01,LOT-0386,444000,1.14152E+11
2025-06,WH-SBY01,LOT-0286,762000,2.31724E+11
2025-06,WH-SBY01,LOT-0605,1816000,3.35052E+11
2025-06,WH-SBY01,LOT-0390,312000,93880800000
2025-06,WH-SBY01,LOT-0741,1398000,3.10775E+11
2025-06,WH-SBY01,LOT-1112,37333.33333,15795733333
2025-06,WH-SBY01,LOT-1133,2282666.667,1.28217E+12
2025-06,WH-SBY01,LOT-0658,616000,53099200000
2025-06,WH-SBY01,LOT-0419,536000,3.13828E+11
2025-06,WH-SBY01,LOT-0948,518666.6667,2.76657E+11
2025-06,WH-SBY01,LOT-1192,846000,2.52869E+11
2025-06,WH-SBY01,LOT-1066,1173333.333,2.18005E+11
2025-06,WH-SBY01,LOT-0356,682666.6667,79325866667
2025-06,WH-SBY01,LOT-0241,728000,20748000000
2025-06,WH-SBY01,LOT-0597,160000,60480000000
2025-06,WH-SBY01,LOT-0506,1706666.667,1.12469E+11
2025-06,WH-SBY01,LOT-0422,115500,17047800000
2025-06,WH-SBY01,LOT-0691,2080000,3.50896E+11
2025-06,WH-SBY01,LOT-0375,198000,72428400000
2025-06,WH-SBY01,LOT-1018,543000,2.92514E+11
2025-06,WH-SBY01,LOT-0768,546000,45099600000
2025-06,WH-SBY01,LOT-0504,296000,18766400000
2025-06,WH-SBY01,LOT-0803,740000,2.997E+11
2025-06,WH-SBY01,LOT-0992,352000,87049600000
2025-06,WH-SBY01,LOT-0555,2624000,3.10944E+11
2025-06,WH-SBY01,LOT-1164,1306666.667,49000000000
2025-06,WH-SBY01,LOT-0941,1898666.667,1.13407E+12
2025-06,WH-SBY01,LOT-1101,172000,70554400000
2025-06,WH-SBY01,LOT-0700,101333.3333,18300800000
2025-06,WH-SBY01,LOT-0300,128000,21849600000
2025-06,WH-SBY01,LOT-0522,482666.6667,1.42821E+11
2025-06,WH-SBY01,LOT-0148,180000,44892000000
2025-06,WH-SBY01,LOT-0518,500000,1.2115E+11
2025-06,WH-SBY01,LOT-0255,148000,24153600000
2025-06,WH-SBY01,LOT-0772,270000,64314000000
2025-06,WH-SBY01,LOT-1128,757333.3333,3.52463E+11
2025-06,WH-SBY01,LOT-0806,276000,1.13546E+11
2025-06,WH-SBY01,LOT-0007,60666.66667,7534800000
2025-06,WH-SBY01,LOT-0137,912000,2.21434E+11
2025-06,WH-SBY01,LOT-0387,311000,87733100000
2025-06,WH-SBY01,LOT-1014,280000,1.5582E+11
2025-06,WH-SBY01,LOT-0932,533333.3333,2.94827E+11
2025-06,WH-SBY01,LOT-1196,1576000,4.20634E+11
2025-06,WH-SBY01,LOT-0568,3914666.667,1.6743E+12
2025-06,WH-SBY01,LOT-1047,138666.6667,9845333333
2025-06,WH-SBY01,LOT-1163,1152000,35712000000
2025-06,WH-SBY01,LOT-0862,135000,69106500000
2025-06,WH-SBY01,LOT-0408,360000,1.67616E+11
2025-06,WH-SBY01,LOT-0545,206666.6667,47740000000
2025-06,WH-SBY01,LOT-0105,1824000,94118400000
2025-06,WH-SBY01,LOT-0876,400000,1.5408E+11
2025-06,WH-SBY01,LOT-1003,2624000,3.84678E+11
2025-06,WH-SBY01,LOT-0222,208000,90230400000
2025-06,WH-SBY01,LOT-0976,554666.6667,2.33958E+11
2025-06,WH-SBY01,LOT-0896,794666.6667,1.33266E+11
2025-06,WH-SBY01,LOT-0793,1536000,4.73088E+11
2025-06,WH-SBY01,LOT-0642,1140000,3.20682E+11
2025-06,WH-SBY01,LOT-0245,442000,14099800000
2025-06,WH-SBY01,LOT-0287,375000,98887500000
2025-06,WH-SBY01,LOT-0371,70000,25613000000
2025-06,WH-SBY01,LOT-0252,14666.66667,2380400000
2025-06,WH-SBY01,LOT-0112,298666.6667,14843733333
2025-06,WH-SBY01,LOT-0085,48000,5236800000
2025-06,WH-SBY01,LOT-0144,482000,1.21801E+11
2025-06,WH-SBY01,LOT-0569,1029333.333,4.23879E+11
2025-06,WH-SBY01,LOT-0221,498000,2.30624E+11
2025-06,WH-SBY01,LOT-1124,100000,45320000000
2025-06,WH-SBY01,LOT-1097,9000,741600000
2025-06,WH-SBY01,LOT-0550,245333.3333,64743466667
2025-06,WH-SBY01,LOT-0261,2136000,9.88541E+11
2025-06,WH-SBY01,LOT-0197,1392000,7.71725E+11
2025-06,WH-SBY01,LOT-0867,408000,2.03102E+11
2025-06,WH-SBY01,LOT-0420,960000,4.73664E+11
2025-06,WH-SBY01,LOT-0082,672000,78086400000
2025-06,WH-SBY01,LOT-1161,1024000,37683200000
2025-06,WH-SBY01,LOT-0123,257333.3333,29799200000
2025-06,WH-SBY01,LOT-0021,882000,2.54369E+11
2025-06,WH-SBY01,LOT-0229,948000,4.06123E+11
2025-06,WH-SBY01,LOT-0692,244000,46506400000
2025-06,WH-SBY01,LOT-0583,696000,3.32897E+11
2025-06,WH-SBY01,LOT-0881,782000,3.31646E+11
2025-06,WH-SBY01,LOT-0493,1188000,1.0003E+11
2025-06,WH-SBY01,LOT-0473,456000,1.69723E+11
2025-06,WH-SBY01,LOT-0452,2720000,1.58141E+12
2025-06,WH-SBY01,LOT-1169,2484000,85946400000
2025-06,WH-SBY01,LOT-0547,250666.6667,61363200000
2025-06,WH-SBY01,LOT-1132,182000,97169800000
2025-06,WH-SBY01,LOT-0725,504000,1.5755E+11
2025-06,WH-BDG01,LOT-1183,348000,1.96168E+11
2025-06,WH-BDG01,LOT-0830,460000,42182000000
2025-06,WH-BDG01,LOT-0515,1980000,4.61538E+11
2025-06,WH-BDG01,LOT-1073,308000,58058000000
2025-06,WH-BDG01,LOT-0835,157500,32964750000
2025-06,WH-BDG01,LOT-0342,134000,50209800000
2025-06,WH-BDG01,LOT-1031,234000,23704200000
2025-06,WH-BDG01,LOT-1024,320000,1.44576E+11
2025-06,WH-BDG01,LOT-0259,194666.6667,32528800000
2025-06,WH-BDG01,LOT-0075,197333.3333,1.02238E+11
2025-06,WH-BDG01,LOT-0424,164000,23320800000
2025-06,WH-BDG01,LOT-0151,1573333.333,7.68416E+11
2025-06,WH-BDG01,LOT-0753,448000,1.35968E+11
2025-06,WH-BDG01,LOT-0612,152000,54203200000
2025-06,WH-BDG01,LOT-0237,96000,26793600000
2025-06,WH-BDG01,LOT-0845,1008000,3.52397E+11
2025-06,WH-BDG01,LOT-0784,39000,2098200000
2025-06,WH-BDG01,LOT-0770,356000,30224400000
2025-06,WH-BDG01,LOT-0614,685333.3333,2.41649E+11
2025-06,WH-BDG01,LOT-0766,2082000,1.6073E+11
2025-06,WH-BDG01,LOT-0049,360000,88668000000
2025-06,WH-BDG01,LOT-0645,3120000,9.4848E+11
2025-06,WH-BDG01,LOT-0998,1096000,2.63478E+11
2025-06,WH-BDG01,LOT-0407,2280000,1.16006E+12
2025-06,WH-BDG01,LOT-0033,4096000,1.03178E+12
2025-06,WH-BDG01,LOT-0442,1380000,1.32618E+11
2025-06,WH-BDG01,LOT-0892,896000,1.50707E+11
2025-06,WH-BDG01,LOT-0302,1484000,3.51856E+11
2025-06,WH-BDG01,LOT-0922,708000,1.77637E+11
2025-06,WH-BDG01,LOT-0287,618000,1.92013E+11
2025-06,WH-BDG01,LOT-0619,86666.66667,31347333333
2025-06,WH-BDG01,LOT-0812,21333.33333,5975466667
2025-06,WH-BDG01,LOT-0501,384000,24960000000
2025-06,WH-BDG01,LOT-0292,176666.6667,29591666667
2025-06,WH-BDG01,LOT-0034,1000000,2.883E+11
2025-06,WH-BDG01,LOT-0466,165333.3333,55899200000
2025-06,WH-BDG01,LOT-0900,105333.3333,18201600000
2025-06,WH-BDG01,LOT-0518,362666.6667,81527466667
2025-06,WH-BDG01,LOT-0997,640000,1.53152E+11
2025-06,WH-BDG01,LOT-0818,234000,71791200000
2025-06,WH-BDG01,LOT-0956,132000,36590400000
2025-06,WH-BDG01,LOT-0953,442666.6667,1.34748E+11
2025-06,WH-BDG01,LOT-0761,2172000,1.70719E+11
2025-06,WH-BDG01,LOT-0420,506666.6667,2.71219E+11
2025-06,WH-BDG01,LOT-0949,4458666.667,2.39832E+12
2025-06,WH-BDG01,LOT-0268,522000,2.17048E+11
2025-06,WH-BDG01,LOT-0852,774000,1.65326E+11
2025-06,WH-BDG01,LOT-0106,2677333.333,1.58766E+11
2025-06,WH-BDG01,LOT-0503,2064000,1.26523E+11
2025-06,WH-BDG01,LOT-0299,660000,1.2573E+11
2025-06,WH-BDG01,LOT-0208,181333.3333,77157333333
2025-06,WH-BDG01,LOT-0606,1808000,3.04106E+11
2025-06,WH-BDG01,LOT-0767,1317333.333,1.12895E+11
2025-06,WH-BDG01,LOT-0109,700000,41370000000
2025-06,WH-BDG01,LOT-0718,780000,2.9367E+11
2025-06,WH-BDG01,LOT-0792,677333.3333,2.41808E+11
2025-06,WH-BDG01,LOT-0888,1024000,5.23878E+11
2025-06,WH-BDG01,LOT-0160,1104000,5.79048E+11
2025-06,WH-BDG01,LOT-0603,1130666.667,2.02163E+11
2025-06,WH-BDG01,LOT-0727,666666.6667,1.82067E+11
2025-06,WH-BDG01,LOT-1050,845333.3333,62385600000
2025-06,WH-BDG01,LOT-1130,236000,1.04878E+11
2025-06,WH-BDG01,LOT-0978,2752000,1.15419E+12
2025-06,WH-BDG01,LOT-0083,188000,18649600000
2025-06,WH-BDG01,LOT-0982,376000,1.49874E+11
2025-06,WH-BDG01,LOT-0139,12000,2618400000
2025-06,WH-BDG01,LOT-0722,224000,63952000000
2025-06,WH-BDG01,LOT-0679,312000,1.84735E+11
2025-06,WH-BDG01,LOT-0397,2172000,1.46827E+11
2025-06,WH-BDG01,LOT-0636,186000,37795200000
2025-06,WH-BDG01,LOT-1038,285000,28813500000
2025-06,WH-BDG01,LOT-0340,616000,76753600000
2025-06,WH-BDG01,LOT-0023,2048000,6.17677E+11
2025-06,WH-BDG01,LOT-1151,4356000,2.37228E+12
2025-06,WH-BDG01,LOT-0553,396000,43956000000
2025-06,WH-BDG01,LOT-0123,949333.3333,1.17148E+11
2025-06,WH-BDG01,LOT-0051,522000,75846600000
2025-06,WH-BDG01,LOT-1044,1212000,76719600000
2025-06,WH-BDG01,LOT-0448,33333.33333,3406666667
2025-06,WH-BDG01,LOT-1068,412000,75148800000
2025-06,WH-BDG01,LOT-0050,410000,1.05288E+11
2025-06,WH-BDG01,LOT-0919,1536000,2.23488E+11
2025-06,WH-BDG01,LOT-0827,821333.3333,68663466667
2025-06,WH-BDG01,LOT-0685,1096000,2.60519E+11
2025-06,WH-BDG01,LOT-0943,2544000,1.32899E+12
2025-06,WH-BDG01,LOT-0711,38000,14789600000
2025-06,WH-BDG01,LOT-0669,736000,1.29757E+11
2025-06,WH-BDG01,LOT-0584,968000,4.51088E+11
2025-06,WH-BDG01,LOT-0754,345333.3333,1.19762E+11
2025-06,WH-BDG01,LOT-0105,714000,36913800000
2025-06,WH-BDG01,LOT-1059,1098666.667,1.53594E+11
2025-06,WH-BDG01,LOT-1200,460000,1.2098E+11
2025-06,WH-BDG01,LOT-0253,164666.6667,31336066667
2025-06,WH-BDG01,LOT-0898,752000,1.33781E+11
2025-06,WH-BDG01,LOT-0999,483000,1.09303E+11
2025-06,WH-BDG01,LOT-1053,1098000,1.52402E+11
2025-06,WH-BDG01,LOT-1123,876000,4.46497E+11
2025-06,WH-BDG01,LOT-1160,250000,1.4905E+11
2025-06,WH-BDG01,LOT-1037,733500,85086000000
2025-06,WH-BDG01,LOT-0138,896000,1.99539E+11
2025-06,WH-BDG01,LOT-0315,324000,1.18422E+11
2025-06,WH-BDG01,LOT-0774,368000,82542400000
2025-06,WH-SMG01,LOT-0242,6080000,1.90304E+11
2025-06,WH-SMG01,LOT-0303,1328000,3.27883E+11
2025-06,WH-SMG01,LOT-0221,1061333.333,4.98296E+11
2025-06,WH-SMG01,LOT-0920,124000,19654000000
2025-06,WH-SMG01,LOT-0259,906000,1.52027E+11
2025-06,WH-SMG01,LOT-0306,686000,1.61416E+11
2025-06,WH-SMG01,LOT-0151,64000,35417600000
2025-06,WH-SMG01,LOT-0579,272000,80865600000
2025-06,WH-SMG01,LOT-0682,346000,84251000000
2025-06,WH-SMG01,LOT-0656,680000,59296000000
2025-06,WH-SMG01,LOT-1187,1420000,7.62824E+11
2025-06,WH-SMG01,LOT-0490,115333.3333,24958133333
2025-06,WH-SMG01,LOT-0987,2000000,6.748E+11
2025-06,WH-SMG01,LOT-0892,94666.66667,16774933333
2025-06,WH-SMG01,LOT-0840,505333.3333,1.09809E+11
2025-06,WH-SMG01,LOT-0252,1364000,2.32971E+11
2025-06,WH-SMG01,LOT-1131,816000,4.3093E+11
2025-06,WH-SMG01,LOT-0620,1189333.333,4.28041E+11
2025-06,WH-SMG01,LOT-0430,117333.3333,16450133333
2025-06,WH-SMG01,LOT-0970,1782000,8.55004E+11
2025-06,WH-SMG01,LOT-0070,163000,22070200000
2025-06,WH-SMG01,LOT-0746,1077000,2.57403E+11
2025-06,WH-SMG01,LOT-0321,480000,53568000000
2025-06,WH-SMG01,LOT-0801,896000,3.99347E+11
2025-06,WH-SMG01,LOT-0393,64000,4595200000
2025-06,WH-SMG01,LOT-0707,405333.3333,2.03031E+11
2025-06,WH-SMG01,LOT-0136,1572000,4.04947E+11
2025-06,WH-SMG01,LOT-0101,64000,3180800000
2025-06,WH-SMG01,LOT-0065,944000,1.1177E+11
2025-06,WH-SMG01,LOT-0517,522000,1.35094E+11
2025-06,WH-SMG01,LOT-0798,370666.6667,1.21653E+11
2025-06,WH-SMG01,LOT-0383,134000,37399400000
2025-06,WH-SMG01,LOT-1020,638000,3.15491E+11
2025-06,WH-SMG01,LOT-0950,188000,99752800000
2025-06,WH-SMG01,LOT-0815,208000,57262400000
2025-06,WH-SMG01,LOT-0663,609000,1.23201E+11
2025-06,WH-SMG01,LOT-0921,3408000,9.80822E+11
2025-06,WH-SMG01,LOT-0273,3008000,9.57747E+11
2025-06,WH-SMG01,LOT-0670,2576000,5.20867E+11
2025-06,WH-SMG01,LOT-0865,794000,3.69131E+11
2025-06,WH-SMG01,LOT-0645,98666.66667,25949333333
2025-06,WH-SMG01,LOT-1161,240000,7632000000
2025-06,WH-SMG01,LOT-0377,238666.6667,86110933333
2025-06,WH-SMG01,LOT-0016,250000,13100000000
2025-06,WH-SMG01,LOT-0337,1045333.333,1.21468E+11
2025-06,WH-SMG01,LOT-0514,160000,37904000000
2025-06,WH-SMG01,LOT-0852,136000,33197600000
2025-06,WH-SMG01,LOT-0191,150666.6667,76478400000
2025-06,WH-SMG01,LOT-0998,2403000,6.01471E+11
2025-06,WH-SMG01,LOT-0686,949500,2.33007E+11
2025-06,WH-SMG01,LOT-0304,816000,1.94779E+11
2025-06,WH-SMG01,LOT-0087,336000,38472000000
2025-06,WH-SMG01,LOT-0288,1032000,3.15482E+11
2025-06,WH-SMG01,LOT-0492,6176000,5.31136E+11
2025-06,WH-SMG01,LOT-1051,2728000,3.87376E+11
2025-06,WH-SMG01,LOT-1015,1376000,7.224E+11
2025-06,WH-SMG01,LOT-0570,1434000,5.50656E+11
2025-06,WH-SMG01,LOT-0415,999000,5.2967E+11
2025-06,WH-SMG01,LOT-0370,156000,52431600000
2025-06,WH-SMG01,LOT-0856,202000,41591800000
2025-06,WH-SMG01,LOT-0079,744000,3.7014E+11
2025-06,WH-SMG01,LOT-0019,3680000,1.90624E+11
2025-06,WH-SMG01,LOT-0739,449333.3333,2.45381E+11
2025-06,WH-SMG01,LOT-0703,2069333.333,1.04853E+12
2025-06,WH-SMG01,LOT-0764,442666.6667,37095466667
2025-06,WH-SMG01,LOT-0691,128000,21542400000
2025-06,WH-SMG01,LOT-0006,576000,77587200000
2025-06,WH-SMG01,LOT-0215,584000,1.46467E+11
2025-06,WH-SMG01,LOT-0989,1386000,4.80249E+11
2025-06,WH-SMG01,LOT-1027,2064000,1.05099E+12
2025-06,WH-SMG01,LOT-0414,2296000,1.31148E+12
2025-06,WH-SMG01,LOT-0433,358000,1.28916E+11
2025-06,WH-SMG01,LOT-0681,112000,31024000000
2025-06,WH-SMG01,LOT-1035,882666.6667,95151466667
2025-06,WH-SMG01,LOT-0561,109333.3333,43339733333
2025-06,WH-SMG01,LOT-1088,222000,92196600000
2025-06,WH-SMG01,LOT-1083,157333.3333,61910666667
2025-06,WH-SMG01,LOT-0403,158000,76882800000
2025-06,WH-SMG01,LOT-0891,900000,1.5228E+11
2025-06,WH-SMG01,LOT-0081,199000,23820300000
2025-06,WH-SMG01,LOT-0932,148000,81385200000
2025-06,WH-SMG01,LOT-1121,573333.3333,3.02319E+11
2025-06,WH-SMG01,LOT-0595,1104000,4.05499E+11
2025-06,WH-SMG01,LOT-1104,1386666.667,5.29707E+11
2025-06,WH-SMG01,LOT-0935,632000,3.52593E+11
2025-06,WH-SMG01,LOT-0092,192000,91795200000
2025-06,WH-SMG01,LOT-0583,3669333.333,1.59139E+12
2025-06,WH-SMG01,LOT-0037,138666.6667,39048533333
2025-06,WH-SMG01,LOT-0835,1638000,3.83128E+11
2025-06,WH-SMG01,LOT-0129,336000,37195200000
2025-06,WH-SMG01,LOT-0972,106000,47965000000
2025-06,WH-SMG01,LOT-0855,1592000,3.53265E+11
2025-06,WH-SMG01,LOT-1172,90666.66667,11414933333
2025-06,WH-SMG01,LOT-0473,904000,3.45057E+11
2025-06,WH-SMG01,LOT-0646,720000,1.92312E+11
2025-06,WH-SMG01,LOT-0457,584000,3.14367E+11
2025-06,WH-SMG01,LOT-0543,1050666.667,2.65293E+11
2025-06,WH-SMG01,LOT-0615,1128000,4.70602E+11
2025-06,WH-SMG01,LOT-0080,135000,79677000000
2025-06,WH-SMG01,LOT-0470,1716000,5.78292E+11
2025-06,WH-SMG01,LOT-0521,4296000,1.32274E+12
2025-06,WH-SMG01,LOT-0809,765333.3333,3.26797E+11
2025-06,WH-SMG01,LOT-0544,224000,60614400000
2025-06,WH-SMG01,LOT-0009,2340000,3.3696E+11
2025-06,WH-SMG01,LOT-1087,1312000,6.19789E+11
2025-06,WH-SMG01,LOT-0084,1760000,1.7424E+11
2025-06,WH-SMG01,LOT-0455,262500,1.39965E+11
2025-06,WH-SMG01,LOT-0814,496000,1.30101E+11
2025-06,WH-SMG01,LOT-0005,141333.3333,20422666667
2025-06,WH-SMG01,LOT-0881,3672000,1.54334E+12
2025-06,WH-SMG01,LOT-0098,664000,2.60487E+11
2025-06,WH-SMG01,LOT-0156,1134000,5.7233E+11
2025-06,WH-SMG01,LOT-1097,177000,14390100000
2025-06,WH-SMG01,LOT-1120,2456000,1.0578E+12
2025-06,WH-SMG01,LOT-0854,2096000,4.39531E+11
2025-06,WH-SMG01,LOT-0034,242666.6667,59186400000
2025-06,WH-SMG01,LOT-1028,592000,3.10682E+11
2025-06,WH-BKS01,LOT-0035,580000,1.49524E+11
2025-06,WH-BKS01,LOT-0964,357333.3333,1.40718E+11
2025-06,WH-BKS01,LOT-0448,484000,44818400000
2025-06,WH-BKS01,LOT-0260,140000,26306000000
2025-06,WH-BKS01,LOT-0347,273000,1.02593E+11
2025-06,WH-BKS01,LOT-1044,864000,55036800000
2025-06,WH-BKS01,LOT-0489,1621333.333,3.14701E+11
2025-06,WH-BKS01,LOT-0836,222000,47374800000
2025-06,WH-BKS01,LOT-0011,530666.6667,22606400000
2025-06,WH-BKS01,LOT-1072,1580000,2.83926E+11
2025-06,WH-BKS01,LOT-0560,2440000,2.93776E+11
2025-06,WH-BKS01,LOT-1182,213333.3333,1.19872E+11
2025-06,WH-BKS01,LOT-0385,1253333.333,3.29125E+11
2025-06,WH-BKS01,LOT-1009,1168000,1.97392E+11
2025-06,WH-BKS01,LOT-1122,1224000,5.57654E+11
2025-06,WH-BKS01,LOT-0488,666666.6667,1.31733E+11
2025-06,WH-BKS01,LOT-0122,48666.66667,4983466667
2025-06,WH-BKS01,LOT-0881,333333.3333,1.612E+11
2025-06,WH-BKS01,LOT-0433,1206000,4.44049E+11
2025-06,WH-BKS01,LOT-0796,765333.3333,2.53555E+11
2025-06,WH-BKS01,LOT-0395,316000,19023200000
2025-06,WH-BKS01,LOT-1081,1994666.667,8.42348E+11
2025-06,WH-BKS01,LOT-0600,810000,3.18492E+11
2025-06,WH-BKS01,LOT-0706,768000,3.91066E+11
2025-06,WH-BKS01,LOT-0279,269000,1.01332E+11
2025-06,WH-BKS01,LOT-0829,2064000,1.76678E+11
2025-06,WH-BKS01,LOT-0843,74000,24738200000
2025-06,WH-BKS01,LOT-1185,629333.3333,3.24484E+11
2025-06,WH-BKS01,LOT-0590,198666.6667,87472933333
2025-06,WH-BKS01,LOT-0552,260000,33332000000
2025-06,WH-BKS01,LOT-0511,1388000,3.71151E+11
2025-06,WH-BKS01,LOT-0256,3828000,6.94399E+11
2025-06,WH-BKS01,LOT-0861,368000,2.04019E+11
2025-06,WH-BKS01,LOT-0523,652000,1.9873E+11
2025-06,WH-BKS01,LOT-1020,550000,2.55475E+11
2025-06,WH-BKS01,LOT-0003,135000,17185500000
2025-06,WH-BKS01,LOT-0235,2864000,8.88413E+11
2025-06,WH-BKS01,LOT-0831,657000,1.52555E+11
2025-06,WH-BKS01,LOT-0392,30000,1959000000
2025-06,WH-BKS01,LOT-0519,800000,1.7992E+11
2025-06,WH-BKS01,LOT-0263,644000,2.92569E+11
2025-06,WH-BKS01,LOT-1181,4736000,2.44709E+12
2025-06,WH-BKS01,LOT-0378,1536000,5.60026E+11
2025-06,WH-BKS01,LOT-1189,652000,3.48168E+11
2025-06,WH-BKS01,LOT-0246,417333.3333,12478266667
2025-06,WH-BKS01,LOT-0510,748000,46151600000
2025-06,WH-BKS01,LOT-0272,656000,2.38522E+11
2025-06,WH-BKS01,LOT-0083,195000,20338500000
2025-06,WH-BKS01,LOT-0473,1888000,6.87043E+11
2025-06,WH-BKS01,LOT-0512,262000,60705400000
2025-06,WH-BKS01,LOT-0096,1050000,4.55175E+11
2025-06,WH-BKS01,LOT-0148,1200000,3.2868E+11
2025-06,WH-BKS01,LOT-0809,34666.66667,14899733333
2025-06,WH-BKS01,LOT-0273,57000,20474400000
2025-06,WH-BKS01,LOT-0447,600000,56460000000
2025-06,WH-BKS01,LOT-0567,162000,59761800000
2025-06,WH-BKS01,LOT-0231,3456000,1.02194E+12
2025-06,WH-BKS01,LOT-1177,2042666.667,2.50839E+11
2025-06,WH-BKS01,LOT-0006,1588500,2.31444E+11
2025-06,WH-BKS01,LOT-0431,3040000,1.17526E+12
2025-06,WH-BKS01,LOT-0227,296000,1.28109E+11
2025-06,WH-BKS01,LOT-0029,1216000,3.32576E+11
2025-06,WH-BKS01,LOT-0847,72000,21420000000
2025-06,WH-BKS01,LOT-0220,53333.33333,13781333333
2025-06,WH-BKS01,LOT-0700,71333.33333,11969733333
2025-06,WH-BKS01,LOT-0423,296000,44015200000
2025-06,WH-BKS01,LOT-0916,470000,80746000000
2025-06,WH-BKS01,LOT-0296,104000,17565600000
2025-06,WH-BKS01,LOT-0302,84000,20008800000
2025-06,WH-BKS01,LOT-0253,69333.33333,13180266667
2025-06,WH-BKS01,LOT-0756,414666.6667,1.41733E+11
2025-06,WH-BKS01,LOT-0666,654000,1.35705E+11
2025-06,WH-BKS01,LOT-0842,170666.6667,50858666667
2025-06,WH-BKS01,LOT-0776,1904000,4.46488E+11
2025-06,WH-BKS01,LOT-1063,180000,31968000000
2025-06,WH-BKS01,LOT-0564,2166000,8.92825E+11
2025-06,WH-BKS01,LOT-0909,1530000,4.59E+11
2025-06,WH-BKS01,LOT-0413,153333.3333,88810666667
2025-06,WH-BKS01,LOT-0299,348000,55714800000
2025-06,WH-BKS01,LOT-0424,698666.6667,1.02634E+11
2025-06,WH-BKS01,LOT-0798,797333.3333,2.5124E+11
2025-06,WH-BKS01,LOT-0724,1189333.333,3.54183E+11
2025-06,WH-BKS01,LOT-0386,1994666.667,5.88826E+11
2025-06,WH-BKS01,LOT-0498,578000,54910000000
2025-06,WH-BKS01,LOT-1004,48000,7948800000
2025-06,WH-BKS01,LOT-1002,1956000,3.13156E+11
2025-06,WH-TNG01,LOT-0395,1096000,68280800000
2025-06,WH-TNG01,LOT-0353,286000,31116800000
2025-06,WH-TNG01,LOT-0322,96000,10636800000
2025-06,WH-TNG01,LOT-0480,512000,2.06285E+11
2025-06,WH-TNG01,LOT-0093,660000,2.64792E+11
2025-06,WH-TNG01,LOT-0368,78000,30264000000
2025-06,WH-TNG01,LOT-0402,33333.33333,15733333333
2025-06,WH-TNG01,LOT-0429,5184000,7.39238E+11
2025-06,WH-TNG01,LOT-0405,994500,4.89393E+11
2025-06,WH-TNG01,LOT-0272,568000,1.83464E+11
2025-06,WH-TNG01,LOT-0605,525333.3333,91723200000
2025-06,WH-TNG01,LOT-0944,178000,1.01122E+11
2025-06,WH-TNG01,LOT-0126,2832000,2.90846E+11
2025-06,WH-TNG01,LOT-0921,396000,93495600000
2025-06,WH-TNG01,LOT-0463,162000,52909200000
2025-06,WH-TNG01,LOT-0276,2864000,9.1333E+11
2025-06,WH-TNG01,LOT-0065,1000000,1.104E+11
2025-06,WH-TNG01,LOT-0242,906666.6667,24842666667
2025-06,WH-TNG01,LOT-0419,3080000,1.78856E+12
2025-06,WH-TNG01,LOT-0751,405333.3333,1.25329E+11
2025-06,WH-TNG01,LOT-0614,714000,2.56183E+11
2025-06,WH-TNG01,LOT-0885,220000,1.01926E+11
2025-06,WH-TNG01,LOT-0316,560000,2.02384E+11
2025-06,WH-TNG01,LOT-0130,362666.6667,43846400000
2025-06,WH-TNG01,LOT-0326,258666.6667,34816533333
2025-06,WH-TNG01,LOT-0971,36000,15490800000
2025-06,WH-TNG01,LOT-0775,1110000,2.62404E+11
2025-06,WH-TNG01,LOT-0016,1396000,61005200000
2025-06,WH-TNG01,LOT-0351,4208000,5.10851E+11
2025-06,WH-TNG01,LOT-0768,1040000,77480000000
2025-06,WH-TNG01,LOT-0072,172000,86946000000
2025-06,WH-TNG01,LOT-1092,320000,27936000000
2025-06,WH-TNG01,LOT-0359,1800000,2.1384E+11
2025-06,WH-TNG01,LOT-0861,810666.6667,4.12062E+11
2025-06,WH-TNG01,LOT-0223,4776000,2.00019E+12
2025-06,WH-TNG01,LOT-0174,188000,1.14285E+11
2025-06,WH-TNG01,LOT-0323,76000,9317600000
2025-06,WH-TNG01,LOT-0434,52000,19557200000
2025-06,WH-TNG01,LOT-0150,326666.6667,73728666667
2025-06,WH-TNG01,LOT-0315,1362000,4.74112E+11
2025-06,WH-TNG01,LOT-0851,144000,33796800000
2025-06,WH-TNG01,LOT-0891,6000,1008000000
2025-06,WH-TNG01,LOT-0470,780000,2.34624E+11
2025-06,WH-TNG01,LOT-0341,2640000,1.00373E+12
2025-06,WH-TNG01,LOT-0546,570000,1.49112E+11
2025-06,WH-TNG01,LOT-1066,96666.66667,16723333333
2025-06,WH-TNG01,LOT-1137,848000,4.44267E+11
2025-06,WH-TNG01,LOT-1088,178666.6667,73253333333
2025-06,WH-TNG01,LOT-1200,486000,1.46189E+11
2025-06,WH-TNG01,LOT-0676,2128000,1.08826E+12
2025-06,WH-TNG01,LOT-0928,450666.6667,1.15326E+11
2025-06,WH-TNG01,LOT-1162,240000,7968000000
2025-06,WH-TNG01,LOT-0442,138000,14586600000
2025-06,WH-TNG01,LOT-0920,197000,32761100000
2025-06,WH-TNG01,LOT-0871,861000,3.67561E+11
2025-06,WH-TNG01,LOT-0912,975000,1.5366E+11
2025-06,WH-TNG01,LOT-0572,568000,1.56484E+11
2025-06,WH-TNG01,LOT-0647,286666.6667,82904000000
2025-06,WH-TNG01,LOT-0533,3828000,3.90073E+11
2025-06,WH-TNG01,LOT-0439,3852000,1.46183E+12
2025-06,WH-TNG01,LOT-0042,17333.33333,4404400000
2025-06,WH-TNG01,LOT-0832,990000,2.48292E+11
2025-06,WH-TNG01,LOT-0606,1461333.333,2.4755E+11
2025-06,WH-TNG01,LOT-0770,101333.3333,7164266667
2025-06,WH-TNG01,LOT-1097,232000,21622400000
2025-06,WH-TNG01,LOT-0953,273333.3333,72378666667
2025-06,WH-TNG01,LOT-0187,4400000,8.778E+11
2025-06,WH-TNG01,LOT-1191,867000,2.66863E+11
2025-06,WH-TNG01,LOT-0237,1532000,4.02916E+11
2025-06,WH-TNG01,LOT-0260,1950000,3.6543E+11
2025-06,WH-TNG01,LOT-0111,1503000,73196100000
2025-06,WH-TNG01,LOT-0471,1482000,5.55898E+11
2025-06,WH-TNG01,LOT-1093,528000,45302400000
2025-06,WH-TNG01,LOT-0232,396000,1.21572E+11
2025-06,WH-TNG01,LOT-1148,808000,2.17756E+11
2025-06,WH-TNG01,LOT-0982,74000,27180200000
2025-06,WH-TNG01,LOT-0809,516000,1.97731E+11
2025-06,WH-TNG01,LOT-1190,304000,1.53246E+11
2025-06,WH-TNG01,LOT-0277,557333.3333,2.02423E+11
2025-06,WH-TNG01,LOT-0109,936000,53071200000
2025-06,WH-TNG01,LOT-1061,725333.3333,1.26571E+11
2025-06,WH-TNG01,LOT-0369,694000,2.67537E+11
2025-06,WH-TNG01,LOT-1104,864000,3.37219E+11
2025-06,WH-TNG01,LOT-0475,28666.66667,9672133333
2025-06,WH-TNG01,LOT-0259,1168000,2.19818E+11
2025-06,WH-TNG01,LOT-0493,213000,18893100000
2025-06,WH-TNG01,LOT-0104,1504000,87382400000
2025-06,WH-TNG01,LOT-1042,300000,19560000000
2025-06,WH-TNG01,LOT-1114,1956000,8.4597E+11
2025-06,WH-TNG01,LOT-0152,709333.3333,3.33103E+11
2025-06,WH-TNG01,LOT-0495,100000,9740000000
2025-06,WH-TNG01,LOT-1132,1386000,8.15107E+11
2025-06,WH-TNG01,LOT-0172,874666.6667,4.86227E+11
2025-06,WH-TNG01,LOT-0695,186000,37107000000
2025-06,WH-TNG01,LOT-1076,1045333.333,1.96836E+11
2025-06,WH-TNG01,LOT-1101,156000,58000800000
2025-06,WH-TNG01,LOT-0192,244000,1.41422E+11
2025-06,WH-BPR01,LOT-0697,422666.6667,81828266667
2025-06,WH-BPR01,LOT-1114,146000,62239800000
2025-06,WH-BPR01,LOT-0383,469333.3333,1.26298E+11
2025-06,WH-BPR01,LOT-0602,27333.33333,5280800000
2025-06,WH-BPR01,LOT-0393,2922666.667,1.9728E+11
2025-06,WH-BPR01,LOT-0048,797333.3333,1.83068E+11
2025-06,WH-BPR01,LOT-0174,1498666.667,8.15574E+11
2025-06,WH-BPR01,LOT-0963,738000,3.17561E+11
2025-06,WH-BPR01,LOT-0773,996000,2.36948E+11
2025-06,WH-BPR01,LOT-0631,36000,8323200000
2025-06,WH-BPR01,LOT-0843,1764000,6.42272E+11
2025-06,WH-BPR01,LOT-0574,138666.6667,37883733333
2025-06,WH-BPR01,LOT-0596,3000000,1.0527E+12
2025-06,WH-BPR01,LOT-1051,613333.3333,81634666667
2025-06,WH-BPR01,LOT-1180,2367000,2.95638E+11
2025-06,WH-BPR01,LOT-1087,169333.3333,72762533333
2025-06,WH-BPR01,LOT-1035,938666.6667,1.01658E+11
2025-06,WH-BPR01,LOT-0047,176000,38667200000
2025-06,WH-BPR01,LOT-0463,245333.3333,78874666667
2025-06,WH-BPR01,LOT-0224,1010666.667,4.44592E+11
2025-06,WH-BPR01,LOT-0755,1445333.333,4.9387E+11
2025-06,WH-BPR01,LOT-0495,774000,63777600000
2025-06,WH-BPR01,LOT-1139,288000,1.5912E+11
2025-06,WH-BPR01,LOT-1026,944000,4.49061E+11
2025-06,WH-BPR01,LOT-1063,931500,1.57796E+11
2025-06,WH-BPR01,LOT-0366,1026666.667,3.45781E+11
2025-06,WH-BPR01,LOT-0565,240000,86352000000
2025-06,WH-BPR01,LOT-0680,4128000,2.06441E+12
2025-06,WH-BPR01,LOT-0275,224000,86710400000
2025-06,WH-BPR01,LOT-0954,274666.6667,82757066667
2025-06,WH-BPR01,LOT-0127,264000,30228000000
2025-06,WH-BPR01,LOT-0077,581333.3333,3.12583E+11
2025-06,WH-BPR01,LOT-0594,277333.3333,1.13346E+11
2025-06,WH-BPR01,LOT-0118,100000,5570000000
2025-06,WH-BPR01,LOT-0597,2106666.667,7.1732E+11
2025-06,WH-BPR01,LOT-0490,996000,2.17228E+11
2025-06,WH-BPR01,LOT-0420,84000,44074800000
2025-06,WH-BPR01,LOT-0443,1544000,1.44673E+11
2025-06,WH-BPR01,LOT-0428,250666.6667,38226666667
2025-06,WH-BPR01,LOT-0728,405000,1.2551E+11
2025-06,WH-BPR01,LOT-0398,124666.6667,7405200000
2025-06,WH-BPR01,LOT-1078,600000,1.0734E+11
2025-06,WH-BPR01,LOT-0528,522666.6667,1.5727E+11
2025-06,WH-BPR01,LOT-0646,480000,1.35456E+11
2025-06,WH-BPR01,LOT-0251,253000,44477400000
2025-06,WH-BPR01,LOT-0809,6229333.333,2.65245E+12
2025-06,WH-BPR01,LOT-0455,156000,89668800000
2025-06,WH-BPR01,LOT-0290,1638000,5.14332E+11
2025-06,WH-BPR01,LOT-0210,3264000,1.48186E+12
2025-06,WH-BPR01,LOT-0185,200000,39820000000
2025-06,WH-BPR01,LOT-0194,1706666.667,1.02417E+12
2025-06,WH-BPR01,LOT-0932,28000,16917600000
2025-06,WH-BPR01,LOT-0956,312000,92289600000
2025-06,WH-BPR01,LOT-0254,180000,30780000000
2025-06,WH-BPR01,LOT-1115,3984000,1.69081E+12
2025-06,WH-BPR01,LOT-0099,1525333.333,6.95247E+11
2025-06,WH-BPR01,LOT-0407,2933333.333,1.27395E+12
2025-06,WH-BPR01,LOT-0494,112000,9598400000
2025-06,WH-BPR01,LOT-0188,2010000,4.23909E+11
2025-06,WH-BPR01,LOT-0406,500000,2.165E+11
2025-06,WH-BPR01,LOT-1009,304000,49612800000
2025-06,WH-BPR01,LOT-0444,944000,97987200000
2025-06,WH-BPR01,LOT-0276,18666.66667,6761066667
2025-06,WH-BPR01,LOT-0830,154666.6667,13533333333
2025-06,WH-BPR01,LOT-0662,784000,1.51469E+11
2025-06,WH-BPR01,LOT-0081,76000,8755200000
2025-06,WH-BPR01,LOT-0833,1812000,4.2129E+11
2025-06,WH-BPR01,LOT-0072,34666.66667,20068533333
2025-06,WH-BPR01,LOT-0158,944000,5.36381E+11
2025-06,WH-BPR01,LOT-0172,909000,5.50763E+11
2025-06,WH-BPR01,LOT-1018,562666.6667,3.0761E+11
2025-06,WH-BPR01,LOT-0671,976000,5.37581E+11
2025-06,WH-BPR01,LOT-0798,2600000,8.4526E+11
2025-06,WH-BPR01,LOT-0196,972000,5.46556E+11
2025-06,WH-BPR01,LOT-0946,591000,3.48572E+11
2025-06,WH-BPR01,LOT-0834,1818666.667,3.9847E+11
2025-06,WH-BPR01,LOT-1132,1722000,9.53471E+11
2025-06,WH-BPR01,LOT-1075,1572000,2.86733E+11
2025-06,WH-BPR01,LOT-0018,2268000,1.11812E+11
2025-06,WH-BPR01,LOT-0022,1576000,5.04635E+11
2025-06,WH-BPR01,LOT-0379,634666.6667,2.07663E+11
2025-06,WH-BPR01,LOT-0055,1088000,1.65158E+11
2025-06,WH-BPR01,LOT-0061,418500,54363150000
2025-06,WH-BPR01,LOT-0219,802666.6667,1.85978E+11
2025-06,WH-BPR01,LOT-0686,789333.3333,1.95281E+11
2025-06,WH-BPR01,LOT-0850,1044000,3.48905E+11
2025-06,WH-BPR01,LOT-0230,1240000,5.1274E+11
2025-06,WH-BPR01,LOT-1126,522000,2.70292E+11
2025-06,WH-BPR01,LOT-0262,592000,2.6344E+11
2025-06,WH-BPR01,LOT-1073,554666.6667,1.08493E+11
2025-06,WH-BPR01,LOT-0027,306000,81610200000
2025-06,WH-BPR01,LOT-0501,1269333.333,81872000000
2025-06,WH-BPR01,LOT-0684,205333.3333,56754133333
2025-06,WH-BPR01,LOT-0968,900000,3.879E+11
2025-06,WH-BPR01,LOT-1019,1164000,6.62316E+11
2025-06,WH-BPR01,LOT-0541,264000,64680000000
2025-06,WH-BPR01,LOT-0581,2904000,1.21358E+12
2025-06,WH-BPR01,LOT-0246,580000,16994000000
2025-06,WH-BPR01,LOT-0851,208000,49233600000
2025-06,WH-BPR01,LOT-0007,1912000,2.66533E+11
2025-06,WH-BPR01,LOT-0438,213333.3333,85994666667
2025-06,WH-BPR01,LOT-0803,188000,81761200000
2025-06,WH-BPR01,LOT-0754,434666.6667,1.49351E+11
2025-06,WH-MLG01,LOT-1065,222000,37451400000
2025-06,WH-MLG01,LOT-0452,468000,2.37463E+11
2025-06,WH-MLG01,LOT-0668,193000,34508400000
2025-06,WH-MLG01,LOT-0741,197333.3333,44419733333
2025-06,WH-MLG01,LOT-0500,5504000,4.9591E+11
2025-06,WH-MLG01,LOT-1066,2488000,4.08032E+11
2025-06,WH-MLG01,LOT-0284,176000,46851200000
2025-06,WH-MLG01,LOT-1150,78000,22588800000
2025-06,WH-MLG01,LOT-0036,1128000,2.88655E+11
2025-06,WH-MLG01,LOT-0584,430000,2.06959E+11
2025-06,WH-MLG01,LOT-0007,4960000,6.0512E+11
2025-06,WH-MLG01,LOT-0706,37333.33333,17867733333
2025-06,WH-MLG01,LOT-0835,624000,1.50259E+11
2025-06,WH-MLG01,LOT-0242,341333.3333,10513066667
2025-06,WH-MLG01,LOT-0292,5269333.333,1.00328E+12
2025-06,WH-MLG01,LOT-1160,154666.6667,95645866667
2025-06,WH-MLG01,LOT-0890,98000,47922000000
2025-06,WH-MLG01,LOT-0700,417333.3333,69193866667
2025-06,WH-MLG01,LOT-0062,556000,61271200000
2025-06,WH-MLG01,LOT-1125,1456000,7.22758E+11
2025-06,WH-MLG01,LOT-0302,185333.3333,39198000000
2025-06,WH-MLG01,LOT-0832,624000,1.33786E+11
2025-06,WH-MLG01,LOT-0735,474000,2.52832E+11
2025-06,WH-MLG01,LOT-1116,288000,1.24387E+11
2025-06,WH-MLG01,LOT-0301,440000,99352000000
2025-06,WH-MLG01,LOT-0545,490666.6667,1.14914E+11
2025-06,WH-MLG01,LOT-0192,1680000,8.53776E+11
2025-06,WH-MLG01,LOT-1128,566000,2.95395E+11
2025-06,WH-MLG01,LOT-0784,726000,35283600000
2025-06,WH-MLG01,LOT-1174,267000,37380000000
2025-06,WH-MLG01,LOT-0775,90000,22626000000
2025-06,WH-MLG01,LOT-0834,6666.666667,1488000000
2025-06,WH-MLG01,LOT-0150,351000,92313000000
2025-06,WH-MLG01,LOT-0444,504000,53726400000
2025-06,WH-MLG01,LOT-0031,462666.6667,1.16222E+11
2025-06,WH-MLG01,LOT-1151,1301333.333,7.29918E+11
2025-06,WH-MLG01,LOT-0987,1788000,7.38265E+11
2025-06,WH-MLG01,LOT-0873,788000,2.96209E+11
2025-06,WH-MLG01,LOT-0202,1237333.333,5.27723E+11
2025-06,WH-MLG01,LOT-0299,461333.3333,81425333333
2025-06,WH-MLG01,LOT-0390,108000,28771200000
2025-06,WH-MLG01,LOT-1083,40000,18192000000
2025-06,WH-MLG01,LOT-0643,364000,1.10947E+11
2025-06,WH-MLG01,LOT-1171,1360000,1.66056E+11
2025-06,WH-MLG01,LOT-0690,69000,17243100000
2025-06,WH-MLG01,LOT-0247,81000,2624400000
2025-06,WH-MLG01,LOT-0516,141333.3333,34132000000
2025-06,WH-MLG01,LOT-0394,600000,43440000000
2025-06,WH-MLG01,LOT-0547,1344000,3.32371E+11
2025-06,WH-MLG01,LOT-0817,944000,2.5403E+11
2025-06,WH-MLG01,LOT-1109,304000,1.18408E+11
2025-06,WH-MLG01,LOT-0306,370666.6667,79174400000
2025-06,WH-MLG01,LOT-0493,410666.6667,40656000000
2025-06,WH-MLG01,LOT-0637,1152000,2.77632E+11
2025-06,WH-MLG01,LOT-1043,2076000,1.44282E+11
2025-06,WH-MLG01,LOT-0557,400000,44280000000
2025-06,WH-MLG01,LOT-0084,116000,12934000000
2025-06,WH-MLG01,LOT-0061,682666.6667,90589866667
2025-06,WH-MLG01,LOT-0337,204000,23235600000
2025-06,WH-MLG01,LOT-0980,65333.33333,24624133333
2025-06,WH-MLG01,LOT-0459,554666.6667,2.95249E+11
2025-06,WH-MLG01,LOT-0003,1314000,1.61491E+11
2025-06,WH-MLG01,LOT-0014,3029333.333,1.39046E+11
2025-06,WH-MLG01,LOT-1053,1365333.333,1.88279E+11
2025-06,WH-MLG01,LOT-0801,474666.6667,2.00547E+11
2025-06,WH-MLG01,LOT-0798,165333.3333,57618666667
2025-06,WH-MLG01,LOT-0129,164000,20172000000
2025-06,WH-MLG01,LOT-0113,187333.3333,9254266667
2025-06,WH-MLG01,LOT-0240,168000,52936800000
2025-06,WH-MLG01,LOT-0793,253333.3333,84512000000
2025-06,WH-MLG01,LOT-1032,1344000,1.47706E+11
2025-06,WH-MLG01,LOT-0414,712000,3.6611E+11
2025-06,WH-MLG01,LOT-0154,1556000,7.92626E+11
2025-06,WH-MLG01,LOT-0167,255333.3333,11336800000
2025-06,WH-MLG01,LOT-0396,728000,48630400000
2025-06,WH-MLG01,LOT-0686,1492000,4.0105E+11
2025-06,WH-MLG01,LOT-0053,140666.6667,23167800000
2025-06,WH-MLG01,LOT-0099,173333.3333,74516000000
2025-06,WH-MLG01,LOT-0136,4356000,9.31313E+11
2025-06,WH-MLG01,LOT-0769,1036000,76249600000
2025-06,WH-MLG01,LOT-1081,1272000,5.54338E+11
2025-06,WH-MLG01,LOT-0115,160000,8992000000
2025-06,WH-MLG01,LOT-0572,48000,13689600000
2025-06,WH-MLG01,LOT-0165,27000,1298700000
2025-06,WH-MLG01,LOT-0601,52000,8611200000
2025-06,WH-MLG01,LOT-0659,490666.6667,42589866667
2025-06,WH-MLG01,LOT-0112,981000,49638600000
2025-06,WH-MLG01,LOT-0929,1866666.667,4.56027E+11
2025-06,WH-MLG01,LOT-0836,1648000,3.91565E+11
2025-06,WH-MLG01,LOT-0363,684000,2.4754E+11
2025-06,WH-MLG01,LOT-1069,938666.6667,1.62765E+11
2025-06,WH-MLG01,LOT-0402,624000,3.20424E+11
2025-06,WH-MLG01,LOT-1193,1068000,2.87399E+11
2025-06,WH-MLG01,LOT-0908,3157333.333,8.22485E+11
2025-06,WH-SLO01,LOT-1071,41333.33333,7688000000
2025-06,WH-SLO01,LOT-0357,120000,14628000000
2025-06,WH-SLO01,LOT-0149,3024000,7.96219E+11
2025-06,WH-SLO01,LOT-1169,1088000,36230400000
2025-06,WH-SLO01,LOT-0285,5152000,1.45905E+12
2025-06,WH-SLO01,LOT-0671,317333.3333,1.7466E+11
2025-06,WH-SLO01,LOT-1163,213333.3333,7552000000
2025-06,WH-SLO01,LOT-0815,360000,97524000000
2025-06,WH-SLO01,LOT-0936,564000,2.99033E+11
2025-06,WH-SLO01,LOT-0081,193500,20259450000
2025-06,WH-SLO01,LOT-1142,784000,1.99763E+11
2025-06,WH-SLO01,LOT-1095,261333.3333,24382400000
2025-06,WH-SLO01,LOT-0550,618000,1.5314E+11
2025-06,WH-SLO01,LOT-0482,549333.3333,1.07944E+11
2025-06,WH-SLO01,LOT-0881,493333.3333,2.47456E+11
2025-06,WH-SLO01,LOT-1110,1908000,7.26566E+11
2025-06,WH-SLO01,LOT-0592,5296000,1.89544E+12
2025-06,WH-SLO01,LOT-1120,292000,1.19574E+11
2025-06,WH-SLO01,LOT-0034,4085333.333,1.08425E+12
2025-06,WH-SLO01,LOT-0325,639000,83070000000
2025-06,WH-SLO01,LOT-0260,629333.3333,1.21084E+11
2025-06,WH-SLO01,LOT-0078,416000,2.32627E+11
2025-06,WH-SLO01,LOT-0678,298000,1.76446E+11
2025-06,WH-SLO01,LOT-0070,954666.6667,1.14655E+11
2025-06,WH-SLO01,LOT-0471,552000,1.88784E+11
2025-06,WH-SLO01,LOT-1111,2118000,9.08198E+11
2025-06,WH-SLO01,LOT-0888,266666.6667,1.26027E+11
2025-06,WH-SLO01,LOT-0514,944000,2.4223E+11
2025-06,WH-SLO01,LOT-1040,4032000,4.21344E+11
2025-06,WH-SLO01,LOT-0598,960000,3.54528E+11
2025-06,WH-SLO01,LOT-0267,1196000,4.83423E+11
2025-06,WH-SLO01,LOT-0611,918000,3.31673E+11
2025-06,WH-SLO01,LOT-0692,960000,1.64832E+11
2025-06,WH-SLO01,LOT-1049,1472000,1.04365E+11
2025-06,WH-SLO01,LOT-1134,2848000,1.4895E+12
2025-06,WH-SLO01,LOT-0136,317333.3333,80444000000
2025-06,WH-SLO01,LOT-0173,701333.3333,3.66026E+11
2025-06,WH-SLO01,LOT-0581,3312000,1.50332E+12
2025-06,WH-SLO01,LOT-0711,1536000,5.42515E+11
2025-06,WH-SLO01,LOT-0926,1005000,2.63913E+11
2025-06,WH-SLO01,LOT-1118,834000,3.60371E+11
2025-06,WH-SLO01,LOT-0938,3492000,1.91362E+12
2025-06,WH-SLO01,LOT-0074,422666.6667,2.25239E+11
2025-06,WH-SLO01,LOT-0904,1016000,3.02158E+11
2025-06,WH-SLO01,LOT-0188,456000,1.05518E+11
2025-06,WH-SLO01,LOT-0732,1904000,9.64757E+11
2025-06,WH-SLO01,LOT-0367,322000,1.23133E+11
2025-06,WH-SLO01,LOT-1115,396000,1.68538E+11
2025-06,WH-SLO01,LOT-0823,1424000,1.33002E+11
2025-06,WH-SLO01,LOT-0917,344000,59477600000
2025-06,WH-SLO01,LOT-0800,330666.6667,1.18842E+11
2025-06,WH-SLO01,LOT-0979,311000,1.2751E+11
2025-06,WH-SLO01,LOT-0402,232000,1.02196E+11
2025-06,WH-SLO01,LOT-1105,486666.6667,1.86929E+11
2025-06,WH-SLO01,LOT-0383,562500,1.49963E+11
2025-06,WH-SLO01,LOT-0054,8000,1158400000
2025-06,WH-SLO01,LOT-0563,859500,3.17413E+11
2025-06,WH-SLO01,LOT-0780,108000,24267600000
2025-06,WH-SLO01,LOT-0160,310000,1.58069E+11
2025-06,WH-SLO01,LOT-0131,344000,86619200000
2025-06,WH-SLO01,LOT-0945,432000,2.16864E+11
2025-06,WH-SLO01,LOT-1014,126000,60858000000
2025-06,WH-SLO01,LOT-1090,858666.6667,4.03058E+11
2025-06,WH-SLO01,LOT-1009,438000,68722200000
2025-06,WH-SLO01,LOT-0788,2912000,1.44435E+11
2025-06,WH-SLO01,LOT-0308,297333.3333,68446133333
2025-06,WH-SLO01,LOT-1177,222666.6667,27165333333
2025-06,WH-SLO01,LOT-0894,1288000,1.98867E+11
2025-06,WH-SLO01,LOT-1036,40500,4730400000
2025-06,WH-SLO01,LOT-1019,1336000,7.37071E+11
2025-06,WH-SLO01,LOT-0316,300000,1.1514E+11
2025-06,WH-SLO01,LOT-0266,147000,57579900000
2025-06,WH-SLO01,LOT-0656,2232000,1.93738E+11
2025-06,WH-SLO01,LOT-1058,3216000,4.28693E+11
2025-06,WH-SLO01,LOT-1182,178666.6667,1.01447E+11
2025-06,WH-SLO01,LOT-1012,728000,3.7543E+11
2025-06,WH-SLO01,LOT-0079,210000,1.18881E+11
2025-06,WH-SLO01,LOT-0652,768000,75417600000
2025-06,WH-SLO01,LOT-1074,2666.666667,453333333.3
2025-06,WH-SLO01,LOT-0002,94666.66667,11804933333
2025-06,WH-SLO01,LOT-0817,714666.6667,2.0418E+11
2025-06,WH-SLO01,LOT-0382,1191000,3.23118E+11
2025-06,WH-SLO01,LOT-0487,938666.6667,2.13265E+11
2025-06,WH-SLO01,LOT-0756,348000,1.19434E+11
2025-06,WH-YOG01,LOT-0853,362000,74897800000
2025-06,WH-YOG01,LOT-0120,356000,19651200000
2025-06,WH-YOG01,LOT-0665,281333.3333,53650266667
2025-06,WH-YOG01,LOT-1196,49000,14352100000
2025-06,WH-YOG01,LOT-1038,760000,90364000000
2025-06,WH-YOG01,LOT-0851,2208000,5.05411E+11
2025-06,WH-YOG01,LOT-0922,225333.3333,56310800000
2025-06,WH-YOG01,LOT-1104,570000,2.29824E+11
2025-06,WH-YOG01,LOT-0906,564000,1.58033E+11
2025-06,WH-YOG01,LOT-0573,796000,2.16671E+11
2025-06,WH-YOG01,LOT-0612,3168000,1.32898E+12
2025-06,WH-YOG01,LOT-0344,912000,3.31694E+11
2025-06,WH-YOG01,LOT-0284,272000,80022400000
2025-06,WH-YOG01,LOT-1010,925333.3333,1.53328E+11
2025-06,WH-YOG01,LOT-0692,400000,79080000000
2025-06,WH-YOG01,LOT-1045,192000,12595200000
2025-06,WH-YOG01,LOT-0691,152000,27101600000
2025-06,WH-YOG01,LOT-1109,286000,1.22694E+11
2025-06,WH-YOG01,LOT-0696,992000,1.78659E+11
2025-06,WH-YOG01,LOT-0865,264000,1.38547E+11
2025-06,WH-YOG01,LOT-0745,564000,1.21147E+11
2025-06,WH-YOG01,LOT-0650,1424000,3.78926E+11
2025-06,WH-YOG01,LOT-0590,1848000,9.10325E+11
2025-06,WH-YOG01,LOT-0365,377000,1.32025E+11
2025-06,WH-YOG01,LOT-1029,4704000,2.44608E+12
2025-06,WH-YOG01,LOT-0264,800000,3.8072E+11
2025-06,WH-YOG01,LOT-0624,25333.33333,8995866667
2025-06,WH-YOG01,LOT-0244,186000,5077800000
2025-06,WH-YOG01,LOT-0170,393333.3333,21122000000
2025-06,WH-YOG01,LOT-0877,304000,1.30477E+11
2025-06,WH-YOG01,LOT-0681,736000,2.10717E+11
2025-06,WH-YOG01,LOT-0053,506666.6667,79141333333
2025-06,WH-YOG01,LOT-0279,688000,2.51877E+11
2025-06,WH-YOG01,LOT-0013,1621333.333,70203733333
2025-06,WH-YOG01,LOT-0081,1920000,1.96416E+11
2025-06,WH-YOG01,LOT-0088,572000,57314400000
2025-06,WH-YOG01,LOT-0320,180000,60768000000
2025-06,WH-YOG01,LOT-0629,382000,1.46803E+11
2025-06,WH-YOG01,LOT-0763,520000,42952000000
2025-06,WH-YOG01,LOT-0471,843000,2.96567E+11
2025-06,WH-YOG01,LOT-0476,1300500,5.33205E+11
2025-06,WH-YOG01,LOT-0149,188000,46154000000
2025-06,WH-YOG01,LOT-0485,2040000,4.48596E+11
2025-06,WH-YOG01,LOT-0269,1936000,8.82429E+11
2025-06,WH-YOG01,LOT-0238,1370666.667,3.78578E+11
2025-06,WH-YOG01,LOT-0668,618000,1.12229E+11
2025-06,WH-YOG01,LOT-0142,30000,7608000000
2025-06,WH-YOG01,LOT-0427,207000,32188500000
2025-06,WH-YOG01,LOT-0012,3200000,1.6192E+11
2025-06,WH-YOG01,LOT-0664,2080000,4.04352E+11
2025-06,WH-YOG01,LOT-0697,752000,1.2611E+11
2025-06,WH-YOG01,LOT-0985,310666.6667,1.1911E+11
2025-06,WH-YOG01,LOT-0070,909000,1.09989E+11
2025-06,WH-YOG01,LOT-1069,1066666.667,1.86133E+11
2025-06,WH-YOG01,LOT-0418,460000,2.28114E+11
2025-06,WH-YOG01,LOT-0872,396000,1.56024E+11
2025-06,WH-YOG01,LOT-1138,692000,4.03505E+11
2025-06,WH-YOG01,LOT-0374,1952000,7.3727E+11
2025-06,WH-YOG01,LOT-0206,518000,2.33722E+11
2025-06,WH-YOG01,LOT-0582,912000,4.22803E+11
2025-06,WH-YOG01,LOT-0622,516000,1.75698E+11
2025-06,WH-YOG01,LOT-0583,773333.3333,3.92931E+11
2025-06,WH-YOG01,LOT-1065,1440000,2.34144E+11
2025-06,WH-YOG01,LOT-1075,648000,1.04263E+11
2025-06,WH-YOG01,LOT-0785,700000,39900000000
2025-06,WH-YOG01,LOT-0791,73333.33333,22381333333
2025-06,WH-YOG01,LOT-1005,1018666.667,1.5718E+11
2025-06,WH-YOG01,LOT-0296,501333.3333,94350933333
2025-06,WH-YOG01,LOT-1024,427500,2.01139E+11
2025-06,WH-YOG01,LOT-0455,8000,4845600000
2025-06,WH-YOG01,LOT-0867,140000,75208000000
2025-06,WH-YOG01,LOT-0920,1360000,2.20592E+11
2025-06,WH-YOG01,LOT-0904,1424000,4.32896E+11
2025-06,WH-YOG01,LOT-0600,2160000,8.17344E+11
2025-06,WH-YOG01,LOT-0847,592000,1.92637E+11
2025-06,WH-YOG01,LOT-0307,2130000,4.65618E+11
2025-06,WH-YOG01,LOT-0014,6128000,3.04562E+11
2025-06,WH-YOG01,LOT-0266,780000,3.50532E+11
2025-06,WH-YOG01,LOT-0751,561000,1.77613E+11
2025-06,WH-YOG01,LOT-1056,3530666.667,4.6287E+11
2025-06,WH-YOG01,LOT-0756,48000,17304000000
2025-06,WH-YOG01,LOT-0429,2074666.667,3.17839E+11
2025-06,WH-YOG01,LOT-0143,1791000,4.04229E+11
2025-06,WH-YOG01,LOT-1077,34666.66667,5903733333
2025-06,WH-YOG01,LOT-0448,848000,79881600000
2025-06,WH-YOG01,LOT-0355,812000,98576800000
2025-06,WH-YOG01,LOT-1113,3576000,1.51515E+12
2025-06,WH-YOG01,LOT-0217,397333.3333,90790666667
2025-06,WH-YOG01,LOT-0274,3840000,1.23648E+12
2025-06,WH-YOG01,LOT-0390,88000,27016000000
2025-06,WH-YOG01,LOT-0129,1005333.333,1.16317E+11
2025-06,WH-YOG01,LOT-0259,554666.6667,89134933333
2025-06,WH-YOG01,LOT-0410,432000,2.09261E+11
2025-06,WH-YOG01,LOT-0294,540000,99954000000
2025-06,WH-YOG01,LOT-0015,1134000,58854600000
2025-06,WH-YOG01,LOT-0625,388000,1.38438E+11
2025-06,WH-YOG01,LOT-0190,102000,20196000000
2025-06,WH-YOG01,LOT-0121,141333.3333,16041333333
2025-06,WH-YOG01,LOT-0773,452000,1.19825E+11
2025-06,WH-YOG01,LOT-0017,1596000,70862400000
2025-06,WH-YOG01,LOT-0185,2862000,6.61981E+11
2025-06,WH-YOG01,LOT-0502,28000,1918000000
2025-06,WH-YOG01,LOT-0538,326666.6667,30020666667
2025-06,WH-YOG01,LOT-1003,3797333.333,6.10611E+11
2025-06,WH-YOG01,LOT-0328,138666.6667,17388800000
2025-06,WH-YOG01,LOT-1133,126000,62685000000
2025-06,WH-YOG01,LOT-0949,38666.66667,21753866667
2025-07,WH-JKT01,LOT-0237,1082666.667,3.04879E+11
2025-07,WH-JKT01,LOT-0425,213000,28882800000
2025-07,WH-JKT01,LOT-0323,108000,12560400000
2025-07,WH-JKT01,LOT-0242,172000,5486800000
2025-07,WH-JKT01,LOT-0943,168000,82756800000
2025-07,WH-JKT01,LOT-0840,1004000,2.50699E+11
2025-07,WH-JKT01,LOT-0956,663000,1.70457E+11
2025-07,WH-JKT01,LOT-0286,850666.6667,2.31977E+11
2025-07,WH-JKT01,LOT-0110,2624000,1.43795E+11
2025-07,WH-JKT01,LOT-0236,98000,26107200000
2025-07,WH-JKT01,LOT-0183,414666.6667,92056000000
2025-07,WH-JKT01,LOT-0238,462000,1.4188E+11
2025-07,WH-JKT01,LOT-0231,384000,1.11091E+11
2025-07,WH-JKT01,LOT-0784,1842000,89705400000
2025-07,WH-JKT01,LOT-0825,645333.3333,52013866667
2025-07,WH-JKT01,LOT-0215,596000,1.42504E+11
2025-07,WH-JKT01,LOT-0266,59000,24762300000
2025-07,WH-JKT01,LOT-0371,276000,1.08275E+11
2025-07,WH-JKT01,LOT-0086,86000,9958800000
2025-07,WH-JKT01,LOT-0248,1893333.333,57368000000
2025-07,WH-JKT01,LOT-0066,32000,3692800000
2025-07,WH-JKT01,LOT-0915,1962666.667,3.3542E+11
2025-07,WH-JKT01,LOT-0279,112000,37598400000
2025-07,WH-JKT01,LOT-0703,68000,28900000000
2025-07,WH-JKT01,LOT-1084,253333.3333,1.19421E+11
2025-07,WH-JKT01,LOT-0897,1272000,2.26543E+11
2025-07,WH-JKT01,LOT-0510,1758000,1.28861E+11
2025-07,WH-JKT01,LOT-0406,2656000,1.2361E+12
2025-07,WH-JKT01,LOT-0439,1326000,5.61959E+11
2025-07,WH-JKT01,LOT-0076,1296000,7.36387E+11
2025-07,WH-JKT01,LOT-0602,1034666.667,1.85516E+11
2025-07,WH-JKT01,LOT-1172,234000,33415200000
2025-07,WH-JKT01,LOT-0395,488000,31134400000
2025-07,WH-JKT01,LOT-0884,296000,1.48947E+11
2025-07,WH-JKT01,LOT-0779,524000,1.22197E+11
2025-07,WH-JKT01,LOT-0691,39333.33333,6627666667
2025-07,WH-JKT01,LOT-0427,532000,76182400000
2025-07,WH-JKT01,LOT-1099,12000,942000000
2025-07,WH-JKT01,LOT-0028,1541333.333,4.0645E+11
2025-07,WH-JKT01,LOT-0367,390000,1.54323E+11
2025-07,WH-JKT01,LOT-0933,714666.6667,3.74342E+11
2025-07,WH-JKT01,LOT-0618,111000,38361600000
2025-07,WH-JKT01,LOT-1067,3056000,5.5772E+11
2025-07,WH-JKT01,LOT-0213,576000,1.29024E+11
2025-07,WH-JKT01,LOT-0307,940000,2.14132E+11
2025-07,WH-JKT01,LOT-0578,3555000,1.1408E+12
2025-07,WH-JKT01,LOT-0361,170000,58803000000
2025-07,WH-JKT01,LOT-0206,1614000,6.29137E+11
2025-07,WH-JKT01,LOT-0185,176000,38262400000
2025-07,WH-JKT01,LOT-0583,1005333.333,4.83766E+11
2025-07,WH-JKT01,LOT-0047,351000,77395500000
2025-07,WH-JKT01,LOT-1144,1232000,2.97405E+11
2025-07,WH-JKT01,LOT-0809,994666.6667,3.77178E+11
2025-07,WH-JKT01,LOT-1075,360000,67068000000
2025-07,WH-JKT01,LOT-0288,645333.3333,1.72885E+11
2025-07,WH-JKT01,LOT-0018,3180000,1.36422E+11
2025-07,WH-JKT01,LOT-1181,354000,1.76858E+11
2025-07,WH-JKT01,LOT-0669,384000,72384000000
2025-07,WH-JKT01,LOT-0276,366000,1.25099E+11
2025-07,WH-JKT01,LOT-0308,77333.33333,19186400000
2025-07,WH-JKT01,LOT-0588,3242666.667,1.46244E+12
2025-07,WH-JKT01,LOT-0770,552000,47085600000
2025-07,WH-JKT01,LOT-0264,170666.6667,70980266667
2025-07,WH-JKT01,LOT-0036,1680000,4.08912E+11
2025-07,WH-JKT01,LOT-0397,1460000,89644000000
2025-07,WH-JKT01,LOT-0752,26000,8938800000
2025-07,WH-JKT01,LOT-0717,882000,3.35072E+11
2025-07,WH-JKT01,LOT-0780,825000,2.1054E+11
2025-07,WH-JKT01,LOT-0136,466000,1.08065E+11
2025-07,WH-JKT01,LOT-0003,1792000,2.41382E+11
2025-07,WH-JKT01,LOT-0440,777000,2.7397E+11
2025-07,WH-JKT01,LOT-1166,176000,6089600000
2025-07,WH-JKT01,LOT-0708,350000,1.55085E+11
2025-07,WH-JKT01,LOT-0263,1856000,8.57286E+11
2025-07,WH-JKT01,LOT-1195,642000,1.85859E+11
2025-07,WH-JKT01,LOT-1017,113333.3333,62775333333
2025-07,WH-JKT01,LOT-0035,2453333.333,6.97973E+11
2025-07,WH-JKT01,LOT-0200,1824000,1.09312E+12
2025-07,WH-JKT01,LOT-0469,608000,2.00518E+11
2025-07,WH-JKT01,LOT-0930,30000,7650000000
2025-07,WH-JKT01,LOT-0243,592000,17523200000
2025-07,WH-JKT01,LOT-0291,200000,36420000000
2025-07,WH-JKT01,LOT-0565,1322666.667,4.67563E+11
2025-07,WH-JKT01,LOT-0391,272000,19638400000
2025-07,WH-JKT01,LOT-0869,1125333.333,5.62779E+11
2025-07,WH-JKT01,LOT-0736,224000,1.21565E+11
2025-07,WH-JKT01,LOT-1126,928000,4.56205E+11
2025-07,WH-JKT01,LOT-1106,11333.33333,4753200000
2025-07,WH-JKT01,LOT-0751,341333.3333,1.04823E+11
2025-07,WH-SBY01,LOT-0995,26666.66667,6360000000
2025-07,WH-SBY01,LOT-0958,288000,85708800000
2025-07,WH-SBY01,LOT-0255,2192000,3.94779E+11
2025-07,WH-SBY01,LOT-0517,438000,1.06784E+11
2025-07,WH-SBY01,LOT-0077,2634666.667,1.51045E+12
2025-07,WH-SBY01,LOT-0041,194000,49993800000
2025-07,WH-SBY01,LOT-0538,1592000,1.62384E+11
2025-07,WH-SBY01,LOT-1200,237000,68445600000
2025-07,WH-SBY01,LOT-0484,408000,90412800000
2025-07,WH-SBY01,LOT-1114,7402666.667,2.66274E+12
2025-07,WH-SBY01,LOT-1131,127500,68709750000
2025-07,WH-SBY01,LOT-0140,4160000,1.01587E+12
2025-07,WH-SBY01,LOT-1153,3684000,1.96836E+12
2025-07,WH-SBY01,LOT-0553,356000,44215200000
2025-07,WH-SBY01,LOT-1176,589333.3333,80502933333
2025-07,WH-SBY01,LOT-0007,701333.3333,85773066667
2025-07,WH-SBY01,LOT-0646,1504000,4.48342E+11
2025-07,WH-SBY01,LOT-0511,802666.6667,2.15115E+11
2025-07,WH-SBY01,LOT-0135,232000,59600800000
2025-07,WH-SBY01,LOT-0649,1494000,4.37593E+11
2025-07,WH-SBY01,LOT-0353,240000,26880000000
2025-07,WH-SBY01,LOT-0087,1632000,1.7136E+11
2025-07,WH-SBY01,LOT-0524,986666.6667,2.76661E+11
2025-07,WH-SBY01,LOT-1028,400000,2.1372E+11
2025-07,WH-SBY01,LOT-0078,2652000,1.34907E+12
2025-07,WH-SBY01,LOT-0610,594666.6667,97525333333
2025-07,WH-SBY01,LOT-1018,382666.6667,2.04421E+11
2025-07,WH-SBY01,LOT-0809,253333.3333,1.04424E+11
2025-07,WH-SBY01,LOT-1084,1050000,4.93605E+11
2025-07,WH-SBY01,LOT-1010,1432000,2.28404E+11
2025-07,WH-SBY01,LOT-0459,238000,1.2871E+11
2025-07,WH-SBY01,LOT-0134,132000,30148800000
2025-07,WH-SBY01,LOT-0407,240000,1.14792E+11
2025-07,WH-SBY01,LOT-0949,513000,2.90768E+11
2025-07,WH-SBY01,LOT-0900,1664000,2.52262E+11
2025-07,WH-SBY01,LOT-0247,2656000,70649600000
2025-07,WH-SBY01,LOT-0850,314000,1.12789E+11
2025-07,WH-SBY01,LOT-0783,1456000,81099200000
2025-07,WH-SBY01,LOT-1140,3804000,1.99215E+12
2025-07,WH-SBY01,LOT-0600,378666.6667,1.35601E+11
2025-07,WH-SBY01,LOT-0210,186666.6667,87882666667
2025-07,WH-SBY01,LOT-0842,298666.6667,88614400000
2025-07,WH-SBY01,LOT-0204,1888000,8.16371E+11
2025-07,WH-SBY01,LOT-0305,54666.66667,11556533333
2025-07,WH-SBY01,LOT-0443,13333.33333,1233333333
2025-07,WH-SBY01,LOT-0994,1424000,3.08581E+11
2025-07,WH-SBY01,LOT-0588,205333.3333,88560266667
2025-07,WH-SBY01,LOT-0101,249333.3333,13738266667
2025-07,WH-SBY01,LOT-0983,774000,3.10374E+11
2025-07,WH-SBY01,LOT-1170,568000,18516800000
2025-07,WH-SBY01,LOT-0546,852000,1.96045E+11
2025-07,WH-SBY01,LOT-0509,262000,19414200000
2025-07,WH-SBY01,LOT-0478,157333.3333,56136533333
2025-07,WH-SBY01,LOT-0357,278666.6667,33049866667
2025-07,WH-SBY01,LOT-0661,783000,1.40235E+11
2025-07,WH-SBY01,LOT-0895,277333.3333,48672000000
2025-07,WH-SBY01,LOT-0375,600000,2.3682E+11
2025-07,WH-SBY01,LOT-0432,552000,2.15114E+11
2025-07,WH-SBY01,LOT-1056,780000,1.02102E+11
2025-07,WH-SBY01,LOT-0593,3338666.667,1.28238E+12
2025-07,WH-SBY01,LOT-1194,222000,56521200000
2025-07,WH-SBY01,LOT-1165,148000,4617600000
2025-07,WH-SBY01,LOT-0234,112000,30900800000
2025-07,WH-SBY01,LOT-0914,82666.66667,13350666667
2025-07,WH-SBY01,LOT-0031,3136000,9.04422E+11
2025-07,WH-SBY01,LOT-0138,176000,40216000000
2025-07,WH-SBY01,LOT-0541,521333.3333,1.43627E+11
2025-07,WH-SBY01,LOT-0339,5312000,6.40096E+11
2025-07,WH-SBY01,LOT-0883,436000,2.13858E+11
2025-07,WH-SBY01,LOT-0286,20000,5540000000
2025-07,WH-SBY01,LOT-0054,165333.3333,27445333333
2025-07,WH-SBY01,LOT-0439,26666.66667,10090666667
2025-07,WH-SBY01,LOT-0957,1056000,2.6664E+11
2025-07,WH-SBY01,LOT-0105,135000,7033500000
2025-07,WH-SBY01,LOT-0944,354666.6667,1.77511E+11
2025-07,WH-SBY01,LOT-1108,525000,2.21288E+11
2025-07,WH-SBY01,LOT-0352,1452000,1.53767E+11
2025-07,WH-SBY01,LOT-0217,89000,20514500000
2025-07,WH-SBY01,LOT-0183,98000,22344000000
2025-07,WH-SBY01,LOT-0113,344000,16615200000
2025-07,WH-SBY01,LOT-0325,544000,68326400000
2025-07,WH-SBY01,LOT-0057,224000,34182400000
2025-07,WH-SBY01,LOT-0532,42000,4561200000
2025-07,WH-SBY01,LOT-0195,1083000,5.73232E+11
2025-07,WH-SBY01,LOT-1118,38000,15887800000
2025-07,WH-SBY01,LOT-0172,327000,1.82237E+11
2025-07,WH-SBY01,LOT-0482,148000,30872800000
2025-07,WH-SBY01,LOT-0757,1536000,5.19168E+11
2025-07,WH-SBY01,LOT-1171,3096000,3.7957E+11
2025-07,WH-SBY01,LOT-1051,269000,32253100000
2025-07,WH-SBY01,LOT-1034,274000,31318200000
2025-07,WH-SBY01,LOT-1198,794666.6667,2.3697E+11
2025-07,WH-SBY01,LOT-0919,1962000,2.81155E+11
2025-07,WH-SBY01,LOT-0301,564000,1.43876E+11
2025-07,WH-SBY01,LOT-0230,4032000,1.65997E+12
2025-07,WH-SBY01,LOT-0911,315000,49581000000
2025-07,WH-SBY01,LOT-0046,382666.6667,85105066667
2025-07,WH-SBY01,LOT-1101,384000,1.39315E+11
2025-07,WH-SBY01,LOT-1032,381333.3333,41984800000
2025-07,WH-SBY01,LOT-0594,928000,3.72128E+11
2025-07,WH-SBY01,LOT-1041,917333.3333,65222400000
2025-07,WH-SBY01,LOT-0063,2197333.333,2.76425E+11
2025-07,WH-SBY01,LOT-0145,140000,35322000000
2025-07,WH-SBY01,LOT-1120,1280000,5.21984E+11
2025-07,WH-SBY01,LOT-0818,1926000,5.8223E+11
2025-07,WH-SBY01,LOT-0533,396000,41540400000
2025-07,WH-SBY01,LOT-0623,3624000,1.30645E+12
2025-07,WH-SBY01,LOT-1096,1284000,1.10938E+11
2025-07,WH-SBY01,LOT-0284,492000,1.57489E+11
2025-07,WH-SBY01,LOT-0330,533333.3333,66293333333
2025-07,WH-SBY01,LOT-0925,178500,50854650000
2025-07,WH-SBY01,LOT-0730,204000,56222400000
2025-07,WH-SBY01,LOT-1069,459000,74954700000
2025-07,WH-SBY01,LOT-0902,1320000,3.94944E+11
2025-07,WH-SBY01,LOT-1039,120000,12348000000
2025-07,WH-SBY01,LOT-0766,638000,45872200000
2025-07,WH-SBY01,LOT-0897,1244000,2.09738E+11
2025-07,WH-BDG01,LOT-0979,354000,1.5176E+11
2025-07,WH-BDG01,LOT-0740,256000,1.32762E+11
2025-07,WH-BDG01,LOT-0505,1749333.333,1.13882E+11
2025-07,WH-BDG01,LOT-0782,316000,16558400000
2025-07,WH-BDG01,LOT-0092,192000,74745600000
2025-07,WH-BDG01,LOT-0720,700000,2.7034E+11
2025-07,WH-BDG01,LOT-0233,400000,1.08E+11
2025-07,WH-BDG01,LOT-0145,874666.6667,2.09045E+11
2025-07,WH-BDG01,LOT-0972,1580000,6.90776E+11
2025-07,WH-BDG01,LOT-0161,2688000,1.4569E+11
2025-07,WH-BDG01,LOT-0866,2241000,1.18773E+12
2025-07,WH-BDG01,LOT-0127,164666.6667,18031000000
2025-07,WH-BDG01,LOT-0466,194666.6667,63441866667
2025-07,WH-BDG01,LOT-1102,848000,3.06806E+11
2025-07,WH-BDG01,LOT-1138,25333.33333,12484266667
2025-07,WH-BDG01,LOT-0809,506666.6667,1.99728E+11
2025-07,WH-BDG01,LOT-0425,672000,88704000000
2025-07,WH-BDG01,LOT-0863,4192000,2.27626E+12
2025-07,WH-BDG01,LOT-0644,133000,37918300000
2025-07,WH-BDG01,LOT-0510,807000,56005800000
2025-07,WH-BDG01,LOT-0842,140000,41356000000
2025-07,WH-BDG01,LOT-0258,2232000,3.58013E+11
2025-07,WH-BDG01,LOT-0205,1976000,8.68254E+11
2025-07,WH-BDG01,LOT-1055,552000,71539200000
2025-07,WH-BDG01,LOT-1187,172000,1.03492E+11
2025-07,WH-BDG01,LOT-0533,93333.33333,8801333333
2025-07,WH-BDG01,LOT-0672,67500,34094250000
2025-07,WH-BDG01,LOT-0763,824000,69380800000
2025-07,WH-BDG01,LOT-0115,282000,14551200000
2025-07,WH-BDG01,LOT-0777,88000,23619200000
2025-07,WH-BDG01,LOT-0995,288000,67363200000
2025-07,WH-BDG01,LOT-0016,1488000,69340800000
2025-07,WH-BDG01,LOT-0101,1112000,64718400000
2025-07,WH-BDG01,LOT-0051,441333.3333,74629466667
2025-07,WH-BDG01,LOT-1173,57333.33333,7160933333
2025-07,WH-BDG01,LOT-0617,122000,50959400000
2025-07,WH-BDG01,LOT-0279,85333.33333,28356266667
2025-07,WH-BDG01,LOT-0612,709333.3333,2.56708E+11
2025-07,WH-BDG01,LOT-1087,524000,2.45913E+11
2025-07,WH-BDG01,LOT-1189,1080000,5.55228E+11
2025-07,WH-BDG01,LOT-0513,2912000,7.43142E+11
2025-07,WH-BDG01,LOT-0367,1008000,3.66408E+11
2025-07,WH-BDG01,LOT-0097,260000,1.13646E+11
2025-07,WH-BDG01,LOT-0601,964000,1.76894E+11
2025-07,WH-BDG01,LOT-0771,2640000,6.04296E+11
2025-07,WH-BDG01,LOT-0769,746666.6667,63616000000
2025-07,WH-BDG01,LOT-0562,125333.3333,47313333333
2025-07,WH-BDG01,LOT-1141,272000,75507200000
2025-07,WH-BDG01,LOT-0891,720000,1.2312E+11
2025-07,WH-BDG01,LOT-0884,2096000,9.47182E+11
2025-07,WH-BDG01,LOT-1019,714666.6667,3.59906E+11
2025-07,WH-BDG01,LOT-0841,1170000,4.2471E+11
2025-07,WH-BDG01,LOT-0103,1514666.667,74218666667
2025-07,WH-BDG01,LOT-0670,2106000,4.37627E+11
2025-07,WH-BDG01,LOT-0893,360000,56088000000
2025-07,WH-BDG01,LOT-0537,514666.6667,49459466667
2025-07,WH-BDG01,LOT-0332,2602666.667,2.84211E+11
2025-07,WH-BDG01,LOT-0030,237000,74252100000
2025-07,WH-BDG01,LOT-0637,58666.66667,12232000000
2025-07,WH-BDG01,LOT-0645,138666.6667,36400000000
2025-07,WH-BDG01,LOT-0868,1110000,6.22932E+11
2025-07,WH-BDG01,LOT-0746,2416000,6.04E+11
2025-07,WH-BDG01,LOT-1004,1276000,2.12454E+11
2025-07,WH-BDG01,LOT-0908,3032000,9.38101E+11
2025-07,WH-BDG01,LOT-0697,354000,70552200000
2025-07,WH-BDG01,LOT-1101,4053333.333,1.72064E+12
2025-07,WH-BDG01,LOT-0060,64000,10048000000
2025-07,WH-BDG01,LOT-1170,416000,15017600000
2025-07,WH-BDG01,LOT-0923,387000,1.0538E+11
2025-07,WH-BDG01,LOT-0632,335000,78323000000
2025-07,WH-BDG01,LOT-0654,513333.3333,44454666667
2025-07,WH-BDG01,LOT-0453,728000,3.67713E+11
2025-07,WH-BDG01,LOT-0394,1734000,1.14617E+11
2025-07,WH-BDG01,LOT-1038,1420000,1.48106E+11
2025-07,WH-BDG01,LOT-0871,504000,2.23121E+11
2025-07,WH-BDG01,LOT-0268,1488000,6.75106E+11
2025-07,WH-BDG01,LOT-0497,226666.6667,20853333333
2025-07,WH-BDG01,LOT-0757,208000,72134400000
2025-07,WH-BDG01,LOT-0529,304500,1.01886E+11
2025-07,WH-BDG01,LOT-0829,208000,17243200000
2025-07,WH-BDG01,LOT-0781,370000,20609000000
2025-07,WH-BDG01,LOT-0378,84000,29366400000
2025-07,WH-BDG01,LOT-0858,244000,54021600000
2025-07,WH-SMG01,LOT-1031,1592000,1.63976E+11
2025-07,WH-SMG01,LOT-0297,53333.33333,9338666667
2025-07,WH-SMG01,LOT-0547,1312000,3.34429E+11
2025-07,WH-SMG01,LOT-0470,2320000,7.7952E+11
2025-07,WH-SMG01,LOT-0678,5616000,3.03432E+12
2025-07,WH-SMG01,LOT-0471,404000,1.39542E+11
2025-07,WH-SMG01,LOT-0626,760000,2.55588E+11
2025-07,WH-SMG01,LOT-0025,624000,1.69541E+11
2025-07,WH-SMG01,LOT-0074,1072000,6.30872E+11
2025-07,WH-SMG01,LOT-0213,304000,65542400000
2025-07,WH-SMG01,LOT-1055,125000,15362500000
2025-07,WH-SMG01,LOT-0142,384000,91699200000
2025-07,WH-SMG01,LOT-0812,252000,73836000000
2025-07,WH-SMG01,LOT-0903,3552000,1.09188E+12
2025-07,WH-SMG01,LOT-0972,1632000,6.7271E+11
2025-07,WH-SMG01,LOT-1035,77333.33333,9194933333
2025-07,WH-SMG01,LOT-0587,778666.6667,3.55695E+11
2025-07,WH-SMG01,LOT-1054,518666.6667,71316666667
2025-07,WH-SMG01,LOT-0138,95333.33333,23127866667
2025-07,WH-SMG01,LOT-0871,832000,3.26643E+11
2025-07,WH-SMG01,LOT-0708,1284000,6.54326E+11
2025-07,WH-SMG01,LOT-0353,612000,69278400000
2025-07,WH-SMG01,LOT-0572,1404000,4.37346E+11
2025-07,WH-SMG01,LOT-0521,352000,96131200000
2025-07,WH-SMG01,LOT-0737,760000,4.54252E+11
2025-07,WH-SMG01,LOT-0536,4333.333333,432466666.7
2025-07,WH-SMG01,LOT-0537,1556000,1.53577E+11
2025-07,WH-SMG01,LOT-0876,588000,2.1509E+11
2025-07,WH-SMG01,LOT-0110,588000,34809600000
2025-07,WH-SMG01,LOT-1089,4620000,2.04296E+12
2025-07,WH-SMG01,LOT-0431,687000,2.87784E+11
2025-07,WH-SMG01,LOT-1096,174000,13380600000
2025-07,WH-SMG01,LOT-0741,1606500,3.4363E+11
2025-07,WH-SMG01,LOT-0136,3616000,9.36544E+11
2025-07,WH-SMG01,LOT-0974,462666.6667,1.85899E+11
2025-07,WH-SMG01,LOT-0446,284000,25900800000
2025-07,WH-SMG01,LOT-0923,14666.66667,4188800000
2025-07,WH-SMG01,LOT-1132,549333.3333,3.2125E+11
2025-07,WH-SMG01,LOT-0220,316000,80864400000
2025-07,WH-SMG01,LOT-0032,244666.6667,58401933333
2025-07,WH-SMG01,LOT-0657,320000,32832000000
2025-07,WH-SMG01,LOT-0494,53333.33333,5178666667
2025-07,WH-SMG01,LOT-0253,752000,1.29344E+11
2025-07,WH-SMG01,LOT-0302,1672000,3.98438E+11
2025-07,WH-SMG01,LOT-1100,1637333.333,1.33115E+11
2025-07,WH-SMG01,LOT-0935,1926000,1.08896E+12
2025-07,WH-SMG01,LOT-1029,2901333.333,1.49622E+12
2025-07,WH-SMG01,LOT-1050,772000,56587600000
2025-07,WH-SMG01,LOT-0524,3152000,8.99266E+11
2025-07,WH-SMG01,LOT-1104,876000,3.5224E+11
2025-07,WH-SMG01,LOT-0791,826666.6667,2.76437E+11
2025-07,WH-SMG01,LOT-1164,1188000,40867200000
2025-07,WH-SMG01,LOT-1187,196666.6667,1.08698E+11
2025-07,WH-SMG01,LOT-0872,424000,1.60781E+11
2025-07,WH-SMG01,LOT-1081,1260000,5.42304E+11
2025-07,WH-SMG01,LOT-0318,96000,33849600000
2025-07,WH-SMG01,LOT-0125,1124000,1.26338E+11
2025-07,WH-SMG01,LOT-0627,1734000,6.41927E+11
2025-07,WH-SMG01,LOT-0645,330000,94710000000
2025-07,WH-SMG01,LOT-0986,328000,1.23853E+11
2025-07,WH-SMG01,LOT-1186,944000,5.32133E+11
2025-07,WH-SMG01,LOT-0273,1012000,3.79905E+11
2025-07,WH-SMG01,LOT-0982,672000,2.44944E+11
2025-07,WH-SMG01,LOT-0215,517333.3333,1.30678E+11
2025-07,WH-SMG01,LOT-0562,448000,1.64371E+11
2025-07,WH-SMG01,LOT-0921,474000,1.33763E+11
2025-07,WH-SMG01,LOT-0282,4736000,1.37676E+12
2025-07,WH-SMG01,LOT-0520,1056000,2.32848E+11
2025-07,WH-SMG01,LOT-0772,824000,1.91498E+11
2025-07,WH-SMG01,LOT-0477,48000,19694400000
2025-07,WH-SMG01,LOT-0075,216000,1.17914E+11
2025-07,WH-SMG01,LOT-0184,485333.3333,1.10947E+11
2025-07,WH-SMG01,LOT-1107,1504000,5.92877E+11
2025-07,WH-SMG01,LOT-0781,1749333.333,95163733333
2025-07,WH-SMG01,LOT-0518,873000,2.28901E+11
2025-07,WH-SMG01,LOT-0359,266666.6667,30613333333
2025-07,WH-SMG01,LOT-0549,848000,2.332E+11
2025-07,WH-SMG01,LOT-0271,144000,54835200000
2025-07,WH-SMG01,LOT-0418,6304000,3.75844E+12
2025-07,WH-SMG01,LOT-1141,594000,1.54737E+11
2025-07,WH-SMG01,LOT-0464,202666.6667,68379733333
2025-07,WH-SMG01,LOT-0334,2892000,3.17252E+11
2025-07,WH-SMG01,LOT-1068,1197000,1.97744E+11
2025-07,WH-SMG01,LOT-0483,260000,54132000000
2025-07,WH-SMG01,LOT-0488,952000,1.91066E+11
2025-07,WH-SMG01,LOT-0212,136000,33456000000
2025-07,WH-SMG01,LOT-0310,100000,23220000000
2025-07,WH-SMG01,LOT-0231,303000,90869700000
2025-07,WH-SMG01,LOT-1126,516000,2.2606E+11
2025-07,WH-SMG01,LOT-1024,3722666.667,1.99163E+12
2025-07,WH-SMG01,LOT-0062,335000,41506500000
2025-07,WH-SMG01,LOT-0803,296000,1.11799E+11
2025-07,WH-SMG01,LOT-0322,738000,92176200000
2025-07,WH-SMG01,LOT-1161,300000,10110000000
2025-07,WH-SMG01,LOT-0354,190000,20786000000
2025-07,WH-SMG01,LOT-1059,2504000,3.56319E+11
2025-07,WH-SMG01,LOT-0102,704000,38227200000
2025-07,WH-SMG01,LOT-1184,14333.33333,7732833333
2025-07,WH-SMG01,LOT-0435,4404000,1.86201E+12
2025-07,WH-SMG01,LOT-0344,2240000,9.21984E+11
2025-07,WH-SMG01,LOT-0299,192000,31910400000
2025-07,WH-SMG01,LOT-0249,432000,11664000000
2025-07,WH-SMG01,LOT-0092,1536000,6.45274E+11
2025-07,WH-SMG01,LOT-0240,413333.3333,1.18089E+11
2025-07,WH-SMG01,LOT-0031,149333.3333,37527466667
2025-07,WH-SMG01,LOT-0380,2104000,6.9432E+11
2025-07,WH-SMG01,LOT-0472,200000,69380000000
2025-07,WH-SMG01,LOT-0360,1024000,1.20525E+11
2025-07,WH-SMG01,LOT-0005,13333.33333,1838666667
2025-07,WH-SMG01,LOT-0034,56000,15976800000
2025-07,WH-SMG01,LOT-0130,240000,24840000000
2025-07,WH-SMG01,LOT-1070,627000,1.01449E+11
2025-07,WH-SMG01,LOT-0945,1460000,8.65926E+11
2025-07,WH-SMG01,LOT-0889,1141333.333,5.1029E+11
2025-07,WH-BKS01,LOT-0941,768000,4.28698E+11
2025-07,WH-BKS01,LOT-0352,784000,1.01214E+11
2025-07,WH-BKS01,LOT-0433,794000,2.85602E+11
2025-07,WH-BKS01,LOT-0279,2280000,7.37808E+11
2025-07,WH-BKS01,LOT-0571,1296000,4.03963E+11
2025-07,WH-BKS01,LOT-0963,134000,64226200000
2025-07,WH-BKS01,LOT-0364,494000,1.72455E+11
2025-07,WH-BKS01,LOT-1031,2624000,3.13306E+11
2025-07,WH-BKS01,LOT-0334,376000,39931200000
2025-07,WH-BKS01,LOT-1147,4256000,1.19423E+12
2025-07,WH-BKS01,LOT-0672,82000,40130800000
2025-07,WH-BKS01,LOT-0574,116666.6667,30975000000
2025-07,WH-BKS01,LOT-0011,493333.3333,24765333333
2025-07,WH-BKS01,LOT-0120,3669333.333,1.96309E+11
2025-07,WH-BKS01,LOT-0183,236000,53100000000
2025-07,WH-BKS01,LOT-0995,160000,37600000000
2025-07,WH-BKS01,LOT-1066,624000,1.00838E+11
2025-07,WH-BKS01,LOT-1059,2010666.667,2.53947E+11
2025-07,WH-BKS01,LOT-0375,544000,1.9584E+11
2025-07,WH-BKS01,LOT-0330,192000,22732800000
2025-07,WH-BKS01,LOT-0537,984000,97416000000
2025-07,WH-BKS01,LOT-0927,70000,18053000000
2025-07,WH-BKS01,LOT-0493,1152000,1.15661E+11
2025-07,WH-BKS01,LOT-0185,151333.3333,29600800000
2025-07,WH-BKS01,LOT-0280,597333.3333,2.09365E+11
2025-07,WH-BKS01,LOT-0860,1224000,2.84213E+11
2025-07,WH-BKS01,LOT-0149,5952000,1.64275E+12
2025-07,WH-BKS01,LOT-0798,1264000,4.55798E+11
2025-07,WH-BKS01,LOT-1111,698666.6667,2.57808E+11
2025-07,WH-BKS01,LOT-0765,320000,27392000000
2025-07,WH-BKS01,LOT-0013,751500,37950750000
2025-07,WH-BKS01,LOT-0987,800000,3.268E+11
2025-07,WH-BKS01,LOT-0135,490500,1.2699E+11
2025-07,WH-BKS01,LOT-0121,157000,17536900000
2025-07,WH-BKS01,LOT-0720,200000,79140000000
2025-07,WH-BKS01,LOT-1152,261000,1.4141E+11
2025-07,WH-BKS01,LOT-0188,310666.6667,71764000000
2025-07,WH-BKS01,LOT-0238,389333.3333,1.19214E+11
2025-07,WH-BKS01,LOT-1177,618000,80896200000
2025-07,WH-BKS01,LOT-0762,3434666.667,2.58287E+11
2025-07,WH-BKS01,LOT-0003,270000,34641000000
2025-07,WH-BKS01,LOT-0365,69333.33333,23968533333
2025-07,WH-BKS01,LOT-0950,588000,3.00292E+11
2025-07,WH-BKS01,LOT-0224,48000,22507200000
2025-07,WH-BKS01,LOT-0177,562000,3.49227E+11
2025-07,WH-BKS01,LOT-0646,3176000,8.65778E+11
2025-07,WH-BKS01,LOT-0381,104000,29109600000
2025-07,WH-BKS01,LOT-0876,1936000,7.59106E+11
2025-07,WH-BKS01,LOT-0166,114000,5825400000
2025-07,WH-BKS01,LOT-0090,1248000,1.23802E+11
2025-07,WH-BKS01,LOT-0743,248000,53716800000
2025-07,WH-BKS01,LOT-0466,376000,1.28216E+11
2025-07,WH-BKS01,LOT-0903,1928000,5.73966E+11
2025-07,WH-BKS01,LOT-0110,406000,20097000000
2025-07,WH-BKS01,LOT-1167,178000,5464600000
2025-07,WH-BKS01,LOT-0409,922666.6667,4.61795E+11
2025-07,WH-BKS01,LOT-0068,5840000,7.8256E+11
2025-07,WH-BKS01,LOT-0947,2832000,1.51342E+12
2025-07,WH-BKS01,LOT-0146,712000,1.85476E+11
2025-07,WH-BKS01,LOT-0882,728000,3.5126E+11
2025-07,WH-BKS01,LOT-0643,2261333.333,6.69355E+11
2025-07,WH-BKS01,LOT-0031,258666.6667,73538933333
2025-07,WH-BKS01,LOT-0010,885333.3333,1.24743E+11
2025-07,WH-BKS01,LOT-0991,426000,1.04966E+11
2025-07,WH-BKS01,LOT-0526,501333.3333,1.58772E+11
2025-07,WH-BKS01,LOT-0178,53333.33333,32858666667
2025-07,WH-BKS01,LOT-1033,692000,71622000000
2025-07,WH-BKS01,LOT-1176,916000,1.34011E+11
2025-07,WH-BKS01,LOT-0640,1568000,3.45274E+11
2025-07,WH-BKS01,LOT-1151,140000,70504000000
2025-07,WH-BKS01,LOT-0671,1962000,1.12246E+12
2025-07,WH-BKS01,LOT-0601,484000,95590000000
2025-07,WH-BKS01,LOT-0465,360000,1.0692E+11
2025-07,WH-BKS01,LOT-0289,944000,2.6045E+11
2025-07,WH-BKS01,LOT-1163,746000,27825800000
2025-07,WH-BKS01,LOT-1069,728000,1.37446E+11
2025-07,WH-BKS01,LOT-0960,2720000,7.89616E+11
2025-07,WH-BKS01,LOT-0847,2448000,7.66224E+11
2025-07,WH-BKS01,LOT-1138,1316000,7.6578E+11
2025-07,WH-BKS01,LOT-1174,474666.6667,57719466667
2025-07,WH-BKS01,LOT-0437,397333.3333,1.40577E+11
2025-07,WH-BKS01,LOT-0845,1370666.667,4.13804E+11
2025-07,WH-BKS01,LOT-0706,346500,1.70963E+11
2025-07,WH-TNG01,LOT-0950,696000,3.53638E+11
2025-07,WH-TNG01,LOT-1128,732000,3.74711E+11
2025-07,WH-TNG01,LOT-0102,56000,3029600000
2025-07,WH-TNG01,LOT-0725,796000,2.18661E+11
2025-07,WH-TNG01,LOT-0750,284000,72817600000
2025-07,WH-TNG01,LOT-0058,198000,29997000000
2025-07,WH-TNG01,LOT-0473,160000,60512000000
2025-07,WH-TNG01,LOT-0135,297000,71190900000
2025-07,WH-TNG01,LOT-0099,1304000,5.28772E+11
2025-07,WH-TNG01,LOT-0020,794666.6667,39336000000
2025-07,WH-TNG01,LOT-0805,324000,1.25971E+11
2025-07,WH-TNG01,LOT-0590,708000,3.15556E+11
2025-07,WH-TNG01,LOT-0443,35333.33333,3204733333
2025-07,WH-TNG01,LOT-0623,4074666.667,1.59279E+12
2025-07,WH-TNG01,LOT-0025,396000,1.0395E+11
2025-07,WH-TNG01,LOT-0417,1173333.333,6.85461E+11
2025-07,WH-TNG01,LOT-1186,149333.3333,78967466667
2025-07,WH-TNG01,LOT-0243,4666.666667,141400000
2025-07,WH-TNG01,LOT-0007,562000,75083200000
2025-07,WH-TNG01,LOT-0569,864000,3.40589E+11
2025-07,WH-TNG01,LOT-0714,1548000,5.45206E+11
2025-07,WH-TNG01,LOT-0259,192000,31315200000
2025-07,WH-TNG01,LOT-0065,274666.6667,33262133333
2025-07,WH-TNG01,LOT-0440,98666.66667,39565333333
2025-07,WH-TNG01,LOT-0878,5333.333333,2078400000
2025-07,WH-TNG01,LOT-0094,704000,2.94976E+11
2025-07,WH-TNG01,LOT-1038,476000,51503200000
2025-07,WH-TNG01,LOT-0583,781333.3333,3.67305E+11
2025-07,WH-TNG01,LOT-0132,566000,1.31991E+11
2025-07,WH-TNG01,LOT-0148,784000,2.10739E+11
2025-07,WH-TNG01,LOT-1112,65333.33333,23970800000
2025-07,WH-TNG01,LOT-0615,509333.3333,1.99353E+11
2025-07,WH-TNG01,LOT-0193,589333.3333,3.13466E+11
2025-07,WH-TNG01,LOT-0454,310500,1.57424E+11
2025-07,WH-TNG01,LOT-0690,85333.33333,21913600000
2025-07,WH-TNG01,LOT-0357,768000,96153600000
2025-07,WH-TNG01,LOT-1118,2160000,7.8732E+11
2025-07,WH-TNG01,LOT-0736,517333.3333,2.83395E+11
2025-07,WH-TNG01,LOT-0709,200000,86200000000
2025-07,WH-TNG01,LOT-0499,361500,36330750000
2025-07,WH-TNG01,LOT-0766,68000,5514800000
2025-07,WH-TNG01,LOT-1162,69000,2111400000
2025-07,WH-TNG01,LOT-0698,309333.3333,51844266667
2025-07,WH-TNG01,LOT-0301,965333.3333,2.40851E+11
2025-07,WH-TNG01,LOT-0741,160000,39552000000
2025-07,WH-TNG01,LOT-0795,2288000,6.77706E+11
2025-07,WH-TNG01,LOT-0145,202000,49732400000
2025-07,WH-TNG01,LOT-0069,970666.6667,1.08909E+11
2025-07,WH-TNG01,LOT-0122,5056000,6.03686E+11
2025-07,WH-TNG01,LOT-0835,122666.6667,25526933333
2025-07,WH-TNG01,LOT-0998,364000,91291200000
2025-07,WH-TNG01,LOT-1167,725333.3333,25169066667
2025-07,WH-TNG01,LOT-1183,2040000,1.16464E+12
2025-07,WH-TNG01,LOT-0027,712000,2.0114E+11
2025-07,WH-TNG01,LOT-0040,212000,54611200000
2025-07,WH-TNG01,LOT-0815,400000,1.0436E+11
2025-07,WH-TNG01,LOT-1170,456000,14637600000
2025-07,WH-TNG01,LOT-1122,390000,1.80141E+11
2025-07,WH-TNG01,LOT-0121,858000,89232000000
2025-07,WH-TNG01,LOT-0151,816000,4.53859E+11
2025-07,WH-TNG01,LOT-1120,888000,3.6852E+11
2025-07,WH-TNG01,LOT-0793,477333.3333,1.73511E+11
2025-07,WH-TNG01,LOT-0900,960000,1.62624E+11
2025-07,WH-TNG01,LOT-0978,106000,42516600000
2025-07,WH-TNG01,LOT-0539,2152000,1.95832E+11
2025-07,WH-TNG01,LOT-0091,60000,27420000000
2025-07,WH-TNG01,LOT-0495,1200000,1.0572E+11
2025-07,WH-TNG01,LOT-0981,252000,94147200000
2025-07,WH-TNG01,LOT-1026,4224000,2.26491E+12
2025-07,WH-TNG01,LOT-0547,2512000,6.74974E+11
2025-07,WH-TNG01,LOT-0257,234000,42213600000
2025-07,WH-TNG01,LOT-0447,1050666.667,1.07168E+11
2025-07,WH-TNG01,LOT-0397,896000,58867200000
2025-07,WH-TNG01,LOT-1168,402666.6667,13730933333
2025-07,WH-TNG01,LOT-0592,1488000,5.98622E+11
2025-07,WH-TNG01,LOT-0629,292000,1.03806E+11
2025-07,WH-TNG01,LOT-1190,492000,2.88952E+11
2025-07,WH-TNG01,LOT-0768,227333.3333,16208866667
2025-07,WH-TNG01,LOT-0461,268000,76433600000
2025-07,WH-TNG01,LOT-0043,2992000,7.57574E+11
2025-07,WH-TNG01,LOT-0006,352000,41606400000
2025-07,WH-TNG01,LOT-1006,126666.6667,20190666667
2025-07,WH-TNG01,LOT-0939,850666.6667,4.63103E+11
2025-07,WH-TNG01,LOT-0773,373333.3333,94266666667
2025-07,WH-TNG01,LOT-0322,976000,1.10386E+11
2025-07,WH-TNG01,LOT-0685,84000,19908000000
2025-07,WH-TNG01,LOT-0672,33333.33333,17233333333
2025-07,WH-TNG01,LOT-0017,3048000,1.59715E+11
2025-07,WH-BPR01,LOT-0270,248000,1.1222E+11
2025-07,WH-BPR01,LOT-1075,442666.6667,72154666667
2025-07,WH-BPR01,LOT-0225,89000,43538800000
2025-07,WH-BPR01,LOT-0136,253333.3333,57937333333
2025-07,WH-BPR01,LOT-0864,853333.3333,4.41941E+11
2025-07,WH-BPR01,LOT-0738,526666.6667,3.15473E+11
2025-07,WH-BPR01,LOT-1183,158000,88985600000
2025-07,WH-BPR01,LOT-0402,153333.3333,79166000000
2025-07,WH-BPR01,LOT-0021,2186666.667,6.99952E+11
2025-07,WH-BPR01,LOT-0260,1893333.333,3.24328E+11
2025-07,WH-BPR01,LOT-0027,532000,1.44491E+11
2025-07,WH-BPR01,LOT-0262,1920000,8.45376E+11
2025-07,WH-BPR01,LOT-0074,120666.6667,59911000000
2025-07,WH-BPR01,LOT-0426,896000,1.3225E+11
2025-07,WH-BPR01,LOT-0104,720000,38592000000
2025-07,WH-BPR01,LOT-0568,142000,59924000000
2025-07,WH-BPR01,LOT-0306,404000,86779200000
2025-07,WH-BPR01,LOT-0449,43333.33333,3947666667
2025-07,WH-BPR01,LOT-0269,160000,65888000000
2025-07,WH-BPR01,LOT-0268,71666.66667,32199833333
2025-07,WH-BPR01,LOT-0899,510666.6667,80225733333
2025-07,WH-BPR01,LOT-1020,2720000,1.42718E+12
2025-07,WH-BPR01,LOT-0736,450666.6667,2.42233E+11
2025-07,WH-BPR01,LOT-0261,328000,1.30446E+11
2025-07,WH-BPR01,LOT-0212,89333.33333,22780000000
2025-07,WH-BPR01,LOT-0500,880000,86768000000
2025-07,WH-BPR01,LOT-0764,50000,3925000000
2025-07,WH-BPR01,LOT-0398,1370666.667,98276800000
2025-07,WH-BPR01,LOT-0085,2781000,3.29827E+11
2025-07,WH-BPR01,LOT-1031,3424000,3.51302E+11
2025-07,WH-BPR01,LOT-0192,2907000,1.75583E+12
2025-07,WH-BPR01,LOT-0856,213333.3333,50496000000
2025-07,WH-BPR01,LOT-0688,750000,1.88175E+11
2025-07,WH-BPR01,LOT-0097,7872000,3.11889E+12
2025-07,WH-BPR01,LOT-0834,1664000,3.86714E+11
2025-07,WH-BPR01,LOT-0520,530666.6667,1.23592E+11
2025-07,WH-BPR01,LOT-0811,642000,1.84639E+11
2025-07,WH-BPR01,LOT-0404,254000,1.29184E+11
2025-07,WH-BPR01,LOT-0006,2238000,3.2451E+11
2025-07,WH-BPR01,LOT-0118,149000,8522800000
2025-07,WH-BPR01,LOT-0706,266666.6667,1.3648E+11
2025-07,WH-BPR01,LOT-0473,2076000,7.06463E+11
2025-07,WH-BPR01,LOT-0902,554000,1.47142E+11
2025-07,WH-BPR01,LOT-0936,346666.6667,1.87339E+11
2025-07,WH-BPR01,LOT-0942,864000,5.17536E+11
2025-07,WH-BPR01,LOT-0729,132000,40194000000
2025-07,WH-BPR01,LOT-0815,512000,1.32506E+11
2025-07,WH-BPR01,LOT-1198,2928000,8.87184E+11
2025-07,WH-BPR01,LOT-0197,1041000,5.80045E+11
2025-07,WH-BPR01,LOT-1101,424000,1.52004E+11
2025-07,WH-BPR01,LOT-0460,5968000,3.18094E+12
2025-07,WH-BPR01,LOT-0271,1464000,5.49146E+11
2025-07,WH-BPR01,LOT-0146,2176000,5.91219E+11
2025-07,WH-BPR01,LOT-0047,146500,36507800000
2025-07,WH-BPR01,LOT-0332,520000,56680000000
2025-07,WH-BPR01,LOT-0184,1264000,2.68094E+11
2025-07,WH-BPR01,LOT-0852,5904000,1.4701E+12
2025-07,WH-BPR01,LOT-0152,568000,3.06095E+11
2025-07,WH-BPR01,LOT-0962,330000,1.40118E+11
2025-07,WH-BPR01,LOT-0612,214000,79715000000
2025-07,WH-BPR01,LOT-0775,677333.3333,1.64457E+11
2025-07,WH-BPR01,LOT-0084,390666.6667,42074800000
2025-07,WH-BPR01,LOT-0326,190666.6667,22841866667
2025-07,WH-BPR01,LOT-1193,3016000,8.70719E+11
2025-07,WH-BPR01,LOT-1088,174666.6667,73953866667
2025-07,WH-BPR01,LOT-0447,111000,10911300000
2025-07,WH-BPR01,LOT-0245,2368000,64172800000
2025-07,WH-BPR01,LOT-0060,506666.6667,77722666667
2025-07,WH-BPR01,LOT-0540,776000,70305600000
2025-07,WH-BPR01,LOT-0508,965333.3333,70662400000
2025-07,WH-BPR01,LOT-1109,794666.6667,3.05152E+11
2025-07,WH-BPR01,LOT-0566,1712000,7.32394E+11
2025-07,WH-BPR01,LOT-0137,161000,37996000000
2025-07,WH-BPR01,LOT-0793,358000,1.10515E+11
2025-07,WH-BPR01,LOT-0803,836000,3.52458E+11
2025-07,WH-BPR01,LOT-0333,510000,61149000000
2025-07,WH-BPR01,LOT-0309,520000,1.2298E+11
2025-07,WH-BPR01,LOT-1163,936000,30700800000
2025-07,WH-BPR01,LOT-0167,155333.3333,7160866667
2025-07,WH-BPR01,LOT-0416,338666.6667,1.65777E+11
2025-07,WH-BPR01,LOT-0243,1168000,31769600000
2025-07,WH-BPR01,LOT-0860,514666.6667,1.25218E+11
2025-07,WH-BPR01,LOT-0998,2448000,6.38438E+11
2025-07,WH-BPR01,LOT-0029,752000,2.03942E+11
2025-07,WH-BPR01,LOT-1027,714666.6667,3.92638E+11
2025-07,WH-BPR01,LOT-0115,604000,28569200000
2025-07,WH-BPR01,LOT-0752,2768000,1.02831E+12
2025-07,WH-BPR01,LOT-0832,112666.6667,26037266667
2025-07,WH-BPR01,LOT-1142,210000,53277000000
2025-07,WH-BPR01,LOT-0755,113333.3333,42001333333
2025-07,WH-BPR01,LOT-0806,192000,76012800000
2025-07,WH-BPR01,LOT-0944,501000,2.96442E+11
2025-07,WH-BPR01,LOT-0785,912000,51619200000
2025-07,WH-MLG01,LOT-0928,1032000,2.91437E+11
2025-07,WH-MLG01,LOT-1161,104000,3276000000
2025-07,WH-MLG01,LOT-0846,48000,16171200000
2025-07,WH-MLG01,LOT-0451,242000,1.48999E+11
2025-07,WH-MLG01,LOT-0938,1436000,8.67344E+11
2025-07,WH-MLG01,LOT-0463,1194000,4.01184E+11
2025-07,WH-MLG01,LOT-0214,790000,1.83596E+11
2025-07,WH-MLG01,LOT-0038,652000,1.77279E+11
2025-07,WH-MLG01,LOT-0062,1376000,1.86173E+11
2025-07,WH-MLG01,LOT-1094,58666.66667,4699200000
2025-07,WH-MLG01,LOT-0250,212000,6084400000
2025-07,WH-MLG01,LOT-1016,273000,1.37155E+11
2025-07,WH-MLG01,LOT-1088,498000,2.17028E+11
2025-07,WH-MLG01,LOT-0730,546666.6667,1.45632E+11
2025-07,WH-MLG01,LOT-0343,124666.6667,44144466667
2025-07,WH-MLG01,LOT-0291,670000,1.09411E+11
2025-07,WH-MLG01,LOT-0247,1128000,34178400000
2025-07,WH-MLG01,LOT-0163,1012000,53028800000
2025-07,WH-MLG01,LOT-0755,724000,2.26322E+11
2025-07,WH-MLG01,LOT-1125,1176000,6.18341E+11
2025-07,WH-MLG01,LOT-0915,2220000,3.76512E+11
2025-07,WH-MLG01,LOT-0190,684000,1.53832E+11
2025-07,WH-MLG01,LOT-1141,250000,62025000000
2025-07,WH-MLG01,LOT-0576,164000,49560800000
2025-07,WH-MLG01,LOT-0652,4788000,4.75448E+11
2025-07,WH-MLG01,LOT-0321,484000,61806800000
2025-07,WH-MLG01,LOT-0429,1632000,2.55245E+11
2025-07,WH-MLG01,LOT-0743,417333.3333,1.00953E+11
2025-07,WH-MLG01,LOT-0573,20000,5608000000
2025-07,WH-MLG01,LOT-0361,1976000,7.65502E+11
2025-07,WH-MLG01,LOT-0887,236000,1.17316E+11
2025-07,WH-MLG01,LOT-1036,720000,74376000000
2025-07,WH-MLG01,LOT-0944,589333.3333,3.17533E+11
2025-07,WH-MLG01,LOT-0532,792000,77220000000
2025-07,WH-MLG01,LOT-0547,66000,16381200000
2025-07,WH-MLG01,LOT-1021,68000,37175600000
2025-07,WH-MLG01,LOT-0100,574000,2.742E+11
2025-07,WH-MLG01,LOT-0231,28000,8240400000
2025-07,WH-MLG01,LOT-1019,1088000,5.77075E+11
2025-07,WH-MLG01,LOT-0398,132000,9134400000
2025-07,WH-MLG01,LOT-0336,1376000,1.66358E+11
2025-07,WH-MLG01,LOT-0052,570666.6667,88282133333
2025-07,WH-MLG01,LOT-1084,330000,1.28601E+11
2025-07,WH-MLG01,LOT-0842,68000,20794400000
2025-07,WH-MLG01,LOT-0700,448000,79206400000
2025-07,WH-MLG01,LOT-0303,768000,1.68269E+11
2025-07,WH-MLG01,LOT-0456,290000,1.68635E+11
2025-07,WH-MLG01,LOT-0911,984000,1.71314E+11
2025-07,WH-MLG01,LOT-0948,1464000,7.31854E+11
2025-07,WH-MLG01,LOT-0271,342666.6667,1.2569E+11
2025-07,WH-MLG01,LOT-1183,436000,2.34481E+11
2025-07,WH-MLG01,LOT-0881,1957333.333,9.69271E+11
2025-07,WH-MLG01,LOT-0820,3336000,1.01915E+12
2025-07,WH-MLG01,LOT-0664,844000,1.596E+11
2025-07,WH-MLG01,LOT-0833,912000,2.06294E+11
2025-07,WH-MLG01,LOT-0386,1482666.667,3.83269E+11
2025-07,WH-MLG01,LOT-0400,448000,32345600000
2025-07,WH-MLG01,LOT-0959,115000,35385500000
2025-07,WH-MLG01,LOT-0007,442666.6667,54049600000
2025-07,WH-MLG01,LOT-0229,348000,1.74139E+11
2025-07,WH-MLG01,LOT-0571,1060000,2.79522E+11
2025-07,WH-MLG01,LOT-0127,157333.3333,18895733333
2025-07,WH-MLG01,LOT-0096,616000,2.53546E+11
2025-07,WH-MLG01,LOT-0732,332000,1.81571E+11
2025-07,WH-MLG01,LOT-0313,1392000,5.24784E+11
2025-07,WH-MLG01,LOT-0900,3136000,4.72282E+11
2025-07,WH-MLG01,LOT-1100,920000,86756000000
2025-07,WH-MLG01,LOT-0129,874666.6667,1.07234E+11
2025-07,WH-MLG01,LOT-0051,288000,47952000000
2025-07,WH-MLG01,LOT-0753,1116000,3.70958E+11
2025-07,WH-MLG01,LOT-0667,594000,1.05316E+11
2025-07,WH-MLG01,LOT-1064,321000,60925800000
2025-07,WH-MLG01,LOT-0094,2124000,8.65955E+11
2025-07,WH-MLG01,LOT-0075,2040000,1.02265E+12
2025-07,WH-MLG01,LOT-0312,1088000,3.60672E+11
2025-07,WH-MLG01,LOT-0991,1320000,3.3132E+11
2025-07,WH-MLG01,LOT-0365,375000,1.50375E+11
2025-07,WH-MLG01,LOT-0263,173333.3333,68380000000
2025-07,WH-MLG01,LOT-0135,3024000,6.54696E+11
2025-07,WH-MLG01,LOT-0634,66000,14262600000
2025-07,WH-MLG01,LOT-0382,7573333.333,2.25307E+12
2025-07,WH-MLG01,LOT-0655,194666.6667,16605066667
2025-07,WH-MLG01,LOT-0949,166666.6667,81716666667
2025-07,WH-SLO01,LOT-0470,640000,2.16704E+11
2025-07,WH-SLO01,LOT-1145,2166000,5.89585E+11
2025-07,WH-SLO01,LOT-0625,552000,2.04958E+11
2025-07,WH-SLO01,LOT-0250,1488000,45235200000
2025-07,WH-SLO01,LOT-1151,880000,4.7872E+11
2025-07,WH-SLO01,LOT-0664,1765333.333,3.6613E+11
2025-07,WH-SLO01,LOT-0305,2952000,7.13794E+11
2025-07,WH-SLO01,LOT-0028,1448000,4.3802E+11
2025-07,WH-SLO01,LOT-0147,288000,66124800000
2025-07,WH-SLO01,LOT-0451,204000,1.17463E+11
2025-07,WH-SLO01,LOT-0790,800000,41760000000
2025-07,WH-SLO01,LOT-0358,269333.3333,28603200000
2025-07,WH-SLO01,LOT-0822,2136000,1.93522E+11
2025-07,WH-SLO01,LOT-0118,2408000,1.2955E+11
2025-07,WH-SLO01,LOT-1042,784000,51352000000
2025-07,WH-SLO01,LOT-0588,842666.6667,3.54004E+11
2025-07,WH-SLO01,LOT-0818,176000,50899200000
2025-07,WH-SLO01,LOT-1170,986666.6667,36210666667
2025-07,WH-SLO01,LOT-0970,122000,53509200000
2025-07,WH-SLO01,LOT-0749,99000,22294800000
2025-07,WH-SLO01,LOT-0791,894000,2.9949E+11
2025-07,WH-SLO01,LOT-0130,158666.6667,19230400000
2025-07,WH-SLO01,LOT-0643,300000,84570000000
2025-07,WH-SLO01,LOT-0567,1660500,5.91138E+11
2025-07,WH-SLO01,LOT-0976,608000,2.45936E+11
2025-07,WH-SLO01,LOT-0093,3504000,1.50987E+12
2025-07,WH-SLO01,LOT-0741,2576000,5.84752E+11
2025-07,WH-SLO01,LOT-0653,1840000,1.80688E+11
2025-07,WH-SLO01,LOT-0515,345333.3333,82880000000
2025-07,WH-SLO01,LOT-1165,596000,20144800000
2025-07,WH-SLO01,LOT-0149,940000,2.55774E+11
2025-07,WH-SLO01,LOT-0357,200000,23160000000
2025-07,WH-SLO01,LOT-0138,288000,66211200000
2025-07,WH-SLO01,LOT-0755,1092000,3.64619E+11
2025-07,WH-SLO01,LOT-0178,88000,47511200000
2025-07,WH-SLO01,LOT-0877,348000,1.28168E+11
2025-07,WH-SLO01,LOT-0549,142000,33568800000
2025-07,WH-SLO01,LOT-0148,221333.3333,57613066667
2025-07,WH-SLO01,LOT-0159,1960000,9.45308E+11
2025-07,WH-SLO01,LOT-1160,1632000,9.6239E+11
2025-07,WH-SLO01,LOT-0701,192000,92083200000
2025-07,WH-SLO01,LOT-0676,1280000,6.48448E+11
2025-07,WH-SLO01,LOT-0878,1089000,4.39412E+11
2025-07,WH-SLO01,LOT-0557,244000,32061600000
2025-07,WH-SLO01,LOT-0035,1176000,3.16932E+11
2025-07,WH-SLO01,LOT-1167,112500,3903750000
2025-07,WH-SLO01,LOT-0188,796000,1.62384E+11
2025-07,WH-SLO01,LOT-1181,220000,1.08592E+11
2025-07,WH-SLO01,LOT-0770,388000,30807200000
2025-07,WH-SLO01,LOT-0434,746000,2.61771E+11
2025-07,WH-SLO01,LOT-0658,1029333.333,92845866667
2025-07,WH-SLO01,LOT-0924,464000,1.22867E+11
2025-07,WH-SLO01,LOT-1121,723000,3.39882E+11
2025-07,WH-SLO01,LOT-1018,146666.6667,74902666667
2025-07,WH-SLO01,LOT-0733,750000,4.67475E+11
2025-07,WH-SLO01,LOT-0379,880000,3.22784E+11
2025-07,WH-SLO01,LOT-0124,3276000,3.82964E+11
2025-07,WH-SLO01,LOT-0978,873000,3.84818E+11
2025-07,WH-SLO01,LOT-0002,526666.6667,67150000000
2025-07,WH-SLO01,LOT-0281,412000,1.1709E+11
2025-07,WH-SLO01,LOT-0038,397333.3333,1.01916E+11
2025-07,WH-SLO01,LOT-0520,454000,1.05373E+11
2025-07,WH-SLO01,LOT-0346,696000,2.88353E+11
2025-07,WH-SLO01,LOT-0891,154000,26303200000
2025-07,WH-SLO01,LOT-0325,864000,1.10506E+11
2025-07,WH-SLO01,LOT-0031,672000,1.86346E+11
2025-07,WH-SLO01,LOT-0146,966000,2.47006E+11
2025-07,WH-SLO01,LOT-1017,414000,2.17888E+11
2025-07,WH-SLO01,LOT-0197,834666.6667,4.70919E+11
2025-07,WH-SLO01,LOT-0279,780000,2.82672E+11
2025-07,WH-SLO01,LOT-0184,732000,1.73411E+11
2025-07,WH-SLO01,LOT-0307,182666.6667,40515466667
2025-07,WH-SLO01,LOT-0630,626666.6667,2.20524E+11
2025-07,WH-SLO01,LOT-0151,598000,3.32608E+11
2025-07,WH-SLO01,LOT-0414,142666.6667,73929866667
2025-07,WH-SLO01,LOT-1171,548000,77980400000
2025-07,WH-SLO01,LOT-0499,909333.3333,86386666667
2025-07,WH-SLO01,LOT-0881,736000,3.19645E+11
2025-07,WH-SLO01,LOT-0827,9666.666667,861300000
2025-07,WH-SLO01,LOT-0948,522000,2.80836E+11
2025-07,WH-SLO01,LOT-1090,837333.3333,3.80568E+11
2025-07,WH-SLO01,LOT-1161,4000000,1.492E+11
2025-07,WH-SLO01,LOT-0930,2392000,6.5182E+11
2025-07,WH-SLO01,LOT-0832,3324000,7.83799E+11
2025-07,WH-SLO01,LOT-0075,1088000,6.13088E+11
2025-07,WH-SLO01,LOT-1072,1525333.333,2.49545E+11
2025-07,WH-SLO01,LOT-0972,680000,2.5636E+11
2025-07,WH-SLO01,LOT-0442,3000,330600000
2025-07,WH-SLO01,LOT-0152,1050666.667,5.49078E+11
2025-07,WH-SLO01,LOT-0338,1136000,1.16554E+11
2025-07,WH-SLO01,LOT-0874,372000,1.39649E+11
2025-07,WH-SLO01,LOT-1005,83333.33333,13866666667
2025-07,WH-SLO01,LOT-0991,1000000,2.279E+11
2025-07,WH-SLO01,LOT-0474,270000,98064000000
2025-07,WH-SLO01,LOT-0164,402666.6667,20455466667
2025-07,WH-SLO01,LOT-0380,1728000,6.02035E+11
2025-07,WH-SLO01,LOT-0271,656000,2.47181E+11
2025-07,WH-SLO01,LOT-0897,96000,16771200000
2025-07,WH-SLO01,LOT-0798,92000,27452800000
2025-07,WH-SLO01,LOT-0058,26666.66667,3824000000
2025-07,WH-YOG01,LOT-1161,504000,16228800000
2025-07,WH-YOG01,LOT-0887,1536000,7.88736E+11
2025-07,WH-YOG01,LOT-0624,469333.3333,1.607E+11
2025-07,WH-YOG01,LOT-0782,1309500,72546300000
2025-07,WH-YOG01,LOT-0132,197333.3333,45722133333
2025-07,WH-YOG01,LOT-0304,534000,1.15931E+11
2025-07,WH-YOG01,LOT-0458,778000,4.21054E+11
2025-07,WH-YOG01,LOT-0112,3120000,1.77528E+11
2025-07,WH-YOG01,LOT-0057,344000,51118400000
2025-07,WH-YOG01,LOT-0290,146000,43040800000
2025-07,WH-YOG01,LOT-0729,885333.3333,2.59757E+11
2025-07,WH-YOG01,LOT-0219,496000,1.05648E+11
2025-07,WH-YOG01,LOT-0280,34666.66667,11339466667
2025-07,WH-YOG01,LOT-0236,840000,2.50404E+11
2025-07,WH-YOG01,LOT-0418,40000,20504000000
2025-07,WH-YOG01,LOT-0946,80000,41288000000
2025-07,WH-YOG01,LOT-0683,1872000,4.57891E+11
2025-07,WH-YOG01,LOT-0806,856000,3.51388E+11
2025-07,WH-YOG01,LOT-0730,208000,62400000000
2025-07,WH-YOG01,LOT-1083,536000,2.41039E+11
2025-07,WH-YOG01,LOT-0803,896000,3.92358E+11
2025-07,WH-YOG01,LOT-0390,1146000,3.50447E+11
2025-07,WH-YOG01,LOT-0678,3333.333333,1784333333
2025-07,WH-YOG01,LOT-1193,594666.6667,1.55684E+11
2025-07,WH-YOG01,LOT-0691,1328000,2.47805E+11
2025-07,WH-YOG01,LOT-0966,121333.3333,56189466667
2025-07,WH-YOG01,LOT-0005,498000,62299800000
2025-07,WH-YOG01,LOT-1138,1164000,5.6745E+11
2025-07,WH-YOG01,LOT-0882,1568000,7.57814E+11
2025-07,WH-YOG01,LOT-0162,672000,30105600000
2025-07,WH-YOG01,LOT-1175,124000,18178400000
2025-07,WH-YOG01,LOT-0448,2032000,2.06248E+11
2025-07,WH-YOG01,LOT-0141,8512000,2.0182E+12
2025-07,WH-YOG01,LOT-0535,254000,23799800000
2025-07,WH-YOG01,LOT-0739,57000,30295500000
2025-07,WH-YOG01,LOT-1132,1669500,9.76658E+11
2025-07,WH-YOG01,LOT-0612,768000,2.6665E+11
2025-07,WH-YOG01,LOT-0388,749333.3333,2.00971E+11
2025-07,WH-YOG01,LOT-0532,104000,11460800000
2025-07,WH-YOG01,LOT-0671,402666.6667,2.32661E+11
2025-07,WH-YOG01,LOT-0813,2128000,5.42853E+11
2025-07,WH-YOG01,LOT-0795,632000,2.18546E+11
2025-07,WH-YOG01,LOT-0454,176000,1.0201E+11
2025-07,WH-YOG01,LOT-0174,384000,2.08973E+11
2025-07,WH-YOG01,LOT-0149,1045333.333,2.36873E+11
2025-07,WH-YOG01,LOT-0457,498666.6667,2.74416E+11
2025-07,WH-YOG01,LOT-1111,182666.6667,74454933333
2025-07,WH-YOG01,LOT-1128,1514666.667,7.19467E+11
2025-07,WH-YOG01,LOT-0760,608000,2.20582E+11
2025-07,WH-YOG01,LOT-0099,3968000,1.77409E+12
2025-07,WH-YOG01,LOT-0420,477333.3333,2.60003E+11
2025-07,WH-YOG01,LOT-0608,276000,49183200000
2025-07,WH-YOG01,LOT-0376,1292000,4.90702E+11
2025-07,WH-YOG01,LOT-0391,1248000,89356800000
2025-07,WH-YOG01,LOT-0835,588000,1.46706E+11
2025-07,WH-YOG01,LOT-0323,30000,3588000000
2025-07,WH-YOG01,LOT-0278,996000,3.5607E+11
2025-07,WH-YOG01,LOT-0069,1488000,1.96714E+11
2025-07,WH-YOG01,LOT-0510,2453333.333,1.53333E+11
2025-07,WH-YOG01,LOT-0400,1404000,91400400000
2025-07,WH-YOG01,LOT-0635,240000,52656000000
2025-07,WH-YOG01,LOT-0937,222000,1.17815E+11
2025-07,WH-YOG01,LOT-0600,167000,64462000000
2025-07,WH-YOG01,LOT-0543,608000,1.60938E+11
2025-07,WH-YOG01,LOT-0833,120000,26808000000
2025-07,WH-YOG01,LOT-0426,8384000,1.21903E+12
2025-07,WH-YOG01,LOT-0221,2214000,9.65525E+11
2025-07,WH-YOG01,LOT-0039,4224000,1.15569E+12
2025-07,WH-YOG01,LOT-0617,213333.3333,89578666667
2025-07,WH-YOG01,LOT-0476,2698666.667,9.59106E+11
2025-07,WH-YOG01,LOT-0924,1616000,4.20968E+11
2025-07,WH-YOG01,LOT-1187,2388000,1.42301E+12
2025-07,WH-YOG01,LOT-0852,400000,84200000000
2025-07,WH-YOG01,LOT-1034,256000,26188800000
2025-07,WH-YOG01,LOT-0812,87000,22733100000
2025-07,WH-YOG01,LOT-1107,478000,2.08934E+11
2025-07,WH-YOG01,LOT-0058,104000,15579200000
2025-07,WH-YOG01,LOT-0067,728000,98280000000
2025-07,WH-YOG01,LOT-1131,576000,3.04243E+11
2025-07,WH-YOG01,LOT-0643,4106666.667,1.19052E+12
2025-07,WH-YOG01,LOT-0289,1041000,3.32391E+11
2025-07,WH-YOG01,LOT-1166,84000,2847600000
2025-07,WH-YOG01,LOT-0575,240000,75840000000
2025-07,WH-YOG01,LOT-1194,1349333.333,3.65265E+11
2025-07,WH-YOG01,LOT-0103,61333.33333,3526666667
2025-07,WH-YOG01,LOT-0314,360000,1.28808E+11
2025-07,WH-YOG01,LOT-0184,123333.3333,24481666667
2025-07,WH-YOG01,LOT-0998,1288000,3.12211E+11
2025-07,WH-YOG01,LOT-0898,1920000,3.024E+11
2025-07,WH-YOG01,LOT-0586,1244000,5.55819E+11
2025-07,WH-YOG01,LOT-0954,1782000,4.56727E+11
2025-07,WH-YOG01,LOT-0540,456000,42772800000
2025-07,WH-YOG01,LOT-0386,77000,23423400000
2025-07,WH-YOG01,LOT-0077,541333.3333,3.15489E+11
2025-07,WH-YOG01,LOT-0619,528000,1.90714E+11
2025-07,WH-YOG01,LOT-0653,1422000,1.23572E+11
2025-07,WH-YOG01,LOT-0120,45000,2281500000
2025-08,WH-JKT01,LOT-0307,704000,1.69453E+11
2025-08,WH-JKT01,LOT-0296,1728000,3.02918E+11
2025-08,WH-JKT01,LOT-0232,4020000,1.22208E+12
2025-08,WH-JKT01,LOT-0770,178000,12691400000
2025-08,WH-JKT01,LOT-0361,218000,84998200000
2025-08,WH-JKT01,LOT-0772,952000,2.41903E+11
2025-08,WH-JKT01,LOT-0657,2101333.333,2.10133E+11
2025-08,WH-JKT01,LOT-0534,288000,27619200000
2025-08,WH-JKT01,LOT-0784,185333.3333,10786400000
2025-08,WH-JKT01,LOT-0394,317333.3333,21705600000
2025-08,WH-JKT01,LOT-0400,453333.3333,26973333333
2025-08,WH-JKT01,LOT-0004,2664000,3.21012E+11
2025-08,WH-JKT01,LOT-1106,164000,59712400000
2025-08,WH-JKT01,LOT-0401,124000,61776800000
2025-08,WH-JKT01,LOT-0415,3120000,1.79057E+12
2025-08,WH-JKT01,LOT-0594,399000,1.56049E+11
2025-08,WH-JKT01,LOT-0603,93000,17623500000
2025-08,WH-JKT01,LOT-0619,560000,1.99248E+11
2025-08,WH-JKT01,LOT-0907,454000,1.28845E+11
2025-08,WH-JKT01,LOT-0038,558000,1.4575E+11
2025-08,WH-JKT01,LOT-0625,280000,98812000000
2025-08,WH-JKT01,LOT-1029,48000,22152000000
2025-08,WH-JKT01,LOT-1063,1212000,1.91254E+11
2025-08,WH-JKT01,LOT-1023,917333.3333,4.38761E+11
2025-08,WH-JKT01,LOT-1042,373333.3333,23482666667
2025-08,WH-JKT01,LOT-1189,652000,3.92113E+11
2025-08,WH-JKT01,LOT-0678,4149333.333,2.07716E+12
2025-08,WH-JKT01,LOT-0025,116333.3333,30269933333
2025-08,WH-JKT01,LOT-0555,1624000,1.83999E+11
2025-08,WH-JKT01,LOT-0952,698666.6667,2.12185E+11
2025-08,WH-JKT01,LOT-0043,1036000,2.45946E+11
2025-08,WH-JKT01,LOT-0341,2184000,8.55473E+11
2025-08,WH-JKT01,LOT-0022,990000,2.8908E+11
2025-08,WH-JKT01,LOT-0767,2037333.333,1.73988E+11
2025-08,WH-JKT01,LOT-0774,3530666.667,8.50891E+11
2025-08,WH-JKT01,LOT-1040,1254000,1.47972E+11
2025-08,WH-JKT01,LOT-0716,772000,2.78615E+11
2025-08,WH-JKT01,LOT-0147,4842666.667,1.26684E+12
2025-08,WH-JKT01,LOT-0642,464000,1.25744E+11
2025-08,WH-JKT01,LOT-0389,194000,49916200000
2025-08,WH-JKT01,LOT-0918,154000,25533200000
2025-08,WH-JKT01,LOT-1018,456000,2.51894E+11
2025-08,WH-JKT01,LOT-0528,256000,71091200000
2025-08,WH-JKT01,LOT-0373,32666.66667,10508866667
2025-08,WH-JKT01,LOT-0814,238666.6667,61576000000
2025-08,WH-JKT01,LOT-0875,2400000,9.108E+11
2025-08,WH-JKT01,LOT-0429,357333.3333,51956266667
2025-08,WH-JKT01,LOT-0328,165333.3333,19327466667
2025-08,WH-JKT01,LOT-0649,674666.6667,2.08607E+11
2025-08,WH-JKT01,LOT-0849,2360000,8.22696E+11
2025-08,WH-JKT01,LOT-0478,484000,1.95633E+11
2025-08,WH-JKT01,LOT-0549,136000,33768800000
2025-08,WH-JKT01,LOT-0379,5104000,1.80733E+12
2025-08,WH-JKT01,LOT-0927,788000,2.03304E+11
2025-08,WH-JKT01,LOT-1020,317000,1.67693E+11
2025-08,WH-JKT01,LOT-0972,318000,1.24688E+11
2025-08,WH-JKT01,LOT-0654,1909333.333,1.78714E+11
2025-08,WH-JKT01,LOT-0350,676000,2.46875E+11
2025-08,WH-JKT01,LOT-0735,2896000,1.53343E+12
2025-08,WH-JKT01,LOT-1162,1016000,35153600000
2025-08,WH-JKT01,LOT-0315,153000,50459400000
2025-08,WH-JKT01,LOT-0036,452000,1.16164E+11
2025-08,WH-JKT01,LOT-0857,60000,14484000000
2025-08,WH-JKT01,LOT-0165,4632000,2.12609E+11
2025-08,WH-JKT01,LOT-0818,8000,2063200000
2025-08,WH-JKT01,LOT-1112,1098000,4.72689E+11
2025-08,WH-JKT01,LOT-0172,387000,2.0453E+11
2025-08,WH-JKT01,LOT-0291,796500,1.30228E+11
2025-08,WH-JKT01,LOT-0275,1242000,4.11226E+11
2025-08,WH-JKT01,LOT-0057,108000,15346800000
2025-08,WH-JKT01,LOT-0756,1312000,4.02522E+11
2025-08,WH-JKT01,LOT-1173,64000,8217600000
2025-08,WH-JKT01,LOT-0323,2208000,2.93222E+11
2025-08,WH-JKT01,LOT-0310,1525333.333,3.70656E+11
2025-08,WH-JKT01,LOT-0586,372000,1.74728E+11
2025-08,WH-JKT01,LOT-0240,232000,74193600000
2025-08,WH-JKT01,LOT-0661,1920000,3.39456E+11
2025-08,WH-JKT01,LOT-0841,2352000,8.18966E+11
2025-08,WH-JKT01,LOT-0448,576000,52128000000
2025-08,WH-JKT01,LOT-0087,277333.3333,30257066667
2025-08,WH-JKT01,LOT-0311,226000,73630800000
2025-08,WH-JKT01,LOT-0651,2868000,2.81351E+11
2025-08,WH-JKT01,LOT-0647,1032000,3.14141E+11
2025-08,WH-JKT01,LOT-1192,190000,57684000000
2025-08,WH-JKT01,LOT-0824,110000,10384000000
2025-08,WH-JKT01,LOT-0477,1566000,6.01187E+11
2025-08,WH-JKT01,LOT-0893,1616000,2.72134E+11
2025-08,WH-JKT01,LOT-0501,436000,27642400000
2025-08,WH-JKT01,LOT-0949,252000,1.35198E+11
2025-08,WH-JKT01,LOT-0316,1548000,4.9505E+11
2025-08,WH-JKT01,LOT-0837,177000,41683500000
2025-08,WH-JKT01,LOT-0353,437333.3333,56547200000
2025-08,WH-JKT01,LOT-0608,1167000,2.26281E+11
2025-08,WH-JKT01,LOT-0369,633000,2.19714E+11
2025-08,WH-JKT01,LOT-0088,316000,31378800000
2025-08,WH-JKT01,LOT-0884,1210666.667,5.74461E+11
2025-08,WH-JKT01,LOT-0773,480000,1.05696E+11
2025-08,WH-JKT01,LOT-0156,229333.3333,1.10378E+11
2025-08,WH-SBY01,LOT-0322,286666.6667,34858666667
2025-08,WH-SBY01,LOT-0412,1216000,7.10387E+11
2025-08,WH-SBY01,LOT-0463,360000,1.21536E+11
2025-08,WH-SBY01,LOT-0313,540000,1.77606E+11
2025-08,WH-SBY01,LOT-0204,760000,3.33412E+11
2025-08,WH-SBY01,LOT-1108,370666.6667,1.3533E+11
2025-08,WH-SBY01,LOT-1041,265333.3333,17591600000
2025-08,WH-SBY01,LOT-0459,1824000,1.02965E+12
2025-08,WH-SBY01,LOT-0716,373333.3333,1.4E+11
2025-08,WH-SBY01,LOT-0383,20000,5950000000
2025-08,WH-SBY01,LOT-0945,180000,1.0188E+11
2025-08,WH-SBY01,LOT-0130,134000,16254200000
2025-08,WH-SBY01,LOT-1083,10000,4183000000
2025-08,WH-SBY01,LOT-0977,368000,1.39214E+11
2025-08,WH-SBY01,LOT-0667,31500,5562900000
2025-08,WH-SBY01,LOT-0041,76000,20041200000
2025-08,WH-SBY01,LOT-0832,66666.66667,14933333333
2025-08,WH-SBY01,LOT-0988,612000,2.32193E+11
2025-08,WH-SBY01,LOT-1010,432000,61214400000
2025-08,WH-SBY01,LOT-0790,283000,14291500000
2025-08,WH-SBY01,LOT-0195,556000,3.29541E+11
2025-08,WH-SBY01,LOT-0089,250666.6667,27272533333
2025-08,WH-SBY01,LOT-0866,2394000,1.14744E+12
2025-08,WH-SBY01,LOT-0759,289000,1.05803E+11
2025-08,WH-SBY01,LOT-1192,198666.6667,56898133333
2025-08,WH-SBY01,LOT-0343,920000,3.8502E+11
2025-08,WH-SBY01,LOT-0013,461333.3333,21821066667
2025-08,WH-SBY01,LOT-1103,692000,2.93685E+11
2025-08,WH-SBY01,LOT-1071,1530666.667,2.58223E+11
2025-08,WH-SBY01,LOT-0206,2472000,1.11932E+12
2025-08,WH-SBY01,LOT-0546,370666.6667,99116266667
2025-08,WH-SBY01,LOT-0507,385000,28682500000
2025-08,WH-SBY01,LOT-0154,96000,47846400000
2025-08,WH-SBY01,LOT-0261,126000,49114800000
2025-08,WH-SBY01,LOT-0957,1398000,4.14227E+11
2025-08,WH-SBY01,LOT-0911,88000,12628000000
2025-08,WH-SBY01,LOT-0840,113000,23402300000
2025-08,WH-SBY01,LOT-0240,724000,2.22413E+11
2025-08,WH-SBY01,LOT-0944,262666.6667,1.49142E+11
2025-08,WH-SBY01,LOT-1031,513000,58635900000
2025-08,WH-SBY01,LOT-0227,2480000,1.10583E+12
2025-08,WH-SBY01,LOT-0722,145333.3333,37336133333
2025-08,WH-SBY01,LOT-0859,752000,1.68824E+11
2025-08,WH-SBY01,LOT-1187,54000,29808000000
2025-08,WH-SBY01,LOT-1093,3176000,2.75359E+11
2025-08,WH-SBY01,LOT-0506,3664000,2.71869E+11
2025-08,WH-SBY01,LOT-1109,172500,73640250000
2025-08,WH-SBY01,LOT-0613,620000,2.34546E+11
2025-08,WH-SBY01,LOT-0717,197333.3333,70112533333
2025-08,WH-SBY01,LOT-1019,4728000,2.44201E+12
2025-08,WH-SBY01,LOT-0365,1496000,6.05431E+11
2025-08,WH-SBY01,LOT-0035,1356000,3.25847E+11
2025-08,WH-SBY01,LOT-0309,1968000,4.25482E+11
2025-08,WH-SBY01,LOT-0801,167000,73429900000
2025-08,WH-SBY01,LOT-0772,80000,18080000000
2025-08,WH-SBY01,LOT-0755,778000,2.47404E+11
2025-08,WH-SBY01,LOT-0818,585000,1.79771E+11
2025-08,WH-SBY01,LOT-1094,178666.6667,13828800000
2025-08,WH-SBY01,LOT-0788,381333.3333,22460533333
2025-08,WH-SBY01,LOT-0350,80000,34440000000
2025-08,WH-SBY01,LOT-0725,44666.66667,11783066667
2025-08,WH-SBY01,LOT-1178,3708000,5.46188E+11
2025-08,WH-SBY01,LOT-0193,206000,1.13712E+11
2025-08,WH-SBY01,LOT-0284,230000,65274000000
2025-08,WH-SBY01,LOT-0663,73666.66667,14166100000
2025-08,WH-SBY01,LOT-0918,140000,23702000000
2025-08,WH-SBY01,LOT-0419,392000,1.98666E+11
2025-08,WH-SBY01,LOT-0631,96000,21235200000
2025-08,WH-SBY01,LOT-1039,736000,75881600000
2025-08,WH-SBY01,LOT-1159,1086000,6.24016E+11
2025-08,WH-SBY01,LOT-0333,1216000,1.4823E+11
2025-08,WH-SBY01,LOT-0704,450000,2.04615E+11
2025-08,WH-SBY01,LOT-0668,2368000,4.75258E+11
2025-08,WH-SBY01,LOT-0458,528000,3.23294E+11
2025-08,WH-SBY01,LOT-0559,776000,86912000000
2025-08,WH-SBY01,LOT-0892,12000,1880400000
2025-08,WH-SBY01,LOT-0019,115000,5957000000
2025-08,WH-SBY01,LOT-0611,1792000,7.10886E+11
2025-08,WH-SBY01,LOT-0280,690000,2.59578E+11
2025-08,WH-SBY01,LOT-0047,822000,1.97527E+11
2025-08,WH-SBY01,LOT-0912,2666666.667,4.58667E+11
2025-08,WH-SBY01,LOT-0550,1280000,3.2256E+11
2025-08,WH-SBY01,LOT-0974,236666.6667,1.0321E+11
2025-08,WH-SBY01,LOT-0293,260000,46384000000
2025-08,WH-SBY01,LOT-0844,156000,50746800000
2025-08,WH-SBY01,LOT-0867,122666.6667,57150400000
2025-08,WH-SBY01,LOT-0624,123000,45669900000
2025-08,WH-SBY01,LOT-0129,1760000,1.79696E+11
2025-08,WH-SBY01,LOT-0897,368000,65688000000
2025-08,WH-SBY01,LOT-1176,912000,1.18742E+11
2025-08,WH-SBY01,LOT-0812,366000,97795200000
2025-08,WH-SBY01,LOT-0993,270000,66582000000
2025-08,WH-SBY01,LOT-0045,1240000,2.70196E+11
2025-08,WH-SBY01,LOT-1152,3072000,1.63369E+12
2025-08,WH-SBY01,LOT-0008,280000,38220000000
2025-08,WH-SBY01,LOT-1134,306000,1.79438E+11
2025-08,WH-SBY01,LOT-0937,78000,48399000000
2025-08,WH-SBY01,LOT-0629,164000,57104800000
2025-08,WH-SBY01,LOT-1020,442666.6667,2.12347E+11
2025-08,WH-SBY01,LOT-0523,1936000,5.89706E+11
2025-08,WH-SBY01,LOT-1146,222000,62892600000
2025-08,WH-SBY01,LOT-0721,372000,1.09554E+11
2025-08,WH-SBY01,LOT-1170,2274000,73677600000
2025-08,WH-SBY01,LOT-0583,1456000,6.8432E+11
2025-08,WH-SBY01,LOT-0831,1968000,4.67203E+11
2025-08,WH-SBY01,LOT-0565,288000,1.09094E+11
2025-08,WH-SBY01,LOT-0155,129333.3333,67783600000
2025-08,WH-SBY01,LOT-1043,2576000,1.66152E+11
2025-08,WH-SBY01,LOT-0397,970666.6667,58822400000
2025-08,WH-SBY01,LOT-1033,165000,16945500000
2025-08,WH-SBY01,LOT-0620,170666.6667,72089600000
2025-08,WH-SBY01,LOT-0231,688000,2.01515E+11
2025-08,WH-BDG01,LOT-0173,82666.66667,48128533333
2025-08,WH-BDG01,LOT-0919,598000,96577000000
2025-08,WH-BDG01,LOT-0137,114000,27930000000
2025-08,WH-BDG01,LOT-0113,165333.3333,7820266667
2025-08,WH-BDG01,LOT-0689,2472000,6.53102E+11
2025-08,WH-BDG01,LOT-0107,1000000,51000000000
2025-08,WH-BDG01,LOT-1084,34666.66667,15149333333
2025-08,WH-BDG01,LOT-0097,496000,2.30442E+11
2025-08,WH-BDG01,LOT-0744,1893333.333,4.67653E+11
2025-08,WH-BDG01,LOT-0632,469333.3333,97480533333
2025-08,WH-BDG01,LOT-0190,64000,13977600000
2025-08,WH-BDG01,LOT-0530,107000,33758500000
2025-08,WH-BDG01,LOT-0918,816000,1.40515E+11
2025-08,WH-BDG01,LOT-0931,736000,4.32106E+11
2025-08,WH-BDG01,LOT-0630,816000,2.86661E+11
2025-08,WH-BDG01,LOT-0552,89333.33333,11497200000
2025-08,WH-BDG01,LOT-0966,471000,2.12374E+11
2025-08,WH-BDG01,LOT-0472,232000,89157600000
2025-08,WH-BDG01,LOT-0750,956000,2.30109E+11
2025-08,WH-BDG01,LOT-0440,305333.3333,1.11233E+11
2025-08,WH-BDG01,LOT-0731,388000,2.34274E+11
2025-08,WH-BDG01,LOT-0290,1536000,4.34688E+11
2025-08,WH-BDG01,LOT-0610,1962666.667,3.61523E+11
2025-08,WH-BDG01,LOT-0898,3128000,5.10177E+11
2025-08,WH-BDG01,LOT-0606,3240000,6.17868E+11
2025-08,WH-BDG01,LOT-0230,616000,2.56502E+11
2025-08,WH-BDG01,LOT-0945,312000,1.55314E+11
2025-08,WH-BDG01,LOT-0244,1544000,46320000000
2025-08,WH-BDG01,LOT-0730,758000,2.18531E+11
2025-08,WH-BDG01,LOT-1190,2744000,1.62143E+12
2025-08,WH-BDG01,LOT-0615,874666.6667,3.59663E+11
2025-08,WH-BDG01,LOT-1170,300000,9840000000
2025-08,WH-BDG01,LOT-0941,749333.3333,3.83059E+11
2025-08,WH-BDG01,LOT-0409,1685333.333,8.60531E+11
2025-08,WH-BDG01,LOT-0533,2517333.333,2.74893E+11
2025-08,WH-BDG01,LOT-0593,1285333.333,4.36242E+11
2025-08,WH-BDG01,LOT-0417,1384000,7.94554E+11
2025-08,WH-BDG01,LOT-0076,825000,4.3758E+11
2025-08,WH-BDG01,LOT-0683,741333.3333,2.10983E+11
2025-08,WH-BDG01,LOT-0474,146666.6667,58402666667
2025-08,WH-BDG01,LOT-1001,73333.33333,11381333333
2025-08,WH-BDG01,LOT-1046,1050666.667,78589866667
2025-08,WH-BDG01,LOT-1095,1088000,1.02707E+11
2025-08,WH-BDG01,LOT-0063,1632000,1.83437E+11
2025-08,WH-BDG01,LOT-0456,130666.6667,76727466667
2025-08,WH-BDG01,LOT-0400,993000,58686300000
2025-08,WH-BDG01,LOT-0256,733333.3333,1.31047E+11
2025-08,WH-BDG01,LOT-1086,780000,3.33996E+11
2025-08,WH-BDG01,LOT-0446,4464000,4.08902E+11
2025-08,WH-BDG01,LOT-0863,138000,71428800000
2025-08,WH-BDG01,LOT-0171,1690666.667,1.06056E+12
2025-08,WH-BDG01,LOT-0141,341333.3333,91272533333
2025-08,WH-BDG01,LOT-0412,135000,70132500000
2025-08,WH-BDG01,LOT-0491,708000,65631600000
2025-08,WH-BDG01,LOT-1068,32000,5779200000
2025-08,WH-BDG01,LOT-0374,856000,3.1672E+11
2025-08,WH-BDG01,LOT-0875,497333.3333,2.06294E+11
2025-08,WH-BDG01,LOT-0077,270000,1.60029E+11
2025-08,WH-BDG01,LOT-1051,154666.6667,19998400000
2025-08,WH-BDG01,LOT-0972,29000,11602900000
2025-08,WH-BDG01,LOT-1037,426666.6667,48426666667
2025-08,WH-BDG01,LOT-1096,666000,62004600000
2025-08,WH-BDG01,LOT-0359,1621333.333,1.79319E+11
2025-08,WH-BDG01,LOT-1141,1568000,3.8369E+11
2025-08,WH-BDG01,LOT-0140,454666.6667,1.02891E+11
2025-08,WH-BDG01,LOT-0723,263000,75822900000
2025-08,WH-BDG01,LOT-0357,20000,2482000000
2025-08,WH-BDG01,LOT-0983,242000,99631400000
2025-08,WH-BDG01,LOT-1113,58666.66667,24440533333
2025-08,WH-BDG01,LOT-0974,2082000,8.23639E+11
2025-08,WH-BDG01,LOT-0403,276000,1.34522E+11
2025-08,WH-BDG01,LOT-0020,15000,750000000
2025-08,WH-BDG01,LOT-0585,178666.6667,76397866667
2025-08,WH-BDG01,LOT-1137,85333.33333,48657066667
2025-08,WH-BDG01,LOT-0891,360000,52452000000
2025-08,WH-BDG01,LOT-0377,1108000,3.65529E+11
2025-08,WH-BDG01,LOT-0648,397333.3333,1.23968E+11
2025-08,WH-BDG01,LOT-0129,1296000,1.36339E+11
2025-08,WH-BDG01,LOT-0642,221333.3333,60667466667
2025-08,WH-BDG01,LOT-0372,344000,1.29E+11
2025-08,WH-BDG01,LOT-0251,69333.33333,12577066667
2025-08,WH-BDG01,LOT-0912,358000,57172600000
2025-08,WH-BDG01,LOT-0627,1668000,6.53356E+11
2025-08,WH-BDG01,LOT-0837,698666.6667,1.67261E+11
2025-08,WH-BDG01,LOT-0670,17333.33333,3142533333
2025-08,WH-BDG01,LOT-0436,96000,40579200000
2025-08,WH-BDG01,LOT-0671,948000,4.83101E+11
2025-08,WH-BDG01,LOT-0464,2570666.667,7.44722E+11
2025-08,WH-BDG01,LOT-0989,160000,65168000000
2025-08,WH-BDG01,LOT-1049,240666.6667,17737133333
2025-08,WH-BDG01,LOT-0103,1104000,59726400000
2025-08,WH-BDG01,LOT-0208,530666.6667,2.41294E+11
2025-08,WH-BDG01,LOT-1157,76000,46398000000
2025-08,WH-BDG01,LOT-0220,360000,80424000000
2025-08,WH-BDG01,LOT-0871,244000,99869200000
2025-08,WH-BDG01,LOT-0980,1244000,5.01083E+11
2025-08,WH-BDG01,LOT-0386,693333.3333,1.82416E+11
2025-08,WH-BDG01,LOT-0600,512000,2.05773E+11
2025-08,WH-BDG01,LOT-0572,70000,21434000000
2025-08,WH-BDG01,LOT-0782,216666.6667,11331666667
2025-08,WH-BDG01,LOT-1017,760500,4.33941E+11
2025-08,WH-BDG01,LOT-0180,2074666.667,1.26555E+12
2025-08,WH-BDG01,LOT-0982,900000,3.0861E+11
2025-08,WH-BDG01,LOT-0907,658000,2.02796E+11
2025-08,WH-BDG01,LOT-0776,940000,2.39324E+11
2025-08,WH-BDG01,LOT-0333,130666.6667,15235733333
2025-08,WH-BDG01,LOT-0815,808000,2.44986E+11
2025-08,WH-BDG01,LOT-0134,254000,60909200000
2025-08,WH-BDG01,LOT-0636,1573333.333,3.33547E+11
2025-08,WH-BDG01,LOT-0460,121333.3333,72156933333
2025-08,WH-BDG01,LOT-0430,42666.66667,5644800000
2025-08,WH-BDG01,LOT-0812,1632000,4.38845E+11
2025-08,WH-BDG01,LOT-0280,1584000,5.74675E+11
2025-08,WH-BDG01,LOT-1179,2736000,3.40632E+11
2025-08,WH-BDG01,LOT-0527,706666.6667,2.34119E+11
2025-08,WH-BDG01,LOT-0771,82000,20114600000
2025-08,WH-BDG01,LOT-0881,714000,3.01808E+11
2025-08,WH-BDG01,LOT-0537,86000,8737600000
2025-08,WH-BDG01,LOT-0700,293333.3333,59106666667
2025-08,WH-SMG01,LOT-0840,5408000,1.30279E+12
2025-08,WH-SMG01,LOT-0010,4272000,5.3101E+11
2025-08,WH-SMG01,LOT-0703,744000,3.30857E+11
2025-08,WH-SMG01,LOT-0511,800000,2.0688E+11
2025-08,WH-SMG01,LOT-0605,2115000,3.44534E+11
2025-08,WH-SMG01,LOT-0363,266000,90599600000
2025-08,WH-SMG01,LOT-1068,744000,1.14725E+11
2025-08,WH-SMG01,LOT-0169,66000,3346200000
2025-08,WH-SMG01,LOT-0774,558000,1.50046E+11
2025-08,WH-SMG01,LOT-0523,1647000,4.69724E+11
2025-08,WH-SMG01,LOT-0526,5296000,1.74185E+12
2025-08,WH-SMG01,LOT-0141,170666.6667,39816533333
2025-08,WH-SMG01,LOT-0845,70000,22568000000
2025-08,WH-SMG01,LOT-0157,244000,1.19414E+11
2025-08,WH-SMG01,LOT-0072,240000,1.46064E+11
2025-08,WH-SMG01,LOT-0215,370666.6667,80026933333
2025-08,WH-SMG01,LOT-0946,368000,2.16715E+11
2025-08,WH-SMG01,LOT-0663,124000,25519200000
2025-08,WH-SMG01,LOT-0420,317000,1.55932E+11
2025-08,WH-SMG01,LOT-0686,2712000,6.8695E+11
2025-08,WH-SMG01,LOT-1097,723000,57044700000
2025-08,WH-SMG01,LOT-0614,378666.6667,1.53209E+11
2025-08,WH-SMG01,LOT-0839,152000,31281600000
2025-08,WH-SMG01,LOT-0544,1468000,3.81533E+11
2025-08,WH-SMG01,LOT-0088,1432000,1.58093E+11
2025-08,WH-SMG01,LOT-0765,547500,40624500000
2025-08,WH-SMG01,LOT-0255,441000,74043900000
2025-08,WH-SMG01,LOT-0077,286000,1.54097E+11
2025-08,WH-SMG01,LOT-0387,127000,38138100000
2025-08,WH-SMG01,LOT-1148,334000,81462600000
2025-08,WH-SMG01,LOT-1120,646000,2.53749E+11
2025-08,WH-SMG01,LOT-0003,1280000,1.62304E+11
2025-08,WH-SMG01,LOT-0278,1316000,5.07976E+11
2025-08,WH-SMG01,LOT-1005,52000,8632000000
2025-08,WH-SMG01,LOT-0439,1132000,4.85288E+11
2025-08,WH-SMG01,LOT-0017,28500,1379400000
2025-08,WH-SMG01,LOT-0541,3048000,7.70839E+11
2025-08,WH-SMG01,LOT-0293,164000,30143200000
2025-08,WH-SMG01,LOT-0997,360000,91728000000
2025-08,WH-SMG01,LOT-0860,3189333.333,7.18876E+11
2025-08,WH-SMG01,LOT-0428,392000,52763200000
2025-08,WH-SMG01,LOT-0865,240000,1.34856E+11
2025-08,WH-SMG01,LOT-0276,157000,59063400000
2025-08,WH-SMG01,LOT-1043,528000,35006400000
2025-08,WH-SMG01,LOT-0210,186666.6667,86146666667
2025-08,WH-SMG01,LOT-0540,720000,74736000000
2025-08,WH-SMG01,LOT-0531,684000,64159200000
2025-08,WH-SMG01,LOT-0555,149333.3333,16665600000
2025-08,WH-SMG01,LOT-0929,1292000,3.07884E+11
2025-08,WH-SMG01,LOT-0238,1236000,3.47934E+11
2025-08,WH-SMG01,LOT-1084,1461333.333,6.25305E+11
2025-08,WH-SMG01,LOT-1186,714000,3.79634E+11
2025-08,WH-SMG01,LOT-0471,90000,33597000000
2025-08,WH-SMG01,LOT-0650,162000,46315800000
2025-08,WH-SMG01,LOT-0433,2808000,1.14398E+12
2025-08,WH-SMG01,LOT-0045,242666.6667,52877066667
2025-08,WH-SMG01,LOT-1179,656000,93676800000
2025-08,WH-SMG01,LOT-0844,112000,37654400000
2025-08,WH-SMG01,LOT-1178,672000,88569600000
2025-08,WH-SMG01,LOT-0092,1953000,8.87443E+11
2025-08,WH-SMG01,LOT-0857,106666.6667,24885333333
2025-08,WH-SMG01,LOT-1015,52500,26712000000
2025-08,WH-SMG01,LOT-0824,4528000,4.02539E+11
2025-08,WH-SMG01,LOT-0533,13333.33333,1297333333
2025-08,WH-SMG01,LOT-0008,1322666.667,1.7856E+11
2025-08,WH-SMG01,LOT-1167,240000,7440000000
2025-08,WH-SMG01,LOT-0356,688000,76643200000
2025-08,WH-SMG01,LOT-0355,1050000,1.35555E+11
2025-08,WH-SMG01,LOT-1036,390666.6667,48091066667
2025-08,WH-SMG01,LOT-1099,24000,2181600000
2025-08,WH-SMG01,LOT-0570,613333.3333,2.47051E+11
2025-08,WH-SMG01,LOT-0931,50000,26595000000
2025-08,WH-SMG01,LOT-0553,44000,5526400000
2025-08,WH-SMG01,LOT-0656,122666.6667,10598400000
2025-08,WH-SMG01,LOT-0719,80000,29432000000
2025-08,WH-SMG01,LOT-0230,1061333.333,4.94794E+11
2025-08,WH-SMG01,LOT-0486,4620000,9.72048E+11
2025-08,WH-SMG01,LOT-0674,57333.33333,32118133333
2025-08,WH-SMG01,LOT-1102,688000,2.53253E+11
2025-08,WH-SMG01,LOT-0930,528000,1.2503E+11
2025-08,WH-SMG01,LOT-0279,67000,22820200000
2025-08,WH-SMG01,LOT-1006,3312000,5.52442E+11
2025-08,WH-SMG01,LOT-0253,770000,1.34827E+11
2025-08,WH-SMG01,LOT-0545,744000,2.05418E+11
2025-08,WH-SMG01,LOT-0403,244000,1.16412E+11
2025-08,WH-SMG01,LOT-0044,760000,1.94484E+11
2025-08,WH-SMG01,LOT-0871,80000,32504000000
2025-08,WH-SMG01,LOT-1133,24000,12782400000
2025-08,WH-SMG01,LOT-1147,107333.3333,27209000000
2025-08,WH-SMG01,LOT-0246,64000,2073600000
2025-08,WH-SMG01,LOT-0217,632000,1.60402E+11
2025-08,WH-SMG01,LOT-0786,2096000,1.08782E+11
2025-08,WH-SMG01,LOT-0416,576000,2.93184E+11
2025-08,WH-SMG01,LOT-0625,208000,70096000000
2025-08,WH-SMG01,LOT-0427,277333.3333,35970133333
2025-08,WH-SMG01,LOT-1032,1920000,2.00832E+11
2025-08,WH-SMG01,LOT-1071,610000,1.03639E+11
2025-08,WH-SMG01,LOT-0134,62666.66667,13648800000
2025-08,WH-SMG01,LOT-1039,2026666.667,2.47051E+11
2025-08,WH-SMG01,LOT-1011,345000,1.87646E+11
2025-08,WH-SMG01,LOT-0421,808000,1.111E+11
2025-08,WH-SMG01,LOT-1124,3072000,1.57102E+12
2025-08,WH-SMG01,LOT-0963,1111500,5.28296E+11
2025-08,WH-SMG01,LOT-0908,394000,1.13511E+11
2025-08,WH-BKS01,LOT-0375,825000,2.89905E+11
2025-08,WH-BKS01,LOT-0862,290000,1.45551E+11
2025-08,WH-BKS01,LOT-0724,320000,95648000000
2025-08,WH-BKS01,LOT-0647,96000,25276800000
2025-08,WH-BKS01,LOT-0194,180000,93384000000
2025-08,WH-BKS01,LOT-0461,251333.3333,77460933333
2025-08,WH-BKS01,LOT-0268,2310000,9.2862E+11
2025-08,WH-BKS01,LOT-0964,24000,10243200000
2025-08,WH-BKS01,LOT-0838,346000,70895400000
2025-08,WH-BKS01,LOT-0162,666000,34698600000
2025-08,WH-BKS01,LOT-0954,12000,3042000000
2025-08,WH-BKS01,LOT-0615,18666.66667,7237066667
2025-08,WH-BKS01,LOT-1142,1576000,3.99831E+11
2025-08,WH-BKS01,LOT-0050,1848000,4.6699E+11
2025-08,WH-BKS01,LOT-0275,1688000,5.92319E+11
2025-08,WH-BKS01,LOT-0554,821333.3333,91660800000
2025-08,WH-BKS01,LOT-0707,18666.66667,7907200000
2025-08,WH-BKS01,LOT-0736,722666.6667,4.14666E+11
2025-08,WH-BKS01,LOT-1197,2360000,7.38444E+11
2025-08,WH-BKS01,LOT-1107,268000,1.01116E+11
2025-08,WH-BKS01,LOT-0719,212000,88404000000
2025-08,WH-BKS01,LOT-0230,21333.33333,9973333333
2025-08,WH-BKS01,LOT-0783,312000,16473600000
2025-08,WH-BKS01,LOT-0076,3120000,1.81584E+12
2025-08,WH-BKS01,LOT-0270,437333.3333,2.0266E+11
2025-08,WH-BKS01,LOT-0217,152000,37513600000
2025-08,WH-BKS01,LOT-0218,324000,83980800000
2025-08,WH-BKS01,LOT-1178,768000,1.10822E+11
2025-08,WH-BKS01,LOT-0227,2094000,9.69313E+11
2025-08,WH-BKS01,LOT-0655,6400000,6.0544E+11
2025-08,WH-BKS01,LOT-1100,480000,43104000000
2025-08,WH-BKS01,LOT-1191,2568000,6.57408E+11
2025-08,WH-BKS01,LOT-0187,27000,5899500000
2025-08,WH-BKS01,LOT-0350,1520000,5.77296E+11
2025-08,WH-BKS01,LOT-0881,4528000,2.34369E+12
2025-08,WH-BKS01,LOT-0829,188000,17954000000
2025-08,WH-BKS01,LOT-0585,380000,1.73736E+11
2025-08,WH-BKS01,LOT-1098,730666.6667,61010666667
2025-08,WH-BKS01,LOT-0848,37500,11193750000
2025-08,WH-BKS01,LOT-0523,413333.3333,1.34416E+11
2025-08,WH-BKS01,LOT-0981,918000,3.45535E+11
2025-08,WH-BKS01,LOT-1139,946666.6667,4.78919E+11
2025-08,WH-BKS01,LOT-0877,2421333.333,9.09695E+11
2025-08,WH-BKS01,LOT-1053,108000,14720400000
2025-08,WH-BKS01,LOT-0863,1040000,5.80112E+11
2025-08,WH-BKS01,LOT-0260,188000,36622400000
2025-08,WH-BKS01,LOT-0439,725333.3333,3.06743E+11
2025-08,WH-BKS01,LOT-0950,1002000,5.01301E+11
2025-08,WH-BKS01,LOT-0777,209333.3333,52103066667
2025-08,WH-BKS01,LOT-0121,873000,1.03625E+11
2025-08,WH-BKS01,LOT-0020,1384000,65740000000
2025-08,WH-BKS01,LOT-1025,1572000,8.03764E+11
2025-08,WH-BKS01,LOT-1077,244500,40440300000
2025-08,WH-BKS01,LOT-0552,56000,6361600000
2025-08,WH-BKS01,LOT-0639,276000,66681600000
2025-08,WH-BKS01,LOT-0935,1035000,5.28471E+11
2025-08,WH-BKS01,LOT-0531,760000,71744000000
2025-08,WH-BKS01,LOT-0049,526666.6667,1.19659E+11
2025-08,WH-BKS01,LOT-1047,576000,39225600000
2025-08,WH-BKS01,LOT-0473,466000,1.68319E+11
2025-08,WH-BKS01,LOT-0898,1345500,2.23488E+11
2025-08,WH-BKS01,LOT-0182,177333.3333,36654800000
2025-08,WH-BKS01,LOT-1157,1460000,7.80662E+11
2025-08,WH-BKS01,LOT-0225,1696000,7.68627E+11
2025-08,WH-BKS01,LOT-1172,106666.6667,15040000000
2025-08,WH-BKS01,LOT-0067,565333.3333,62865066667
2025-08,WH-BKS01,LOT-1005,450000,67500000000
2025-08,WH-BKS01,LOT-0598,167000,66081900000
2025-08,WH-BKS01,LOT-1162,152000,5426400000
2025-08,WH-BKS01,LOT-0176,4496000,2.77943E+12
2025-08,WH-BKS01,LOT-0896,952000,1.5489E+11
2025-08,WH-BKS01,LOT-0616,200000,79220000000
2025-08,WH-BKS01,LOT-0090,2403000,2.57361E+11
2025-08,WH-BKS01,LOT-0104,1588000,82099600000
2025-08,WH-BKS01,LOT-0827,5000,404500000
2025-08,WH-BKS01,LOT-1170,410000,12956000000
2025-08,WH-BKS01,LOT-1084,276000,1.15948E+11
2025-08,WH-BKS01,LOT-0413,213333.3333,1.16245E+11
2025-08,WH-BKS01,LOT-0805,5712000,2.27338E+12
2025-08,WH-BKS01,LOT-0262,197333.3333,85090133333
2025-08,WH-BKS01,LOT-0405,1002666.667,4.8509E+11
2025-08,WH-BKS01,LOT-0668,2197333.333,4.09803E+11
2025-08,WH-BKS01,LOT-0472,458666.6667,1.88466E+11
2025-08,WH-BKS01,LOT-0571,472000,1.34001E+11
2025-08,WH-BKS01,LOT-0551,158000,17253600000
2025-08,WH-BKS01,LOT-1045,310000,19623000000
2025-08,WH-BKS01,LOT-0920,2576000,3.73778E+11
2025-08,WH-BKS01,LOT-0081,2133333.333,2.34027E+11
2025-08,WH-BKS01,LOT-1033,152000,17221600000
2025-08,WH-BKS01,LOT-0324,1392000,1.56461E+11
2025-08,WH-BKS01,LOT-0241,21333.33333,652800000
2025-08,WH-BKS01,LOT-0459,320000,1.84192E+11
2025-08,WH-BKS01,LOT-1176,2952000,4.38077E+11
2025-08,WH-TNG01,LOT-1157,184000,1.0683E+11
2025-08,WH-TNG01,LOT-0037,1605333.333,3.80625E+11
2025-08,WH-TNG01,LOT-0588,296000,1.33496E+11
2025-08,WH-TNG01,LOT-0815,490666.6667,1.36798E+11
2025-08,WH-TNG01,LOT-0235,320000,1E+11
2025-08,WH-TNG01,LOT-0065,426666.6667,52309333333
2025-08,WH-TNG01,LOT-0125,336000,42268800000
2025-08,WH-TNG01,LOT-0952,842666.6667,2.16818E+11
2025-08,WH-TNG01,LOT-0355,1320000,1.67376E+11
2025-08,WH-TNG01,LOT-0449,336000,32155200000
2025-08,WH-TNG01,LOT-0114,243000,13292100000
2025-08,WH-TNG01,LOT-0542,766000,2.01611E+11
2025-08,WH-TNG01,LOT-0874,1140000,4.31604E+11
2025-08,WH-TNG01,LOT-0837,244000,51752400000
2025-08,WH-TNG01,LOT-0049,1416000,3.61222E+11
2025-08,WH-TNG01,LOT-0111,301333.3333,16874666667
2025-08,WH-TNG01,LOT-0175,628000,3.75293E+11
2025-08,WH-TNG01,LOT-0262,1496000,6.03486E+11
2025-08,WH-TNG01,LOT-1151,1632000,9.3073E+11
2025-08,WH-TNG01,LOT-0497,558000,45700200000
2025-08,WH-TNG01,LOT-1070,278666.6667,49519066667
2025-08,WH-TNG01,LOT-0294,292000,54282800000
2025-08,WH-TNG01,LOT-0939,5344000,3.24488E+12
2025-08,WH-TNG01,LOT-0178,794000,4.16056E+11
2025-08,WH-TNG01,LOT-0061,2088000,2.67264E+11
2025-08,WH-TNG01,LOT-0184,2741333.333,6.28039E+11
2025-08,WH-TNG01,LOT-0360,568000,67648800000
2025-08,WH-TNG01,LOT-0411,1104000,5.57189E+11
2025-08,WH-TNG01,LOT-0261,88000,34205600000
2025-08,WH-TNG01,LOT-1163,462666.6667,15591866667
2025-08,WH-TNG01,LOT-0875,1728000,6.65107E+11
2025-08,WH-TNG01,LOT-0141,1872000,4.76237E+11
2025-08,WH-TNG01,LOT-0719,304000,1.1929E+11
2025-08,WH-TNG01,LOT-0257,1048000,1.99225E+11
2025-08,WH-TNG01,LOT-1091,3375000,2.62238E+11
2025-08,WH-TNG01,LOT-0767,807000,59879400000
2025-08,WH-TNG01,LOT-0024,1752000,5.13336E+11
2025-08,WH-TNG01,LOT-1020,2261333.333,1.14944E+12
2025-08,WH-TNG01,LOT-0880,112000,44284800000
2025-08,WH-TNG01,LOT-0892,110000,19063000000
2025-08,WH-TNG01,LOT-0666,72000,12765600000
2025-08,WH-TNG01,LOT-0460,464000,2.77333E+11
2025-08,WH-TNG01,LOT-0530,1746000,5.11229E+11
2025-08,WH-TNG01,LOT-0640,1364000,3.25996E+11
2025-08,WH-TNG01,LOT-0782,188000,10828800000
2025-08,WH-TNG01,LOT-0095,1200000,4.932E+11
2025-08,WH-TNG01,LOT-0626,26666.66667,9040000000
2025-08,WH-TNG01,LOT-0364,1120000,3.77664E+11
2025-08,WH-TNG01,LOT-0296,1268000,2.33058E+11
2025-08,WH-TNG01,LOT-0901,1466666.667,4.05827E+11
2025-08,WH-TNG01,LOT-0859,381000,87515700000
2025-08,WH-TNG01,LOT-0615,56000,22461600000
2025-08,WH-TNG01,LOT-0785,666000,38894400000
2025-08,WH-TNG01,LOT-0052,404000,58054800000
2025-08,WH-TNG01,LOT-0220,204000,45410400000
2025-08,WH-TNG01,LOT-0181,72000,17236800000
2025-08,WH-TNG01,LOT-0682,648000,1.55196E+11
2025-08,WH-TNG01,LOT-0485,932000,1.9777E+11
2025-08,WH-TNG01,LOT-0015,3696000,1.79995E+11
2025-08,WH-TNG01,LOT-0750,40000,8624000000
2025-08,WH-TNG01,LOT-1023,584000,2.65078E+11
2025-08,WH-TNG01,LOT-0420,16500,8448000000
2025-08,WH-TNG01,LOT-0634,661333.3333,1.60043E+11
2025-08,WH-TNG01,LOT-1008,341333.3333,49390933333
2025-08,WH-TNG01,LOT-0305,716000,1.66542E+11
2025-08,WH-TNG01,LOT-0532,146666.6667,15048000000
2025-08,WH-TNG01,LOT-0482,1944000,4.30596E+11
2025-08,WH-TNG01,LOT-0717,770666.6667,2.96938E+11
2025-08,WH-TNG01,LOT-1144,6208000,1.52468E+12
2025-08,WH-TNG01,LOT-0864,3488000,1.87236E+12
2025-08,WH-TNG01,LOT-0171,1344000,8.06803E+11
2025-08,WH-TNG01,LOT-1006,558000,91400400000
2025-08,WH-TNG01,LOT-0840,960000,2.4192E+11
2025-08,WH-TNG01,LOT-1096,62000,5549000000
2025-08,WH-TNG01,LOT-0347,1096000,3.9467E+11
2025-08,WH-TNG01,LOT-0335,896000,96678400000
2025-08,WH-TNG01,LOT-0651,3520000,3.25248E+11
2025-08,WH-TNG01,LOT-0208,1092000,4.53944E+11
2025-08,WH-TNG01,LOT-0259,1528000,2.97043E+11
2025-08,WH-TNG01,LOT-0940,3912000,2.04832E+12
2025-08,WH-TNG01,LOT-0376,220000,86394000000
2025-08,WH-TNG01,LOT-0808,2148000,8.36002E+11
2025-08,WH-TNG01,LOT-0928,552000,1.35019E+11
2025-08,WH-TNG01,LOT-0008,132000,15681600000
2025-08,WH-TNG01,LOT-1044,960000,67392000000
2025-08,WH-TNG01,LOT-0803,702000,3.1253E+11
2025-08,WH-TNG01,LOT-0857,928000,2.14368E+11
2025-08,WH-TNG01,LOT-0794,12000,3943200000
2025-08,WH-TNG01,LOT-0720,732000,2.93166E+11
2025-08,WH-TNG01,LOT-0820,99000,29393100000
2025-08,WH-TNG01,LOT-0313,650666.6667,2.0945E+11
2025-08,WH-TNG01,LOT-0267,108500,43193850000
2025-08,WH-TNG01,LOT-0566,152000,60435200000
2025-08,WH-TNG01,LOT-0157,534000,2.52422E+11
2025-08,WH-TNG01,LOT-0906,853333.3333,2.38421E+11
2025-08,WH-TNG01,LOT-0838,112000,23643200000
2025-08,WH-TNG01,LOT-1118,72000,29440800000
2025-08,WH-TNG01,LOT-1046,1572000,1.10983E+11
2025-08,WH-TNG01,LOT-0553,1608000,1.85242E+11
2025-08,WH-TNG01,LOT-0601,512000,98304000000
2025-08,WH-TNG01,LOT-0970,1488000,6.12907E+11
2025-08,WH-TNG01,LOT-0957,356000,1.0648E+11
2025-08,WH-BPR01,LOT-0917,3744000,6.32736E+11
2025-08,WH-BPR01,LOT-0859,229333.3333,56209600000
2025-08,WH-BPR01,LOT-1147,1328000,3.82597E+11
2025-08,WH-BPR01,LOT-0218,168000,36943200000
2025-08,WH-BPR01,LOT-0015,1544000,79670400000
2025-08,WH-BPR01,LOT-0373,1584000,5.64538E+11
2025-08,WH-BPR01,LOT-0588,764000,3.74589E+11
2025-08,WH-BPR01,LOT-1121,2960000,1.43205E+12
2025-08,WH-BPR01,LOT-0031,609000,1.6577E+11
2025-08,WH-BPR01,LOT-1125,633000,3.1669E+11
2025-08,WH-BPR01,LOT-0751,2080000,6.65392E+11
2025-08,WH-BPR01,LOT-0721,212666.6667,65458800000
2025-08,WH-BPR01,LOT-0954,372000,99733200000
2025-08,WH-BPR01,LOT-1026,204000,93921600000
2025-08,WH-BPR01,LOT-0065,114000,12551400000
2025-08,WH-BPR01,LOT-0348,260000,1.10448E+11
2025-08,WH-BPR01,LOT-0527,1168000,3.87075E+11
2025-08,WH-BPR01,LOT-0601,880000,1.51624E+11
2025-08,WH-BPR01,LOT-0398,112000,7324800000
2025-08,WH-BPR01,LOT-0277,608000,2.28486E+11
2025-08,WH-BPR01,LOT-0437,67000,25232200000
2025-08,WH-BPR01,LOT-0810,262000,1.09464E+11
2025-08,WH-BPR01,LOT-0382,169000,49804300000
2025-08,WH-BPR01,LOT-0333,650666.6667,67929600000
2025-08,WH-BPR01,LOT-0249,1596000,42772800000
2025-08,WH-BPR01,LOT-0801,2496000,1.11996E+12
2025-08,WH-BPR01,LOT-1199,519000,1.56427E+11
2025-08,WH-BPR01,LOT-0078,73000,38171700000
2025-08,WH-BPR01,LOT-0788,1040000,59488000000
2025-08,WH-BPR01,LOT-0784,345333.3333,18717066667
2025-08,WH-BPR01,LOT-1130,358000,1.66434E+11
2025-08,WH-BPR01,LOT-0722,56000,15596000000
2025-08,WH-BPR01,LOT-0934,1328000,6.83389E+11
2025-08,WH-BPR01,LOT-0532,1392000,1.49362E+11
2025-08,WH-BPR01,LOT-0816,642666.6667,1.69535E+11
2025-08,WH-BPR01,LOT-0967,1520000,6.5208E+11
2025-08,WH-BPR01,LOT-0041,332000,76360000000
2025-08,WH-BPR01,LOT-0797,1642666.667,5.35674E+11
2025-08,WH-BPR01,LOT-0907,1146000,3.45519E+11
2025-08,WH-BPR01,LOT-0731,1034666.667,6.18317E+11
2025-08,WH-BPR01,LOT-0136,884000,2.20204E+11
2025-08,WH-BPR01,LOT-0895,3904000,5.86381E+11
2025-08,WH-BPR01,LOT-0243,501333.3333,13435733333
2025-08,WH-BPR01,LOT-0504,342000,20759400000
2025-08,WH-BPR01,LOT-1184,436000,2.15776E+11
2025-08,WH-BPR01,LOT-0747,783000,1.8377E+11
2025-08,WH-BPR01,LOT-0291,126666.6667,21596666667
2025-08,WH-BPR01,LOT-0184,278000,63439600000
2025-08,WH-BPR01,LOT-0660,669333.3333,62716533333
2025-08,WH-BPR01,LOT-0113,666000,36630000000
2025-08,WH-BPR01,LOT-0237,2008000,6.0983E+11
2025-08,WH-BPR01,LOT-0833,384000,82675200000
2025-08,WH-BPR01,LOT-0611,84666.66667,31250466667
2025-08,WH-BPR01,LOT-0298,242000,42567800000
2025-08,WH-BPR01,LOT-0796,266666.6667,95386666667
2025-08,WH-BPR01,LOT-0149,156000,41620800000
2025-08,WH-BPR01,LOT-0010,636000,84015600000
2025-08,WH-BPR01,LOT-0984,456000,1.78524E+11
2025-08,WH-BPR01,LOT-0020,1856000,82220800000
2025-08,WH-BPR01,LOT-0446,90000,8343000000
2025-08,WH-BPR01,LOT-0405,46500,21097050000
2025-08,WH-BPR01,LOT-0746,1197000,2.98173E+11
2025-08,WH-BPR01,LOT-0096,473333.3333,2.06705E+11
2025-08,WH-BPR01,LOT-1071,426666.6667,82517333333
2025-08,WH-BPR01,LOT-0529,100000,30850000000
2025-08,WH-BPR01,LOT-0321,421333.3333,57048533333
2025-08,WH-BPR01,LOT-0578,156000,44990400000
2025-08,WH-BPR01,LOT-0434,354666.6667,1.28177E+11
2025-08,WH-BPR01,LOT-0231,2485333.333,7.53056E+11
2025-08,WH-BPR01,LOT-1103,2112000,8.73101E+11
2025-08,WH-BPR01,LOT-0455,156000,87032400000
2025-08,WH-BPR01,LOT-0281,58500,18474300000
2025-08,WH-BPR01,LOT-0591,732000,2.5964E+11
2025-08,WH-BPR01,LOT-1110,59333.33333,22166933333
2025-08,WH-BPR01,LOT-0600,2280000,9.46884E+11
2025-08,WH-BPR01,LOT-1031,560000,62440000000
2025-08,WH-BPR01,LOT-0452,718000,3.7178E+11
2025-08,WH-BPR01,LOT-0049,2512000,5.56157E+11
2025-08,WH-BPR01,LOT-0021,825000,2.36363E+11
2025-08,WH-BPR01,LOT-0618,526000,2.16133E+11
2025-08,WH-BPR01,LOT-0220,2835000,6.09809E+11
2025-08,WH-BPR01,LOT-0871,1856000,7.89171E+11
2025-08,WH-MLG01,LOT-1059,212000,30485600000
2025-08,WH-MLG01,LOT-1072,1269000,2.11542E+11
2025-08,WH-MLG01,LOT-0806,624000,2.45294E+11
2025-08,WH-MLG01,LOT-0479,234666.6667,79904000000
2025-08,WH-MLG01,LOT-0362,1136000,3.80787E+11
2025-08,WH-MLG01,LOT-0118,656000,33915200000
2025-08,WH-MLG01,LOT-0686,196500,46138200000
2025-08,WH-MLG01,LOT-0759,1226666.667,4.42827E+11
2025-08,WH-MLG01,LOT-0482,276000,56718000000
2025-08,WH-MLG01,LOT-0532,208000,20696000000
2025-08,WH-MLG01,LOT-0013,50000,2570000000
2025-08,WH-MLG01,LOT-0711,473333.3333,1.66566E+11
2025-08,WH-MLG01,LOT-0053,126000,19114200000
2025-08,WH-MLG01,LOT-1075,212000,35531200000
2025-08,WH-MLG01,LOT-0297,864000,1.61654E+11
2025-08,WH-MLG01,LOT-0972,588000,2.2932E+11
2025-08,WH-MLG01,LOT-0410,394666.6667,1.80757E+11
2025-08,WH-MLG01,LOT-1184,1428000,8.36522E+11
2025-08,WH-MLG01,LOT-0857,920000,1.96328E+11
2025-08,WH-MLG01,LOT-0172,1176000,7.0901E+11
2025-08,WH-MLG01,LOT-0671,1356000,8.09668E+11
2025-08,WH-MLG01,LOT-0921,192666.6667,45411533333
2025-08,WH-MLG01,LOT-0879,118000,52852200000
2025-08,WH-MLG01,LOT-0528,28000,8971200000
2025-08,WH-MLG01,LOT-0019,2352000,1.21834E+11
2025-08,WH-MLG01,LOT-0644,552000,1.41809E+11
2025-08,WH-MLG01,LOT-0393,368000,24692800000
2025-08,WH-MLG01,LOT-0659,477000,47366100000
2025-08,WH-MLG01,LOT-0843,381333.3333,1.21073E+11
2025-08,WH-MLG01,LOT-0923,2896000,7.78734E+11
2025-08,WH-MLG01,LOT-0119,254666.6667,13599200000
2025-08,WH-MLG01,LOT-0971,373333.3333,1.52357E+11
2025-08,WH-MLG01,LOT-1025,680000,3.77808E+11
2025-08,WH-MLG01,LOT-0949,2056000,1.04938E+12
2025-08,WH-MLG01,LOT-1024,65333.33333,30543333333
2025-08,WH-MLG01,LOT-0695,3178666.667,5.33062E+11
2025-08,WH-MLG01,LOT-0706,1624000,7.2333E+11
2025-08,WH-MLG01,LOT-0522,676000,1.86508E+11
2025-08,WH-MLG01,LOT-0326,533333.3333,66240000000
2025-08,WH-MLG01,LOT-0894,1194666.667,1.76094E+11
2025-08,WH-MLG01,LOT-0158,2700000,1.45422E+12
2025-08,WH-MLG01,LOT-0057,629333.3333,97609600000
2025-08,WH-MLG01,LOT-0495,464000,45193600000
2025-08,WH-MLG01,LOT-1080,316000,60735200000
2025-08,WH-MLG01,LOT-0302,288000,69062400000
2025-08,WH-MLG01,LOT-0371,997333.3333,3.93049E+11
2025-08,WH-MLG01,LOT-0977,408000,1.67443E+11
2025-08,WH-MLG01,LOT-0431,864000,3.55882E+11
2025-08,WH-MLG01,LOT-0825,610000,51911000000
2025-08,WH-MLG01,LOT-0267,944000,4.29048E+11
2025-08,WH-MLG01,LOT-0933,701333.3333,4.29286E+11
2025-08,WH-MLG01,LOT-0423,605333.3333,83778133333
2025-08,WH-MLG01,LOT-0370,24000,8784000000
2025-08,WH-MLG01,LOT-0123,1376000,1.73101E+11
2025-08,WH-MLG01,LOT-0361,2340000,8.55504E+11
2025-08,WH-MLG01,LOT-0360,96000,10521600000
2025-08,WH-MLG01,LOT-0988,3029333.333,1.01967E+12
2025-08,WH-MLG01,LOT-0212,5936000,1.53505E+12
2025-08,WH-MLG01,LOT-0218,98000,25529000000
2025-08,WH-MLG01,LOT-0154,245333.3333,1.28849E+11
2025-08,WH-MLG01,LOT-0952,1068000,2.78534E+11
2025-08,WH-MLG01,LOT-0760,22000,8096000000
2025-08,WH-MLG01,LOT-1004,158000,26923200000
2025-08,WH-MLG01,LOT-0873,504000,2.11075E+11
2025-08,WH-MLG01,LOT-0248,444000,12432000000
2025-08,WH-MLG01,LOT-1008,1589333.333,2.72412E+11
2025-08,WH-MLG01,LOT-0219,1824000,4.08211E+11
2025-08,WH-MLG01,LOT-0867,680000,3.3524E+11
2025-08,WH-MLG01,LOT-0337,549333.3333,58778666667
2025-08,WH-MLG01,LOT-0604,93000,15121800000
2025-08,WH-MLG01,LOT-0323,60000,6960000000
2025-08,WH-MLG01,LOT-1113,312000,1.11103E+11
2025-08,WH-MLG01,LOT-0762,130666.6667,11054400000
2025-08,WH-MLG01,LOT-0234,696000,1.97594E+11
2025-08,WH-MLG01,LOT-0592,280000,97244000000
2025-08,WH-MLG01,LOT-0550,2268000,5.34114E+11
2025-08,WH-MLG01,LOT-1132,708000,3.63346E+11
2025-08,WH-MLG01,LOT-0828,2232000,2.02666E+11
2025-08,WH-MLG01,LOT-1182,132000,67821600000
2025-08,WH-MLG01,LOT-1134,141333.3333,77295200000
2025-08,WH-MLG01,LOT-0477,144000,57542400000
2025-08,WH-MLG01,LOT-0067,800000,1.0208E+11
2025-08,WH-MLG01,LOT-0768,222000,17737800000
2025-08,WH-MLG01,LOT-0213,1042666.667,2.62022E+11
2025-08,WH-MLG01,LOT-0871,549333.3333,2.42146E+11
2025-08,WH-MLG01,LOT-1185,413333.3333,2.42007E+11
2025-08,WH-MLG01,LOT-0017,274666.6667,14200266667
2025-08,WH-MLG01,LOT-0425,1848000,2.62786E+11
2025-08,WH-MLG01,LOT-1198,64000,19308800000
2025-08,WH-MLG01,LOT-0367,96000,34598400000
2025-08,WH-MLG01,LOT-0384,4128000,1.21528E+12
2025-08,WH-MLG01,LOT-0061,111666.6667,12908666667
2025-08,WH-MLG01,LOT-0847,276000,97345200000
2025-08,WH-MLG01,LOT-1165,213000,7668000000
2025-08,WH-MLG01,LOT-1126,153000,68039100000
2025-08,WH-MLG01,LOT-0029,3210666.667,8.46332E+11
2025-08,WH-SLO01,LOT-0805,187500,80887500000
2025-08,WH-SLO01,LOT-0642,540000,1.56978E+11
2025-08,WH-SLO01,LOT-0275,1866666.667,6.36533E+11
2025-08,WH-SLO01,LOT-0116,749333.3333,41588000000
2025-08,WH-SLO01,LOT-0242,818666.6667,22513333333
2025-08,WH-SLO01,LOT-0293,21333.33333,3573333333
2025-08,WH-SLO01,LOT-0498,1128000,1.02535E+11
2025-08,WH-SLO01,LOT-1017,69333.33333,35443200000
2025-08,WH-SLO01,LOT-0823,3509333.333,2.98995E+11
2025-08,WH-SLO01,LOT-0406,2392000,1.05344E+12
2025-08,WH-SLO01,LOT-0155,1184000,6.58541E+11
2025-08,WH-SLO01,LOT-0986,1045333.333,3.6503E+11
2025-08,WH-SLO01,LOT-0942,612000,3.69158E+11
2025-08,WH-SLO01,LOT-0633,1800000,3.9618E+11
2025-08,WH-SLO01,LOT-0762,752000,63168000000
2025-08,WH-SLO01,LOT-0570,90666.66667,33147733333
2025-08,WH-SLO01,LOT-0328,2602666.667,3.33402E+11
2025-08,WH-SLO01,LOT-0135,920000,2.07184E+11
2025-08,WH-SLO01,LOT-0031,1356000,3.37508E+11
2025-08,WH-SLO01,LOT-0787,542000,28346600000
2025-08,WH-SLO01,LOT-0374,2096000,7.95851E+11
2025-08,WH-SLO01,LOT-0550,282000,73940400000
2025-08,WH-SLO01,LOT-0191,1472000,7.62349E+11
2025-08,WH-SLO01,LOT-1160,255333.3333,1.44621E+11
2025-08,WH-SLO01,LOT-0417,676000,3.84103E+11
2025-08,WH-SLO01,LOT-0918,2208000,3.72048E+11
2025-08,WH-SLO01,LOT-0701,111000,51459600000
2025-08,WH-SLO01,LOT-0201,186000,72075000000
2025-08,WH-SLO01,LOT-0272,176666.6667,59519000000
2025-08,WH-SLO01,LOT-0371,753000,2.48415E+11
2025-08,WH-SLO01,LOT-0811,1824000,5.48477E+11
2025-08,WH-SLO01,LOT-0915,380000,57798000000
2025-08,WH-SLO01,LOT-0156,690000,3.82398E+11
2025-08,WH-SLO01,LOT-0470,662000,2.20512E+11
2025-08,WH-SLO01,LOT-0205,2292000,9.62182E+11
2025-08,WH-SLO01,LOT-0987,405333.3333,1.48636E+11
2025-08,WH-SLO01,LOT-0763,1541333.333,1.11438E+11
2025-08,WH-SLO01,LOT-0476,65333.33333,26420800000
2025-08,WH-SLO01,LOT-0821,48000,4420800000
2025-08,WH-SLO01,LOT-0263,741333.3333,3.00388E+11
2025-08,WH-SLO01,LOT-0868,1512000,8.17841E+11
2025-08,WH-SLO01,LOT-0562,880000,3.3924E+11
2025-08,WH-SLO01,LOT-0970,522666.6667,2.48423E+11
2025-08,WH-SLO01,LOT-0653,948000,87310800000
2025-08,WH-SLO01,LOT-0310,382666.6667,87401066667
2025-08,WH-SLO01,LOT-1042,816000,59731200000
2025-08,WH-SLO01,LOT-0817,97000,28401600000
2025-08,WH-SLO01,LOT-0516,34000,8948800000
2025-08,WH-SLO01,LOT-0785,121333.3333,6976666667
2025-08,WH-SLO01,LOT-0211,520000,1.34472E+11
2025-08,WH-SLO01,LOT-0291,130666.6667,21821333333
2025-08,WH-SLO01,LOT-0053,794666.6667,1.17452E+11
2025-08,WH-SLO01,LOT-0872,80000,34664000000
2025-08,WH-SLO01,LOT-0247,630000,19341000000
2025-08,WH-SLO01,LOT-0919,436000,67623600000
2025-08,WH-SLO01,LOT-0469,720000,2.19672E+11
2025-08,WH-SLO01,LOT-0055,1168000,1.81741E+11
2025-08,WH-SLO01,LOT-0010,5000,627000000
2025-08,WH-SLO01,LOT-1170,1440000,52704000000
2025-08,WH-SLO01,LOT-0325,124000,16678000000
2025-08,WH-SLO01,LOT-1092,2016000,1.69747E+11
2025-08,WH-SLO01,LOT-0551,297000,32818500000
2025-08,WH-SLO01,LOT-0646,2400000,7.0056E+11
2025-08,WH-SLO01,LOT-0282,7000,2149000000
2025-08,WH-SLO01,LOT-0554,106333.3333,11771100000
2025-08,WH-SLO01,LOT-0126,3056000,3.67331E+11
2025-08,WH-SLO01,LOT-0392,797333.3333,49195466667
2025-08,WH-SLO01,LOT-0341,129333.3333,53686266667
2025-08,WH-SLO01,LOT-0217,373333.3333,90906666667
2025-08,WH-SLO01,LOT-0129,97333.33333,10297866667
2025-08,WH-SLO01,LOT-0725,1936000,5.06264E+11
2025-08,WH-SLO01,LOT-0472,821333.3333,2.90177E+11
2025-08,WH-SLO01,LOT-0680,37333.33333,21082133333
2025-08,WH-SLO01,LOT-0727,1168000,3.66635E+11
2025-08,WH-SLO01,LOT-0021,183333.3333,49298333333
2025-08,WH-SLO01,LOT-0651,4048000,3.89418E+11
2025-08,WH-SLO01,LOT-0193,338000,1.83264E+11
2025-08,WH-SLO01,LOT-0555,557333.3333,62198400000
2025-08,WH-SLO01,LOT-0430,946666.6667,1.43893E+11
2025-08,WH-SLO01,LOT-0286,33000,9632700000
2025-08,WH-SLO01,LOT-0206,1824000,8.47978E+11
2025-08,WH-SLO01,LOT-1192,1093333.333,2.95309E+11
2025-08,WH-SLO01,LOT-0216,550500,1.31459E+11
2025-08,WH-SLO01,LOT-0614,558000,1.92064E+11
2025-08,WH-SLO01,LOT-0487,198666.6667,40170400000
2025-08,WH-SLO01,LOT-0102,1452000,73180800000
2025-08,WH-SLO01,LOT-1060,214500,27477450000
2025-08,WH-SLO01,LOT-0905,348000,1.04574E+11
2025-08,WH-SLO01,LOT-0994,5472000,1.19837E+12
2025-08,WH-SLO01,LOT-0945,1428000,8.09962E+11
2025-08,WH-SLO01,LOT-0287,440000,1.42296E+11
2025-08,WH-SLO01,LOT-0535,477000,50943600000
2025-08,WH-SLO01,LOT-0955,168000,42100800000
2025-08,WH-SLO01,LOT-0260,214000,36273000000
2025-08,WH-SLO01,LOT-0767,2214000,1.57637E+11
2025-08,WH-SLO01,LOT-0515,75666.66667,17766533333
2025-08,WH-SLO01,LOT-0269,142666.6667,64742133333
2025-08,WH-SLO01,LOT-0315,816000,2.7695E+11
2025-08,WH-SLO01,LOT-0192,1824000,9.28598E+11
2025-08,WH-SLO01,LOT-1028,2069333.333,9.75277E+11
2025-08,WH-SLO01,LOT-1117,384000,1.50259E+11
2025-08,WH-YOG01,LOT-1072,452000,80004000000
2025-08,WH-YOG01,LOT-0742,1656000,4.10522E+11
2025-08,WH-YOG01,LOT-0977,376000,1.5604E+11
2025-08,WH-YOG01,LOT-0861,314666.6667,1.71808E+11
2025-08,WH-YOG01,LOT-0065,184000,24343200000
2025-08,WH-YOG01,LOT-0865,362666.6667,2.00083E+11
2025-08,WH-YOG01,LOT-0427,325333.3333,43334400000
2025-08,WH-YOG01,LOT-0515,203000,52434900000
2025-08,WH-YOG01,LOT-0599,1688000,6.45491E+11
2025-08,WH-YOG01,LOT-0369,19500,7059000000
2025-08,WH-YOG01,LOT-0093,1413000,6.62838E+11
2025-08,WH-YOG01,LOT-0569,1045333.333,4.12802E+11
2025-08,WH-YOG01,LOT-0878,2421000,1.0403E+12
2025-08,WH-YOG01,LOT-0143,1188000,2.67656E+11
2025-08,WH-YOG01,LOT-0970,140000,57036000000
2025-08,WH-YOG01,LOT-0672,1322666.667,7.81564E+11
2025-08,WH-YOG01,LOT-0697,360000,66744000000
2025-08,WH-YOG01,LOT-0205,162666.6667,62935733333
2025-08,WH-YOG01,LOT-1048,1434666.667,95405333333
2025-08,WH-YOG01,LOT-1128,25000,12467500000
2025-08,WH-YOG01,LOT-0904,1797333.333,5.41716E+11
2025-08,WH-YOG01,LOT-0041,584000,1.36948E+11
2025-08,WH-YOG01,LOT-0178,816000,5.10898E+11
2025-08,WH-YOG01,LOT-1013,127333.3333,64825400000
2025-08,WH-YOG01,LOT-1157,448000,2.26822E+11
2025-08,WH-YOG01,LOT-0387,138000,36459600000
2025-08,WH-YOG01,LOT-0354,786000,91490400000
2025-08,WH-YOG01,LOT-0614,1184000,4.63181E+11
2025-08,WH-YOG01,LOT-0375,520000,1.74928E+11
2025-08,WH-YOG01,LOT-0085,414000,44670600000
2025-08,WH-YOG01,LOT-0346,1226666.667,4.99253E+11
2025-08,WH-YOG01,LOT-0588,42666.66667,21145600000
2025-08,WH-YOG01,LOT-1148,738000,2.0605E+11
2025-08,WH-YOG01,LOT-0449,176000,17740800000
2025-08,WH-YOG01,LOT-0912,74000,10959400000
2025-08,WH-YOG01,LOT-0631,522666.6667,1.16711E+11
2025-08,WH-YOG01,LOT-0547,330666.6667,89776000000
2025-08,WH-YOG01,LOT-0548,444000,1.05805E+11
2025-08,WH-YOG01,LOT-0160,69000,36383700000
2025-08,WH-YOG01,LOT-1017,3192000,1.65984E+12
2025-08,WH-YOG01,LOT-0345,2120000,8.5966E+11
2025-08,WH-YOG01,LOT-0551,2400000,2.8128E+11
2025-08,WH-YOG01,LOT-0708,786000,3.92214E+11
2025-08,WH-YOG01,LOT-0687,3744000,9.9815E+11
2025-08,WH-YOG01,LOT-0403,448000,2.05677E+11
2025-08,WH-YOG01,LOT-1027,1556000,7.34899E+11
2025-08,WH-YOG01,LOT-0797,4629333.333,1.43509E+12
2025-08,WH-YOG01,LOT-1173,2118000,3.04568E+11
2025-08,WH-YOG01,LOT-0524,722000,2.2086E+11
2025-08,WH-YOG01,LOT-0919,1712000,2.92752E+11
2025-08,WH-YOG01,LOT-1168,786000,28296000000
2025-08,WH-YOG01,LOT-0023,4458666.667,1.16639E+12
2025-08,WH-YOG01,LOT-0339,996000,1.19719E+11
2025-08,WH-YOG01,LOT-0736,662000,3.60194E+11
2025-08,WH-YOG01,LOT-0601,21333.33333,4151466667
2025-08,WH-YOG01,LOT-1098,1765333.333,1.44581E+11
2025-08,WH-YOG01,LOT-0758,100000,31340000000
2025-08,WH-YOG01,LOT-0462,260000,83564000000
2025-08,WH-YOG01,LOT-0776,560000,1.30872E+11
2025-08,WH-YOG01,LOT-0281,876000,2.52989E+11
2025-08,WH-YOG01,LOT-0857,2904000,7.04801E+11
2025-08,WH-YOG01,LOT-1146,2556000,7.3715E+11
2025-08,WH-YOG01,LOT-1163,1888000,67590400000
2025-08,WH-YOG01,LOT-0576,60000,17268000000
2025-08,WH-YOG01,LOT-0958,293333.3333,76530666667
2025-08,WH-YOG01,LOT-0355,192000,23865600000
2025-08,WH-YOG01,LOT-0406,1260000,6.25338E+11
2025-08,WH-YOG01,LOT-1057,800000,1.136E+11
2025-08,WH-YOG01,LOT-0889,1404000,7.13934E+11
2025-08,WH-YOG01,LOT-0546,36000,8946000000
2025-08,WH-YOG01,LOT-0130,1208000,1.40128E+11
2025-08,WH-YOG01,LOT-0025,397000,1.23586E+11
2025-08,WH-YOG01,LOT-0007,1440000,1.73376E+11
2025-08,WH-YOG01,LOT-0695,6293333.333,1.22405E+12
2025-08,WH-YOG01,LOT-0466,57333.33333,17664400000
2025-08,WH-YOG01,LOT-1026,292000,1.36306E+11
2025-08,WH-YOG01,LOT-0691,728000,1.27837E+11
2025-08,WH-YOG01,LOT-0641,1194000,3.17007E+11
2025-08,WH-YOG01,LOT-0987,330666.6667,1.2314E+11
2025-08,WH-YOG01,LOT-0549,637333.3333,1.67173E+11
2025-08,WH-YOG01,LOT-0358,21333.33333,2530133333
2025-08,WH-YOG01,LOT-0188,108000,23943600000
2025-08,WH-YOG01,LOT-0801,490666.6667,1.9872E+11
2025-08,WH-YOG01,LOT-0571,821333.3333,2.23731E+11
2025-08,WH-YOG01,LOT-0481,440000,96624000000
2025-08,WH-YOG01,LOT-0658,3274666.667,3.07164E+11
2025-08,WH-YOG01,LOT-0033,7360000,1.81498E+12
2025-08,WH-YOG01,LOT-0067,196000,24911600000
2025-08,WH-YOG01,LOT-1192,84000,26073600000
2025-08,WH-YOG01,LOT-0452,1908000,1.1116E+12
2025-08,WH-YOG01,LOT-1093,7082666.667,6.18317E+11
2025-08,WH-YOG01,LOT-0537,18666.66667,1726666667
2025-08,WH-YOG01,LOT-0876,1128000,4.87522E+11
2025-08,WH-YOG01,LOT-0103,634000,37786400000
2025-08,WH-YOG01,LOT-0625,470000,1.55993E+11
2025-08,WH-YOG01,LOT-1001,199000,32039000000
2025-08,WH-YOG01,LOT-0841,222000,74991600000
2025-08,WH-YOG01,LOT-0193,373333.3333,2.04139E+11
2025-08,WH-YOG01,LOT-0602,18000,3175200000
2025-08,WH-YOG01,LOT-0455,1260000,7.10766E+11
2025-08,WH-YOG01,LOT-0934,288000,1.54627E+11
2025-08,WH-YOG01,LOT-1035,1068000,1.2581E+11
2025-08,WH-YOG01,LOT-1071,1764000,3.25634E+11
2025-08,WH-YOG01,LOT-0565,130000,54483000000
2025-09,WH-JKT01,LOT-0155,508000,2.68427E+11
2025-09,WH-JKT01,LOT-0955,952000,2.41046E+11
2025-09,WH-JKT01,LOT-1104,2090666.667,8.85606E+11
2025-09,WH-JKT01,LOT-0229,1760000,7.57152E+11
2025-09,WH-JKT01,LOT-0849,280000,88032000000
2025-09,WH-JKT01,LOT-0966,928000,3.93194E+11
2025-09,WH-JKT01,LOT-1029,412000,2.02251E+11
2025-09,WH-JKT01,LOT-0012,225333.3333,9982266667
2025-09,WH-JKT01,LOT-0792,44666.66667,14248666667
2025-09,WH-JKT01,LOT-0772,272000,69468800000
2025-09,WH-JKT01,LOT-0556,1518000,2.00072E+11
2025-09,WH-JKT01,LOT-0455,368000,1.92317E+11
2025-09,WH-JKT01,LOT-0234,2032000,6.27482E+11
2025-09,WH-JKT01,LOT-0704,2744000,1.4159E+12
2025-09,WH-JKT01,LOT-1081,832000,3.45862E+11
2025-09,WH-JKT01,LOT-1188,341000,2.00713E+11
2025-09,WH-JKT01,LOT-0107,920000,48852000000
2025-09,WH-JKT01,LOT-0211,18666.66667,4513600000
2025-09,WH-JKT01,LOT-0778,756000,2.03893E+11
2025-09,WH-JKT01,LOT-0518,2868000,6.82871E+11
2025-09,WH-JKT01,LOT-1190,24000,12213600000
2025-09,WH-JKT01,LOT-0291,94000,16675600000
2025-09,WH-JKT01,LOT-1047,2544000,1.8851E+11
2025-09,WH-JKT01,LOT-0191,1946666.667,9.78005E+11
2025-09,WH-JKT01,LOT-0673,845333.3333,4.46674E+11
2025-09,WH-JKT01,LOT-0004,788000,1.02913E+11
2025-09,WH-JKT01,LOT-0410,288000,1.4737E+11
2025-09,WH-JKT01,LOT-0920,232500,34875000000
2025-09,WH-JKT01,LOT-0095,890666.6667,3.56801E+11
2025-09,WH-JKT01,LOT-0235,1584000,5.03237E+11
2025-09,WH-JKT01,LOT-0975,486000,1.80646E+11
2025-09,WH-JKT01,LOT-0112,744000,36604800000
2025-09,WH-JKT01,LOT-0320,3168000,1.09296E+12
2025-09,WH-JKT01,LOT-0845,522000,1.81291E+11
2025-09,WH-JKT01,LOT-0612,363000,1.40263E+11
2025-09,WH-JKT01,LOT-0088,920000,1.05708E+11
2025-09,WH-JKT01,LOT-0914,294000,48421800000
2025-09,WH-JKT01,LOT-0099,344000,1.61095E+11
2025-09,WH-JKT01,LOT-0417,3276000,1.70057E+12
2025-09,WH-JKT01,LOT-0064,1596000,1.97585E+11
2025-09,WH-JKT01,LOT-1051,130000,16393000000
2025-09,WH-JKT01,LOT-1105,1116000,4.50752E+11
2025-09,WH-JKT01,LOT-0065,173333.3333,20124000000
2025-09,WH-JKT01,LOT-1061,388000,63593200000
2025-09,WH-JKT01,LOT-0135,492000,1.13455E+11
2025-09,WH-JKT01,LOT-0931,41000,25780800000
2025-09,WH-JKT01,LOT-0327,140000,16184000000
2025-09,WH-JKT01,LOT-0824,108000,9201600000
2025-09,WH-JKT01,LOT-0308,363000,86357700000
2025-09,WH-JKT01,LOT-1083,432000,2.06107E+11
2025-09,WH-JKT01,LOT-0340,284000,30643600000
2025-09,WH-JKT01,LOT-0850,112000,34036800000
2025-09,WH-JKT01,LOT-1127,3624000,1.66595E+12
2025-09,WH-JKT01,LOT-0357,674666.6667,87301866667
2025-09,WH-JKT01,LOT-0607,692000,1.36255E+11
2025-09,WH-JKT01,LOT-0613,197333.3333,79702933333
2025-09,WH-JKT01,LOT-1079,408000,68054400000
2025-09,WH-JKT01,LOT-0669,1092000,2.02566E+11
2025-09,WH-JKT01,LOT-0062,178000,23941000000
2025-09,WH-JKT01,LOT-0040,390666.6667,1.04621E+11
2025-09,WH-JKT01,LOT-0938,53333.33333,29605333333
2025-09,WH-JKT01,LOT-0302,624000,1.32163E+11
2025-09,WH-JKT01,LOT-1058,118500,16874400000
2025-09,WH-JKT01,LOT-1040,789333.3333,90062933333
2025-09,WH-JKT01,LOT-1187,253333.3333,1.29099E+11
2025-09,WH-JKT01,LOT-0695,181000,32163700000
2025-09,WH-JKT01,LOT-1158,1637333.333,9.98446E+11
2025-09,WH-JKT01,LOT-0377,312000,1.1544E+11
2025-09,WH-JKT01,LOT-0957,168000,47796000000
2025-09,WH-JKT01,LOT-0565,1528000,6.1395E+11
2025-09,WH-JKT01,LOT-0182,2280000,4.98864E+11
2025-09,WH-JKT01,LOT-0859,306666.6667,67834666667
2025-09,WH-JKT01,LOT-1106,3456000,1.44357E+12
2025-09,WH-JKT01,LOT-0005,313500,41883600000
2025-09,WH-JKT01,LOT-0867,2178000,1.15804E+12
2025-09,WH-JKT01,LOT-0231,235000,70594000000
2025-09,WH-JKT01,LOT-0789,1170000,68913000000
2025-09,WH-JKT01,LOT-0226,681000,2.80981E+11
2025-09,WH-JKT01,LOT-0352,268000,29882000000
2025-09,WH-JKT01,LOT-0968,546000,2.23587E+11
2025-09,WH-JKT01,LOT-0832,1632000,4.08816E+11
2025-09,WH-JKT01,LOT-0803,199500,89296200000
2025-09,WH-JKT01,LOT-0272,87333.33333,28313466667
2025-09,WH-JKT01,LOT-0032,285333.3333,76155466667
2025-09,WH-JKT01,LOT-1142,1158000,2.89963E+11
2025-09,WH-JKT01,LOT-0068,4224000,5.28422E+11
2025-09,WH-JKT01,LOT-1087,336000,1.60944E+11
2025-09,WH-JKT01,LOT-0274,1125333.333,3.57631E+11
2025-09,WH-JKT01,LOT-0035,37333.33333,10569066667
2025-09,WH-SBY01,LOT-0610,168000,30458400000
2025-09,WH-SBY01,LOT-0102,368000,18105600000
2025-09,WH-SBY01,LOT-0956,584000,1.4892E+11
2025-09,WH-SBY01,LOT-0817,1196000,3.58441E+11
2025-09,WH-SBY01,LOT-0301,288000,73612800000
2025-09,WH-SBY01,LOT-0138,853333.3333,2.09323E+11
2025-09,WH-SBY01,LOT-0625,646000,2.5039E+11
2025-09,WH-SBY01,LOT-0465,1818000,5.72852E+11
2025-09,WH-SBY01,LOT-0070,109333.3333,13655733333
2025-09,WH-SBY01,LOT-0583,538000,2.49094E+11
2025-09,WH-SBY01,LOT-1156,112000,62350400000
2025-09,WH-SBY01,LOT-0145,408000,97593600000
2025-09,WH-SBY01,LOT-0446,132000,14031600000
2025-09,WH-SBY01,LOT-0616,163000,59592800000
2025-09,WH-SBY01,LOT-0243,156000,4383600000
2025-09,WH-SBY01,LOT-0035,842666.6667,1.97015E+11
2025-09,WH-SBY01,LOT-0419,429000,2.33591E+11
2025-09,WH-SBY01,LOT-1058,108000,13888800000
2025-09,WH-SBY01,LOT-1178,741333.3333,98226666667
2025-09,WH-SBY01,LOT-1016,70000,38409000000
2025-09,WH-SBY01,LOT-0659,996000,1.0219E+11
2025-09,WH-SBY01,LOT-0312,37333.33333,13615466667
2025-09,WH-SBY01,LOT-1114,1960000,7.58716E+11
2025-09,WH-SBY01,LOT-0963,352000,1.63856E+11
2025-09,WH-SBY01,LOT-0272,632000,2.03757E+11
2025-09,WH-SBY01,LOT-0068,1312000,1.65181E+11
2025-09,WH-SBY01,LOT-1107,1428000,5.75341E+11
2025-09,WH-SBY01,LOT-0891,1994666.667,2.96009E+11
2025-09,WH-SBY01,LOT-0671,720000,3.69072E+11
2025-09,WH-SBY01,LOT-0786,682000,34304600000
2025-09,WH-SBY01,LOT-0609,2520000,4.662E+11
2025-09,WH-SBY01,LOT-0328,30000,3498000000
2025-09,WH-SBY01,LOT-0278,1608000,5.32891E+11
2025-09,WH-SBY01,LOT-0608,180000,29484000000
2025-09,WH-SBY01,LOT-0024,126000,37081800000
2025-09,WH-SBY01,LOT-0675,1488000,8.08728E+11
2025-09,WH-SBY01,LOT-0310,90500,20380600000
2025-09,WH-SBY01,LOT-0114,2304000,1.0967E+11
2025-09,WH-SBY01,LOT-1063,3056000,5.59554E+11
2025-09,WH-SBY01,LOT-0375,901333.3333,3.49627E+11
2025-09,WH-SBY01,LOT-0479,708000,2.5226E+11
2025-09,WH-SBY01,LOT-0690,372000,1.03342E+11
2025-09,WH-SBY01,LOT-0476,820000,3.18652E+11
2025-09,WH-SBY01,LOT-0064,2112000,2.64422E+11
2025-09,WH-SBY01,LOT-1168,512000,19046400000
2025-09,WH-SBY01,LOT-0993,77333.33333,18861600000
2025-09,WH-SBY01,LOT-0874,1482000,5.41967E+11
2025-09,WH-SBY01,LOT-0877,450000,1.64925E+11
2025-09,WH-SBY01,LOT-0210,390000,1.82091E+11
2025-09,WH-SBY01,LOT-0535,66000,6949800000
2025-09,WH-SBY01,LOT-1145,896000,2.5993E+11
2025-09,WH-SBY01,LOT-0821,346666.6667,30541333333
2025-09,WH-SBY01,LOT-0257,14000,2760800000
2025-09,WH-SBY01,LOT-1165,704000,24640000000
2025-09,WH-SBY01,LOT-1117,553500,2.20348E+11
2025-09,WH-SBY01,LOT-0758,128000,39590400000
2025-09,WH-SBY01,LOT-0824,3372000,2.65039E+11
2025-09,WH-SBY01,LOT-1094,896000,78041600000
2025-09,WH-SBY01,LOT-0270,412000,1.88984E+11
2025-09,WH-SBY01,LOT-0009,2117333.333,3.05531E+11
2025-09,WH-SBY01,LOT-0175,8085333.333,4.15505E+12
2025-09,WH-SBY01,LOT-0971,3216000,1.28704E+12
2025-09,WH-SBY01,LOT-0747,1132000,2.70888E+11
2025-09,WH-SBY01,LOT-0504,1597500,1.17896E+11
2025-09,WH-SBY01,LOT-0006,1956000,2.84011E+11
2025-09,WH-SBY01,LOT-0919,2053333.333,2.93011E+11
2025-09,WH-SBY01,LOT-0837,2474666.667,5.70658E+11
2025-09,WH-SBY01,LOT-0838,29333.33333,6224533333
2025-09,WH-SBY01,LOT-0206,56333.33333,22544600000
2025-09,WH-SBY01,LOT-1078,965333.3333,1.6652E+11
2025-09,WH-SBY01,LOT-0882,1600000,7.1648E+11
2025-09,WH-SBY01,LOT-1172,912000,1.2841E+11
2025-09,WH-SBY01,LOT-0683,440000,1.23816E+11
2025-09,WH-SBY01,LOT-0984,1994666.667,7.07109E+11
2025-09,WH-SBY01,LOT-0314,997333.3333,3.43581E+11
2025-09,WH-SBY01,LOT-0595,285333.3333,97783733333
2025-09,WH-SBY01,LOT-0014,1632000,79152000000
2025-09,WH-SBY01,LOT-0635,650666.6667,1.4152E+11
2025-09,WH-SBY01,LOT-0508,45000,3037500000
2025-09,WH-SBY01,LOT-0630,264000,1.05494E+11
2025-09,WH-SBY01,LOT-1006,2370000,3.94842E+11
2025-09,WH-SBY01,LOT-0528,452000,1.37453E+11
2025-09,WH-SBY01,LOT-0247,526000,16200800000
2025-09,WH-SBY01,LOT-0335,104666.6667,11973866667
2025-09,WH-SBY01,LOT-0652,104000,9880000000
2025-09,WH-SBY01,LOT-0462,234000,79536600000
2025-09,WH-SBY01,LOT-0149,371000,85218700000
2025-09,WH-SBY01,LOT-0398,968000,64952800000
2025-09,WH-SBY01,LOT-0988,1124000,4.51848E+11
2025-09,WH-SBY01,LOT-0647,359000,1.04397E+11
2025-09,WH-SBY01,LOT-0829,596000,56083600000
2025-09,WH-SBY01,LOT-0199,360000,1.82268E+11
2025-09,WH-SBY01,LOT-0027,176500,55156250000
2025-09,WH-SBY01,LOT-0107,632000,36466400000
2025-09,WH-SBY01,LOT-1017,1584000,7.524E+11
2025-09,WH-SBY01,LOT-1004,792000,1.25849E+11
2025-09,WH-SBY01,LOT-0403,2304000,1.04671E+12
2025-09,WH-SBY01,LOT-0348,309333.3333,1.17639E+11
2025-09,WH-BDG01,LOT-0494,124000,11482400000
2025-09,WH-BDG01,LOT-0382,400000,1.2316E+11
2025-09,WH-BDG01,LOT-0245,277333.3333,7404800000
2025-09,WH-BDG01,LOT-0229,1113000,5.15319E+11
2025-09,WH-BDG01,LOT-0826,108000,8704800000
2025-09,WH-BDG01,LOT-0067,968000,1.14805E+11
2025-09,WH-BDG01,LOT-0605,2056000,4.07088E+11
2025-09,WH-BDG01,LOT-0932,2744000,1.50289E+12
2025-09,WH-BDG01,LOT-0326,144000,19440000000
2025-09,WH-BDG01,LOT-0301,818666.6667,2.08678E+11
2025-09,WH-BDG01,LOT-0038,9000,2261700000
2025-09,WH-BDG01,LOT-0643,2064000,5.91336E+11
2025-09,WH-BDG01,LOT-0463,1884000,5.54838E+11
2025-09,WH-BDG01,LOT-0964,402666.6667,1.92998E+11
2025-09,WH-BDG01,LOT-0015,640000,30464000000
2025-09,WH-BDG01,LOT-0975,544000,2.26467E+11
2025-09,WH-BDG01,LOT-0978,163500,68114100000
2025-09,WH-BDG01,LOT-0559,744000,91363200000
2025-09,WH-BDG01,LOT-0745,408000,93432000000
2025-09,WH-BDG01,LOT-0571,490666.6667,1.44943E+11
2025-09,WH-BDG01,LOT-0607,200000,39240000000
2025-09,WH-BDG01,LOT-0984,298000,1.18008E+11
2025-09,WH-BDG01,LOT-0117,832000,47840000000
2025-09,WH-BDG01,LOT-1090,453333.3333,2.12024E+11
2025-09,WH-BDG01,LOT-0282,1653333.333,5.15344E+11
2025-09,WH-BDG01,LOT-0403,3104000,1.35179E+12
2025-09,WH-BDG01,LOT-0164,1370666.667,69355733333
2025-09,WH-BDG01,LOT-0909,186000,50257200000
2025-09,WH-BDG01,LOT-0131,568000,1.30413E+11
2025-09,WH-BDG01,LOT-0593,500000,2.0775E+11
2025-09,WH-BDG01,LOT-0800,1141333.333,3.4571E+11
2025-09,WH-BDG01,LOT-0151,586666.6667,3.23723E+11
2025-09,WH-BDG01,LOT-1173,326000,44368600000
2025-09,WH-BDG01,LOT-0695,80000,14432000000
2025-09,WH-BDG01,LOT-0500,624000,56284800000
2025-09,WH-BDG01,LOT-1181,2656000,1.34287E+12
2025-09,WH-BDG01,LOT-0558,1173333.333,1.54763E+11
2025-09,WH-BDG01,LOT-0863,2261333.333,1.03411E+12
2025-09,WH-BDG01,LOT-0996,560000,1.28352E+11
2025-09,WH-BDG01,LOT-0794,296000,95104800000
2025-09,WH-BDG01,LOT-0836,1018666.667,2.10049E+11
2025-09,WH-BDG01,LOT-0271,1568000,6.08854E+11
2025-09,WH-BDG01,LOT-0835,941333.3333,1.93067E+11
2025-09,WH-BDG01,LOT-0369,460000,1.61598E+11
2025-09,WH-BDG01,LOT-0509,6016000,4.1751E+11
2025-09,WH-BDG01,LOT-0670,153000,28595700000
2025-09,WH-BDG01,LOT-0770,53000,3969700000
2025-09,WH-BDG01,LOT-0006,42666.66667,5452800000
2025-09,WH-BDG01,LOT-0476,230000,87607000000
2025-09,WH-BDG01,LOT-0028,1045333.333,2.80149E+11
2025-09,WH-BDG01,LOT-0283,360000,1.01268E+11
2025-09,WH-BDG01,LOT-0788,149333.3333,7645866667
2025-09,WH-BDG01,LOT-1095,2752000,2.25664E+11
2025-09,WH-BDG01,LOT-0617,196666.6667,71744000000
2025-09,WH-BDG01,LOT-0034,4416000,1.12343E+12
2025-09,WH-BDG01,LOT-0266,560000,2.54968E+11
2025-09,WH-BDG01,LOT-0766,384000,28108800000
2025-09,WH-BDG01,LOT-1138,1882666.667,1.07877E+12
2025-09,WH-BDG01,LOT-0919,960000,1.66368E+11
2025-09,WH-BDG01,LOT-0013,650666.6667,31427200000
2025-09,WH-BDG01,LOT-0443,336000,35078400000
2025-09,WH-BDG01,LOT-0796,45333.33333,15218400000
2025-09,WH-BDG01,LOT-1059,508000,60248800000
2025-09,WH-BDG01,LOT-0822,668000,63727200000
2025-09,WH-BDG01,LOT-0100,1765333.333,7.78689E+11
2025-09,WH-BDG01,LOT-0678,554666.6667,2.96747E+11
2025-09,WH-BDG01,LOT-0107,3465000,2.04782E+11
2025-09,WH-BDG01,LOT-0806,496000,2.0088E+11
2025-09,WH-BDG01,LOT-0485,228000,47150400000
2025-09,WH-BDG01,LOT-0086,609000,71313900000
2025-09,WH-BDG01,LOT-0812,576000,1.54483E+11
2025-09,WH-BDG01,LOT-0811,453333.3333,1.34549E+11
2025-09,WH-BDG01,LOT-0489,1548000,3.08826E+11
2025-09,WH-BDG01,LOT-0889,696000,3.30739E+11
2025-09,WH-BDG01,LOT-0018,828000,39744000000
2025-09,WH-BDG01,LOT-0760,64000,21132800000
2025-09,WH-BDG01,LOT-0091,325333.3333,1.27823E+11
2025-09,WH-BDG01,LOT-0265,1600000,7.6352E+11
2025-09,WH-BDG01,LOT-1088,1029333.333,4.65156E+11
2025-09,WH-BDG01,LOT-0180,329333.3333,1.9928E+11
2025-09,WH-BDG01,LOT-0879,50000,20605000000
2025-09,WH-BDG01,LOT-0545,780000,2.09508E+11
2025-09,WH-BDG01,LOT-0017,1998000,86913000000
2025-09,WH-BDG01,LOT-1117,800000,2.9312E+11
2025-09,WH-BDG01,LOT-0248,3338666.667,95485866667
2025-09,WH-BDG01,LOT-0023,680000,1.86932E+11
2025-09,WH-BDG01,LOT-0444,102000,10924200000
2025-09,WH-BDG01,LOT-0090,312000,35131200000
2025-09,WH-BDG01,LOT-0243,837333.3333,25706133333
2025-09,WH-BDG01,LOT-0338,301333.3333,36129866667
2025-09,WH-BDG01,LOT-0121,194666.6667,20829333333
2025-09,WH-BDG01,LOT-0486,282666.6667,56702933333
2025-09,WH-BDG01,LOT-0060,100000,14820000000
2025-09,WH-BDG01,LOT-0294,1168000,2.2227E+11
2025-09,WH-BDG01,LOT-0748,1352000,3.02307E+11
2025-09,WH-BDG01,LOT-0278,234666.6667,88680533333
2025-09,WH-BDG01,LOT-0048,320000,74912000000
2025-09,WH-BDG01,LOT-0538,616000,64002400000
2025-09,WH-BDG01,LOT-0324,822000,93625800000
2025-09,WH-BDG01,LOT-0410,988000,5.0556E+11
2025-09,WH-BDG01,LOT-0943,484500,2.89295E+11
2025-09,WH-BDG01,LOT-1165,57333.33333,1846133333
2025-09,WH-BDG01,LOT-0958,1482666.667,4.46134E+11
2025-09,WH-BDG01,LOT-0751,676000,2.11926E+11
2025-09,WH-BDG01,LOT-0474,148000,52480800000
2025-09,WH-SMG01,LOT-0045,329333.3333,83848266667
2025-09,WH-SMG01,LOT-1179,1024000,1.38342E+11
2025-09,WH-SMG01,LOT-0193,896000,4.91366E+11
2025-09,WH-SMG01,LOT-0515,75000,17887500000
2025-09,WH-SMG01,LOT-0001,8000,1132800000
2025-09,WH-SMG01,LOT-0134,2400000,6.048E+11
2025-09,WH-SMG01,LOT-0867,36000,19652400000
2025-09,WH-SMG01,LOT-0387,520000,1.52048E+11
2025-09,WH-SMG01,LOT-0467,204000,67034400000
2025-09,WH-SMG01,LOT-0359,688000,89302400000
2025-09,WH-SMG01,LOT-1058,219333.3333,30640866667
2025-09,WH-SMG01,LOT-0572,844000,2.67717E+11
2025-09,WH-SMG01,LOT-0601,417000,82774500000
2025-09,WH-SMG01,LOT-0284,756000,2.01852E+11
2025-09,WH-SMG01,LOT-0436,1589333.333,6.15231E+11
2025-09,WH-SMG01,LOT-0609,221333.3333,40968800000
2025-09,WH-SMG01,LOT-1014,167500,88456750000
2025-09,WH-SMG01,LOT-0145,154666.6667,38821333333
2025-09,WH-SMG01,LOT-1076,464000,91268800000
2025-09,WH-SMG01,LOT-0306,724000,1.78104E+11
2025-09,WH-SMG01,LOT-0019,2816000,1.33197E+11
2025-09,WH-SMG01,LOT-0990,199333.3333,80132000000
2025-09,WH-SMG01,LOT-0679,1957333.333,1.01214E+12
2025-09,WH-SMG01,LOT-0658,414666.6667,40969066667
2025-09,WH-SMG01,LOT-0173,2176000,1.26404E+12
2025-09,WH-SMG01,LOT-0673,732000,3.97549E+11
2025-09,WH-SMG01,LOT-0551,88000,10903200000
2025-09,WH-SMG01,LOT-0701,107333.3333,54933200000
2025-09,WH-SMG01,LOT-0260,1320000,2.11596E+11
2025-09,WH-SMG01,LOT-0797,794666.6667,2.68121E+11
2025-09,WH-SMG01,LOT-0118,343000,16807000000
2025-09,WH-SMG01,LOT-0907,290666.6667,86473333333
2025-09,WH-SMG01,LOT-0663,608000,1.10595E+11
2025-09,WH-SMG01,LOT-0894,560000,83944000000
2025-09,WH-SMG01,LOT-1165,629333.3333,23662933333
2025-09,WH-SMG01,LOT-0143,181333.3333,49050666667
2025-09,WH-SMG01,LOT-0414,448000,2.25299E+11
2025-09,WH-SMG01,LOT-1129,226666.6667,1.13515E+11
2025-09,WH-SMG01,LOT-0453,405333.3333,2.36958E+11
2025-09,WH-SMG01,LOT-0255,370666.6667,70463733333
2025-09,WH-SMG01,LOT-0061,114666.6667,14528266667
2025-09,WH-SMG01,LOT-0008,348000,44300400000
2025-09,WH-SMG01,LOT-0806,405333.3333,1.69713E+11
2025-09,WH-SMG01,LOT-0583,1898666.667,8.31426E+11
2025-09,WH-SMG01,LOT-0504,138666.6667,8375466667
2025-09,WH-SMG01,LOT-0438,168000,61353600000
2025-09,WH-SMG01,LOT-0317,156666.6667,54191000000
2025-09,WH-SMG01,LOT-0378,2896000,1.14363E+12
2025-09,WH-SMG01,LOT-0886,264000,1.14444E+11
2025-09,WH-SMG01,LOT-0309,137333.3333,34099866667
2025-09,WH-SMG01,LOT-0263,736000,3.33187E+11
2025-09,WH-SMG01,LOT-1010,426666.6667,73514666667
2025-09,WH-SMG01,LOT-0921,316000,77420000000
2025-09,WH-SMG01,LOT-0958,441333.3333,1.14482E+11
2025-09,WH-SMG01,LOT-0957,416000,1.2143E+11
2025-09,WH-SMG01,LOT-0448,2064000,2.05987E+11
2025-09,WH-SMG01,LOT-0418,1024000,5.07187E+11
2025-09,WH-SMG01,LOT-0155,1068000,5.81633E+11
2025-09,WH-SMG01,LOT-0849,1096000,3.34061E+11
2025-09,WH-SMG01,LOT-1037,186666.6667,19618666667
2025-09,WH-SMG01,LOT-0070,274000,34578800000
2025-09,WH-SMG01,LOT-0816,4044000,1.14445E+12
2025-09,WH-SMG01,LOT-0823,2076000,1.87463E+11
2025-09,WH-SMG01,LOT-0612,612000,2.13466E+11
2025-09,WH-SMG01,LOT-0980,544000,2.02531E+11
2025-09,WH-SMG01,LOT-0058,1086000,1.56927E+11
2025-09,WH-SMG01,LOT-0908,189500,49914300000
2025-09,WH-SMG01,LOT-0425,125000,17125000000
2025-09,WH-SMG01,LOT-1144,1776000,4.62826E+11
2025-09,WH-SMG01,LOT-0741,858666.6667,2.01701E+11
2025-09,WH-SMG01,LOT-0108,299000,16534700000
2025-09,WH-SMG01,LOT-0488,381333.3333,78249600000
2025-09,WH-SMG01,LOT-0776,1560000,3.98268E+11
2025-09,WH-SMG01,LOT-0071,714666.6667,3.89851E+11
2025-09,WH-SMG01,LOT-0687,116000,31088000000
2025-09,WH-SMG01,LOT-0642,786666.6667,2.35607E+11
2025-09,WH-SMG01,LOT-0348,541333.3333,1.99157E+11
2025-09,WH-SMG01,LOT-1032,352000,39811200000
2025-09,WH-SMG01,LOT-0624,24000,9511200000
2025-09,WH-SMG01,LOT-0278,2474666.667,8.13175E+11
2025-09,WH-SMG01,LOT-0590,828000,4.0928E+11
2025-09,WH-SMG01,LOT-0174,180000,1.09746E+11
2025-09,WH-SMG01,LOT-0077,280000,1.575E+11
2025-09,WH-SMG01,LOT-0969,308000,1.33118E+11
2025-09,WH-SMG01,LOT-0610,536000,95247200000
2025-09,WH-SMG01,LOT-0110,12000,595200000
2025-09,WH-SMG01,LOT-0271,1020000,3.50472E+11
2025-09,WH-SMG01,LOT-1016,672000,3.65635E+11
2025-09,WH-SMG01,LOT-0554,946666.6667,1.15304E+11
2025-09,WH-SMG01,LOT-0038,294000,74058600000
2025-09,WH-SMG01,LOT-0890,1840000,9.4116E+11
2025-09,WH-BKS01,LOT-0661,780000,1.56624E+11
2025-09,WH-BKS01,LOT-0672,1037333.333,5.85367E+11
2025-09,WH-BKS01,LOT-0735,105333.3333,65654266667
2025-09,WH-BKS01,LOT-1011,48000,25281600000
2025-09,WH-BKS01,LOT-0722,780000,2.29632E+11
2025-09,WH-BKS01,LOT-0205,634666.6667,2.77921E+11
2025-09,WH-BKS01,LOT-0353,936000,99122400000
2025-09,WH-BKS01,LOT-0522,236000,73254400000
2025-09,WH-BKS01,LOT-0964,2608000,1.21011E+12
2025-09,WH-BKS01,LOT-0883,168000,72878400000
2025-09,WH-BKS01,LOT-0563,150666.6667,53034666667
2025-09,WH-BKS01,LOT-0012,992000,48310400000
2025-09,WH-BKS01,LOT-0015,762666.6667,33557333333
2025-09,WH-BKS01,LOT-0108,108000,6220800000
2025-09,WH-BKS01,LOT-0792,306000,98042400000
2025-09,WH-BKS01,LOT-1073,736000,1.34246E+11
2025-09,WH-BKS01,LOT-0915,1053333.333,1.54419E+11
2025-09,WH-BKS01,LOT-0692,406500,70731000000
2025-09,WH-BKS01,LOT-1068,17333.33333,2960533333
2025-09,WH-BKS01,LOT-0850,3498666.667,1.06919E+12
2025-09,WH-BKS01,LOT-1088,645333.3333,2.56391E+11
2025-09,WH-BKS01,LOT-0272,2053333.333,7.18461E+11
2025-09,WH-BKS01,LOT-0597,1920000,7.21536E+11
2025-09,WH-BKS01,LOT-0118,2954666.667,1.52461E+11
2025-09,WH-BKS01,LOT-0732,1520000,8.79016E+11
2025-09,WH-BKS01,LOT-0147,189000,48780900000
2025-09,WH-BKS01,LOT-0784,117000,6353100000
2025-09,WH-BKS01,LOT-0723,148000,44444400000
2025-09,WH-BKS01,LOT-0523,474666.6667,1.45438E+11
2025-09,WH-BKS01,LOT-0666,458666.6667,81688533333
2025-09,WH-BKS01,LOT-0219,174000,41516400000
2025-09,WH-BKS01,LOT-0316,2000000,6.464E+11
2025-09,WH-BKS01,LOT-0359,420000,47586000000
2025-09,WH-BKS01,LOT-0526,999000,3.05894E+11
2025-09,WH-BKS01,LOT-0620,552000,2.20634E+11
2025-09,WH-BKS01,LOT-0533,292000,26951600000
2025-09,WH-BKS01,LOT-0141,586666.6667,1.36048E+11
2025-09,WH-BKS01,LOT-1050,504000,36892800000
2025-09,WH-BKS01,LOT-0968,485333.3333,2.34659E+11
2025-09,WH-BKS01,LOT-0607,896000,1.46496E+11
2025-09,WH-BKS01,LOT-0011,668000,30794800000
2025-09,WH-BKS01,LOT-0295,1140000,1.94142E+11
2025-09,WH-BKS01,LOT-0414,1292000,7.42642E+11
2025-09,WH-BKS01,LOT-0413,178000,96226800000
2025-09,WH-BKS01,LOT-1084,1338666.667,5.55814E+11
2025-09,WH-BKS01,LOT-0833,2152000,4.6268E+11
2025-09,WH-BKS01,LOT-1095,1856000,1.4848E+11
2025-09,WH-BKS01,LOT-0873,8000,3188000000
2025-09,WH-BKS01,LOT-0035,1176000,3.29398E+11
2025-09,WH-BKS01,LOT-0478,228000,88395600000
2025-09,WH-BKS01,LOT-0652,444000,44932800000
2025-09,WH-BKS01,LOT-0963,196000,83888000000
2025-09,WH-BKS01,LOT-0086,736000,86848000000
2025-09,WH-BKS01,LOT-0131,4224000,9.09427E+11
2025-09,WH-BKS01,LOT-0927,562000,1.47918E+11
2025-09,WH-BKS01,LOT-0041,465000,1.18343E+11
2025-09,WH-BKS01,LOT-0503,1066666.667,76800000000
2025-09,WH-BKS01,LOT-0837,1074000,2.49168E+11
2025-09,WH-BKS01,LOT-0398,289333.3333,19443200000
2025-09,WH-BKS01,LOT-0094,616000,2.86378E+11
2025-09,WH-BKS01,LOT-0611,586666.6667,2.45461E+11
2025-09,WH-BKS01,LOT-0549,333333.3333,76866666667
2025-09,WH-BKS01,LOT-0435,501333.3333,1.81533E+11
2025-09,WH-BKS01,LOT-0843,226000,74082800000
2025-09,WH-BKS01,LOT-0125,313333.3333,36660000000
2025-09,WH-BKS01,LOT-0356,1806000,1.91617E+11
2025-09,WH-BKS01,LOT-0093,246000,1.15423E+11
2025-09,WH-BKS01,LOT-0682,242000,62847400000
2025-09,WH-BKS01,LOT-0100,3576000,1.40751E+12
2025-09,WH-BKS01,LOT-1108,1468000,6.22726E+11
2025-09,WH-BKS01,LOT-1096,1580000,1.48678E+11
2025-09,WH-BKS01,LOT-0458,221333.3333,1.32512E+11
2025-09,WH-BKS01,LOT-0063,2220000,2.74392E+11
2025-09,WH-BKS01,LOT-0570,1765333.333,6.86715E+11
2025-09,WH-BKS01,LOT-0142,1856000,5.01677E+11
2025-09,WH-BKS01,LOT-0436,1184000,4.9361E+11
2025-09,WH-BKS01,LOT-0552,1242666.667,1.53718E+11
2025-09,WH-BKS01,LOT-1185,2920000,1.51168E+12
2025-09,WH-BKS01,LOT-0025,1956000,6.03426E+11
2025-09,WH-BKS01,LOT-1196,220000,62238000000
2025-09,WH-BKS01,LOT-0888,110000,48389000000
2025-09,WH-BKS01,LOT-0136,1092000,2.34343E+11
2025-09,WH-BKS01,LOT-0975,2264000,9.39334E+11
2025-09,WH-BKS01,LOT-0993,1893333.333,4.04416E+11
2025-09,WH-BKS01,LOT-1180,472000,67024000000
2025-09,WH-BKS01,LOT-0998,1446000,3.43136E+11
2025-09,WH-BKS01,LOT-0277,1110000,4.00266E+11
2025-09,WH-BKS01,LOT-0559,507000,61549800000
2025-09,WH-BKS01,LOT-0690,408000,1.07875E+11
2025-09,WH-BKS01,LOT-0314,636000,2.16812E+11
2025-09,WH-BKS01,LOT-1138,1685333.333,9.56258E+11
2025-09,WH-BKS01,LOT-0551,5216000,6.19661E+11
2025-09,WH-BKS01,LOT-0225,565333.3333,2.77805E+11
2025-09,WH-BKS01,LOT-0430,112000,16195200000
2025-09,WH-BKS01,LOT-0743,286000,67810600000
2025-09,WH-BKS01,LOT-0798,4586666.667,1.42233E+12
2025-09,WH-BKS01,LOT-0554,128000,16742400000
2025-09,WH-BKS01,LOT-1079,34666.66667,6434133333
2025-09,WH-BKS01,LOT-0027,1672000,4.4308E+11
2025-09,WH-BKS01,LOT-0612,756000,2.95898E+11
2025-09,WH-BKS01,LOT-0651,3765333.333,3.21559E+11
2025-09,WH-BKS01,LOT-0087,756000,89359200000
2025-09,WH-BKS01,LOT-0951,461333.3333,1.31618E+11
2025-09,WH-BKS01,LOT-0420,656000,3.84022E+11
2025-09,WH-BKS01,LOT-0725,2037333.333,5.32151E+11
2025-09,WH-TNG01,LOT-0205,185333.3333,78451600000
2025-09,WH-TNG01,LOT-0317,1976000,7.03456E+11
2025-09,WH-TNG01,LOT-1162,232500,7161000000
2025-09,WH-TNG01,LOT-1106,525333.3333,2.30674E+11
2025-09,WH-TNG01,LOT-1072,1600000,2.8112E+11
2025-09,WH-TNG01,LOT-0793,446000,1.61541E+11
2025-09,WH-TNG01,LOT-0202,8000,3135200000
2025-09,WH-TNG01,LOT-1047,154666.6667,11708266667
2025-09,WH-TNG01,LOT-0275,636000,2.16812E+11
2025-09,WH-TNG01,LOT-0055,1392000,2.32882E+11
2025-09,WH-TNG01,LOT-1001,2112000,3.44467E+11
2025-09,WH-TNG01,LOT-0015,173333.3333,7990666667
2025-09,WH-TNG01,LOT-0823,173333.3333,14716000000
2025-09,WH-TNG01,LOT-0795,5856000,2.10582E+12
2025-09,WH-TNG01,LOT-0076,1664000,1.00123E+12
2025-09,WH-TNG01,LOT-0243,2776000,75784800000
2025-09,WH-TNG01,LOT-0097,1030500,4.22299E+11
2025-09,WH-TNG01,LOT-0932,1413333.333,7.86237E+11
2025-09,WH-TNG01,LOT-0271,4656000,1.74507E+12
2025-09,WH-TNG01,LOT-0450,74000,7710800000
2025-09,WH-TNG01,LOT-0986,592000,2.25197E+11
2025-09,WH-TNG01,LOT-0301,266666.6667,59866666667
2025-09,WH-TNG01,LOT-1137,1544000,9.03858E+11
2025-09,WH-TNG01,LOT-0295,1829333.333,3.06596E+11
2025-09,WH-TNG01,LOT-0794,352000,1.28515E+11
2025-09,WH-TNG01,LOT-1134,1936000,9.81165E+11
2025-09,WH-TNG01,LOT-0474,421333.3333,1.44475E+11
2025-09,WH-TNG01,LOT-0459,1528000,8.33524E+11
2025-09,WH-TNG01,LOT-0563,2288000,8.70813E+11
2025-09,WH-TNG01,LOT-1048,1021333.333,67203733333
2025-09,WH-TNG01,LOT-0895,698666.6667,1.1549E+11
2025-09,WH-TNG01,LOT-0623,272000,90222400000
2025-09,WH-TNG01,LOT-0931,729000,4.50668E+11
2025-09,WH-TNG01,LOT-0095,1264000,5.24686E+11
2025-09,WH-TNG01,LOT-0497,536000,52474400000
2025-09,WH-TNG01,LOT-0648,490666.6667,1.31744E+11
2025-09,WH-TNG01,LOT-0091,95000,43215500000
2025-09,WH-TNG01,LOT-0862,241333.3333,1.29186E+11
2025-09,WH-TNG01,LOT-1006,894000,1.36693E+11
2025-09,WH-TNG01,LOT-0672,1800000,1.00728E+12
2025-09,WH-TNG01,LOT-0943,652000,3.55796E+11
2025-09,WH-TNG01,LOT-0848,2048000,7.36461E+11
2025-09,WH-TNG01,LOT-1063,951000,1.50258E+11
2025-09,WH-TNG01,LOT-0462,24666.66667,7523333333
2025-09,WH-TNG01,LOT-0392,1416000,83260800000
2025-09,WH-TNG01,LOT-0693,522000,1.03199E+11
2025-09,WH-TNG01,LOT-0726,234666.6667,67302400000
2025-09,WH-TNG01,LOT-0914,282666.6667,43954666667
2025-09,WH-TNG01,LOT-0028,574000,1.51823E+11
2025-09,WH-TNG01,LOT-0998,1208000,3.09248E+11
2025-09,WH-TNG01,LOT-0906,220000,58322000000
2025-09,WH-TNG01,LOT-0484,2370000,4.76607E+11
2025-09,WH-TNG01,LOT-0208,96666.66667,43161666667
2025-09,WH-TNG01,LOT-0350,3232000,1.32447E+12
2025-09,WH-TNG01,LOT-0447,34000,3539400000
2025-09,WH-TNG01,LOT-0206,135000,62113500000
2025-09,WH-TNG01,LOT-0662,327000,64680600000
2025-09,WH-TNG01,LOT-0675,470000,2.43554E+11
2025-09,WH-TNG01,LOT-0697,4572000,9.21258E+11
2025-09,WH-TNG01,LOT-0088,818666.6667,94474133333
2025-09,WH-TNG01,LOT-0652,138000,12944400000
2025-09,WH-TNG01,LOT-0902,405333.3333,1.17911E+11
2025-09,WH-TNG01,LOT-0068,256000,34483200000
2025-09,WH-TNG01,LOT-0733,2394000,1.47686E+12
2025-09,WH-TNG01,LOT-0261,1749333.333,7.4749E+11
2025-09,WH-TNG01,LOT-0192,329000,1.76377E+11
2025-09,WH-TNG01,LOT-1075,776000,1.24858E+11
2025-09,WH-TNG01,LOT-0980,1504000,6.37696E+11
2025-09,WH-TNG01,LOT-0456,1608000,9.40519E+11
2025-09,WH-TNG01,LOT-1058,300000,35880000000
2025-09,WH-TNG01,LOT-0561,67333.33333,26010866667
2025-09,WH-TNG01,LOT-0574,1258666.667,3.66398E+11
2025-09,WH-TNG01,LOT-0540,416000,44054400000
2025-09,WH-TNG01,LOT-0092,1302000,5.55043E+11
2025-09,WH-TNG01,LOT-0638,132000,26822400000
2025-09,WH-TNG01,LOT-0753,1320000,4.70976E+11
2025-09,WH-TNG01,LOT-1043,682666.6667,45124266667
2025-09,WH-TNG01,LOT-1101,21000,7715400000
2025-09,WH-TNG01,LOT-0429,560000,74648000000
2025-09,WH-TNG01,LOT-0215,2896000,7.57014E+11
2025-09,WH-TNG01,LOT-0157,189333.3333,99816533333
2025-09,WH-TNG01,LOT-0131,566000,1.20445E+11
2025-09,WH-TNG01,LOT-0632,1776000,4.22333E+11
2025-09,WH-TNG01,LOT-0990,884000,3.35478E+11
2025-09,WH-TNG01,LOT-0106,3520000,1.9008E+11
2025-09,WH-TNG01,LOT-0210,856000,3.87854E+11
2025-09,WH-TNG01,LOT-0313,424000,1.47849E+11
2025-09,WH-TNG01,LOT-0465,944000,2.98493E+11
2025-09,WH-TNG01,LOT-0661,688000,1.21088E+11
2025-09,WH-TNG01,LOT-0101,640000,33024000000
2025-09,WH-TNG01,LOT-0407,633000,2.73899E+11
2025-09,WH-TNG01,LOT-0821,826666.6667,65058666667
2025-09,WH-TNG01,LOT-1098,59333.33333,4764466667
2025-09,WH-TNG01,LOT-0910,1472000,3.75802E+11
2025-09,WH-TNG01,LOT-0234,1706666.667,5.38112E+11
2025-09,WH-TNG01,LOT-0665,504000,94449600000
2025-09,WH-TNG01,LOT-0806,729000,2.78405E+11
2025-09,WH-TNG01,LOT-1094,525333.3333,47857866667
2025-09,WH-TNG01,LOT-0153,325333.3333,1.69271E+11
2025-09,WH-TNG01,LOT-0077,87333.33333,48260400000
2025-09,WH-TNG01,LOT-1194,560000,1.54504E+11
2025-09,WH-TNG01,LOT-0897,208000,34278400000
2025-09,WH-TNG01,LOT-0923,3112000,7.94182E+11
2025-09,WH-TNG01,LOT-0915,2004000,3.10019E+11
2025-09,WH-TNG01,LOT-1102,424000,1.73543E+11
2025-09,WH-TNG01,LOT-0110,498666.6667,27476533333
2025-09,WH-TNG01,LOT-0292,453333.3333,81554666667
2025-09,WH-TNG01,LOT-0476,506000,1.97289E+11
2025-09,WH-TNG01,LOT-0620,1576000,6.4947E+11
2025-09,WH-TNG01,LOT-0547,556000,1.48063E+11
2025-09,WH-TNG01,LOT-0732,418666.6667,2.42031E+11
2025-09,WH-TNG01,LOT-0874,72000,27655200000
2025-09,WH-TNG01,LOT-1050,855000,57114000000
2025-09,WH-TNG01,LOT-0598,768000,3.05203E+11
2025-09,WH-BPR01,LOT-0704,227333.3333,1.00709E+11
2025-09,WH-BPR01,LOT-0131,1496000,3.20742E+11
2025-09,WH-BPR01,LOT-0427,556000,74837600000
2025-09,WH-BPR01,LOT-0556,3080000,3.50504E+11
2025-09,WH-BPR01,LOT-0591,140666.6667,47953266667
2025-09,WH-BPR01,LOT-0524,264000,75345600000
2025-09,WH-BPR01,LOT-1126,297000,1.55955E+11
2025-09,WH-BPR01,LOT-0818,2410666.667,7.38628E+11
2025-09,WH-BPR01,LOT-0986,2688000,1.0494E+12
2025-09,WH-BPR01,LOT-0289,1056000,3.36758E+11
2025-09,WH-BPR01,LOT-0370,42000,16216200000
2025-09,WH-BPR01,LOT-1093,225000,17887500000
2025-09,WH-BPR01,LOT-1098,256000,20019200000
2025-09,WH-BPR01,LOT-0469,918000,3.00645E+11
2025-09,WH-BPR01,LOT-1173,36000,4759200000
2025-09,WH-BPR01,LOT-0002,500000,59600000000
2025-09,WH-BPR01,LOT-0616,664000,2.32068E+11
2025-09,WH-BPR01,LOT-0961,2688000,1.24159E+12
2025-09,WH-BPR01,LOT-0494,392000,33045600000
2025-09,WH-BPR01,LOT-0479,212000,87640800000
2025-09,WH-BPR01,LOT-0136,420000,97398000000
2025-09,WH-BPR01,LOT-0518,352000,80924800000
2025-09,WH-BPR01,LOT-0740,2042666.667,1.15921E+12
2025-09,WH-BPR01,LOT-0566,280000,1.01668E+11
2025-09,WH-BPR01,LOT-0775,592000,1.38824E+11
2025-09,WH-BPR01,LOT-0172,336000,2.10974E+11
2025-09,WH-BPR01,LOT-0766,164000,13776000000
2025-09,WH-BPR01,LOT-0988,3660000,1.26673E+12
2025-09,WH-BPR01,LOT-0599,4140000,1.45852E+12
2025-09,WH-BPR01,LOT-1189,1560000,8.28828E+11
2025-09,WH-BPR01,LOT-0406,340000,1.4399E+11
2025-09,WH-BPR01,LOT-0305,1376000,3.36432E+11
2025-09,WH-BPR01,LOT-0733,1045333.333,5.34479E+11
2025-09,WH-BPR01,LOT-0191,114666.6667,58342400000
2025-09,WH-BPR01,LOT-0235,333000,92740500000
2025-09,WH-BPR01,LOT-0534,324000,30618000000
2025-09,WH-BPR01,LOT-0938,99666.66667,51956233333
2025-09,WH-BPR01,LOT-1078,242000,44503800000
2025-09,WH-BPR01,LOT-1059,509333.3333,61833066667
2025-09,WH-BPR01,LOT-0956,792000,2.42431E+11
2025-09,WH-BPR01,LOT-0649,42666.66667,12834133333
2025-09,WH-BPR01,LOT-0438,688000,2.54698E+11
2025-09,WH-BPR01,LOT-0275,829333.3333,2.78656E+11
2025-09,WH-BPR01,LOT-0017,143333.3333,7066333333
2025-09,WH-BPR01,LOT-0593,1400000,4.8762E+11
2025-09,WH-BPR01,LOT-0029,213333.3333,57920000000
2025-09,WH-BPR01,LOT-1195,1114666.667,3.02186E+11
2025-09,WH-BPR01,LOT-0660,314000,29892800000
2025-09,WH-BPR01,LOT-0585,896000,4.41907E+11
2025-09,WH-BPR01,LOT-0500,124000,10750800000
2025-09,WH-BPR01,LOT-0903,2136000,5.91886E+11
2025-09,WH-BPR01,LOT-1015,412000,2.0324E+11
2025-09,WH-BPR01,LOT-0892,6176000,9.09107E+11
2025-09,WH-BPR01,LOT-0871,606000,2.71064E+11
2025-09,WH-BPR01,LOT-0195,786000,4.29549E+11
2025-09,WH-BPR01,LOT-1053,2844000,3.80812E+11
2025-09,WH-BPR01,LOT-0398,370500,24934650000
2025-09,WH-BPR01,LOT-0107,172000,8875200000
2025-09,WH-BPR01,LOT-1083,1192000,5.2293E+11
2025-09,WH-BPR01,LOT-1029,216666.6667,1.05885E+11
2025-09,WH-BPR01,LOT-0106,1722666.667,92679466667
2025-09,WH-BPR01,LOT-0123,184500,20387250000
2025-09,WH-BPR01,LOT-0205,554666.6667,2.30908E+11
2025-09,WH-BPR01,LOT-0984,760000,3.1502E+11
2025-09,WH-BPR01,LOT-0499,70333.33333,6238566667
2025-09,WH-BPR01,LOT-0176,700000,4.0362E+11
2025-09,WH-BPR01,LOT-0640,101333.3333,21877866667
2025-09,WH-BPR01,LOT-0423,2112000,3.30528E+11
2025-09,WH-BPR01,LOT-1193,170000,46801000000
2025-09,WH-BPR01,LOT-0173,349333.3333,2.14386E+11
2025-09,WH-BPR01,LOT-0665,1418666.667,2.44578E+11
2025-09,WH-BPR01,LOT-0189,2616000,5.56685E+11
2025-09,WH-BPR01,LOT-0133,154666.6667,34645333333
2025-09,WH-BPR01,LOT-0513,64666.66667,14912133333
2025-09,WH-BPR01,LOT-0888,565333.3333,2.84815E+11
2025-09,WH-BPR01,LOT-1096,4344000,3.61421E+11
2025-09,WH-BPR01,LOT-0845,1216000,4.32774E+11
2025-09,WH-BPR01,LOT-0350,286000,1.22522E+11
2025-09,WH-BPR01,LOT-0213,1648000,3.85962E+11
2025-09,WH-BPR01,LOT-0031,1781333.333,4.81673E+11
2025-09,WH-BPR01,LOT-0996,267000,59274000000
2025-09,WH-BPR01,LOT-1124,402666.6667,2.0085E+11
2025-09,WH-BPR01,LOT-0159,1633500,9.16557E+11
2025-09,WH-BPR01,LOT-0935,420000,2.52168E+11
2025-09,WH-BPR01,LOT-0200,4764000,2.68118E+12
2025-09,WH-BPR01,LOT-0093,118666.6667,54206933333
2025-09,WH-BPR01,LOT-0831,996000,2.17925E+11
2025-09,WH-BPR01,LOT-1075,489333.3333,92092533333
2025-09,WH-BPR01,LOT-0656,203000,18879000000
2025-09,WH-BPR01,LOT-0867,102666.6667,48438133333
2025-09,WH-BPR01,LOT-0617,19000,7045200000
2025-09,WH-BPR01,LOT-0264,184000,74115200000
2025-09,WH-BPR01,LOT-0678,1274666.667,7.44405E+11
2025-09,WH-BPR01,LOT-0931,724000,4.49604E+11
2025-09,WH-BPR01,LOT-0109,280000,15932000000
2025-09,WH-BPR01,LOT-0833,2280000,5.69316E+11
2025-09,WH-BPR01,LOT-1123,680000,3.09944E+11
2025-09,WH-BPR01,LOT-0005,228000,28750800000
2025-09,WH-BPR01,LOT-0293,570000,96045000000
2025-09,WH-BPR01,LOT-0877,2328000,9.36787E+11
2025-09,WH-BPR01,LOT-1185,347000,1.92307E+11
2025-09,WH-MLG01,LOT-0208,1516000,6.65524E+11
2025-09,WH-MLG01,LOT-0806,788000,3.43095E+11
2025-09,WH-MLG01,LOT-1103,138666.6667,52013866667
2025-09,WH-MLG01,LOT-0302,576000,1.47398E+11
2025-09,WH-MLG01,LOT-0607,920000,1.6606E+11
2025-09,WH-MLG01,LOT-1159,460000,2.53874E+11
2025-09,WH-MLG01,LOT-0964,669333.3333,3.04145E+11
2025-09,WH-MLG01,LOT-0485,1173333.333,2.69984E+11
2025-09,WH-MLG01,LOT-1119,1160000,4.6052E+11
2025-09,WH-MLG01,LOT-0159,149333.3333,73352533333
2025-09,WH-MLG01,LOT-0851,293000,68005300000
2025-09,WH-MLG01,LOT-0197,954666.6667,5.02632E+11
2025-09,WH-MLG01,LOT-0726,251333.3333,65246133333
2025-09,WH-MLG01,LOT-0460,82000,49495200000
2025-09,WH-MLG01,LOT-1025,1028000,5.28598E+11
2025-09,WH-MLG01,LOT-0171,256000,1.32608E+11
2025-09,WH-MLG01,LOT-0807,532000,2.38762E+11
2025-09,WH-MLG01,LOT-1056,51000,6084300000
2025-09,WH-MLG01,LOT-0403,10000,5173000000
2025-09,WH-MLG01,LOT-0946,602000,3.4013E+11
2025-09,WH-MLG01,LOT-0182,921000,2.06304E+11
2025-09,WH-MLG01,LOT-0060,250666.6667,42036800000
2025-09,WH-MLG01,LOT-0502,77333.33333,5598933333
2025-09,WH-MLG01,LOT-0048,5440000,1.41712E+12
2025-09,WH-MLG01,LOT-1019,1392000,7.81886E+11
2025-09,WH-MLG01,LOT-0427,64000,8563200000
2025-09,WH-MLG01,LOT-0971,1168000,5.1392E+11
2025-09,WH-MLG01,LOT-0268,290666.6667,1.35567E+11
2025-09,WH-MLG01,LOT-0778,86666.66667,20895333333
2025-09,WH-MLG01,LOT-0121,1273500,1.60461E+11
2025-09,WH-MLG01,LOT-0966,2322000,1.12129E+12
2025-09,WH-MLG01,LOT-0341,322000,1.2938E+11
2025-09,WH-MLG01,LOT-0009,1048000,1.32362E+11
2025-09,WH-MLG01,LOT-0196,603000,3.65961E+11
2025-09,WH-MLG01,LOT-0561,266000,98021000000
2025-09,WH-MLG01,LOT-1099,348000,32224800000
2025-09,WH-MLG01,LOT-0868,1845333.333,9.00523E+11
2025-09,WH-MLG01,LOT-0988,138000,56014200000
2025-09,WH-MLG01,LOT-1135,210000,1.06008E+11
2025-09,WH-MLG01,LOT-0040,70666.66667,16811600000
2025-09,WH-MLG01,LOT-1139,48000,26870400000
2025-09,WH-MLG01,LOT-0287,392000,1.26812E+11
2025-09,WH-MLG01,LOT-0792,72000,23731200000
2025-09,WH-MLG01,LOT-0564,614000,2.21163E+11
2025-09,WH-MLG01,LOT-1176,754666.6667,99314133333
2025-09,WH-MLG01,LOT-0426,30000,4170000000
2025-09,WH-MLG01,LOT-0242,251000,6777000000
2025-09,WH-MLG01,LOT-0270,121333.3333,56929600000
2025-09,WH-MLG01,LOT-0251,516000,84727200000
2025-09,WH-MLG01,LOT-0585,394666.6667,1.94255E+11
2025-09,WH-MLG01,LOT-0816,36666.66667,10596666667
2025-09,WH-MLG01,LOT-0610,1467000,2.90026E+11
2025-09,WH-MLG01,LOT-0906,78000,24226800000
2025-09,WH-MLG01,LOT-0813,426666.6667,1.31541E+11
2025-09,WH-MLG01,LOT-0377,694000,2.67815E+11
2025-09,WH-MLG01,LOT-0663,696000,1.45325E+11
2025-09,WH-MLG01,LOT-0570,813000,3.23493E+11
2025-09,WH-MLG01,LOT-0296,7253333.333,1.15763E+12
2025-09,WH-MLG01,LOT-1185,208000,1.04333E+11
2025-09,WH-MLG01,LOT-0337,1668000,1.86983E+11
2025-09,WH-MLG01,LOT-0796,874666.6667,2.76919E+11
2025-09,WH-MLG01,LOT-0608,197333.3333,38894400000
2025-09,WH-MLG01,LOT-0706,1925333.333,8.29434E+11
2025-09,WH-MLG01,LOT-0831,5056000,1.08755E+12
2025-09,WH-MLG01,LOT-0421,456000,65527200000
2025-09,WH-MLG01,LOT-0392,177333.3333,11296133333
2025-09,WH-MLG01,LOT-0223,1061333.333,4.66881E+11
2025-09,WH-MLG01,LOT-0943,1194666.667,6.10714E+11
2025-09,WH-MLG01,LOT-0285,164000,45493600000
2025-09,WH-MLG01,LOT-1199,720000,1.8396E+11
2025-09,WH-MLG01,LOT-0616,1986000,7.62028E+11
2025-09,WH-MLG01,LOT-0024,638000,2.03841E+11
2025-09,WH-MLG01,LOT-0441,3637333.333,4.00107E+11
2025-09,WH-MLG01,LOT-0810,201000,87997800000
2025-09,WH-MLG01,LOT-1173,226500,28425750000
2025-09,WH-MLG01,LOT-0538,1776000,1.65701E+11
2025-09,WH-MLG01,LOT-1036,732000,78324000000
2025-09,WH-MLG01,LOT-0164,29000,1305000000
2025-09,WH-MLG01,LOT-0225,756000,3.17066E+11
2025-09,WH-MLG01,LOT-0372,234666.6667,79059200000
2025-09,WH-MLG01,LOT-0848,62000,20057000000
2025-09,WH-MLG01,LOT-0785,458666.6667,24492800000
2025-09,WH-MLG01,LOT-0599,914666.6667,3.22969E+11
2025-09,WH-MLG01,LOT-1162,624000,20904000000
2025-09,WH-MLG01,LOT-0840,268000,65418800000
2025-09,WH-MLG01,LOT-0925,354000,86623800000
2025-09,WH-MLG01,LOT-0053,340000,50252000000
2025-09,WH-MLG01,LOT-0844,680000,2.23992E+11
2025-09,WH-MLG01,LOT-1128,164000,85034000000
2025-09,WH-MLG01,LOT-0448,72000,6638400000
2025-09,WH-MLG01,LOT-0674,509333.3333,2.63682E+11
2025-09,WH-MLG01,LOT-0452,994666.6667,5.93717E+11
2025-09,WH-MLG01,LOT-0228,244666.6667,1.11715E+11
2025-09,WH-MLG01,LOT-0068,4512000,5.64451E+11
2025-09,WH-MLG01,LOT-0215,2552000,5.77518E+11
2025-09,WH-MLG01,LOT-0798,2192000,7.88024E+11
2025-09,WH-MLG01,LOT-0221,501333.3333,2.26903E+11
2025-09,WH-MLG01,LOT-0348,1674666.667,6.28502E+11
2025-09,WH-MLG01,LOT-0717,197333.3333,85287466667
2025-09,WH-MLG01,LOT-1170,2799000,90127800000
2025-09,WH-MLG01,LOT-0057,362666.6667,51861333333
2025-09,WH-MLG01,LOT-0233,29500,8826400000
2025-09,WH-MLG01,LOT-0822,1467000,1.33644E+11
2025-09,WH-MLG01,LOT-0506,954666.6667,63485333333
2025-09,WH-MLG01,LOT-1163,274500,10266300000
2025-09,WH-MLG01,LOT-0558,105000,11980500000
2025-09,WH-SLO01,LOT-1034,340000,38556000000
2025-09,WH-SLO01,LOT-0607,50000,9260000000
2025-09,WH-SLO01,LOT-0299,363000,63779100000
2025-09,WH-SLO01,LOT-0378,152000,50175200000
2025-09,WH-SLO01,LOT-0919,749333.3333,1.0678E+11
2025-09,WH-SLO01,LOT-0177,112000,57344000000
2025-09,WH-SLO01,LOT-0934,842666.6667,4.39366E+11
2025-09,WH-SLO01,LOT-0320,684000,2.60467E+11
2025-09,WH-SLO01,LOT-0799,2952000,1.06685E+12
2025-09,WH-SLO01,LOT-0828,258000,21594600000
2025-09,WH-SLO01,LOT-0273,3392000,1.15972E+12
2025-09,WH-SLO01,LOT-0741,3144000,6.85078E+11
2025-09,WH-SLO01,LOT-0830,2106666.667,1.84544E+11
2025-09,WH-SLO01,LOT-0752,106000,39198800000
2025-09,WH-SLO01,LOT-0054,139000,21072400000
2025-09,WH-SLO01,LOT-0531,2312000,2.28426E+11
2025-09,WH-SLO01,LOT-0784,474000,24505800000
2025-09,WH-SLO01,LOT-0017,1738666.667,76153600000
2025-09,WH-SLO01,LOT-0976,30666.66667,11751466667
2025-09,WH-SLO01,LOT-0047,5328000,1.28352E+12
2025-09,WH-SLO01,LOT-0088,1156000,1.36408E+11
2025-09,WH-SLO01,LOT-0170,357000,15850800000
2025-09,WH-SLO01,LOT-0603,314666.6667,60164266667
2025-09,WH-SLO01,LOT-0563,690666.6667,2.99197E+11
2025-09,WH-SLO01,LOT-0228,2328000,1.10254E+12
2025-09,WH-SLO01,LOT-0456,204000,1.18524E+11
2025-09,WH-SLO01,LOT-0011,80666.66667,3799400000
2025-09,WH-SLO01,LOT-0775,304000,79100800000
2025-09,WH-SLO01,LOT-1043,1845333.333,1.1847E+11
2025-09,WH-SLO01,LOT-0863,1258666.667,6.84589E+11
2025-09,WH-SLO01,LOT-0369,1288000,5.02449E+11
2025-09,WH-SLO01,LOT-0534,496000,49352000000
2025-09,WH-SLO01,LOT-0083,169333.3333,19574933333
2025-09,WH-SLO01,LOT-1049,844000,59755200000
2025-09,WH-SLO01,LOT-0912,32000,4883200000
2025-09,WH-SLO01,LOT-0211,174000,41777400000
2025-09,WH-SLO01,LOT-0008,362000,51983200000
2025-09,WH-SLO01,LOT-0844,520000,1.74772E+11
2025-09,WH-SLO01,LOT-0838,322000,76797000000
2025-09,WH-SLO01,LOT-1109,15000,6027000000
2025-09,WH-SLO01,LOT-0121,588000,62622000000
2025-09,WH-SLO01,LOT-0557,509333.3333,55415466667
2025-09,WH-SLO01,LOT-0206,1168000,5.14621E+11
2025-09,WH-SLO01,LOT-0996,600000,1.4394E+11
2025-09,WH-SLO01,LOT-0278,30000,11055000000
2025-09,WH-SLO01,LOT-1099,752000,69635200000
2025-09,WH-SLO01,LOT-0289,361333.3333,1.08472E+11
2025-09,WH-SLO01,LOT-0016,566000,26488800000
2025-09,WH-SLO01,LOT-0967,396000,1.58281E+11
2025-09,WH-SLO01,LOT-0835,116000,25937600000
2025-09,WH-SLO01,LOT-0346,1760000,6.864E+11
2025-09,WH-SLO01,LOT-0394,248000,16095200000
2025-09,WH-SLO01,LOT-1028,384000,1.88122E+11
2025-09,WH-SLO01,LOT-0250,72000,1936800000
2025-09,WH-SLO01,LOT-0720,1002000,3.63626E+11
2025-09,WH-SLO01,LOT-0331,1302000,1.34627E+11
2025-09,WH-SLO01,LOT-0287,634666.6667,1.83101E+11
2025-09,WH-SLO01,LOT-0470,1552000,4.35646E+11
2025-09,WH-SLO01,LOT-0293,610000,1.15595E+11
2025-09,WH-SLO01,LOT-1131,272000,1.35157E+11
2025-09,WH-SLO01,LOT-0304,1248000,2.98771E+11
2025-09,WH-SLO01,LOT-0371,1068000,3.64829E+11
2025-09,WH-SLO01,LOT-0359,1500000,1.8495E+11
2025-09,WH-SLO01,LOT-1139,640000,3.52384E+11
2025-09,WH-SLO01,LOT-0318,885333.3333,3.17746E+11
2025-09,WH-SLO01,LOT-0582,2218666.667,9.86419E+11
2025-09,WH-SLO01,LOT-0027,954000,2.74943E+11
2025-09,WH-SLO01,LOT-1098,1386666.667,1.27573E+11
2025-09,WH-SLO01,LOT-0569,388000,1.46936E+11
2025-09,WH-SLO01,LOT-0965,48000,21254400000
2025-09,WH-SLO01,LOT-0670,1400000,2.4836E+11
2025-09,WH-SLO01,LOT-0319,256666.6667,83160000000
2025-09,WH-SLO01,LOT-1078,798000,1.32707E+11
2025-09,WH-SLO01,LOT-0395,424000,27856800000
2025-09,WH-SLO01,LOT-0734,794000,4.04543E+11
2025-09,WH-SLO01,LOT-0609,720000,1.29384E+11
2025-09,WH-SLO01,LOT-0066,621000,73029600000
2025-09,WH-SLO01,LOT-0003,1492000,1.90081E+11
2025-09,WH-SLO01,LOT-0559,524000,69639600000
2025-09,WH-SLO01,LOT-0189,624000,1.38029E+11
2025-09,WH-SLO01,LOT-0080,344000,1.91918E+11
2025-09,WH-SLO01,LOT-1136,664000,3.53912E+11
2025-09,WH-SLO01,LOT-0549,304000,82809600000
2025-09,WH-SLO01,LOT-0927,1608000,3.94121E+11
2025-09,WH-SLO01,LOT-0238,4160000,1.23718E+12
2025-09,WH-SLO01,LOT-0468,528000,1.46362E+11
2025-09,WH-SLO01,LOT-0764,294000,21285600000
2025-09,WH-SLO01,LOT-0209,1888000,7.39152E+11
2025-09,WH-SLO01,LOT-0237,526666.6667,1.45255E+11
2025-09,WH-SLO01,LOT-0505,1023000,63835200000
2025-09,WH-SLO01,LOT-0711,178000,72428200000
2025-09,WH-SLO01,LOT-0061,308000,36621200000
2025-09,WH-SLO01,LOT-0644,708000,2.15161E+11
2025-09,WH-SLO01,LOT-0398,169000,11407500000
2025-09,WH-SLO01,LOT-0653,304000,28454400000
2025-09,WH-SLO01,LOT-0908,240000,61032000000
2025-09,WH-SLO01,LOT-0338,90000,11052000000
2025-09,WH-SLO01,LOT-1087,304000,1.34915E+11
2025-09,WH-SLO01,LOT-0269,546666.6667,2.21564E+11
2025-09,WH-SLO01,LOT-0895,2864000,4.76856E+11
2025-09,WH-SLO01,LOT-0593,102000,38097000000
2025-09,WH-SLO01,LOT-0241,660000,19404000000
2025-09,WH-SLO01,LOT-0737,170000,98124000000
2025-09,WH-YOG01,LOT-0055,346666.6667,54357333333
2025-09,WH-YOG01,LOT-0619,1532000,5.40796E+11
2025-09,WH-YOG01,LOT-0179,156000,97094400000
2025-09,WH-YOG01,LOT-0835,1110000,2.37873E+11
2025-09,WH-YOG01,LOT-0951,319000,92829000000
2025-09,WH-YOG01,LOT-1110,77333.33333,33500800000
2025-09,WH-YOG01,LOT-0363,2088000,7.69637E+11
2025-09,WH-YOG01,LOT-0245,780000,22620000000
2025-09,WH-YOG01,LOT-0736,1173333.333,6.92736E+11
2025-09,WH-YOG01,LOT-0494,716000,59213200000
2025-09,WH-YOG01,LOT-0361,190000,73131000000
2025-09,WH-YOG01,LOT-0832,5376000,1.33379E+12
2025-09,WH-YOG01,LOT-0784,4672000,2.29862E+11
2025-09,WH-YOG01,LOT-0430,24000,3672000000
2025-09,WH-YOG01,LOT-0973,1032000,4.29312E+11
2025-09,WH-YOG01,LOT-0011,726000,35574000000
2025-09,WH-YOG01,LOT-0812,166000,47625400000
2025-09,WH-YOG01,LOT-0454,568000,3.29213E+11
2025-09,WH-YOG01,LOT-0259,1994666.667,3.65622E+11
2025-09,WH-YOG01,LOT-0727,672000,1.77274E+11
2025-09,WH-YOG01,LOT-0068,26666.66667,3389333333
2025-09,WH-YOG01,LOT-0442,2460000,2.44278E+11
2025-09,WH-YOG01,LOT-0249,1520000,46512000000
2025-09,WH-YOG01,LOT-0473,462000,1.55971E+11
2025-09,WH-YOG01,LOT-0322,1744000,2.28464E+11
2025-09,WH-YOG01,LOT-1025,1312000,6.5049E+11
2025-09,WH-YOG01,LOT-0093,469333.3333,1.92849E+11
2025-09,WH-YOG01,LOT-1089,54666.66667,22227466667
2025-09,WH-YOG01,LOT-0734,126500,65830600000
2025-09,WH-YOG01,LOT-0016,249333.3333,12067733333
2025-09,WH-YOG01,LOT-0379,54666.66667,21101333333
2025-09,WH-YOG01,LOT-0310,1584000,3.93466E+11
2025-09,WH-YOG01,LOT-0857,179333.3333,43147600000
2025-09,WH-YOG01,LOT-0196,168000,93290400000
2025-09,WH-YOG01,LOT-1199,434000,1.15661E+11
2025-09,WH-YOG01,LOT-0100,259000,1.0259E+11
2025-09,WH-YOG01,LOT-0218,604000,1.53899E+11
2025-09,WH-YOG01,LOT-1181,3780000,1.97959E+12
2025-09,WH-YOG01,LOT-0491,48000,3955200000
2025-09,WH-YOG01,LOT-0499,774000,66796200000
2025-09,WH-YOG01,LOT-0434,118000,48840200000
2025-09,WH-YOG01,LOT-0766,195000,15405000000
2025-09,WH-YOG01,LOT-0463,1680000,5.25672E+11
2025-09,WH-YOG01,LOT-1003,2888000,4.21648E+11
2025-09,WH-YOG01,LOT-0998,43000,10608100000
2025-09,WH-YOG01,LOT-0174,84000,44856000000
2025-09,WH-YOG01,LOT-0127,2192000,2.466E+11
2025-09,WH-YOG01,LOT-0005,622000,84903000000
2025-09,WH-YOG01,LOT-0120,698666.6667,39195200000
2025-09,WH-YOG01,LOT-0045,1194000,2.93724E+11
2025-09,WH-YOG01,LOT-0377,552000,2.17322E+11
2025-09,WH-YOG01,LOT-1192,3128000,9.72182E+11
2025-09,WH-YOG01,LOT-0700,1480000,2.56188E+11
2025-09,WH-YOG01,LOT-0882,341333.3333,1.65547E+11
2025-09,WH-YOG01,LOT-0204,288000,1.32106E+11
2025-09,WH-YOG01,LOT-0772,1036000,2.50194E+11
2025-09,WH-YOG01,LOT-0300,888000,1.41192E+11
2025-09,WH-YOG01,LOT-0378,358000,1.38904E+11
2025-09,WH-YOG01,LOT-0698,546000,92055600000
2025-09,WH-YOG01,LOT-0576,70666.66667,18988133333
2025-09,WH-YOG01,LOT-1009,1546666.667,2.52571E+11
2025-09,WH-YOG01,LOT-0132,240000,60288000000
2025-09,WH-YOG01,LOT-1053,246666.6667,29822000000
2025-09,WH-YOG01,LOT-0755,597333.3333,1.98016E+11
2025-09,WH-YOG01,LOT-0725,198000,55796400000
2025-09,WH-YOG01,LOT-0634,468000,1.14566E+11
2025-09,WH-YOG01,LOT-0006,579000,69422100000
2025-09,WH-YOG01,LOT-0921,624000,1.638E+11
2025-09,WH-YOG01,LOT-1187,1184000,6.20653E+11
2025-09,WH-YOG01,LOT-0293,965333.3333,1.58797E+11
2025-09,WH-YOG01,LOT-0465,528000,1.62624E+11
2025-09,WH-YOG01,LOT-0001,512000,70041600000
2025-09,WH-YOG01,LOT-0586,330000,1.67178E+11
2025-09,WH-YOG01,LOT-0705,202000,97848800000
2025-09,WH-YOG01,LOT-0445,2293333.333,2.17179E+11
2025-09,WH-YOG01,LOT-0280,2760000,9.80352E+11
2025-09,WH-YOG01,LOT-0480,153000,56518200000
2025-09,WH-YOG01,LOT-0170,534000,25151400000
2025-09,WH-YOG01,LOT-0789,900000,46530000000
2025-09,WH-YOG01,LOT-0960,579000,1.72947E+11
2025-09,WH-YOG01,LOT-0954,48000,12859200000
2025-09,WH-YOG01,LOT-1095,2600000,2.054E+11
2025-09,WH-YOG01,LOT-0155,18666.66667,10539200000
2025-09,WH-YOG01,LOT-0584,1605333.333,6.87564E+11
2025-09,WH-YOG01,LOT-0679,295000,1.57294E+11
2025-09,WH-YOG01,LOT-0594,2144000,8.16435E+11
2025-09,WH-YOG01,LOT-0904,1866666.667,5.6448E+11
2025-09,WH-YOG01,LOT-0590,416000,2.06211E+11
2025-10,WH-JKT01,LOT-0864,368000,1.8297E+11
2025-10,WH-JKT01,LOT-0259,402000,75937800000
2025-10,WH-JKT01,LOT-0917,2264000,3.36657E+11
2025-10,WH-JKT01,LOT-0856,3120000,6.7392E+11
2025-10,WH-JKT01,LOT-1009,472000,77172000000
2025-10,WH-JKT01,LOT-0368,400000,1.34E+11
2025-10,WH-JKT01,LOT-0474,1060000,3.69834E+11
2025-10,WH-JKT01,LOT-0655,7637333.333,7.17146E+11
2025-10,WH-JKT01,LOT-0045,848000,2.03774E+11
2025-10,WH-JKT01,LOT-0903,510666.6667,1.47787E+11
2025-10,WH-JKT01,LOT-1197,482666.6667,1.28196E+11
2025-10,WH-JKT01,LOT-0442,6000,642600000
2025-10,WH-JKT01,LOT-0528,442666.6667,1.40015E+11
2025-10,WH-JKT01,LOT-0552,840000,1.11132E+11
2025-10,WH-JKT01,LOT-0284,1816000,5.75309E+11
2025-10,WH-JKT01,LOT-0150,6634666.667,1.52995E+12
2025-10,WH-JKT01,LOT-0269,3114666.667,1.49037E+12
2025-10,WH-JKT01,LOT-1179,438000,56370600000
2025-10,WH-JKT01,LOT-0226,989333.3333,4.86851E+11
2025-10,WH-JKT01,LOT-0617,504000,2.08404E+11
2025-10,WH-JKT01,LOT-0896,158000,24379400000
2025-10,WH-JKT01,LOT-0761,1552000,1.27574E+11
2025-10,WH-JKT01,LOT-0009,156000,22370400000
2025-10,WH-JKT01,LOT-0382,1226666.667,3.34635E+11
2025-10,WH-JKT01,LOT-0302,2034000,5.20094E+11
2025-10,WH-JKT01,LOT-0402,80000,34272000000
2025-10,WH-JKT01,LOT-0600,174000,62901000000
2025-10,WH-JKT01,LOT-1011,61000,31476000000
2025-10,WH-JKT01,LOT-0946,828000,4.73616E+11
2025-10,WH-JKT01,LOT-1127,1957333.333,9.65161E+11
2025-10,WH-JKT01,LOT-0013,843000,43245900000
2025-10,WH-JKT01,LOT-0588,1840000,9.36008E+11
2025-10,WH-JKT01,LOT-0707,4560000,2.1619E+12
2025-10,WH-JKT01,LOT-1010,442666.6667,73571200000
2025-10,WH-JKT01,LOT-1162,508000,15697200000
2025-10,WH-JKT01,LOT-0950,720000,4.05432E+11
2025-10,WH-JKT01,LOT-0281,72000,20167200000
2025-10,WH-JKT01,LOT-0766,2304000,1.69805E+11
2025-10,WH-JKT01,LOT-0239,976000,2.80795E+11
2025-10,WH-JKT01,LOT-1065,1060000,1.76172E+11
2025-10,WH-JKT01,LOT-0597,2136000,7.58921E+11
2025-10,WH-JKT01,LOT-0107,928000,46956800000
2025-10,WH-JKT01,LOT-0940,2632000,1.54656E+12
2025-10,WH-JKT01,LOT-0050,145000,34959500000
2025-10,WH-JKT01,LOT-0417,928000,5.03626E+11
2025-10,WH-JKT01,LOT-0472,956000,3.45116E+11
2025-10,WH-JKT01,LOT-1085,394500,1.55039E+11
2025-10,WH-JKT01,LOT-0275,208000,75628800000
2025-10,WH-JKT01,LOT-0192,132000,67003200000
2025-10,WH-JKT01,LOT-0928,1266000,3.34351E+11
2025-10,WH-JKT01,LOT-1138,1336000,7.00465E+11
2025-10,WH-JKT01,LOT-0295,468000,75067200000
2025-10,WH-JKT01,LOT-0498,470000,43287000000
2025-10,WH-JKT01,LOT-0396,69000,4133100000
2025-10,WH-JKT01,LOT-0911,948000,1.35754E+11
2025-10,WH-JKT01,LOT-0320,964000,3.58608E+11
2025-10,WH-JKT01,LOT-0115,909333.3333,43557066667
2025-10,WH-JKT01,LOT-1163,420000,14448000000
2025-10,WH-JKT01,LOT-0553,3492000,4.37548E+11
2025-10,WH-JKT01,LOT-0649,436000,1.22996E+11
2025-10,WH-JKT01,LOT-0132,114000,26493600000
2025-10,WH-JKT01,LOT-0809,708000,2.84333E+11
2025-10,WH-JKT01,LOT-1000,1632000,3.7993E+11
2025-10,WH-JKT01,LOT-0820,1434666.667,4.48477E+11
2025-10,WH-JKT01,LOT-0912,661333.3333,95761066667
2025-10,WH-JKT01,LOT-0025,4752000,1.37285E+12
2025-10,WH-JKT01,LOT-0810,538666.6667,2.19722E+11
2025-10,WH-JKT01,LOT-0404,1354500,6.68581E+11
2025-10,WH-JKT01,LOT-0834,180666.6667,38771066667
2025-10,WH-JKT01,LOT-0450,848000,78524800000
2025-10,WH-JKT01,LOT-0288,304000,88798400000
2025-10,WH-JKT01,LOT-1066,104000,18709600000
2025-10,WH-JKT01,LOT-0874,152000,59903200000
2025-10,WH-JKT01,LOT-0411,558000,2.85529E+11
2025-10,WH-JKT01,LOT-0232,612000,1.70381E+11
2025-10,WH-JKT01,LOT-0138,334000,79325000000
2025-10,WH-JKT01,LOT-0311,1224000,4.15303E+11
2025-10,WH-JKT01,LOT-0056,2752000,4.30963E+11
2025-10,WH-JKT01,LOT-0101,864000,47260800000
2025-10,WH-JKT01,LOT-1061,174666.6667,29186800000
2025-10,WH-JKT01,LOT-0599,508000,2.11785E+11
2025-10,WH-JKT01,LOT-1031,1605333.333,1.85898E+11
2025-10,WH-JKT01,LOT-0550,3192000,8.41411E+11
2025-10,WH-SBY01,LOT-0579,1020000,2.8152E+11
2025-10,WH-SBY01,LOT-0327,1877333.333,2.52501E+11
2025-10,WH-SBY01,LOT-0795,976000,3.38867E+11
2025-10,WH-SBY01,LOT-0820,1344000,4.09786E+11
2025-10,WH-SBY01,LOT-0291,2154000,3.89443E+11
2025-10,WH-SBY01,LOT-0194,1960000,9.9274E+11
2025-10,WH-SBY01,LOT-0959,1444500,4.31906E+11
2025-10,WH-SBY01,LOT-0988,1968000,8.01173E+11
2025-10,WH-SBY01,LOT-0687,88000,23848000000
2025-10,WH-SBY01,LOT-1146,606000,1.66832E+11
2025-10,WH-SBY01,LOT-0089,120000,12660000000
2025-10,WH-SBY01,LOT-0137,2944000,7.09798E+11
2025-10,WH-SBY01,LOT-0677,490666.6667,2.81397E+11
2025-10,WH-SBY01,LOT-1105,844000,3.54986E+11
2025-10,WH-SBY01,LOT-0549,1704000,4.07426E+11
2025-10,WH-SBY01,LOT-0872,105000,43879500000
2025-10,WH-SBY01,LOT-0877,3765333.333,1.4986E+12
2025-10,WH-SBY01,LOT-1123,375000,1.68E+11
2025-10,WH-SBY01,LOT-0994,282000,59925000000
2025-10,WH-SBY01,LOT-0427,850666.6667,1.28366E+11
2025-10,WH-SBY01,LOT-0009,82000,10053200000
2025-10,WH-SBY01,LOT-0415,894000,5.33182E+11
2025-10,WH-SBY01,LOT-0014,2800000,1.2964E+11
2025-10,WH-SBY01,LOT-0311,1968000,6.70301E+11
2025-10,WH-SBY01,LOT-1056,717000,95791200000
2025-10,WH-SBY01,LOT-0699,720000,1.22544E+11
2025-10,WH-SBY01,LOT-0419,200000,1.1088E+11
2025-10,WH-SBY01,LOT-0323,1576000,1.83289E+11
2025-10,WH-SBY01,LOT-0947,3456000,1.97199E+12
2025-10,WH-SBY01,LOT-0367,1075500,3.60185E+11
2025-10,WH-SBY01,LOT-0981,359000,1.28594E+11
2025-10,WH-SBY01,LOT-0787,2784000,1.42541E+11
2025-10,WH-SBY01,LOT-0881,360000,1.78272E+11
2025-10,WH-SBY01,LOT-1148,1877333.333,5.02187E+11
2025-10,WH-SBY01,LOT-0455,1992000,1.13683E+12
2025-10,WH-SBY01,LOT-0523,94000,31123400000
2025-10,WH-SBY01,LOT-0649,1845333.333,4.71483E+11
2025-10,WH-SBY01,LOT-0143,364000,83210400000
2025-10,WH-SBY01,LOT-0760,20000,6636000000
2025-10,WH-SBY01,LOT-0126,328000,36768800000
2025-10,WH-SBY01,LOT-0338,80000,9048000000
2025-10,WH-SBY01,LOT-0656,146000,13315200000
2025-10,WH-SBY01,LOT-0258,436500,79137450000
2025-10,WH-SBY01,LOT-1061,333000,59307300000
2025-10,WH-SBY01,LOT-0615,976000,4.06894E+11
2025-10,WH-SBY01,LOT-0874,311000,1.25862E+11
2025-10,WH-SBY01,LOT-0219,289000,74677600000
2025-10,WH-SBY01,LOT-0489,72666.66667,14358933333
2025-10,WH-SBY01,LOT-0010,76000,10054800000
2025-10,WH-SBY01,LOT-1115,740000,2.73726E+11
2025-10,WH-SBY01,LOT-0957,341333.3333,1.03253E+11
2025-10,WH-SBY01,LOT-0391,936000,57283200000
2025-10,WH-SBY01,LOT-0016,450000,21690000000
2025-10,WH-SBY01,LOT-1097,1968000,1.70822E+11
2025-10,WH-SBY01,LOT-1156,714666.6667,3.91494E+11
2025-10,WH-SBY01,LOT-0967,1472000,6.48122E+11
2025-10,WH-SBY01,LOT-0257,576000,1.13357E+11
2025-10,WH-SBY01,LOT-0017,135333.3333,6902000000
2025-10,WH-SBY01,LOT-0936,469333.3333,2.8573E+11
2025-10,WH-SBY01,LOT-0459,84000,42352800000
2025-10,WH-SBY01,LOT-1138,1332000,6.54678E+11
2025-10,WH-SBY01,LOT-0342,516000,2.11199E+11
2025-10,WH-SBY01,LOT-0991,682000,1.58224E+11
2025-10,WH-SBY01,LOT-0974,2292000,8.72564E+11
2025-10,WH-SBY01,LOT-0961,2880000,1.1713E+12
2025-10,WH-SBY01,LOT-0934,274666.6667,1.57576E+11
2025-10,WH-SBY01,LOT-0238,280000,88396000000
2025-10,WH-SBY01,LOT-0248,102666.6667,3275066667
2025-10,WH-SBY01,LOT-1027,2984000,1.50185E+12
2025-10,WH-SBY01,LOT-0600,280000,1.01192E+11
2025-10,WH-SBY01,LOT-0288,50000,15640000000
2025-10,WH-SBY01,LOT-0654,952000,95771200000
2025-10,WH-SBY01,LOT-0263,700000,3.1402E+11
2025-10,WH-SBY01,LOT-0985,30000,11367000000
2025-10,WH-SBY01,LOT-1033,2760000,2.8014E+11
2025-10,WH-SBY01,LOT-0799,80000,27376000000
2025-10,WH-SBY01,LOT-0407,264000,1.31736E+11
2025-10,WH-SBY01,LOT-0003,336000,40488000000
2025-10,WH-SBY01,LOT-0018,153000,7359300000
2025-10,WH-SBY01,LOT-0907,1424000,3.81917E+11
2025-10,WH-SBY01,LOT-0170,208000,10275200000
2025-10,WH-SBY01,LOT-0300,252000,43117200000
2025-10,WH-SBY01,LOT-0150,901333.3333,2.11092E+11
2025-10,WH-SBY01,LOT-0099,34000,15939200000
2025-10,WH-SBY01,LOT-0290,1444000,4.4403E+11
2025-10,WH-SBY01,LOT-0571,166666.6667,47066666667
2025-10,WH-SBY01,LOT-0289,586666.6667,1.84741E+11
2025-10,WH-SBY01,LOT-0397,348000,22237200000
2025-10,WH-SBY01,LOT-0605,246000,47109000000
2025-10,WH-SBY01,LOT-0595,285333.3333,1.14961E+11
2025-10,WH-BDG01,LOT-0120,516000,26832000000
2025-10,WH-BDG01,LOT-0117,92000,4968000000
2025-10,WH-BDG01,LOT-0078,564000,3.32816E+11
2025-10,WH-BDG01,LOT-0108,153333.3333,8142000000
2025-10,WH-BDG01,LOT-1078,2000000,3.522E+11
2025-10,WH-BDG01,LOT-0481,365333.3333,83259466667
2025-10,WH-BDG01,LOT-0136,2076000,4.74366E+11
2025-10,WH-BDG01,LOT-1133,196000,1.10466E+11
2025-10,WH-BDG01,LOT-0909,554666.6667,1.68397E+11
2025-10,WH-BDG01,LOT-1068,996000,1.59061E+11
2025-10,WH-BDG01,LOT-0234,3360000,9.18288E+11
2025-10,WH-BDG01,LOT-0008,917333.3333,1.13107E+11
2025-10,WH-BDG01,LOT-0635,226000,50601400000
2025-10,WH-BDG01,LOT-1089,5717333.333,2.65513E+12
2025-10,WH-BDG01,LOT-0092,1608000,6.26316E+11
2025-10,WH-BDG01,LOT-0356,726000,88935000000
2025-10,WH-BDG01,LOT-1079,1872000,3.44448E+11
2025-10,WH-BDG01,LOT-0473,384000,1.57747E+11
2025-10,WH-BDG01,LOT-0688,114000,27702000000
2025-10,WH-BDG01,LOT-0571,1144000,3.65279E+11
2025-10,WH-BDG01,LOT-0133,1252000,3.05864E+11
2025-10,WH-BDG01,LOT-0687,246666.6667,64947333333
2025-10,WH-BDG01,LOT-1114,632000,2.2297E+11
2025-10,WH-BDG01,LOT-0369,1642666.667,6.22078E+11
2025-10,WH-BDG01,LOT-0104,170666.6667,9847466667
2025-10,WH-BDG01,LOT-0472,1176000,4.44646E+11
2025-10,WH-BDG01,LOT-0102,592000,30843200000
2025-10,WH-BDG01,LOT-0538,861333.3333,86305600000
2025-10,WH-BDG01,LOT-0452,486000,2.52477E+11
2025-10,WH-BDG01,LOT-0855,113333.3333,28662000000
2025-10,WH-BDG01,LOT-0870,344000,1.70762E+11
2025-10,WH-BDG01,LOT-0182,51000,11158800000
2025-10,WH-BDG01,LOT-0497,202000,20018200000
2025-10,WH-BDG01,LOT-0856,776000,1.9563E+11
2025-10,WH-BDG01,LOT-0807,369333.3333,1.37355E+11
2025-10,WH-BDG01,LOT-0349,26666.66667,11424000000
2025-10,WH-BDG01,LOT-1094,1472000,1.37485E+11
2025-10,WH-BDG01,LOT-0051,612000,89413200000
2025-10,WH-BDG01,LOT-1049,306666.6667,19504000000
2025-10,WH-BDG01,LOT-0169,609000,28988400000
2025-10,WH-BDG01,LOT-0288,1722000,5.14361E+11
2025-10,WH-BDG01,LOT-0281,396000,1.05732E+11
2025-10,WH-BDG01,LOT-0879,50666.66667,21092533333
2025-10,WH-BDG01,LOT-1065,246666.6667,45682666667
2025-10,WH-BDG01,LOT-0137,490666.6667,1.22961E+11
2025-10,WH-BDG01,LOT-0715,1482666.667,5.85802E+11
2025-10,WH-BDG01,LOT-1172,276000,38391600000
2025-10,WH-BDG01,LOT-0621,108000,40024800000
2025-10,WH-BDG01,LOT-0940,400000,2.0636E+11
2025-10,WH-BDG01,LOT-0526,5408000,1.60077E+12
2025-10,WH-BDG01,LOT-0938,72000,36698400000
2025-10,WH-BDG01,LOT-0712,834666.6667,3.05655E+11
2025-10,WH-BDG01,LOT-0151,381333.3333,2.00238E+11
2025-10,WH-BDG01,LOT-0181,3972000,8.02741E+11
2025-10,WH-BDG01,LOT-0075,155333.3333,87142000000
2025-10,WH-BDG01,LOT-1124,1024000,4.74726E+11
2025-10,WH-BDG01,LOT-0435,322666.6667,1.39392E+11
2025-10,WH-BDG01,LOT-0501,1733333.333,1.10413E+11
2025-10,WH-BDG01,LOT-0018,69333.33333,3480533333
2025-10,WH-BDG01,LOT-0887,1224000,5.37703E+11
2025-10,WH-BDG01,LOT-1019,272000,1.29254E+11
2025-10,WH-BDG01,LOT-0416,216000,1.1381E+11
2025-10,WH-BDG01,LOT-0918,88000,12680800000
2025-10,WH-BDG01,LOT-1032,176000,19272000000
2025-10,WH-BDG01,LOT-0595,1300000,4.4356E+11
2025-10,WH-BDG01,LOT-0286,386666.6667,1.05637E+11
2025-10,WH-BDG01,LOT-0194,391000,2.37924E+11
2025-10,WH-BDG01,LOT-1143,840000,2.3268E+11
2025-10,WH-BDG01,LOT-1198,2496000,6.83405E+11
2025-10,WH-BDG01,LOT-0256,1034666.667,1.71651E+11
2025-10,WH-BDG01,LOT-0632,202000,44985400000
2025-10,WH-BDG01,LOT-0287,224000,70201600000
2025-10,WH-BDG01,LOT-0865,1480500,7.63494E+11
2025-10,WH-BDG01,LOT-0477,804000,2.80596E+11
2025-10,WH-BDG01,LOT-0972,138666.6667,51195733333
2025-10,WH-BDG01,LOT-0836,693333.3333,1.63349E+11
2025-10,WH-BDG01,LOT-0730,60000,18750000000
2025-10,WH-BDG01,LOT-0059,184000,30948800000
2025-10,WH-BDG01,LOT-0213,538666.6667,1.32027E+11
2025-10,WH-BDG01,LOT-0831,1326000,2.80449E+11
2025-10,WH-BDG01,LOT-0995,970666.6667,2.44317E+11
2025-10,WH-BDG01,LOT-0875,2517333.333,9.98878E+11
2025-10,WH-BDG01,LOT-0981,1306666.667,5.36256E+11
2025-10,WH-BDG01,LOT-0202,2032000,9.01395E+11
2025-10,WH-BDG01,LOT-1043,90666.66667,6546133333
2025-10,WH-SMG01,LOT-1014,222000,1.13264E+11
2025-10,WH-SMG01,LOT-0189,938666.6667,2.0585E+11
2025-10,WH-SMG01,LOT-0568,61333.33333,22141333333
2025-10,WH-SMG01,LOT-0625,64000,24467200000
2025-10,WH-SMG01,LOT-0801,476000,2.0487E+11
2025-10,WH-SMG01,LOT-0753,21000,6822900000
2025-10,WH-SMG01,LOT-0836,240000,49440000000
2025-10,WH-SMG01,LOT-1016,132000,75094800000
2025-10,WH-SMG01,LOT-0524,70666.66667,20698266667
2025-10,WH-SMG01,LOT-0102,360000,18360000000
2025-10,WH-SMG01,LOT-0780,19000,4320600000
2025-10,WH-SMG01,LOT-1112,242000,97356600000
2025-10,WH-SMG01,LOT-1010,533333.3333,87360000000
2025-10,WH-SMG01,LOT-0427,930666.6667,1.396E+11
2025-10,WH-SMG01,LOT-0742,357000,88893000000
2025-10,WH-SMG01,LOT-0623,6869333.333,2.723E+12
2025-10,WH-SMG01,LOT-0519,1572000,3.71621E+11
2025-10,WH-SMG01,LOT-0764,90000,7452000000
2025-10,WH-SMG01,LOT-0449,3008000,3.25766E+11
2025-10,WH-SMG01,LOT-0521,186000,52452000000
2025-10,WH-SMG01,LOT-0677,7274666.667,3.82356E+12
2025-10,WH-SMG01,LOT-0135,50666.66667,11369600000
2025-10,WH-SMG01,LOT-0575,180000,51732000000
2025-10,WH-SMG01,LOT-0879,198000,87436800000
2025-10,WH-SMG01,LOT-1125,1120000,4.96608E+11
2025-10,WH-SMG01,LOT-1099,227000,20793200000
2025-10,WH-SMG01,LOT-0858,796000,1.98682E+11
2025-10,WH-SMG01,LOT-0725,230666.6667,63802400000
2025-10,WH-SMG01,LOT-1053,478666.6667,56434800000
2025-10,WH-SMG01,LOT-0407,191000,89731800000
2025-10,WH-SMG01,LOT-0549,1100000,2.5707E+11
2025-10,WH-SMG01,LOT-1038,4452000,5.17768E+11
2025-10,WH-SMG01,LOT-0608,732000,1.27002E+11
2025-10,WH-SMG01,LOT-1151,368000,1.96144E+11
2025-10,WH-SMG01,LOT-0469,784000,2.38571E+11
2025-10,WH-SMG01,LOT-0724,100000,30390000000
2025-10,WH-SMG01,LOT-1121,650000,2.83725E+11
2025-10,WH-SMG01,LOT-0328,369000,43542000000
2025-10,WH-SMG01,LOT-0853,240000,54912000000
2025-10,WH-SMG01,LOT-1013,640000,3.21088E+11
2025-10,WH-SMG01,LOT-0443,250666.6667,24013866667
2025-10,WH-SMG01,LOT-0890,1597500,7.05456E+11
2025-10,WH-SMG01,LOT-0803,2528000,1.0883E+12
2025-10,WH-SMG01,LOT-0614,396000,1.49371E+11
2025-10,WH-SMG01,LOT-1061,658666.6667,1.05782E+11
2025-10,WH-SMG01,LOT-0642,480000,1.33488E+11
2025-10,WH-SMG01,LOT-0493,428000,36979200000
2025-10,WH-SMG01,LOT-0316,709333.3333,2.42663E+11
2025-10,WH-SMG01,LOT-0061,304000,39976000000
2025-10,WH-SMG01,LOT-0944,1384000,7.28261E+11
2025-10,WH-SMG01,LOT-0969,744000,3.18581E+11
2025-10,WH-SMG01,LOT-0748,663000,1.64093E+11
2025-10,WH-SMG01,LOT-1075,2106666.667,4.05533E+11
2025-10,WH-SMG01,LOT-0965,120000,55680000000
2025-10,WH-SMG01,LOT-0010,272000,38814400000
2025-10,WH-SMG01,LOT-1041,372000,27156000000
2025-10,WH-SMG01,LOT-0596,50666.66667,19212800000
2025-10,WH-SMG01,LOT-0500,3288000,2.75863E+11
2025-10,WH-SMG01,LOT-0326,2040000,2.47044E+11
2025-10,WH-SMG01,LOT-0837,172000,35346000000
2025-10,WH-SMG01,LOT-1149,1722666.667,5.03535E+11
2025-10,WH-SMG01,LOT-0448,888000,89865600000
2025-10,WH-SMG01,LOT-0516,501333.3333,1.25534E+11
2025-10,WH-SMG01,LOT-0616,600000,2.1768E+11
2025-10,WH-SMG01,LOT-0882,166666.6667,85183333333
2025-10,WH-SMG01,LOT-0691,829333.3333,1.46046E+11
2025-10,WH-SMG01,LOT-1097,112000,9441600000
2025-10,WH-SMG01,LOT-0065,685333.3333,91766133333
2025-10,WH-SMG01,LOT-0730,1312000,3.62243E+11
2025-10,WH-SMG01,LOT-0049,3936000,9.11971E+11
2025-10,WH-SMG01,LOT-0626,320000,1.2592E+11
2025-10,WH-SMG01,LOT-0654,3372000,2.90329E+11
2025-10,WH-SMG01,LOT-0123,138000,17098200000
2025-10,WH-SMG01,LOT-0740,5840000,3.4567E+12
2025-10,WH-SMG01,LOT-0066,306666.6667,35420000000
2025-10,WH-SMG01,LOT-0359,224000,28873600000
2025-10,WH-SMG01,LOT-1090,3152000,1.28633E+12
2025-10,WH-SMG01,LOT-0552,549000,71370000000
2025-10,WH-SMG01,LOT-0822,1104000,1.0499E+11
2025-10,WH-SMG01,LOT-0950,1472000,8.83053E+11
2025-10,WH-SMG01,LOT-0339,648000,73288800000
2025-10,WH-SMG01,LOT-0017,272000,13355200000
2025-10,WH-SMG01,LOT-0105,1348000,67669600000
2025-10,WH-SMG01,LOT-0938,421333.3333,2.33166E+11
2025-10,WH-SMG01,LOT-0404,1032000,4.75133E+11
2025-10,WH-SMG01,LOT-0353,64000,6816000000
2025-10,WH-SMG01,LOT-0402,704000,3.0631E+11
2025-10,WH-SMG01,LOT-1162,501333.3333,18198400000
2025-10,WH-SMG01,LOT-0094,504000,2.00693E+11
2025-10,WH-SMG01,LOT-0958,540000,1.39158E+11
2025-10,WH-SMG01,LOT-0916,190000,31844000000
2025-10,WH-SMG01,LOT-0466,1232000,3.70709E+11
2025-10,WH-SMG01,LOT-1004,264000,42556800000
2025-10,WH-SMG01,LOT-0291,74000,11877000000
2025-10,WH-SMG01,LOT-0645,348000,94238400000
2025-10,WH-SMG01,LOT-0553,11333.33333,1450666667
2025-10,WH-SMG01,LOT-0708,489000,2.1961E+11
2025-10,WH-SMG01,LOT-0495,288000,26380800000
2025-10,WH-SMG01,LOT-1152,489333.3333,2.57585E+11
2025-10,WH-SMG01,LOT-0059,948000,1.42484E+11
2025-10,WH-BKS01,LOT-0763,1304000,94279200000
2025-10,WH-BKS01,LOT-0461,24000,6784800000
2025-10,WH-BKS01,LOT-0174,837000,4.92072E+11
2025-10,WH-BKS01,LOT-0079,91000,48930700000
2025-10,WH-BKS01,LOT-0322,187500,21393750000
2025-10,WH-BKS01,LOT-1199,6384000,1.82646E+12
2025-10,WH-BKS01,LOT-0991,280000,68824000000
2025-10,WH-BKS01,LOT-0244,132000,4197600000
2025-10,WH-BKS01,LOT-0220,1396000,3.23593E+11
2025-10,WH-BKS01,LOT-0657,536000,52260000000
2025-10,WH-BKS01,LOT-0033,1324000,3.39474E+11
2025-10,WH-BKS01,LOT-0836,217000,53251800000
2025-10,WH-BKS01,LOT-0302,672000,1.57651E+11
2025-10,WH-BKS01,LOT-1198,4212000,1.23454E+12
2025-10,WH-BKS01,LOT-0235,130666.6667,39552800000
2025-10,WH-BKS01,LOT-0958,485333.3333,1.34971E+11
2025-10,WH-BKS01,LOT-0260,1560000,2.92656E+11
2025-10,WH-BKS01,LOT-0799,1248000,3.70282E+11
2025-10,WH-BKS01,LOT-0696,258666.6667,47284266667
2025-10,WH-BKS01,LOT-0132,732000,1.65432E+11
2025-10,WH-BKS01,LOT-0926,1349333.333,3.49747E+11
2025-10,WH-BKS01,LOT-0438,594000,2.10276E+11
2025-10,WH-BKS01,LOT-0332,42666.66667,4676266667
2025-10,WH-BKS01,LOT-1043,368000,24214400000
2025-10,WH-BKS01,LOT-0229,2976000,1.25319E+12
2025-10,WH-BKS01,LOT-0876,360000,1.61496E+11
2025-10,WH-BKS01,LOT-0290,27000,7854300000
2025-10,WH-BKS01,LOT-0171,1816000,9.7719E+11
2025-10,WH-BKS01,LOT-0110,876000,46077600000
2025-10,WH-BKS01,LOT-1032,101333.3333,12058666667
2025-10,WH-BKS01,LOT-1002,3712000,5.89466E+11
2025-10,WH-BKS01,LOT-0469,420000,1.24782E+11
2025-10,WH-BKS01,LOT-0319,388000,1.27885E+11
2025-10,WH-BKS01,LOT-0321,32000,3945600000
2025-10,WH-BKS01,LOT-0201,245333.3333,1.117E+11
2025-10,WH-BKS01,LOT-1127,1216000,6.1335E+11
2025-10,WH-BKS01,LOT-0505,1292000,82817200000
2025-10,WH-BKS01,LOT-0814,668000,1.81896E+11
2025-10,WH-BKS01,LOT-1162,182666.6667,6813466667
2025-10,WH-BKS01,LOT-0155,293333.3333,1.54381E+11
2025-10,WH-BKS01,LOT-0660,616000,58766400000
2025-10,WH-BKS01,LOT-0907,482666.6667,1.31092E+11
2025-10,WH-BKS01,LOT-0447,504000,51357600000
2025-10,WH-BKS01,LOT-0944,2844000,1.53263E+12
2025-10,WH-BKS01,LOT-0892,60000,9204000000
2025-10,WH-BKS01,LOT-0992,932000,2.31322E+11
2025-10,WH-BKS01,LOT-0234,128000,39065600000
2025-10,WH-BKS01,LOT-0056,1575000,2.49953E+11
2025-10,WH-BKS01,LOT-0736,1736000,1.03292E+12
2025-10,WH-BKS01,LOT-0281,444000,1.2321E+11
2025-10,WH-BKS01,LOT-1157,744000,4.08977E+11
2025-10,WH-BKS01,LOT-1053,438000,59918400000
2025-10,WH-BKS01,LOT-0925,3168000,8.91475E+11
2025-10,WH-BKS01,LOT-0999,920000,2.19604E+11
2025-10,WH-BKS01,LOT-0003,11333.33333,1456333333
2025-10,WH-BKS01,LOT-0906,1032000,2.72345E+11
2025-10,WH-BKS01,LOT-0599,220000,77858000000
2025-10,WH-BKS01,LOT-0710,364000,1.71408E+11
2025-10,WH-BKS01,LOT-0166,604000,31891200000
2025-10,WH-BKS01,LOT-0765,224000,16217600000
2025-10,WH-BKS01,LOT-0403,608000,2.68918E+11
2025-10,WH-BKS01,LOT-0116,340000,19380000000
2025-10,WH-BKS01,LOT-0521,4202666.667,1.40453E+12
2025-10,WH-BKS01,LOT-0562,346000,1.32656E+11
2025-10,WH-BKS01,LOT-0651,213333.3333,19029333333
2025-10,WH-BKS01,LOT-0105,1230000,71955000000
2025-10,WH-BKS01,LOT-0022,253333.3333,73542666667
2025-10,WH-BKS01,LOT-0364,872000,3.40254E+11
2025-10,WH-BKS01,LOT-0013,26666.66667,1213333333
2025-10,WH-BKS01,LOT-0269,941333.3333,3.75121E+11
2025-10,WH-BKS01,LOT-0773,956000,2.31065E+11
2025-10,WH-BKS01,LOT-1067,54000,9644400000
2025-10,WH-BKS01,LOT-0500,752000,70387200000
2025-10,WH-BKS01,LOT-1148,38000,9910400000
2025-10,WH-BKS01,LOT-1013,1664000,8.65114E+11
2025-10,WH-BKS01,LOT-1137,496000,2.72354E+11
2025-10,WH-BKS01,LOT-0071,3324000,1.93291E+12
2025-10,WH-BKS01,LOT-0437,888000,3.7589E+11
2025-10,WH-BKS01,LOT-0635,1157333.333,2.49637E+11
2025-10,WH-BKS01,LOT-0114,12000,672000000
2025-10,WH-BKS01,LOT-0349,2436000,9.20321E+11
2025-10,WH-BKS01,LOT-0648,746666.6667,2.32587E+11
2025-10,WH-BKS01,LOT-1031,812000,92811600000
2025-10,WH-BKS01,LOT-0819,336000,1.04026E+11
2025-10,WH-BKS01,LOT-0927,345000,88458000000
2025-10,WH-BKS01,LOT-0813,1552000,4.66842E+11
2025-10,WH-BKS01,LOT-0097,984000,3.82481E+11
2025-10,WH-BKS01,LOT-0487,1176000,2.49077E+11
2025-10,WH-BKS01,LOT-0098,677333.3333,3.0541E+11
2025-10,WH-BKS01,LOT-0558,166500,19080900000
2025-10,WH-BKS01,LOT-0018,2268000,1.01606E+11
2025-10,WH-BKS01,LOT-0422,270000,41175000000
2025-10,WH-BKS01,LOT-0560,2400000,3.2112E+11
2025-10,WH-BKS01,LOT-0941,387000,2.31929E+11
2025-10,WH-BKS01,LOT-0713,488000,2.11109E+11
2025-10,WH-BKS01,LOT-0610,824000,1.37361E+11
2025-10,WH-BKS01,LOT-0141,445333.3333,1.03495E+11
2025-10,WH-BKS01,LOT-1099,136000,11342400000
2025-10,WH-BKS01,LOT-0300,1244000,2.04762E+11
2025-10,WH-BKS01,LOT-0492,55500,4573200000
2025-10,WH-BKS01,LOT-0869,746666.6667,3.44139E+11
2025-10,WH-BKS01,LOT-1110,2053333.333,8.92379E+11
2025-10,WH-BKS01,LOT-1035,316000,36024000000
2025-10,WH-BKS01,LOT-0198,92000,51418800000
2025-10,WH-BKS01,LOT-0092,368000,1.47274E+11
2025-10,WH-BKS01,LOT-0499,85000,7395000000
2025-10,WH-BKS01,LOT-1126,408000,1.96126E+11
2025-10,WH-BKS01,LOT-0271,160000,51776000000
2025-10,WH-BKS01,LOT-0915,63000,9884700000
2025-10,WH-BKS01,LOT-0354,4848000,6.04061E+11
2025-10,WH-BKS01,LOT-0147,210000,54138000000
2025-10,WH-BKS01,LOT-0100,750000,3.1425E+11
2025-10,WH-BKS01,LOT-0643,624000,1.7759E+11
2025-10,WH-BKS01,LOT-0206,1008000,4.61261E+11
2025-10,WH-BKS01,LOT-0501,1005333.333,68061066667
2025-10,WH-BKS01,LOT-0576,268000,84178800000
2025-10,WH-BKS01,LOT-0769,83000,7005200000
2025-10,WH-BKS01,LOT-0124,402666.6667,46991200000
2025-10,WH-BKS01,LOT-1118,2592000,1.04354E+12
2025-10,WH-TNG01,LOT-0331,338000,40424800000
2025-10,WH-TNG01,LOT-0277,720000,2.33928E+11
2025-10,WH-TNG01,LOT-0219,576000,1.24416E+11
2025-10,WH-TNG01,LOT-1005,312000,51292800000
2025-10,WH-TNG01,LOT-0255,198000,34036200000
2025-10,WH-TNG01,LOT-0227,78000,36839400000
2025-10,WH-TNG01,LOT-0572,270000,84807000000
2025-10,WH-TNG01,LOT-1119,2640000,1.12807E+12
2025-10,WH-TNG01,LOT-0839,19666.66667,4804566667
2025-10,WH-TNG01,LOT-0688,441000,1.20217E+11
2025-10,WH-TNG01,LOT-0856,1130666.667,2.77013E+11
2025-10,WH-TNG01,LOT-0729,402000,1.19716E+11
2025-10,WH-TNG01,LOT-1059,1104000,1.35571E+11
2025-10,WH-TNG01,LOT-0195,1244000,6.54344E+11
2025-10,WH-TNG01,LOT-1133,1096000,5.39451E+11
2025-10,WH-TNG01,LOT-1095,666000,59607000000
2025-10,WH-TNG01,LOT-0209,4624000,1.89029E+12
2025-10,WH-TNG01,LOT-0020,372000,16144800000
2025-10,WH-TNG01,LOT-0887,408000,1.80091E+11
2025-10,WH-TNG01,LOT-0158,165333.3333,86981866667
2025-10,WH-TNG01,LOT-1009,12000,2049600000
2025-10,WH-TNG01,LOT-0433,653333.3333,2.61007E+11
2025-10,WH-TNG01,LOT-0642,180666.6667,52881133333
2025-10,WH-TNG01,LOT-0833,1416000,3.42955E+11
2025-10,WH-TNG01,LOT-0499,646000,53295000000
2025-10,WH-TNG01,LOT-0194,813333.3333,4.43673E+11
2025-10,WH-TNG01,LOT-0836,2058000,4.51937E+11
2025-10,WH-TNG01,LOT-0410,802666.6667,3.80464E+11
2025-10,WH-TNG01,LOT-0193,666000,3.78954E+11
2025-10,WH-TNG01,LOT-0345,1008000,3.57437E+11
2025-10,WH-TNG01,LOT-0945,3104000,1.73824E+12
2025-10,WH-TNG01,LOT-0751,31666.66667,11197333333
2025-10,WH-TNG01,LOT-0722,720000,2.052E+11
2025-10,WH-TNG01,LOT-0919,1077333.333,1.64724E+11
2025-10,WH-TNG01,LOT-0365,1576000,6.39541E+11
2025-10,WH-TNG01,LOT-0849,876000,2.82685E+11
2025-10,WH-TNG01,LOT-0212,166500,35930700000
2025-10,WH-TNG01,LOT-0858,660000,1.42626E+11
2025-10,WH-TNG01,LOT-0625,861333.3333,3.15506E+11
2025-10,WH-TNG01,LOT-0841,2688000,8.77363E+11
2025-10,WH-TNG01,LOT-0447,332000,34461600000
2025-10,WH-TNG01,LOT-1000,66000,15543000000
2025-10,WH-TNG01,LOT-1149,480000,1.34208E+11
2025-10,WH-TNG01,LOT-1039,53333.33333,6240000000
2025-10,WH-TNG01,LOT-0146,194000,46482400000
2025-10,WH-TNG01,LOT-0182,1802666.667,3.63418E+11
2025-10,WH-TNG01,LOT-1176,122666.6667,17369600000
2025-10,WH-TNG01,LOT-1077,143000,23351900000
2025-10,WH-TNG01,LOT-1190,5120000,2.80678E+12
2025-10,WH-TNG01,LOT-1199,1496000,3.99432E+11
2025-10,WH-TNG01,LOT-0110,384000,20390400000
2025-10,WH-TNG01,LOT-0803,780000,3.00924E+11
2025-10,WH-TNG01,LOT-1087,83333.33333,35675000000
2025-10,WH-TNG01,LOT-0342,324000,1.38218E+11
2025-10,WH-TNG01,LOT-0097,848000,3.98475E+11
2025-10,WH-TNG01,LOT-0234,74666.66667,22601600000
2025-10,WH-TNG01,LOT-0425,434666.6667,59984000000
2025-10,WH-TNG01,LOT-0027,1092000,3.03794E+11
2025-10,WH-TNG01,LOT-1024,2304000,1.25107E+12
2025-10,WH-TNG01,LOT-0873,381333.3333,1.44487E+11
2025-10,WH-TNG01,LOT-1012,694000,3.24445E+11
2025-10,WH-TNG01,LOT-0713,4308000,1.61162E+12
2025-10,WH-TNG01,LOT-0387,521333.3333,1.42063E+11
2025-10,WH-TNG01,LOT-0352,965333.3333,1.1613E+11
2025-10,WH-TNG01,LOT-0236,916000,2.639E+11
2025-10,WH-TNG01,LOT-0797,1941333.333,6.95191E+11
2025-10,WH-TNG01,LOT-0455,68000,35047200000
2025-10,WH-TNG01,LOT-0399,762000,50139600000
2025-10,WH-TNG01,LOT-0864,682000,3.15493E+11
2025-10,WH-TNG01,LOT-0247,177000,5115300000
2025-10,WH-TNG01,LOT-0496,193333.3333,15814666667
2025-10,WH-TNG01,LOT-0963,797333.3333,3.348E+11
2025-10,WH-TNG01,LOT-1080,434666.6667,77544533333
2025-10,WH-TNG01,LOT-0675,824000,4.58391E+11
2025-10,WH-TNG01,LOT-0549,1288000,3.35782E+11
2025-10,WH-TNG01,LOT-1185,412000,2.23139E+11
2025-10,WH-TNG01,LOT-0076,672000,3.5737E+11
2025-10,WH-TNG01,LOT-0093,495000,1.98347E+11
2025-10,WH-TNG01,LOT-0636,2052000,5.14026E+11
2025-10,WH-TNG01,LOT-0116,1420000,76254000000
2025-10,WH-TNG01,LOT-0497,198000,18097200000
2025-10,WH-TNG01,LOT-0976,128000,51379200000
2025-10,WH-TNG01,LOT-0335,43000,5031000000
2025-10,WH-TNG01,LOT-0732,54666.66667,27825333333
2025-10,WH-TNG01,LOT-0606,53500,9335750000
2025-10,WH-TNG01,LOT-0761,252000,20109600000
2025-10,WH-TNG01,LOT-1057,129333.3333,17718666667
2025-10,WH-TNG01,LOT-0682,308000,88765600000
2025-10,WH-TNG01,LOT-1032,92000,10607600000
2025-10,WH-TNG01,LOT-0461,188000,54896000000
2025-10,WH-TNG01,LOT-0700,800000,1.524E+11
2025-10,WH-TNG01,LOT-0863,1356000,7.02544E+11
2025-10,WH-TNG01,LOT-0481,663000,1.42147E+11
2025-10,WH-TNG01,LOT-1123,180000,87444000000
2025-10,WH-TNG01,LOT-0254,186000,31341000000
2025-10,WH-TNG01,LOT-0314,603000,1.93262E+11
2025-10,WH-TNG01,LOT-0987,1596000,5.47588E+11
2025-10,WH-TNG01,LOT-0571,304000,91595200000
2025-10,WH-TNG01,LOT-0316,1692000,6.28409E+11
2025-10,WH-TNG01,LOT-0298,274666.6667,49110400000
2025-10,WH-BPR01,LOT-0473,4576000,1.72012E+12
2025-10,WH-BPR01,LOT-0626,3808000,1.31871E+12
2025-10,WH-BPR01,LOT-0260,652500,1.28477E+11
2025-10,WH-BPR01,LOT-0575,383000,1.17849E+11
2025-10,WH-BPR01,LOT-0305,1005000,2.2904E+11
2025-10,WH-BPR01,LOT-0603,396000,72111600000
2025-10,WH-BPR01,LOT-0005,1816000,2.36262E+11
2025-10,WH-BPR01,LOT-0776,2448000,6.07349E+11
2025-10,WH-BPR01,LOT-0870,1204000,5.81893E+11
2025-10,WH-BPR01,LOT-0364,104000,37980800000
2025-10,WH-BPR01,LOT-1050,354000,24319800000
2025-10,WH-BPR01,LOT-0385,7104000,1.79092E+12
2025-10,WH-BPR01,LOT-0554,2712000,3.35746E+11
2025-10,WH-BPR01,LOT-0840,384000,94310400000
2025-10,WH-BPR01,LOT-0392,1938000,1.25389E+11
2025-10,WH-BPR01,LOT-0413,282000,1.4021E+11
2025-10,WH-BPR01,LOT-0615,3144000,1.13436E+12
2025-10,WH-BPR01,LOT-1060,546000,67485600000
2025-10,WH-BPR01,LOT-1104,2968000,1.289E+12
2025-10,WH-BPR01,LOT-0472,2496000,8.58374E+11
2025-10,WH-BPR01,LOT-0488,615000,1.28597E+11
2025-10,WH-BPR01,LOT-0528,1002666.667,3.00499E+11
2025-10,WH-BPR01,LOT-0428,377000,52440700000
2025-10,WH-BPR01,LOT-0968,904000,3.8411E+11
2025-10,WH-BPR01,LOT-0760,564000,2.00446E+11
2025-10,WH-BPR01,LOT-0210,2652000,1.25068E+12
2025-10,WH-BPR01,LOT-1079,712000,1.16341E+11
2025-10,WH-BPR01,LOT-0781,768000,43008000000
2025-10,WH-BPR01,LOT-0894,138000,22714800000
2025-10,WH-BPR01,LOT-0522,3000000,9.501E+11
2025-10,WH-BPR01,LOT-0077,581333.3333,3.07351E+11
2025-10,WH-BPR01,LOT-1040,1776000,2.18803E+11
2025-10,WH-BPR01,LOT-0891,3088000,5.13226E+11
2025-10,WH-BPR01,LOT-0742,442666.6667,1.15359E+11
2025-10,WH-BPR01,LOT-0590,4784000,2.2303E+12
2025-10,WH-BPR01,LOT-0360,37333.33333,4752533333
2025-10,WH-BPR01,LOT-0583,196000,87690400000
2025-10,WH-BPR01,LOT-0511,69333.33333,17513600000
2025-10,WH-BPR01,LOT-1152,856000,4.71314E+11
2025-10,WH-BPR01,LOT-0362,978666.6667,3.70327E+11
2025-10,WH-BPR01,LOT-0786,122000,6588000000
2025-10,WH-BPR01,LOT-0274,109333.3333,35030400000
2025-10,WH-BPR01,LOT-1136,1968000,1.11369E+12
2025-10,WH-BPR01,LOT-0676,560000,3.29448E+11
2025-10,WH-BPR01,LOT-0704,778666.6667,3.63326E+11
2025-10,WH-BPR01,LOT-0043,5248000,1.34926E+12
2025-10,WH-BPR01,LOT-0922,2976000,7.97568E+11
2025-10,WH-BPR01,LOT-0551,696000,89992800000
2025-10,WH-BPR01,LOT-0419,136000,71046400000
2025-10,WH-BPR01,LOT-0697,352000,68851200000
2025-10,WH-BPR01,LOT-0045,522000,1.13744E+11
2025-10,WH-BPR01,LOT-1183,1416000,8.30484E+11
2025-10,WH-BPR01,LOT-0712,1260000,4.76028E+11
2025-10,WH-BPR01,LOT-0335,2196000,2.7428E+11
2025-10,WH-BPR01,LOT-1146,4778666.667,1.34615E+12
2025-10,WH-BPR01,LOT-1072,1173000,2.04102E+11
2025-10,WH-BPR01,LOT-0765,1272000,99343200000
2025-10,WH-BPR01,LOT-0558,82000,10241800000
2025-10,WH-BPR01,LOT-0983,2364000,9.34962E+11
2025-10,WH-BPR01,LOT-0017,5738666.667,2.81195E+11
2025-10,WH-BPR01,LOT-0510,596000,38024800000
2025-10,WH-BPR01,LOT-1166,3492000,1.16982E+11
2025-10,WH-BPR01,LOT-0875,582000,2.56196E+11
2025-10,WH-BPR01,LOT-0865,1392000,6.91685E+11
2025-10,WH-BPR01,LOT-0581,906666.6667,4.22235E+11
2025-10,WH-BPR01,LOT-0670,78666.66667,13436266667
2025-10,WH-BPR01,LOT-0430,64000,8313600000
2025-10,WH-BPR01,LOT-0661,120000,24480000000
2025-10,WH-BPR01,LOT-0197,154000,84207200000
2025-10,WH-BPR01,LOT-0964,1800000,7.713E+11
2025-10,WH-BPR01,LOT-0830,1050000,83685000000
2025-10,WH-BPR01,LOT-0673,1268000,7.09319E+11
2025-10,WH-BPR01,LOT-0092,30000,13734000000
2025-10,WH-BPR01,LOT-0530,2672000,8.87104E+11
2025-10,WH-BPR01,LOT-0938,1544000,8.13379E+11
2025-10,WH-BPR01,LOT-0256,978666.6667,1.74398E+11
2025-10,WH-BPR01,LOT-1126,490666.6667,2.36109E+11
2025-10,WH-BPR01,LOT-0010,1572000,2.06561E+11
2025-10,WH-BPR01,LOT-0078,230000,1.24361E+11
2025-10,WH-BPR01,LOT-0562,1302000,4.73928E+11
2025-10,WH-BPR01,LOT-0280,1109333.333,4.13559E+11
2025-10,WH-MLG01,LOT-0520,570666.6667,1.36104E+11
2025-10,WH-MLG01,LOT-0623,1994666.667,7.70141E+11
2025-10,WH-MLG01,LOT-0577,243000,67456800000
2025-10,WH-MLG01,LOT-0433,1224000,5.01473E+11
2025-10,WH-MLG01,LOT-0529,120000,34620000000
2025-10,WH-MLG01,LOT-0826,933333.3333,84186666667
2025-10,WH-MLG01,LOT-1042,1178666.667,79442133333
2025-10,WH-MLG01,LOT-0774,360000,97056000000
2025-10,WH-MLG01,LOT-0501,71333.33333,5178800000
2025-10,WH-MLG01,LOT-0477,142000,58234200000
2025-10,WH-MLG01,LOT-0215,900000,2.3553E+11
2025-10,WH-MLG01,LOT-1101,874666.6667,3.61587E+11
2025-10,WH-MLG01,LOT-0148,2784000,7.34141E+11
2025-10,WH-MLG01,LOT-0309,138000,30498000000
2025-10,WH-MLG01,LOT-0402,76000,38410400000
2025-10,WH-MLG01,LOT-0456,1188000,6.99019E+11
2025-10,WH-MLG01,LOT-0760,320000,98464000000
2025-10,WH-MLG01,LOT-0901,260000,77948000000
2025-10,WH-MLG01,LOT-0864,3648000,2.04908E+12
2025-10,WH-MLG01,LOT-0182,920000,1.93476E+11
2025-10,WH-MLG01,LOT-0977,293333.3333,1.09941E+11
2025-10,WH-MLG01,LOT-0098,936000,4.22604E+11
2025-10,WH-MLG01,LOT-0919,829333.3333,1.31615E+11
2025-10,WH-MLG01,LOT-0451,818666.6667,4.81622E+11
2025-10,WH-MLG01,LOT-0255,220000,43384000000
2025-10,WH-MLG01,LOT-0915,98000,15699600000
2025-10,WH-MLG01,LOT-0618,2832000,1.17528E+12
2025-10,WH-MLG01,LOT-0574,1048000,2.89143E+11
2025-10,WH-MLG01,LOT-0732,156000,93522000000
2025-10,WH-MLG01,LOT-0945,194666.6667,1.04322E+11
2025-10,WH-MLG01,LOT-0946,704000,3.69952E+11
2025-10,WH-MLG01,LOT-0877,107333.3333,43577333333
2025-10,WH-MLG01,LOT-0355,1184000,1.51907E+11
2025-10,WH-MLG01,LOT-0847,88666.66667,30111200000
2025-10,WH-MLG01,LOT-0279,1792000,6.2272E+11
2025-10,WH-MLG01,LOT-0795,762000,2.60909E+11
2025-10,WH-MLG01,LOT-0502,148000,10448800000
2025-10,WH-MLG01,LOT-0804,1520000,6.3916E+11
2025-10,WH-MLG01,LOT-0911,1114666.667,1.83251E+11
2025-10,WH-MLG01,LOT-1103,1608000,6.46416E+11
2025-10,WH-MLG01,LOT-0642,853333.3333,2.5216E+11
2025-10,WH-MLG01,LOT-0085,26000,2958800000
2025-10,WH-MLG01,LOT-1044,984000,62976000000
2025-10,WH-MLG01,LOT-1136,562666.6667,2.9253E+11
2025-10,WH-MLG01,LOT-1001,1664000,2.67238E+11
2025-10,WH-MLG01,LOT-1016,26000,13561600000
2025-10,WH-MLG01,LOT-0543,3852000,8.74789E+11
2025-10,WH-MLG01,LOT-0767,1116000,80798400000
2025-10,WH-MLG01,LOT-0559,1322666.667,1.67317E+11
2025-10,WH-MLG01,LOT-0588,32000,15584000000
2025-10,WH-MLG01,LOT-0491,1196000,1.1374E+11
2025-10,WH-MLG01,LOT-0585,345333.3333,1.57817E+11
2025-10,WH-MLG01,LOT-1029,302000,1.63442E+11
2025-10,WH-MLG01,LOT-0685,221333.3333,55134133333
2025-10,WH-MLG01,LOT-0284,669333.3333,2.03946E+11
2025-10,WH-MLG01,LOT-0726,324000,93344400000
2025-10,WH-MLG01,LOT-0390,94000,28641800000
2025-10,WH-MLG01,LOT-0914,39000,5865600000
2025-10,WH-MLG01,LOT-0942,2232000,1.10997E+12
2025-10,WH-MLG01,LOT-0057,300000,47910000000
2025-10,WH-MLG01,LOT-0492,2364000,1.94321E+11
2025-10,WH-MLG01,LOT-0976,1012000,3.99436E+11
2025-10,WH-MLG01,LOT-0798,1376000,4.27386E+11
2025-10,WH-MLG01,LOT-0954,1228000,3.67418E+11
2025-10,WH-MLG01,LOT-0860,1429333.333,3.25459E+11
2025-10,WH-MLG01,LOT-1142,4608000,1.23448E+12
2025-10,WH-MLG01,LOT-0974,120000,46884000000
2025-10,WH-MLG01,LOT-0052,158000,26986400000
2025-10,WH-MLG01,LOT-0544,280000,62636000000
2025-10,WH-MLG01,LOT-0308,1376000,3.2735E+11
2025-10,WH-MLG01,LOT-0047,894000,1.96948E+11
2025-10,WH-MLG01,LOT-0984,2064000,8.35507E+11
2025-10,WH-MLG01,LOT-0863,45000,24921000000
2025-10,WH-MLG01,LOT-0957,480000,1.42032E+11
2025-10,WH-MLG01,LOT-0727,502000,1.47939E+11
2025-10,WH-MLG01,LOT-0165,1496000,81532000000
2025-10,WH-MLG01,LOT-0632,3360000,8.29584E+11
2025-10,WH-MLG01,LOT-0912,1888000,3.12086E+11
2025-10,WH-MLG01,LOT-0719,1278000,4.92286E+11
2025-10,WH-MLG01,LOT-0410,1381333.333,6.4674E+11
2025-10,WH-MLG01,LOT-0611,141333.3333,50865866667
2025-10,WH-MLG01,LOT-0181,72666.66667,17127533333
2025-10,WH-MLG01,LOT-0156,469333.3333,2.41941E+11
2025-10,WH-MLG01,LOT-0650,303000,76901400000
2025-10,WH-MLG01,LOT-0965,1488000,6.56506E+11
2025-10,WH-MLG01,LOT-0426,1260000,1.72998E+11
2025-10,WH-MLG01,LOT-0122,1314000,1.58337E+11
2025-10,WH-MLG01,LOT-0120,278000,15484600000
2025-10,WH-MLG01,LOT-0067,122000,14042200000
2025-10,WH-MLG01,LOT-0096,430666.6667,2.04136E+11
2025-10,WH-MLG01,LOT-1170,560000,18592000000
2025-10,WH-MLG01,LOT-0569,180000,73674000000
2025-10,WH-MLG01,LOT-0069,510000,63138000000
2025-10,WH-SLO01,LOT-0704,358000,1.56983E+11
2025-10,WH-SLO01,LOT-0119,1744000,87374400000
2025-10,WH-SLO01,LOT-1183,250666.6667,1.49197E+11
2025-10,WH-SLO01,LOT-1071,760000,1.444E+11
2025-10,WH-SLO01,LOT-0622,170666.6667,61832533333
2025-10,WH-SLO01,LOT-0156,464000,2.59933E+11
2025-10,WH-SLO01,LOT-0350,258666.6667,99224533333
2025-10,WH-SLO01,LOT-1135,444000,2.32745E+11
2025-10,WH-SLO01,LOT-0769,2560000,1.82272E+11
2025-10,WH-SLO01,LOT-0677,280000,1.64528E+11
2025-10,WH-SLO01,LOT-0740,2912000,1.72449E+12
2025-10,WH-SLO01,LOT-1063,1320000,2.09352E+11
2025-10,WH-SLO01,LOT-0227,460000,2.00376E+11
2025-10,WH-SLO01,LOT-0772,3064000,6.93996E+11
2025-10,WH-SLO01,LOT-0944,2976000,1.50556E+12
2025-10,WH-SLO01,LOT-0707,786000,4.05104E+11
2025-10,WH-SLO01,LOT-0365,492000,1.90453E+11
2025-10,WH-SLO01,LOT-0441,1754666.667,1.86521E+11
2025-10,WH-SLO01,LOT-1102,748000,3.24557E+11
2025-10,WH-SLO01,LOT-0421,630000,84672000000
2025-10,WH-SLO01,LOT-0199,1200000,7.116E+11
2025-10,WH-SLO01,LOT-0452,592000,3.51293E+11
2025-10,WH-SLO01,LOT-0638,632000,1.29307E+11
2025-10,WH-SLO01,LOT-1091,832000,73132800000
2025-10,WH-SLO01,LOT-1172,777000,1.06449E+11
2025-10,WH-SLO01,LOT-0188,1101000,2.17668E+11
2025-10,WH-SLO01,LOT-1122,24000,10308000000
2025-10,WH-SLO01,LOT-0085,394666.6667,40334933333
2025-10,WH-SLO01,LOT-0114,686000,38073000000
2025-10,WH-SLO01,LOT-0402,438666.6667,2.24641E+11
2025-10,WH-SLO01,LOT-1092,877333.3333,72643200000
2025-10,WH-SLO01,LOT-0134,47333.33333,11762333333
2025-10,WH-SLO01,LOT-0529,765333.3333,2.39626E+11
2025-10,WH-SLO01,LOT-0789,20000,1130000000
2025-10,WH-SLO01,LOT-0388,113333.3333,29398666667
2025-10,WH-SLO01,LOT-0531,112000,12376000000
2025-10,WH-SLO01,LOT-0261,1029000,4.43293E+11
2025-10,WH-SLO01,LOT-0355,188000,22428400000
2025-10,WH-SLO01,LOT-0639,640000,1.45088E+11
2025-10,WH-SLO01,LOT-0322,280000,32536000000
2025-10,WH-SLO01,LOT-0211,204000,49021200000
2025-10,WH-SLO01,LOT-0758,402000,1.26148E+11
2025-10,WH-SLO01,LOT-1177,368000,45337600000
2025-10,WH-SLO01,LOT-0949,704000,3.59814E+11
2025-10,WH-SLO01,LOT-0496,1984000,1.92845E+11
2025-10,WH-SLO01,LOT-0107,1044000,58672800000
2025-10,WH-SLO01,LOT-0209,1424000,6.63869E+11
2025-10,WH-SLO01,LOT-0356,1332000,1.41192E+11
2025-10,WH-SLO01,LOT-0130,160000,19824000000
2025-10,WH-SLO01,LOT-1055,358666.6667,45694133333
2025-10,WH-SLO01,LOT-0644,1592000,4.07393E+11
2025-10,WH-SLO01,LOT-0317,143500,45317300000
2025-10,WH-SLO01,LOT-0968,196000,81888800000
2025-10,WH-SLO01,LOT-0396,146000,10147000000
2025-10,WH-SLO01,LOT-0605,158000,30999600000
2025-10,WH-SLO01,LOT-0186,556000,1.19206E+11
2025-10,WH-SLO01,LOT-0179,1254000,7.42493E+11
2025-10,WH-SLO01,LOT-0606,5040000,1.00447E+12
2025-10,WH-SLO01,LOT-0823,138666.6667,12674133333
2025-10,WH-SLO01,LOT-0181,170666.6667,35072000000
2025-10,WH-SLO01,LOT-0403,250666.6667,1.21222E+11
2025-10,WH-SLO01,LOT-0511,1008000,2.51496E+11
2025-10,WH-SLO01,LOT-0172,232000,1.30222E+11
2025-10,WH-SLO01,LOT-0681,1428000,3.54144E+11
2025-10,WH-SLO01,LOT-0730,92000,24058000000
2025-10,WH-SLO01,LOT-0743,544000,1.24032E+11
2025-10,WH-SLO01,LOT-0401,558000,2.58633E+11
2025-10,WH-SLO01,LOT-0111,292000,14366400000
2025-10,WH-SLO01,LOT-0129,4656000,5.29853E+11
2025-10,WH-SLO01,LOT-0657,2826666.667,2.86907E+11
2025-10,WH-SLO01,LOT-0458,924000,5.42758E+11
2025-10,WH-SLO01,LOT-0080,300000,1.6083E+11
2025-10,WH-SLO01,LOT-0389,1083000,3.34322E+11
2025-10,WH-SLO01,LOT-0121,1701333.333,1.99056E+11
2025-10,WH-SLO01,LOT-0630,168000,56364000000
2025-10,WH-SLO01,LOT-0608,1632000,3.06E+11
2025-10,WH-SLO01,LOT-0022,124000,35414400000
2025-10,WH-SLO01,LOT-0922,315000,89617500000
2025-10,WH-SLO01,LOT-0904,100000,30150000000
2025-10,WH-SLO01,LOT-0205,21333.33333,9945600000
2025-10,WH-SLO01,LOT-0098,880000,4.0612E+11
2025-10,WH-SLO01,LOT-0835,1109333.333,2.56922E+11
2025-10,WH-SLO01,LOT-0739,72000,44316000000
2025-10,WH-SLO01,LOT-1125,376500,1.92806E+11
2025-10,WH-SLO01,LOT-0621,194666.6667,74245866667
2025-10,WH-SLO01,LOT-0641,466000,1.43109E+11
2025-10,WH-SLO01,LOT-0655,45000,4414500000
2025-10,WH-SLO01,LOT-0936,426666.6667,2.18027E+11
2025-10,WH-SLO01,LOT-0834,176666.6667,36340333333
2025-10,WH-SLO01,LOT-0886,1845333.333,7.96999E+11
2025-10,WH-SLO01,LOT-0487,1994666.667,4.39026E+11
2025-10,WH-SLO01,LOT-0626,1084000,4.06825E+11
2025-10,WH-SLO01,LOT-0667,1056000,1.93142E+11
2025-10,WH-SLO01,LOT-0246,260000,7748000000
2025-10,WH-SLO01,LOT-1144,744000,2.02219E+11
2025-10,WH-SLO01,LOT-0377,324000,1.05624E+11
2025-10,WH-SLO01,LOT-0202,1476000,6.70547E+11
2025-10,WH-SLO01,LOT-0290,1461333.333,4.25394E+11
2025-10,WH-SLO01,LOT-0833,586000,1.40699E+11
2025-10,WH-SLO01,LOT-0547,1520000,3.58416E+11
2025-10,WH-YOG01,LOT-0263,218666.6667,1.02664E+11
2025-10,WH-YOG01,LOT-1149,3392000,8.90061E+11
2025-10,WH-YOG01,LOT-0491,2208000,2.05565E+11
2025-10,WH-YOG01,LOT-0735,2016000,1.24407E+12
2025-10,WH-YOG01,LOT-0191,18000,10837800000
2025-10,WH-YOG01,LOT-0838,160000,37136000000
2025-10,WH-YOG01,LOT-0972,110000,43824000000
2025-10,WH-YOG01,LOT-0441,263000,27983200000
2025-10,WH-YOG01,LOT-0116,54000,3018600000
2025-10,WH-YOG01,LOT-1156,1242000,7.39114E+11
2025-10,WH-YOG01,LOT-0679,48000,23769600000
2025-10,WH-YOG01,LOT-0453,764000,4.12636E+11
2025-10,WH-YOG01,LOT-0259,1322666.667,2.43767E+11
2025-10,WH-YOG01,LOT-0807,672000,2.58586E+11
2025-10,WH-YOG01,LOT-1011,888000,4.26151E+11
2025-10,WH-YOG01,LOT-0017,1638000,74201400000
2025-10,WH-YOG01,LOT-1140,1128000,6.4375E+11
2025-10,WH-YOG01,LOT-0524,1380000,4.0365E+11
2025-10,WH-YOG01,LOT-1046,688000,48710400000
2025-10,WH-YOG01,LOT-1059,1500000,1.9035E+11
2025-10,WH-YOG01,LOT-0828,768000,60748800000
2025-10,WH-YOG01,LOT-1083,5216000,2.27418E+12
2025-10,WH-YOG01,LOT-0848,720000,2.34144E+11
2025-10,WH-YOG01,LOT-0680,960000,4.7136E+11
2025-10,WH-YOG01,LOT-0779,752000,1.96874E+11
2025-10,WH-YOG01,LOT-0306,792000,2.02594E+11
2025-10,WH-YOG01,LOT-0342,580000,2.04508E+11
2025-10,WH-YOG01,LOT-0753,1308000,4.1529E+11
2025-10,WH-YOG01,LOT-1096,316000,27334000000
2025-10,WH-YOG01,LOT-0381,656000,1.96931E+11
2025-10,WH-YOG01,LOT-0326,466666.6667,61646666667
2025-10,WH-YOG01,LOT-1077,916000,1.72116E+11
2025-10,WH-YOG01,LOT-0338,196000,23539600000
2025-10,WH-YOG01,LOT-1099,1096000,91735200000
2025-10,WH-YOG01,LOT-0004,4128000,5.43658E+11
2025-10,WH-YOG01,LOT-0227,485333.3333,2.15003E+11
2025-10,WH-YOG01,LOT-1080,1152000,2.02176E+11
2025-10,WH-YOG01,LOT-0448,8666.666667,836333333.3
2025-10,WH-YOG01,LOT-0316,1216000,3.952E+11
2025-10,WH-YOG01,LOT-0503,1648000,1.00363E+11
2025-10,WH-YOG01,LOT-0765,912000,70771200000
2025-10,WH-YOG01,LOT-0430,423000,66622500000
2025-10,WH-YOG01,LOT-0086,633000,70452900000
2025-10,WH-YOG01,LOT-0895,225000,36517500000
2025-10,WH-YOG01,LOT-1045,87000,6194400000
2025-10,WH-YOG01,LOT-1054,2328000,2.84249E+11
2025-10,WH-YOG01,LOT-0703,1925333.333,9.78454E+11
2025-10,WH-YOG01,LOT-0875,316000,1.32467E+11
2025-10,WH-YOG01,LOT-1097,111000,8702400000
2025-10,WH-YOG01,LOT-0611,1909333.333,6.79341E+11
2025-10,WH-YOG01,LOT-0866,184000,1.00022E+11
2025-10,WH-YOG01,LOT-0994,183000,42456000000
2025-10,WH-YOG01,LOT-0839,1532000,3.6002E+11
2025-10,WH-YOG01,LOT-1015,944000,4.5397E+11
2025-10,WH-YOG01,LOT-1029,696000,3.40414E+11
2025-10,WH-YOG01,LOT-0038,34666.66667,8427466667
2025-10,WH-YOG01,LOT-0818,256000,78515200000
2025-10,WH-YOG01,LOT-0571,997333.3333,3.2174E+11
2025-10,WH-YOG01,LOT-0664,374000,76819600000
2025-10,WH-YOG01,LOT-1130,3594666.667,1.8437E+12
2025-10,WH-YOG01,LOT-0449,232000,23408800000
2025-10,WH-YOG01,LOT-0983,5000,1945000000
2025-10,WH-YOG01,LOT-0551,474000,55695000000
2025-10,WH-YOG01,LOT-0575,504000,1.49486E+11
2025-10,WH-YOG01,LOT-1177,400000,58680000000
2025-10,WH-YOG01,LOT-0667,269333.3333,47752800000
2025-10,WH-YOG01,LOT-1178,276000,35024400000
2025-10,WH-YOG01,LOT-0973,1260000,5.04252E+11
2025-10,WH-YOG01,LOT-0686,1992000,5.35848E+11
2025-10,WH-YOG01,LOT-0301,2256000,5.01734E+11
2025-10,WH-YOG01,LOT-0163,1863000,82344600000
2025-10,WH-YOG01,LOT-0474,1752000,6.72593E+11
2025-10,WH-YOG01,LOT-0732,16000,9675200000
2025-10,WH-YOG01,LOT-0411,720000,3.58056E+11
2025-10,WH-YOG01,LOT-0167,2344000,1.20482E+11
2025-10,WH-YOG01,LOT-0979,448000,1.88429E+11
2025-10,WH-YOG01,LOT-0661,152000,28606400000
2025-10,WH-YOG01,LOT-0706,294000,1.35299E+11
2025-10,WH-YOG01,LOT-0676,332000,1.82832E+11
2025-10,WH-YOG01,LOT-0325,1904000,2.22387E+11
2025-10,WH-YOG01,LOT-1031,144000,17136000000
2025-10,WH-YOG01,LOT-1001,314000,52438000000
2025-10,WH-YOG01,LOT-0563,1068000,3.94092E+11
2025-10,WH-YOG01,LOT-1101,149333.3333,58553600000
2025-10,WH-YOG01,LOT-0937,292000,1.70353E+11
2025-10,WH-YOG01,LOT-0567,256000,1.0112E+11
2025-10,WH-YOG01,LOT-0179,698000,4.1894E+11
2025-10,WH-YOG01,LOT-0132,2152000,5.36924E+11
2025-10,WH-YOG01,LOT-0597,708000,2.76899E+11
2025-10,WH-YOG01,LOT-1079,992000,1.6864E+11
2025-10,WH-YOG01,LOT-0791,928000,3.02528E+11
2025-10,WH-YOG01,LOT-0321,4245333.333,5.51044E+11
2025-10,WH-YOG01,LOT-0878,1212000,5.36552E+11
2025-10,WH-YOG01,LOT-0909,251000,63427700000
2025-10,WH-YOG01,LOT-0662,171000,31139100000
2025-10,WH-YOG01,LOT-0247,3392000,94976000000
2025-10,WH-YOG01,LOT-0242,244666.6667,6777266667
2025-10,WH-YOG01,LOT-1010,322000,47817000000
2025-10,WH-YOG01,LOT-0870,529333.3333,2.65672E+11
2025-10,WH-YOG01,LOT-0527,123000,38745000000
2025-10,WH-YOG01,LOT-0459,114000,61696800000
2025-10,WH-YOG01,LOT-0550,2293333.333,6.09339E+11
2025-10,WH-YOG01,LOT-0833,62666.66667,15710533333
2025-10,WH-YOG01,LOT-0729,1128000,2.88768E+11
2025-10,WH-YOG01,LOT-0652,404000,35754000000
2025-10,WH-YOG01,LOT-0148,1908000,5.1268E+11
2025-10,WH-YOG01,LOT-0734,42666.66667,24051200000
2025-10,WH-YOG01,LOT-0893,1440000,2.21184E+11
2025-11,WH-JKT01,LOT-0709,3082666.667,1.41217E+12
2025-11,WH-JKT01,LOT-0432,896000,3.55981E+11
2025-11,WH-JKT01,LOT-0738,39000,22128600000
2025-11,WH-JKT01,LOT-0950,690000,3.77499E+11
2025-11,WH-JKT01,LOT-0956,225000,61155000000
2025-11,WH-JKT01,LOT-0256,6352000,1.11096E+12
2025-11,WH-JKT01,LOT-0105,536000,28783200000
2025-11,WH-JKT01,LOT-0098,204000,90596400000
2025-11,WH-JKT01,LOT-0225,1082666.667,4.56019E+11
2025-11,WH-JKT01,LOT-0253,132000,23377200000
2025-11,WH-JKT01,LOT-0683,2560000,6.9376E+11
2025-11,WH-JKT01,LOT-0517,5472000,1.43914E+12
2025-11,WH-JKT01,LOT-0947,524000,2.62891E+11
2025-11,WH-JKT01,LOT-0932,1034666.667,5.31198E+11
2025-11,WH-JKT01,LOT-0469,2144000,6.56493E+11
2025-11,WH-JKT01,LOT-0590,4020000,1.77684E+12
2025-11,WH-JKT01,LOT-0539,58666.66667,5896000000
2025-11,WH-JKT01,LOT-0493,301333.3333,28656800000
2025-11,WH-JKT01,LOT-0147,768000,2.09818E+11
2025-11,WH-JKT01,LOT-0538,3520000,3.40736E+11
2025-11,WH-JKT01,LOT-1099,220000,18414000000
2025-11,WH-JKT01,LOT-0991,3893333.333,8.54197E+11
2025-11,WH-JKT01,LOT-0274,2328000,8.76725E+11
2025-11,WH-JKT01,LOT-0355,602000,75551000000
2025-11,WH-JKT01,LOT-0722,252000,74566800000
2025-11,WH-JKT01,LOT-0749,2128000,5.34341E+11
2025-11,WH-JKT01,LOT-0960,304000,83539200000
2025-11,WH-JKT01,LOT-1025,420000,2.19324E+11
2025-11,WH-JKT01,LOT-0690,370000,1.06819E+11
2025-11,WH-JKT01,LOT-0822,224000,19532800000
2025-11,WH-JKT01,LOT-0522,169333.3333,50207333333
2025-11,WH-JKT01,LOT-0213,232666.6667,58701800000
2025-11,WH-JKT01,LOT-0458,365000,2.05751E+11
2025-11,WH-JKT01,LOT-0702,2556000,1.09346E+12
2025-11,WH-JKT01,LOT-0554,136000,16374400000
2025-11,WH-JKT01,LOT-1000,584000,1.39109E+11
2025-11,WH-JKT01,LOT-0633,228000,49270800000
2025-11,WH-JKT01,LOT-0196,96000,58396800000
2025-11,WH-JKT01,LOT-0806,164000,72061600000
2025-11,WH-JKT01,LOT-1094,236000,21263600000
2025-11,WH-JKT01,LOT-0674,636000,3.09223E+11
2025-11,WH-JKT01,LOT-0767,96000,6988800000
2025-11,WH-JKT01,LOT-0958,837333.3333,2.32276E+11
2025-11,WH-JKT01,LOT-0439,244500,88949100000
2025-11,WH-JKT01,LOT-0644,440000,1.19592E+11
2025-11,WH-JKT01,LOT-0311,425333.3333,1.4053E+11
2025-11,WH-JKT01,LOT-0487,848000,1.91224E+11
2025-11,WH-JKT01,LOT-0297,640000,1.07456E+11
2025-11,WH-JKT01,LOT-0752,5904000,2.11717E+12
2025-11,WH-JKT01,LOT-0764,1573333.333,1.2036E+11
2025-11,WH-JKT01,LOT-0716,2122666.667,8.88973E+11
2025-11,WH-JKT01,LOT-1132,98666.66667,58085066667
2025-11,WH-JKT01,LOT-0037,568000,1.49043E+11
2025-11,WH-JKT01,LOT-1193,64000,16960000000
2025-11,WH-JKT01,LOT-0705,1061333.333,5.39582E+11
2025-11,WH-JKT01,LOT-0996,922666.6667,1.9579E+11
2025-11,WH-JKT01,LOT-0618,124000,51745200000
2025-11,WH-JKT01,LOT-0742,4188000,1.03695E+12
2025-11,WH-JKT01,LOT-1028,1528000,8.13813E+11
2025-11,WH-JKT01,LOT-0201,2432000,1.1248E+12
2025-11,WH-JKT01,LOT-0838,1168000,2.85109E+11
2025-11,WH-JKT01,LOT-0825,3264000,3.04858E+11
2025-11,WH-JKT01,LOT-0091,801000,3.23924E+11
2025-11,WH-JKT01,LOT-0319,240000,78480000000
2025-11,WH-JKT01,LOT-1088,2082000,8.87765E+11
2025-11,WH-JKT01,LOT-0241,252000,7383600000
2025-11,WH-JKT01,LOT-0397,614000,44023800000
2025-11,WH-JKT01,LOT-0841,244666.6667,85388666667
2025-11,WH-JKT01,LOT-0344,104000,37814400000
2025-11,WH-JKT01,LOT-0489,1584000,3.57984E+11
2025-11,WH-JKT01,LOT-0438,1632000,6.24077E+11
2025-11,WH-JKT01,LOT-0619,2424000,8.52763E+11
2025-11,WH-JKT01,LOT-0910,828000,2.41279E+11
2025-11,WH-JKT01,LOT-0004,560000,78568000000
2025-11,WH-JKT01,LOT-0616,1440000,5.0328E+11
2025-11,WH-JKT01,LOT-0038,1950000,5.26305E+11
2025-11,WH-JKT01,LOT-0953,113333.3333,34102000000
2025-11,WH-JKT01,LOT-0209,792000,3.11573E+11
2025-11,WH-JKT01,LOT-0516,40000,9980000000
2025-11,WH-JKT01,LOT-0821,1332000,1.17616E+11
2025-11,WH-JKT01,LOT-0911,720000,1.22472E+11
2025-11,WH-JKT01,LOT-0197,428000,2.55259E+11
2025-11,WH-JKT01,LOT-1010,549333.3333,95309333333
2025-11,WH-JKT01,LOT-1002,1048000,1.58982E+11
2025-11,WH-JKT01,LOT-0503,280000,19404000000
2025-11,WH-JKT01,LOT-0596,768000,2.82931E+11
2025-11,WH-JKT01,LOT-0255,195000,36289500000
2025-11,WH-SBY01,LOT-0768,228000,17761200000
2025-11,WH-SBY01,LOT-0650,1196000,3.18854E+11
2025-11,WH-SBY01,LOT-0574,480000,1.52352E+11
2025-11,WH-SBY01,LOT-0587,2784000,1.2013E+12
2025-11,WH-SBY01,LOT-0157,2512000,1.33538E+12
2025-11,WH-SBY01,LOT-0225,560000,2.44272E+11
2025-11,WH-SBY01,LOT-1067,672000,1.14778E+11
2025-11,WH-SBY01,LOT-0200,270000,1.52334E+11
2025-11,WH-SBY01,LOT-1091,752000,62942400000
2025-11,WH-SBY01,LOT-0702,906666.6667,4.48619E+11
2025-11,WH-SBY01,LOT-0175,2840000,1.70201E+12
2025-11,WH-SBY01,LOT-0438,948000,3.85267E+11
2025-11,WH-SBY01,LOT-0783,541333.3333,31072533333
2025-11,WH-SBY01,LOT-0922,354666.6667,99164800000
2025-11,WH-SBY01,LOT-0385,2368000,5.98394E+11
2025-11,WH-SBY01,LOT-1047,1568000,1.13837E+11
2025-11,WH-SBY01,LOT-0038,2334000,6.08007E+11
2025-11,WH-SBY01,LOT-0693,48000,8256000000
2025-11,WH-SBY01,LOT-0296,852000,1.43818E+11
2025-11,WH-SBY01,LOT-0119,5488000,3.16658E+11
2025-11,WH-SBY01,LOT-0423,488000,77299200000
2025-11,WH-SBY01,LOT-1132,626666.6667,3.49931E+11
2025-11,WH-SBY01,LOT-1106,181333.3333,72968533333
2025-11,WH-SBY01,LOT-0206,3056000,1.4189E+12
2025-11,WH-SBY01,LOT-0444,1164000,1.17913E+11
2025-11,WH-SBY01,LOT-0911,202000,31350400000
2025-11,WH-SBY01,LOT-0879,94333.33333,35629700000
2025-11,WH-SBY01,LOT-1051,820000,1.05944E+11
2025-11,WH-SBY01,LOT-0617,106666.6667,40618666667
2025-11,WH-SBY01,LOT-0205,188000,74560800000
2025-11,WH-SBY01,LOT-1100,466666.6667,43446666667
2025-11,WH-SBY01,LOT-0573,234000,70106400000
2025-11,WH-SBY01,LOT-1018,1986000,1.11713E+12
2025-11,WH-SBY01,LOT-0165,3024000,1.37894E+11
2025-11,WH-SBY01,LOT-0533,1611000,1.77693E+11
2025-11,WH-SBY01,LOT-0276,840000,3.16176E+11
2025-11,WH-SBY01,LOT-0340,50666.66667,5335200000
2025-11,WH-SBY01,LOT-0058,442000,71162000000
2025-11,WH-SBY01,LOT-0153,4181333.333,1.93763E+12
2025-11,WH-SBY01,LOT-0535,1468000,1.48121E+11
2025-11,WH-SBY01,LOT-1070,768000,1.4016E+11
2025-11,WH-SBY01,LOT-0500,2144000,1.75379E+11
2025-11,WH-SBY01,LOT-0407,417333.3333,1.85171E+11
2025-11,WH-SBY01,LOT-0498,2400000,2.4168E+11
2025-11,WH-SBY01,LOT-0663,426000,76339200000
2025-11,WH-SBY01,LOT-0547,1397333.333,3.73228E+11
2025-11,WH-SBY01,LOT-0123,206000,24390400000
2025-11,WH-SBY01,LOT-0228,861333.3333,4.07583E+11
2025-11,WH-SBY01,LOT-0379,74666.66667,26222933333
2025-11,WH-SBY01,LOT-0908,624000,1.65859E+11
2025-11,WH-SBY01,LOT-0347,917333.3333,3.87482E+11
2025-11,WH-SBY01,LOT-1110,500000,1.9115E+11
2025-11,WH-SBY01,LOT-0425,2144000,3.01661E+11
2025-11,WH-SBY01,LOT-0798,154666.6667,54056000000
2025-11,WH-SBY01,LOT-0024,488000,1.37226E+11
2025-11,WH-SBY01,LOT-0401,192000,97440000000
2025-11,WH-SBY01,LOT-0004,762000,91744800000
2025-11,WH-SBY01,LOT-1041,116000,8734800000
2025-11,WH-SBY01,LOT-0987,2376000,8.14255E+11
2025-11,WH-SBY01,LOT-0809,3018666.667,1.1803E+12
2025-11,WH-SBY01,LOT-0597,294000,1.12837E+11
2025-11,WH-SBY01,LOT-0960,1544000,4.32474E+11
2025-11,WH-SBY01,LOT-0989,660000,2.51988E+11
2025-11,WH-SBY01,LOT-0095,1506000,6.62941E+11
2025-11,WH-SBY01,LOT-1174,44000,6476800000
2025-11,WH-SBY01,LOT-0022,712000,2.20435E+11
2025-11,WH-SBY01,LOT-0864,626000,3.15629E+11
2025-11,WH-SBY01,LOT-0990,342666.6667,1.40185E+11
2025-11,WH-SBY01,LOT-0892,368000,64289600000
2025-11,WH-SBY01,LOT-0223,3267000,1.35254E+12
2025-11,WH-SBY01,LOT-1114,42000,16018800000
2025-11,WH-SBY01,LOT-0486,696000,1.44629E+11
2025-11,WH-SBY01,LOT-0953,34000,10281600000
2025-11,WH-SBY01,LOT-0773,853333.3333,1.91147E+11
2025-11,WH-SBY01,LOT-0765,357333.3333,30230400000
2025-11,WH-SBY01,LOT-0006,1448000,1.86502E+11
2025-11,WH-SBY01,LOT-0863,2076000,9.66586E+11
2025-11,WH-SBY01,LOT-0135,410000,91594000000
2025-11,WH-SBY01,LOT-0853,164000,39770000000
2025-11,WH-SBY01,LOT-0380,328000,1.18834E+11
2025-11,WH-SBY01,LOT-0193,169000,87863100000
2025-11,WH-SBY01,LOT-1022,312000,1.53286E+11
2025-11,WH-SBY01,LOT-0302,274000,58608600000
2025-11,WH-SBY01,LOT-0086,290000,31088000000
2025-11,WH-SBY01,LOT-0578,562666.6667,1.6368E+11
2025-11,WH-SBY01,LOT-1118,2076000,8.07356E+11
2025-11,WH-SBY01,LOT-1073,144000,23068800000
2025-11,WH-SBY01,LOT-1058,789333.3333,96772266667
2025-11,WH-SBY01,LOT-1149,1368000,4.0055E+11
2025-11,WH-SBY01,LOT-0102,1360000,79016000000
2025-11,WH-SBY01,LOT-0614,305000,1.2444E+11
2025-11,WH-BDG01,LOT-0478,1301333.333,4.975E+11
2025-11,WH-BDG01,LOT-0164,4632000,2.43643E+11
2025-11,WH-BDG01,LOT-0968,464000,1.856E+11
2025-11,WH-BDG01,LOT-0485,96000,18268800000
2025-11,WH-BDG01,LOT-0092,1832000,8.3869E+11
2025-11,WH-BDG01,LOT-0467,564000,1.60345E+11
2025-11,WH-BDG01,LOT-0463,1536000,4.83994E+11
2025-11,WH-BDG01,LOT-0363,248000,86279200000
2025-11,WH-BDG01,LOT-0542,126000,30870000000
2025-11,WH-BDG01,LOT-1189,678000,4.02122E+11
2025-11,WH-BDG01,LOT-0861,912000,4.35206E+11
2025-11,WH-BDG01,LOT-0925,738000,1.81622E+11
2025-11,WH-BDG01,LOT-0683,170666.6667,40379733333
2025-11,WH-BDG01,LOT-1024,1248000,5.90803E+11
2025-11,WH-BDG01,LOT-0541,3672000,1.00025E+12
2025-11,WH-BDG01,LOT-0697,714666.6667,1.24281E+11
2025-11,WH-BDG01,LOT-0239,48000,14942400000
2025-11,WH-BDG01,LOT-0001,2202000,3.14666E+11
2025-11,WH-BDG01,LOT-0619,1584000,6.16334E+11
2025-11,WH-BDG01,LOT-1112,2192000,9.02008E+11
2025-11,WH-BDG01,LOT-0576,1412000,4.50852E+11
2025-11,WH-BDG01,LOT-1093,1114666.667,97533333333
2025-11,WH-BDG01,LOT-0089,906666.6667,90576000000
2025-11,WH-BDG01,LOT-0622,59666.66667,21706733333
2025-11,WH-BDG01,LOT-0899,1230000,1.92372E+11
2025-11,WH-BDG01,LOT-0445,202666.6667,20631466667
2025-11,WH-BDG01,LOT-0240,34000,9217400000
2025-11,WH-BDG01,LOT-1109,1440000,5.4216E+11
2025-11,WH-BDG01,LOT-0190,1484000,3.4414E+11
2025-11,WH-BDG01,LOT-0706,56000,28084000000
2025-11,WH-BDG01,LOT-0793,560000,1.7556E+11
2025-11,WH-BDG01,LOT-0041,2312000,5.36615E+11
2025-11,WH-BDG01,LOT-0699,738666.6667,1.34142E+11
2025-11,WH-BDG01,LOT-0593,358000,1.28092E+11
2025-11,WH-BDG01,LOT-0333,85333.33333,10581333333
2025-11,WH-BDG01,LOT-0991,6997333.333,1.74374E+12
2025-11,WH-BDG01,LOT-0106,361333.3333,20740533333
2025-11,WH-BDG01,LOT-0932,408000,2.15873E+11
2025-11,WH-BDG01,LOT-1196,122666.6667,38112533333
2025-11,WH-BDG01,LOT-0738,416000,2.36579E+11
2025-11,WH-BDG01,LOT-1188,64000,33606400000
2025-11,WH-BDG01,LOT-0613,928000,3.49392E+11
2025-11,WH-BDG01,LOT-0978,318000,1.43768E+11
2025-11,WH-BDG01,LOT-0847,764000,2.43028E+11
2025-11,WH-BDG01,LOT-0241,106666.6667,3125333333
2025-11,WH-BDG01,LOT-0216,1332000,3.1968E+11
2025-11,WH-BDG01,LOT-0221,882666.6667,4.45217E+11
2025-11,WH-BDG01,LOT-0105,1132000,59996000000
2025-11,WH-BDG01,LOT-0992,1056000,2.32954E+11
2025-11,WH-BDG01,LOT-1180,244000,34452800000
2025-11,WH-BDG01,LOT-0969,189333.3333,77475200000
2025-11,WH-BDG01,LOT-0804,2112000,9.44064E+11
2025-11,WH-BDG01,LOT-0629,2008000,6.6766E+11
2025-11,WH-BDG01,LOT-0921,208000,56139200000
2025-11,WH-BDG01,LOT-0742,372000,95455200000
2025-11,WH-BDG01,LOT-0594,1746000,6.46369E+11
2025-11,WH-BDG01,LOT-0720,976500,4.17161E+11
2025-11,WH-BDG01,LOT-0857,1642666.667,3.99497E+11
2025-11,WH-BDG01,LOT-0700,457333.3333,76969200000
2025-11,WH-BDG01,LOT-0945,1968000,1.09185E+12
2025-11,WH-BDG01,LOT-0307,2016000,4.35658E+11
2025-11,WH-BDG01,LOT-1049,720000,49896000000
2025-11,WH-BDG01,LOT-1158,968000,4.95035E+11
2025-11,WH-BDG01,LOT-0934,170000,1.02969E+11
2025-11,WH-BDG01,LOT-0311,590000,2.00836E+11
2025-11,WH-BDG01,LOT-0341,3424000,1.25421E+12
2025-11,WH-BDG01,LOT-0794,496000,1.63085E+11
2025-11,WH-BDG01,LOT-1181,922666.6667,5.11342E+11
2025-11,WH-BDG01,LOT-0431,978000,3.6675E+11
2025-11,WH-BDG01,LOT-0607,1784000,2.90257E+11
2025-11,WH-BDG01,LOT-1039,208000,24585600000
2025-11,WH-BDG01,LOT-0692,376000,69409600000
2025-11,WH-BDG01,LOT-0550,16000,3972800000
2025-11,WH-BDG01,LOT-0051,56000,8556800000
2025-11,WH-BDG01,LOT-0417,970666.6667,4.7815E+11
2025-11,WH-BDG01,LOT-0022,365333.3333,1.0591E+11
2025-11,WH-BDG01,LOT-1040,712000,82948000000
2025-11,WH-BDG01,LOT-0529,162000,53962200000
2025-11,WH-BDG01,LOT-0779,213333.3333,54485333333
2025-11,WH-BDG01,LOT-1083,2274000,1.02944E+12
2025-11,WH-BDG01,LOT-0715,780000,2.74014E+11
2025-11,WH-BDG01,LOT-0854,500000,1.2435E+11
2025-11,WH-BDG01,LOT-0024,504000,1.40263E+11
2025-11,WH-BDG01,LOT-0889,192000,81888000000
2025-11,WH-BDG01,LOT-0777,584000,1.44598E+11
2025-11,WH-BDG01,LOT-0373,1288000,4.2607E+11
2025-11,WH-BDG01,LOT-0836,2888000,6.00993E+11
2025-11,WH-BDG01,LOT-0139,568000,1.31151E+11
2025-11,WH-BDG01,LOT-0448,144000,15494400000
2025-11,WH-BDG01,LOT-1064,896000,1.5895E+11
2025-11,WH-BDG01,LOT-0271,56000,21011200000
2025-11,WH-BDG01,LOT-0840,1994666.667,4.25063E+11
2025-11,WH-BDG01,LOT-1123,7530666.667,3.74274E+12
2025-11,WH-BDG01,LOT-0976,312000,1.21649E+11
2025-11,WH-BDG01,LOT-0070,184000,24085600000
2025-11,WH-BDG01,LOT-0907,325333.3333,98576000000
2025-11,WH-BDG01,LOT-0903,277333.3333,70692266667
2025-11,WH-BDG01,LOT-0935,741333.3333,4.58144E+11
2025-11,WH-BDG01,LOT-0900,358000,55597400000
2025-11,WH-BDG01,LOT-0768,188000,15980000000
2025-11,WH-BDG01,LOT-0960,134666.6667,35255733333
2025-11,WH-BDG01,LOT-0084,794666.6667,94565333333
2025-11,WH-BDG01,LOT-0421,1056000,1.67059E+11
2025-11,WH-BDG01,LOT-1167,231000,8570100000
2025-11,WH-BDG01,LOT-0833,714000,1.65362E+11
2025-11,WH-BDG01,LOT-0296,277333.3333,48838400000
2025-11,WH-BDG01,LOT-0771,2672000,5.8971E+11
2025-11,WH-BDG01,LOT-0457,180000,1.07172E+11
2025-11,WH-BDG01,LOT-1018,182666.6667,91461200000
2025-11,WH-SMG01,LOT-0315,896000,2.8224E+11
2025-11,WH-SMG01,LOT-0470,156000,44366400000
2025-11,WH-SMG01,LOT-0276,164000,59105600000
2025-11,WH-SMG01,LOT-0822,584000,56005600000
2025-11,WH-SMG01,LOT-0995,866666.6667,1.84773E+11
2025-11,WH-SMG01,LOT-0155,40000,20888000000
2025-11,WH-SMG01,LOT-0549,36000,9187200000
2025-11,WH-SMG01,LOT-1089,876000,3.96215E+11
2025-11,WH-SMG01,LOT-0701,756000,3.37176E+11
2025-11,WH-SMG01,LOT-1025,578666.6667,2.68501E+11
2025-11,WH-SMG01,LOT-0205,270000,1.14129E+11
2025-11,WH-SMG01,LOT-0943,1920000,1.11245E+12
2025-11,WH-SMG01,LOT-0015,960000,48768000000
2025-11,WH-SMG01,LOT-0196,276000,1.48543E+11
2025-11,WH-SMG01,LOT-0748,1648000,3.61406E+11
2025-11,WH-SMG01,LOT-0091,112000,45763200000
2025-11,WH-SMG01,LOT-0219,414666.6667,92885333333
2025-11,WH-SMG01,LOT-1159,2472000,1.46392E+12
2025-11,WH-SMG01,LOT-0886,5952000,3.0623E+12
2025-11,WH-SMG01,LOT-1017,2943000,1.67898E+12
2025-11,WH-SMG01,LOT-0990,896000,3.48902E+11
2025-11,WH-SMG01,LOT-0271,426666.6667,1.50144E+11
2025-11,WH-SMG01,LOT-0057,240000,41640000000
2025-11,WH-SMG01,LOT-0265,1008000,4.60858E+11
2025-11,WH-SMG01,LOT-0718,297000,1.24354E+11
2025-11,WH-SMG01,LOT-0151,552000,2.72909E+11
2025-11,WH-SMG01,LOT-1171,25333.33333,3242666667
2025-11,WH-SMG01,LOT-0268,1384000,5.9083E+11
2025-11,WH-SMG01,LOT-0095,22000,10313600000
2025-11,WH-SMG01,LOT-0245,1754666.667,47025066667
2025-11,WH-SMG01,LOT-1152,376000,1.94467E+11
2025-11,WH-SMG01,LOT-0317,211333.3333,78721666667
2025-11,WH-SMG01,LOT-1126,232000,1.22287E+11
2025-11,WH-SMG01,LOT-0723,634000,1.82338E+11
2025-11,WH-SMG01,LOT-0259,382000,64978200000
2025-11,WH-SMG01,LOT-0488,429333.3333,83762933333
2025-11,WH-SMG01,LOT-0465,3189333.333,9.92839E+11
2025-11,WH-SMG01,LOT-0306,172000,42845200000
2025-11,WH-SMG01,LOT-1158,591000,3.4213E+11
2025-11,WH-SMG01,LOT-0922,3626666.667,9.77749E+11
2025-11,WH-SMG01,LOT-0008,3786666.667,4.91131E+11
2025-11,WH-SMG01,LOT-0551,1920000,2.32512E+11
2025-11,WH-SMG01,LOT-1179,747000,1.07045E+11
2025-11,WH-SMG01,LOT-0405,188000,97402800000
2025-11,WH-SMG01,LOT-0977,264000,1.16899E+11
2025-11,WH-SMG01,LOT-1200,20000,6008000000
2025-11,WH-SMG01,LOT-0698,540000,97092000000
2025-11,WH-SMG01,LOT-1036,469333.3333,55287466667
2025-11,WH-SMG01,LOT-0331,2187000,2.5916E+11
2025-11,WH-SMG01,LOT-0212,2000000,4.652E+11
2025-11,WH-SMG01,LOT-0704,6666.666667,2850666667
2025-11,WH-SMG01,LOT-1097,1728000,1.36685E+11
2025-11,WH-SMG01,LOT-0762,3125333.333,2.18773E+11
2025-11,WH-SMG01,LOT-0661,32000,6339200000
2025-11,WH-SMG01,LOT-0256,220000,35618000000
2025-11,WH-SMG01,LOT-0159,316000,1.74432E+11
2025-11,WH-SMG01,LOT-0880,1136000,4.21797E+11
2025-11,WH-SMG01,LOT-0433,1507500,5.66669E+11
2025-11,WH-SMG01,LOT-0909,421333.3333,1.17257E+11
2025-11,WH-SMG01,LOT-0171,1020000,5.4978E+11
2025-11,WH-SMG01,LOT-0579,764000,2.34013E+11
2025-11,WH-SMG01,LOT-0338,668000,71676400000
2025-11,WH-SMG01,LOT-0040,62000,16926000000
2025-11,WH-SMG01,LOT-0956,75000,19522500000
2025-11,WH-SMG01,LOT-0685,264000,63518400000
2025-11,WH-SMG01,LOT-0942,3434666.667,1.8767E+12
2025-11,WH-SMG01,LOT-0620,208000,83595200000
2025-11,WH-SMG01,LOT-0227,776000,3.23825E+11
2025-11,WH-SMG01,LOT-0635,602666.6667,1.35178E+11
2025-11,WH-SMG01,LOT-0376,382000,1.45771E+11
2025-11,WH-SMG01,LOT-0613,426000,1.78835E+11
2025-11,WH-SMG01,LOT-1150,640000,1.75872E+11
2025-11,WH-SMG01,LOT-0958,644000,1.97128E+11
2025-11,WH-SMG01,LOT-1194,4260000,1.22475E+12
2025-11,WH-SMG01,LOT-0844,406666.6667,1.20495E+11
2025-11,WH-SMG01,LOT-0325,448000,59001600000
2025-11,WH-SMG01,LOT-0790,383000,21945900000
2025-11,WH-SMG01,LOT-0267,818666.6667,3.82727E+11
2025-11,WH-SMG01,LOT-0709,1428000,6.53738E+11
2025-11,WH-SMG01,LOT-0164,356000,17479600000
2025-11,WH-SMG01,LOT-1060,1440000,1.764E+11
2025-11,WH-SMG01,LOT-1118,634666.6667,2.34319E+11
2025-11,WH-SMG01,LOT-0487,1596000,3.06751E+11
2025-11,WH-SMG01,LOT-0144,157333.3333,37209333333
2025-11,WH-SMG01,LOT-0365,2677333.333,9.40815E+11
2025-11,WH-SMG01,LOT-0616,238666.6667,86755333333
2025-11,WH-SMG01,LOT-1178,7509333.333,9.50682E+11
2025-11,WH-SMG01,LOT-0963,258666.6667,1.25402E+11
2025-11,WH-SMG01,LOT-0921,589333.3333,1.48866E+11
2025-11,WH-SMG01,LOT-0483,256000,49817600000
2025-11,WH-SMG01,LOT-0890,2358000,1.10095E+12
2025-11,WH-SMG01,LOT-0945,714666.6667,3.51687E+11
2025-11,WH-SMG01,LOT-0984,1184000,4.47907E+11
2025-11,WH-SMG01,LOT-0352,272000,33483200000
2025-11,WH-SMG01,LOT-0529,637333.3333,1.80302E+11
2025-11,WH-SMG01,LOT-0609,1024000,1.75206E+11
2025-11,WH-SMG01,LOT-0392,144000,9086400000
2025-11,WH-SMG01,LOT-0627,63000,22730400000
2025-11,WH-SMG01,LOT-0702,310500,1.39135E+11
2025-11,WH-SMG01,LOT-0624,216000,76701600000
2025-11,WH-SMG01,LOT-0948,38000,20740400000
2025-11,WH-SMG01,LOT-1063,100000,16710000000
2025-11,WH-SMG01,LOT-1015,561000,2.8022E+11
2025-11,WH-SMG01,LOT-0771,780000,1.7394E+11
2025-11,WH-SMG01,LOT-0742,2440000,6.32692E+11
2025-11,WH-SMG01,LOT-0976,94000,39762000000
2025-11,WH-SMG01,LOT-0226,482666.6667,2.01031E+11
2025-11,WH-SMG01,LOT-0692,164000,27716000000
2025-11,WH-SMG01,LOT-0832,1792000,4.37786E+11
2025-11,WH-SMG01,LOT-0630,1400000,4.942E+11
2025-11,WH-SMG01,LOT-0457,179000,98074100000
2025-11,WH-SMG01,LOT-1062,123000,19274100000
2025-11,WH-SMG01,LOT-0089,1288000,1.29444E+11
2025-11,WH-SMG01,LOT-0321,1040000,1.36968E+11
2025-11,WH-SMG01,LOT-0097,72000,30081600000
2025-11,WH-SMG01,LOT-0464,266000,87327800000
2025-11,WH-SMG01,LOT-0554,61333.33333,8151200000
2025-11,WH-SMG01,LOT-1094,1596000,1.36937E+11
2025-11,WH-BKS01,LOT-0187,465333.3333,1.04374E+11
2025-11,WH-BKS01,LOT-0511,612000,1.48349E+11
2025-11,WH-BKS01,LOT-0708,3498666.667,1.54816E+12
2025-11,WH-BKS01,LOT-0044,1792000,4.17178E+11
2025-11,WH-BKS01,LOT-0716,596000,2.1009E+11
2025-11,WH-BKS01,LOT-0458,89666.66667,47326066667
2025-11,WH-BKS01,LOT-0636,2000000,4.744E+11
2025-11,WH-BKS01,LOT-0521,50666.66667,16942933333
2025-11,WH-BKS01,LOT-0141,944000,2.13533E+11
2025-11,WH-BKS01,LOT-0964,4458666.667,2.00372E+12
2025-11,WH-BKS01,LOT-0226,813000,3.94305E+11
2025-11,WH-BKS01,LOT-0683,1824000,4.89379E+11
2025-11,WH-BKS01,LOT-1019,789333.3333,3.98298E+11
2025-11,WH-BKS01,LOT-0644,444000,1.19214E+11
2025-11,WH-BKS01,LOT-0734,1200000,6.9372E+11
2025-11,WH-BKS01,LOT-1017,109000,55491900000
2025-11,WH-BKS01,LOT-0249,180000,5040000000
2025-11,WH-BKS01,LOT-0804,1004000,3.94271E+11
2025-11,WH-BKS01,LOT-0886,245333.3333,1.25881E+11
2025-11,WH-BKS01,LOT-0473,796000,3.0041E+11
2025-11,WH-BKS01,LOT-0356,750000,86850000000
2025-11,WH-BKS01,LOT-1055,260000,30758000000
2025-11,WH-BKS01,LOT-0270,2336000,9.79485E+11
2025-11,WH-BKS01,LOT-0569,4096000,1.74449E+12
2025-11,WH-BKS01,LOT-0839,32000,7209600000
2025-11,WH-BKS01,LOT-0504,2976000,1.97904E+11
2025-11,WH-BKS01,LOT-0036,245333.3333,66362666667
2025-11,WH-BKS01,LOT-0882,1728000,8.65728E+11
2025-11,WH-BKS01,LOT-0247,2368000,76960000000
2025-11,WH-BKS01,LOT-0841,1056000,3.79315E+11
2025-11,WH-BKS01,LOT-0275,100000,35460000000
2025-11,WH-BKS01,LOT-0153,2600000,1.38268E+12
2025-11,WH-BKS01,LOT-1099,112000,9755200000
2025-11,WH-BKS01,LOT-0747,240000,51000000000
2025-11,WH-BKS01,LOT-0487,84000,16279200000
2025-11,WH-BKS01,LOT-0648,1100000,3.3341E+11
2025-11,WH-BKS01,LOT-0019,182000,8517600000
2025-11,WH-BKS01,LOT-0002,1572000,2.20237E+11
2025-11,WH-BKS01,LOT-0939,338666.6667,2.03708E+11
2025-11,WH-BKS01,LOT-0893,3893333.333,6.29552E+11
2025-11,WH-BKS01,LOT-0150,85333.33333,19157333333
2025-11,WH-BKS01,LOT-0641,570666.6667,1.47917E+11
2025-11,WH-BKS01,LOT-0086,1032000,1.16203E+11
2025-11,WH-BKS01,LOT-0593,2008000,6.96575E+11
2025-11,WH-BKS01,LOT-0316,116000,43569600000
2025-11,WH-BKS01,LOT-0113,60000,3048000000
2025-11,WH-BKS01,LOT-1152,380000,2.12458E+11
2025-11,WH-BKS01,LOT-0790,996000,48405600000
2025-11,WH-BKS01,LOT-1026,114000,53089800000
2025-11,WH-BKS01,LOT-0735,5520000,2.82955E+12
2025-11,WH-BKS01,LOT-0861,2352000,1.31242E+12
2025-11,WH-BKS01,LOT-0913,153000,23439600000
2025-11,WH-BKS01,LOT-0944,90666.66667,51262933333
2025-11,WH-BKS01,LOT-0159,240000,1.18272E+11
2025-11,WH-BKS01,LOT-0627,252000,93038400000
2025-11,WH-BKS01,LOT-0389,3088000,9.05402E+11
2025-11,WH-BKS01,LOT-0442,1035000,1.04639E+11
2025-11,WH-BKS01,LOT-0866,1716000,9.36936E+11
2025-11,WH-BKS01,LOT-0050,1180000,3.04322E+11
2025-11,WH-BKS01,LOT-1035,1680000,1.93536E+11
2025-11,WH-BKS01,LOT-0087,504000,54835200000
2025-11,WH-BKS01,LOT-0078,996000,5.09255E+11
2025-11,WH-BKS01,LOT-0224,1056000,4.44365E+11
2025-11,WH-BKS01,LOT-0091,152000,59234400000
2025-11,WH-BKS01,LOT-0162,1600000,75360000000
2025-11,WH-BKS01,LOT-0583,3288000,1.43718E+12
2025-11,WH-BKS01,LOT-0856,3712000,7.74323E+11
2025-11,WH-BKS01,LOT-0197,80000,45056000000
2025-11,WH-BKS01,LOT-0103,1642666.667,83776000000
2025-11,WH-BKS01,LOT-0444,113333.3333,11582666667
2025-11,WH-BKS01,LOT-0305,3852000,9.79178E+11
2025-11,WH-BKS01,LOT-0995,56000,13221600000
2025-11,WH-BKS01,LOT-1052,740000,91834000000
2025-11,WH-BKS01,LOT-1075,1374000,2.70815E+11
2025-11,WH-BKS01,LOT-1142,2352000,6.91253E+11
2025-11,WH-BKS01,LOT-0202,648000,2.68531E+11
2025-11,WH-BKS01,LOT-1102,858000,3.35306E+11
2025-11,WH-BKS01,LOT-0425,913500,1.22226E+11
2025-11,WH-BKS01,LOT-0079,322000,1.78195E+11
2025-11,WH-BKS01,LOT-0576,138666.6667,39506133333
2025-11,WH-BKS01,LOT-0801,544000,2.29786E+11
2025-11,WH-BKS01,LOT-0235,1188000,3.23492E+11
2025-11,WH-BKS01,LOT-0791,531000,1.62805E+11
2025-11,WH-BKS01,LOT-0498,229333.3333,21488533333
2025-11,WH-BKS01,LOT-1137,264000,1.27142E+11
2025-11,WH-BKS01,LOT-1072,140000,23688000000
2025-11,WH-BKS01,LOT-0234,94666.66667,26175333333
2025-11,WH-BKS01,LOT-0835,604000,1.24847E+11
2025-11,WH-BKS01,LOT-1041,800000,58320000000
2025-11,WH-BKS01,LOT-0969,2517333.333,1.18944E+12
2025-11,WH-BKS01,LOT-1098,171000,13645800000
2025-11,WH-BKS01,LOT-0722,135000,39892500000
2025-11,WH-BKS01,LOT-0182,1080000,2.3706E+11
2025-11,WH-BKS01,LOT-1081,54000,25056000000
2025-11,WH-BKS01,LOT-0724,76000,23666400000
2025-11,WH-BKS01,LOT-0862,1308000,6.19207E+11
2025-11,WH-BKS01,LOT-0094,264000,1.23842E+11
2025-11,WH-BKS01,LOT-0718,22000,8335800000
2025-11,WH-BKS01,LOT-0073,2304000,1.24992E+12
2025-11,WH-BKS01,LOT-0782,18000,1017000000
2025-11,WH-BKS01,LOT-0685,84000,23562000000
2025-11,WH-BKS01,LOT-0820,154666.6667,44667733333
2025-11,WH-BKS01,LOT-1141,677333.3333,1.82474E+11
2025-11,WH-BKS01,LOT-0329,1860000,2.41056E+11
2025-11,WH-BKS01,LOT-0779,3036000,7.68108E+11
2025-11,WH-BKS01,LOT-0981,352000,1.34429E+11
2025-11,WH-BKS01,LOT-0361,266666.6667,1.05573E+11
2025-11,WH-BKS01,LOT-1074,3488000,5.68195E+11
2025-11,WH-BKS01,LOT-0071,76000,41860800000
2025-11,WH-BKS01,LOT-0025,1908000,5.34049E+11
2025-11,WH-BKS01,LOT-0982,1722000,6.88456E+11
2025-11,WH-BKS01,LOT-0320,99333.33333,33376000000
2025-11,WH-BKS01,LOT-1000,504000,1.0705E+11
2025-11,WH-BKS01,LOT-0321,86000,11205800000
2025-11,WH-BKS01,LOT-0004,822000,1.12943E+11
2025-11,WH-BKS01,LOT-1135,162000,82539000000
2025-11,WH-BKS01,LOT-0230,1132000,5.57397E+11
2025-11,WH-TNG01,LOT-0145,1674000,4.41434E+11
2025-11,WH-TNG01,LOT-0501,204000,13096800000
2025-11,WH-TNG01,LOT-0946,82333.33333,41496000000
2025-11,WH-TNG01,LOT-0481,1584000,3.08246E+11
2025-11,WH-TNG01,LOT-0947,114666.6667,64878400000
2025-11,WH-TNG01,LOT-0158,984000,5.17289E+11
2025-11,WH-TNG01,LOT-0615,85333.33333,32443733333
2025-11,WH-TNG01,LOT-0752,378666.6667,1.15645E+11
2025-11,WH-TNG01,LOT-0086,152000,17708000000
2025-11,WH-TNG01,LOT-0464,940000,2.7589E+11
2025-11,WH-TNG01,LOT-0151,1444500,7.63707E+11
2025-11,WH-TNG01,LOT-0226,5104000,2.55506E+12
2025-11,WH-TNG01,LOT-1092,2184000,1.84766E+11
2025-11,WH-TNG01,LOT-0065,2826000,3.78684E+11
2025-11,WH-TNG01,LOT-0313,262000,93953200000
2025-11,WH-TNG01,LOT-0779,3914666.667,9.08203E+11
2025-11,WH-TNG01,LOT-0780,1548000,4.18579E+11
2025-11,WH-TNG01,LOT-0250,1914000,53783400000
2025-11,WH-TNG01,LOT-0540,1600000,1.7184E+11
2025-11,WH-TNG01,LOT-0249,848000,27390400000
2025-11,WH-TNG01,LOT-0510,164000,9905600000
2025-11,WH-TNG01,LOT-1176,1212000,1.46894E+11
2025-11,WH-TNG01,LOT-0838,240000,54096000000
2025-11,WH-TNG01,LOT-0014,313333.3333,14413333333
2025-11,WH-TNG01,LOT-0785,50666.66667,2862666667
2025-11,WH-TNG01,LOT-0175,1541333.333,7.9317E+11
2025-11,WH-TNG01,LOT-0051,255000,44089500000
2025-11,WH-TNG01,LOT-0541,2496000,5.89555E+11
2025-11,WH-TNG01,LOT-0931,1893333.333,1.1538E+12
2025-11,WH-TNG01,LOT-0190,184000,35880000000
2025-11,WH-TNG01,LOT-1027,556000,2.86006E+11
2025-11,WH-TNG01,LOT-1163,890666.6667,29392000000
2025-11,WH-TNG01,LOT-0255,319500,60513300000
2025-11,WH-TNG01,LOT-0209,89000,36943900000
2025-11,WH-TNG01,LOT-1189,414000,2.03771E+11
2025-11,WH-TNG01,LOT-0257,3242666.667,5.20772E+11
2025-11,WH-TNG01,LOT-0646,444000,1.24142E+11
2025-11,WH-TNG01,LOT-0775,90333.33333,21761300000
2025-11,WH-TNG01,LOT-0293,1658666.667,2.77827E+11
2025-11,WH-TNG01,LOT-0623,3114666.667,1.11879E+12
2025-11,WH-TNG01,LOT-0996,165000,40144500000
2025-11,WH-TNG01,LOT-0839,2160000,5.03928E+11
2025-11,WH-TNG01,LOT-1148,706666.6667,1.79423E+11
2025-11,WH-TNG01,LOT-1131,160000,85440000000
2025-11,WH-TNG01,LOT-0433,1348000,4.99434E+11
2025-11,WH-TNG01,LOT-0593,39333.33333,13385133333
2025-11,WH-TNG01,LOT-0130,256000,31769600000
2025-11,WH-TNG01,LOT-0093,634666.6667,2.92835E+11
2025-11,WH-TNG01,LOT-0452,18666.66667,11020800000
2025-11,WH-TNG01,LOT-0537,1044000,1.04818E+11
2025-11,WH-TNG01,LOT-0161,1782000,94802400000
2025-11,WH-TNG01,LOT-0576,678000,1.98179E+11
2025-11,WH-TNG01,LOT-0191,1589333.333,9.55825E+11
2025-11,WH-TNG01,LOT-0406,3708000,1.63263E+12
2025-11,WH-TNG01,LOT-0143,36000,9594000000
2025-11,WH-TNG01,LOT-1057,23000,2957800000
2025-11,WH-TNG01,LOT-0213,456000,99408000000
2025-11,WH-TNG01,LOT-0228,672000,3.05222E+11
2025-11,WH-TNG01,LOT-1152,397333.3333,2.32639E+11
2025-11,WH-TNG01,LOT-0640,1178666.667,2.86298E+11
2025-11,WH-TNG01,LOT-0020,15333.33333,694600000
2025-11,WH-TNG01,LOT-0701,204000,89821200000
2025-11,WH-TNG01,LOT-0176,104000,56295200000
2025-11,WH-TNG01,LOT-0475,620000,2.12412E+11
2025-11,WH-TNG01,LOT-0321,997333.3333,1.17985E+11
2025-11,WH-TNG01,LOT-0645,924000,2.57334E+11
2025-11,WH-TNG01,LOT-0238,888000,2.4571E+11
2025-11,WH-TNG01,LOT-0912,496000,81443200000
2025-11,WH-TNG01,LOT-0005,1080000,1.36728E+11
2025-11,WH-TNG01,LOT-0635,784000,1.8667E+11
2025-11,WH-TNG01,LOT-0639,2912000,7.20429E+11
2025-11,WH-TNG01,LOT-0923,522666.6667,1.50267E+11
2025-11,WH-TNG01,LOT-0079,366000,2.05582E+11
2025-11,WH-TNG01,LOT-1029,320000,1.60448E+11
2025-11,WH-TNG01,LOT-0740,529500,2.69463E+11
2025-11,WH-TNG01,LOT-0849,169500,58545300000
2025-11,WH-TNG01,LOT-0003,126000,15737400000
2025-11,WH-TNG01,LOT-1173,13333.33333,1941333333
2025-11,WH-TNG01,LOT-0563,3136000,1.11798E+12
2025-11,WH-TNG01,LOT-0098,2568000,1.16048E+12
2025-11,WH-TNG01,LOT-0792,405333.3333,1.36354E+11
2025-11,WH-TNG01,LOT-0929,1072000,2.89654E+11
2025-11,WH-TNG01,LOT-0205,366000,1.48376E+11
2025-11,WH-TNG01,LOT-0607,404000,76679200000
2025-11,WH-TNG01,LOT-1031,383000,43968400000
2025-11,WH-TNG01,LOT-0940,1792000,1.09097E+12
2025-11,WH-TNG01,LOT-1079,250000,40925000000
2025-11,WH-TNG01,LOT-0436,948000,3.48864E+11
2025-11,WH-TNG01,LOT-0142,2360000,6.35548E+11
2025-11,WH-TNG01,LOT-0045,526666.6667,1.24662E+11
2025-11,WH-TNG01,LOT-0215,168000,38001600000
2025-11,WH-TNG01,LOT-0538,1032000,1.0867E+11
2025-11,WH-BPR01,LOT-0402,1280000,5.62944E+11
2025-11,WH-BPR01,LOT-1148,205500,58382550000
2025-11,WH-BPR01,LOT-0715,4256000,1.75688E+12
2025-11,WH-BPR01,LOT-1078,2600000,4.6566E+11
2025-11,WH-BPR01,LOT-0771,76000,20459200000
2025-11,WH-BPR01,LOT-0675,164000,79622000000
2025-11,WH-BPR01,LOT-0499,3722666.667,3.56631E+11
2025-11,WH-BPR01,LOT-0315,4272000,1.38413E+12
2025-11,WH-BPR01,LOT-0982,2376000,8.33976E+11
2025-11,WH-BPR01,LOT-0795,480000,1.64256E+11
2025-11,WH-BPR01,LOT-1134,525333.3333,3.02224E+11
2025-11,WH-BPR01,LOT-0929,2592000,6.17674E+11
2025-11,WH-BPR01,LOT-0190,2824000,6.35682E+11
2025-11,WH-BPR01,LOT-0535,367000,39452500000
2025-11,WH-BPR01,LOT-0161,1696000,83443200000
2025-11,WH-BPR01,LOT-0495,472500,44651250000
2025-11,WH-BPR01,LOT-0561,1392000,4.98336E+11
2025-11,WH-BPR01,LOT-1181,1120000,6.32016E+11
2025-11,WH-BPR01,LOT-0412,183333.3333,92070000000
2025-11,WH-BPR01,LOT-0255,702000,1.35626E+11
2025-11,WH-BPR01,LOT-0987,243000,99800100000
2025-11,WH-BPR01,LOT-0800,86666.66667,29423333333
2025-11,WH-BPR01,LOT-0902,1296000,3.91781E+11
2025-11,WH-BPR01,LOT-0069,190000,25593000000
2025-11,WH-BPR01,LOT-0882,564000,2.60173E+11
2025-11,WH-BPR01,LOT-0013,1890000,82971000000
2025-11,WH-BPR01,LOT-0749,82000,20508200000
2025-11,WH-BPR01,LOT-0746,736000,1.7583E+11
2025-11,WH-BPR01,LOT-1146,202666.6667,48822400000
2025-11,WH-BPR01,LOT-0208,684000,3.10604E+11
2025-11,WH-BPR01,LOT-0979,548000,2.36188E+11
2025-11,WH-BPR01,LOT-0469,1664000,5.48621E+11
2025-11,WH-BPR01,LOT-0655,536000,49687200000
2025-11,WH-BPR01,LOT-0948,444000,2.50016E+11
2025-11,WH-BPR01,LOT-0257,978000,1.92177E+11
2025-11,WH-BPR01,LOT-0243,952000,29988000000
2025-11,WH-BPR01,LOT-0249,168000,4620000000
2025-11,WH-BPR01,LOT-0796,556000,1.94044E+11
2025-11,WH-BPR01,LOT-0280,716000,2.60552E+11
2025-11,WH-BPR01,LOT-0695,210666.6667,36318933333
2025-11,WH-BPR01,LOT-0051,2112000,3.1321E+11
2025-11,WH-BPR01,LOT-0806,433333.3333,1.83213E+11
2025-11,WH-BPR01,LOT-1142,202666.6667,53301333333
2025-11,WH-BPR01,LOT-0385,482000,1.33225E+11
2025-11,WH-BPR01,LOT-0760,128000,46489600000
2025-11,WH-BPR01,LOT-0539,213333.3333,20245333333
2025-11,WH-BPR01,LOT-0620,400000,1.5888E+11
2025-11,WH-BPR01,LOT-0821,1110000,98457000000
2025-11,WH-BPR01,LOT-0428,181500,27079800000
2025-11,WH-BPR01,LOT-1096,540000,42660000000
2025-11,WH-BPR01,LOT-0918,556000,81676400000
2025-11,WH-BPR01,LOT-0032,2640000,7.3392E+11
2025-11,WH-BPR01,LOT-0209,711000,3.33246E+11
2025-11,WH-BPR01,LOT-0607,376000,66514400000
2025-11,WH-BPR01,LOT-0672,626000,3.21013E+11
2025-11,WH-BPR01,LOT-0739,1818000,9.75721E+11
2025-11,WH-BPR01,LOT-0996,1296000,3.1091E+11
2025-11,WH-BPR01,LOT-0011,178000,9238200000
2025-11,WH-BPR01,LOT-0473,330000,1.15632E+11
2025-11,WH-BPR01,LOT-0487,425333.3333,87703733333
2025-11,WH-BPR01,LOT-0514,1450666.667,3.37425E+11
2025-11,WH-BPR01,LOT-0271,473333.3333,1.68459E+11
2025-11,WH-BPR01,LOT-0974,262666.6667,1.18541E+11
2025-11,WH-BPR01,LOT-0203,1032000,4.57279E+11
2025-11,WH-BPR01,LOT-1108,794000,3.29589E+11
2025-11,WH-BPR01,LOT-0810,1692000,6.89659E+11
2025-11,WH-BPR01,LOT-0815,124000,37981200000
2025-11,WH-BPR01,LOT-1195,192000,49478400000
2025-11,WH-BPR01,LOT-0310,472000,1.03415E+11
2025-11,WH-BPR01,LOT-0742,3568000,8.01016E+11
2025-11,WH-BPR01,LOT-0660,209333.3333,20347200000
2025-11,WH-BPR01,LOT-0259,136000,23364800000
2025-11,WH-BPR01,LOT-0113,4160000,2.1632E+11
2025-11,WH-BPR01,LOT-0049,466666.6667,1.07847E+11
2025-11,WH-BPR01,LOT-0356,976000,1.17218E+11
2025-11,WH-BPR01,LOT-0798,4104000,1.43722E+12
2025-11,WH-BPR01,LOT-0110,33000,1887600000
2025-11,WH-BPR01,LOT-0015,406000,20097000000
2025-11,WH-BPR01,LOT-0099,480000,2.20656E+11
2025-11,WH-BPR01,LOT-0165,736000,36211200000
2025-11,WH-BPR01,LOT-0228,845333.3333,3.51997E+11
2025-11,WH-BPR01,LOT-0114,187000,9929700000
2025-11,WH-BPR01,LOT-0171,3808000,2.00834E+12
2025-11,WH-BPR01,LOT-0670,986666.6667,1.96544E+11
2025-11,WH-BPR01,LOT-0869,272000,1.51722E+11
2025-11,WH-BPR01,LOT-0152,325333.3333,1.55802E+11
2025-11,WH-BPR01,LOT-0851,864000,1.85155E+11
2025-11,WH-BPR01,LOT-0145,1500000,4.116E+11
2025-11,WH-BPR01,LOT-1199,207000,61375500000
2025-11,WH-MLG01,LOT-0299,104000,16796000000
2025-11,WH-MLG01,LOT-0390,326666.6667,86795333333
2025-11,WH-MLG01,LOT-0664,232666.6667,40204800000
2025-11,WH-MLG01,LOT-1042,944000,68440000000
2025-11,WH-MLG01,LOT-0609,1360000,2.52688E+11
2025-11,WH-MLG01,LOT-0149,1200000,3.1632E+11
2025-11,WH-MLG01,LOT-1097,224000,19667200000
2025-11,WH-MLG01,LOT-0014,516000,22291200000
2025-11,WH-MLG01,LOT-0359,1728000,2.13408E+11
2025-11,WH-MLG01,LOT-0655,516000,46543200000
2025-11,WH-MLG01,LOT-0706,408000,2.00532E+11
2025-11,WH-MLG01,LOT-1163,56000,1719200000
2025-11,WH-MLG01,LOT-1003,254666.6667,43420666667
2025-11,WH-MLG01,LOT-0960,126000,35292600000
2025-11,WH-MLG01,LOT-0466,3424000,1.0135E+12
2025-11,WH-MLG01,LOT-0933,560000,3.36672E+11
2025-11,WH-MLG01,LOT-1170,490666.6667,15456000000
2025-11,WH-MLG01,LOT-0401,298666.6667,1.51603E+11
2025-11,WH-MLG01,LOT-0736,888000,5.22055E+11
2025-11,WH-MLG01,LOT-1002,58666.66667,8688533333
2025-11,WH-MLG01,LOT-1186,40000,24088000000
2025-11,WH-MLG01,LOT-0647,438000,1.14318E+11
2025-11,WH-MLG01,LOT-0710,450666.6667,1.9248E+11
2025-11,WH-MLG01,LOT-0139,2316000,5.63251E+11
2025-11,WH-MLG01,LOT-1156,492000,2.47328E+11
2025-11,WH-MLG01,LOT-0300,408000,73848000000
2025-11,WH-MLG01,LOT-0522,708000,1.99656E+11
2025-11,WH-MLG01,LOT-0925,664000,1.66465E+11
2025-11,WH-MLG01,LOT-0552,158666.6667,18611600000
2025-11,WH-MLG01,LOT-0175,1308000,7.56024E+11
2025-11,WH-MLG01,LOT-0151,3632000,1.97544E+12
2025-11,WH-MLG01,LOT-0132,205333.3333,51928800000
2025-11,WH-MLG01,LOT-0982,2328000,7.87097E+11
2025-11,WH-MLG01,LOT-0444,1680000,1.53888E+11
2025-11,WH-MLG01,LOT-0802,578666.6667,2.49695E+11
2025-11,WH-MLG01,LOT-0934,472000,2.47328E+11
2025-11,WH-MLG01,LOT-0025,594666.6667,1.76973E+11
2025-11,WH-MLG01,LOT-0448,1160000,1.14956E+11
2025-11,WH-MLG01,LOT-1081,1872000,7.79501E+11
2025-11,WH-MLG01,LOT-0872,528000,2.0233E+11
2025-11,WH-MLG01,LOT-0304,26666.66667,5885333333
2025-11,WH-MLG01,LOT-0728,882000,2.73949E+11
2025-11,WH-MLG01,LOT-0805,98666.66667,44577600000
2025-11,WH-MLG01,LOT-0949,272000,1.36299E+11
2025-11,WH-MLG01,LOT-0883,273333.3333,1.21907E+11
2025-11,WH-MLG01,LOT-0214,968000,2.05894E+11
2025-11,WH-MLG01,LOT-0212,1602000,3.8416E+11
2025-11,WH-MLG01,LOT-0329,918000,1.1934E+11
2025-11,WH-MLG01,LOT-0748,2088000,4.9945E+11
2025-11,WH-MLG01,LOT-1138,149333.3333,77414400000
2025-11,WH-MLG01,LOT-0598,680000,2.35212E+11
2025-11,WH-MLG01,LOT-0421,1278000,1.76747E+11
2025-11,WH-MLG01,LOT-0426,2416000,3.81486E+11
2025-11,WH-MLG01,LOT-0063,4308000,4.91112E+11
2025-11,WH-MLG01,LOT-0030,6000,1776000000
2025-11,WH-MLG01,LOT-1113,104000,37512800000
2025-11,WH-MLG01,LOT-0088,250666.6667,24314666667
2025-11,WH-MLG01,LOT-0741,28000,6837600000
2025-11,WH-MLG01,LOT-0815,426000,1.23923E+11
2025-11,WH-MLG01,LOT-0511,1952000,4.70042E+11
2025-11,WH-MLG01,LOT-0066,1010666.667,1.29567E+11
2025-11,WH-MLG01,LOT-1041,277333.3333,17693866667
2025-11,WH-MLG01,LOT-1184,88000,50089600000
2025-11,WH-MLG01,LOT-0341,1040000,3.79704E+11
2025-11,WH-MLG01,LOT-0518,1560000,3.98112E+11
2025-11,WH-MLG01,LOT-1145,48666.66667,13480666667
2025-11,WH-MLG01,LOT-0286,191333.3333,61322333333
2025-11,WH-MLG01,LOT-1048,456000,31646400000
2025-11,WH-MLG01,LOT-0956,2280000,5.95764E+11
2025-11,WH-MLG01,LOT-0458,714000,4.12692E+11
2025-11,WH-MLG01,LOT-0351,1760000,1.98704E+11
2025-11,WH-MLG01,LOT-0227,490666.6667,2.45628E+11
2025-11,WH-MLG01,LOT-0081,1532000,1.50442E+11
2025-11,WH-MLG01,LOT-0967,1089000,5.14335E+11
2025-11,WH-MLG01,LOT-1069,644000,1.10639E+11
2025-11,WH-MLG01,LOT-1075,1696000,2.82214E+11
2025-11,WH-MLG01,LOT-0416,716000,4.10698E+11
2025-11,WH-MLG01,LOT-0171,936000,4.98794E+11
2025-11,WH-MLG01,LOT-0352,2037333.333,2.1718E+11
2025-11,WH-MLG01,LOT-0904,78666.66667,20193733333
2025-11,WH-MLG01,LOT-0471,230666.6667,91597733333
2025-11,WH-MLG01,LOT-0875,1368000,5.37624E+11
2025-11,WH-MLG01,LOT-0724,474666.6667,1.33903E+11
2025-11,WH-MLG01,LOT-0596,517333.3333,1.94103E+11
2025-11,WH-MLG01,LOT-1116,973333.3333,3.87192E+11
2025-11,WH-MLG01,LOT-0715,746666.6667,2.73056E+11
2025-11,WH-MLG01,LOT-0306,75000,16432500000
2025-11,WH-MLG01,LOT-0377,464000,1.58363E+11
2025-11,WH-MLG01,LOT-0006,305000,36203500000
2025-11,WH-MLG01,LOT-0274,336000,1.07016E+11
2025-11,WH-MLG01,LOT-0920,376000,63431200000
2025-11,WH-MLG01,LOT-0047,556000,1.44616E+11
2025-11,WH-MLG01,LOT-1128,2112000,9.06259E+11
2025-11,WH-SLO01,LOT-0965,330000,1.44012E+11
2025-11,WH-SLO01,LOT-0242,222000,6748800000
2025-11,WH-SLO01,LOT-1114,108666.6667,40826066667
2025-11,WH-SLO01,LOT-0885,36000,16722000000
2025-11,WH-SLO01,LOT-0139,2416000,6.17771E+11
2025-11,WH-SLO01,LOT-0634,122666.6667,29280533333
2025-11,WH-SLO01,LOT-0269,197333.3333,83610133333
2025-11,WH-SLO01,LOT-0365,2128000,8.63542E+11
2025-11,WH-SLO01,LOT-0451,1200000,6.9444E+11
2025-11,WH-SLO01,LOT-0754,628000,2.25012E+11
2025-11,WH-SLO01,LOT-0673,558000,3.3413E+11
2025-11,WH-SLO01,LOT-0605,960000,1.81152E+11
2025-11,WH-SLO01,LOT-0747,26666.66667,6888000000
2025-11,WH-SLO01,LOT-0371,3040000,1.0336E+12
2025-11,WH-SLO01,LOT-0093,2148000,9.48127E+11
2025-11,WH-SLO01,LOT-0668,2144000,3.8249E+11
2025-11,WH-SLO01,LOT-0723,475500,1.36421E+11
2025-11,WH-SLO01,LOT-1155,1300000,7.5088E+11
2025-11,WH-SLO01,LOT-0834,3146666.667,7.57088E+11
2025-11,WH-SLO01,LOT-0908,2570666.667,7.70429E+11
2025-11,WH-SLO01,LOT-0658,121666.6667,11996333333
2025-11,WH-SLO01,LOT-0912,672000,1.03555E+11
2025-11,WH-SLO01,LOT-1016,2640000,1.35511E+12
2025-11,WH-SLO01,LOT-0181,2352000,4.79808E+11
2025-11,WH-SLO01,LOT-0220,930666.6667,2.20847E+11
2025-11,WH-SLO01,LOT-0386,290666.6667,84293333333
2025-11,WH-SLO01,LOT-0920,3061333.333,4.42057E+11
2025-11,WH-SLO01,LOT-1123,664000,3.1965E+11
2025-11,WH-SLO01,LOT-0458,618666.6667,3.82583E+11
2025-11,WH-SLO01,LOT-0038,2808000,6.62407E+11
2025-11,WH-SLO01,LOT-0626,1920000,6.64512E+11
2025-11,WH-SLO01,LOT-0679,693000,3.87941E+11
2025-11,WH-SLO01,LOT-0958,165000,49054500000
2025-11,WH-SLO01,LOT-0844,243000,79533900000
2025-11,WH-SLO01,LOT-0293,812000,1.29839E+11
2025-11,WH-SLO01,LOT-0906,534000,1.54486E+11
2025-11,WH-SLO01,LOT-0513,549333.3333,1.29423E+11
2025-11,WH-SLO01,LOT-0666,72000,14090400000
2025-11,WH-SLO01,LOT-0214,16000,3793600000
2025-11,WH-SLO01,LOT-0180,370666.6667,1.98418E+11
2025-11,WH-SLO01,LOT-0797,404000,1.23907E+11
2025-11,WH-SLO01,LOT-0002,544000,67238400000
2025-11,WH-SLO01,LOT-1126,492000,2.35619E+11
2025-11,WH-SLO01,LOT-1168,894000,27445800000
2025-11,WH-SLO01,LOT-0731,404000,2.23978E+11
2025-11,WH-SLO01,LOT-1087,915000,4.05986E+11
2025-11,WH-SLO01,LOT-1169,426000,15975000000
2025-11,WH-SLO01,LOT-0952,87500,25375000000
2025-11,WH-SLO01,LOT-0080,40500,23506200000
2025-11,WH-SLO01,LOT-0224,476000,1.99825E+11
2025-11,WH-SLO01,LOT-0714,1200000,5.1336E+11
2025-11,WH-SLO01,LOT-0344,2832000,1.18434E+12
2025-11,WH-SLO01,LOT-0372,442666.6667,1.48382E+11
2025-11,WH-SLO01,LOT-0239,637333.3333,1.76796E+11
2025-11,WH-SLO01,LOT-0421,1920000,2.87232E+11
2025-11,WH-SLO01,LOT-0413,696000,4.04237E+11
2025-11,WH-SLO01,LOT-0777,400000,1.0096E+11
2025-11,WH-SLO01,LOT-1069,224000,36601600000
2025-11,WH-SLO01,LOT-0770,537000,37912200000
2025-11,WH-SLO01,LOT-0125,456000,57091200000
2025-11,WH-SLO01,LOT-0016,693333.3333,31338666667
2025-11,WH-SLO01,LOT-1053,1524000,1.80594E+11
2025-11,WH-SLO01,LOT-0401,1998000,9.97402E+11
2025-11,WH-SLO01,LOT-0558,2768000,3.63992E+11
2025-11,WH-SLO01,LOT-0940,2432000,1.30915E+12
2025-11,WH-SLO01,LOT-0887,249333.3333,1.12424E+11
2025-11,WH-SLO01,LOT-0145,271500,70617150000
2025-11,WH-SLO01,LOT-0267,69333.33333,32718400000
2025-11,WH-SLO01,LOT-1040,162000,16394400000
2025-11,WH-SLO01,LOT-1184,860000,4.30774E+11
2025-11,WH-SLO01,LOT-1058,1064000,1.26084E+11
2025-11,WH-SLO01,LOT-0466,219000,74372400000
2025-11,WH-SLO01,LOT-0015,746666.6667,38752000000
2025-11,WH-SLO01,LOT-0576,1512000,4.4982E+11
2025-11,WH-SLO01,LOT-0800,980000,3.44372E+11
2025-11,WH-SLO01,LOT-0217,81333.33333,20398400000
2025-11,WH-SLO01,LOT-0240,270000,80109000000
2025-11,WH-SLO01,LOT-0505,528000,38808000000
2025-11,WH-SLO01,LOT-1172,413333.3333,50964000000
2025-11,WH-SLO01,LOT-0982,2640000,9.17136E+11
2025-11,WH-SLO01,LOT-1183,351000,2.00772E+11
2025-11,WH-SLO01,LOT-0260,24000,4596000000
2025-11,WH-SLO01,LOT-0956,171000,43023600000
2025-11,WH-SLO01,LOT-0216,1016000,2.36525E+11
2025-11,WH-SLO01,LOT-0807,332000,1.27621E+11
2025-11,WH-SLO01,LOT-0100,1728000,8.14406E+11
2025-11,WH-SLO01,LOT-0452,4512000,2.60839E+12
2025-11,WH-SLO01,LOT-0433,1813333.333,7.41109E+11
2025-11,WH-SLO01,LOT-1067,108000,18046800000
2025-11,WH-SLO01,LOT-0995,832000,1.87866E+11
2025-11,WH-SLO01,LOT-1108,386666.6667,1.60235E+11
2025-11,WH-SLO01,LOT-1064,132000,23509200000
2025-11,WH-SLO01,LOT-0299,544000,92534400000
2025-11,WH-SLO01,LOT-1052,1020000,1.41474E+11
2025-11,WH-SLO01,LOT-0749,716000,1.7227E+11
2025-11,WH-SLO01,LOT-1149,31000,7650800000
2025-11,WH-SLO01,LOT-1049,1136000,73953600000
2025-11,WH-SLO01,LOT-0813,933333.3333,2.61147E+11
2025-11,WH-SLO01,LOT-1050,1170000,81081000000
2025-11,WH-SLO01,LOT-0215,1061333.333,2.54083E+11
2025-11,WH-SLO01,LOT-1119,465333.3333,1.76175E+11
2025-11,WH-SLO01,LOT-0529,153333.3333,44114000000
2025-11,WH-SLO01,LOT-0481,1200000,2.5128E+11
2025-11,WH-SLO01,LOT-1179,137333.3333,18828400000
2025-11,WH-SLO01,LOT-0811,2496000,6.43469E+11
2025-11,WH-SLO01,LOT-0498,2816000,2.74278E+11
2025-11,WH-SLO01,LOT-0105,30666.66667,1496533333
2025-11,WH-SLO01,LOT-1165,144000,5126400000
2025-11,WH-SLO01,LOT-0018,130000,6045000000
2025-11,WH-SLO01,LOT-0009,198000,27363600000
2025-11,WH-SLO01,LOT-0964,1232000,5.92962E+11
2025-11,WH-SLO01,LOT-0486,592000,1.34502E+11
2025-11,WH-SLO01,LOT-1017,879000,4.09614E+11
2025-11,WH-SLO01,LOT-0583,237333.3333,1.02908E+11
2025-11,WH-SLO01,LOT-1193,144000,41313600000
2025-11,WH-SLO01,LOT-0609,4181333.333,8.30413E+11
2025-11,WH-SLO01,LOT-0567,1872000,6.62314E+11
2025-11,WH-YOG01,LOT-0938,1360000,7.14816E+11
2025-11,WH-YOG01,LOT-0077,381333.3333,2.10801E+11
2025-11,WH-YOG01,LOT-0885,88000,44299200000
2025-11,WH-YOG01,LOT-0947,654000,3.81871E+11
2025-11,WH-YOG01,LOT-0049,84000,20815200000
2025-11,WH-YOG01,LOT-0138,1680000,3.90768E+11
2025-11,WH-YOG01,LOT-0698,1920000,3.59616E+11
2025-11,WH-YOG01,LOT-0221,240000,1.0284E+11
2025-11,WH-YOG01,LOT-0354,482000,53405600000
2025-11,WH-YOG01,LOT-0080,762666.6667,4.1939E+11
2025-11,WH-YOG01,LOT-0115,177333.3333,9203600000
2025-11,WH-YOG01,LOT-0425,427500,66989250000
2025-11,WH-YOG01,LOT-1197,184000,46754400000
2025-11,WH-YOG01,LOT-0428,8000,1230400000
2025-11,WH-YOG01,LOT-0518,965333.3333,2.41913E+11
2025-11,WH-YOG01,LOT-0634,2325333.333,5.07853E+11
2025-11,WH-YOG01,LOT-0068,650666.6667,79056000000
2025-11,WH-YOG01,LOT-0937,170666.6667,1.07213E+11
2025-11,WH-YOG01,LOT-0894,392000,58878400000
2025-11,WH-YOG01,LOT-0975,1701333.333,7.0197E+11
2025-11,WH-YOG01,LOT-0336,945000,1.05746E+11
2025-11,WH-YOG01,LOT-0235,221333.3333,65603200000
2025-11,WH-YOG01,LOT-0784,336000,17808000000
2025-11,WH-YOG01,LOT-0374,192000,73036800000
2025-11,WH-YOG01,LOT-0152,296000,1.52825E+11
2025-11,WH-YOG01,LOT-1129,960000,4.9776E+11
2025-11,WH-YOG01,LOT-0397,118666.6667,8140533333
2025-11,WH-YOG01,LOT-0487,978666.6667,2.11686E+11
2025-11,WH-YOG01,LOT-0474,396000,1.41016E+11
2025-11,WH-YOG01,LOT-0149,229000,51525000000
2025-11,WH-YOG01,LOT-0323,2148000,2.46376E+11
2025-11,WH-YOG01,LOT-1184,771000,3.82802E+11
2025-11,WH-YOG01,LOT-0774,538000,1.44668E+11
2025-11,WH-YOG01,LOT-0301,44000,9882400000
2025-11,WH-YOG01,LOT-0231,2268000,6.96276E+11
2025-11,WH-YOG01,LOT-0006,752000,99640000000
2025-11,WH-YOG01,LOT-0691,1296000,2.15266E+11
2025-11,WH-YOG01,LOT-0460,2664000,1.46227E+12
2025-11,WH-YOG01,LOT-0051,161000,28223300000
2025-11,WH-YOG01,LOT-0984,2400000,9.648E+11
2025-11,WH-YOG01,LOT-0175,3960000,2.04653E+12
2025-11,WH-YOG01,LOT-0327,3888000,4.84834E+11
2025-11,WH-YOG01,LOT-0355,272000,34734400000
2025-11,WH-YOG01,LOT-0856,125333.3333,30393333333
2025-11,WH-YOG01,LOT-0087,741333.3333,74059200000
2025-11,WH-YOG01,LOT-0114,710000,35997000000
2025-11,WH-YOG01,LOT-1146,1045333.333,2.90185E+11
2025-11,WH-YOG01,LOT-0258,3050666.667,4.96954E+11
2025-11,WH-YOG01,LOT-0298,418000,77539000000
2025-11,WH-YOG01,LOT-1047,48000,3384000000
2025-11,WH-YOG01,LOT-0478,192000,79276800000
2025-11,WH-YOG01,LOT-0949,3082666.667,1.75095E+12
2025-11,WH-YOG01,LOT-0911,433500,61817100000
2025-11,WH-YOG01,LOT-0573,1840000,4.83552E+11
2025-11,WH-YOG01,LOT-0373,3276000,1.07911E+12
2025-11,WH-YOG01,LOT-0930,20000,5476000000
2025-11,WH-YOG01,LOT-0111,4500000,2.4435E+11
2025-11,WH-YOG01,LOT-0647,506000,1.54482E+11
2025-11,WH-YOG01,LOT-0586,228000,1.02942E+11
2025-11,WH-YOG01,LOT-1147,200000,53340000000
2025-11,WH-YOG01,LOT-0664,3594666.667,6.25831E+11
2025-11,WH-YOG01,LOT-1006,66000,10342200000
2025-11,WH-YOG01,LOT-1109,151000,54511000000
2025-11,WH-YOG01,LOT-1097,120000,9660000000
2025-11,WH-YOG01,LOT-0912,1140000,1.83882E+11
2025-11,WH-YOG01,LOT-0342,6064000,2.35647E+12
2025-11,WH-YOG01,LOT-1122,398000,1.88692E+11
2025-11,WH-YOG01,LOT-0128,82000,9643200000
2025-11,WH-YOG01,LOT-0820,465000,1.29642E+11
2025-11,WH-YOG01,LOT-0309,2776000,5.85458E+11
2025-11,WH-YOG01,LOT-0326,234000,26208000000
2025-11,WH-YOG01,LOT-1062,594000,1.11256E+11
2025-11,WH-YOG01,LOT-0053,41333.33333,6799333333
2025-11,WH-YOG01,LOT-0163,41333.33333,2178266667
2025-11,WH-YOG01,LOT-0343,3108000,1.23667E+12
2025-11,WH-YOG01,LOT-0864,1140000,5.22804E+11
2025-11,WH-YOG01,LOT-1182,190000,92967000000
2025-11,WH-YOG01,LOT-1134,261000,1.29952E+11
2025-11,WH-YOG01,LOT-0109,690000,35673000000
2025-11,WH-YOG01,LOT-0597,1317333.333,4.62779E+11
2025-11,WH-YOG01,LOT-0530,1185000,3.94131E+11
2025-11,WH-YOG01,LOT-0852,366000,87730200000
2025-11,WH-YOG01,LOT-0859,321000,68758200000
2025-11,WH-YOG01,LOT-0749,490666.6667,1.04119E+11
2025-11,WH-YOG01,LOT-1031,700000,73080000000
2025-11,WH-YOG01,LOT-1188,3920000,2.07642E+12
2025-12,WH-JKT01,LOT-0970,186666.6667,76141333333
2025-12,WH-JKT01,LOT-0551,2560000,3.42016E+11
2025-12,WH-JKT01,LOT-0944,1376000,7.78678E+11
2025-12,WH-JKT01,LOT-0684,584000,1.36773E+11
2025-12,WH-JKT01,LOT-0472,696000,2.50003E+11
2025-12,WH-JKT01,LOT-0865,352000,1.91418E+11
2025-12,WH-JKT01,LOT-0659,1434666.667,1.43897E+11
2025-12,WH-JKT01,LOT-0925,504000,1.44396E+11
2025-12,WH-JKT01,LOT-0634,285000,69682500000
2025-12,WH-JKT01,LOT-0522,1984000,6.19008E+11
2025-12,WH-JKT01,LOT-0343,98666.66667,41696533333
2025-12,WH-JKT01,LOT-0710,298000,1.4012E+11
2025-12,WH-JKT01,LOT-0310,1888000,4.1687E+11
2025-12,WH-JKT01,LOT-0786,2268000,1.23833E+11
2025-12,WH-JKT01,LOT-0529,1398000,4.08775E+11
2025-12,WH-JKT01,LOT-0340,14000,1514800000
2025-12,WH-JKT01,LOT-0116,2424000,1.19988E+11
2025-12,WH-JKT01,LOT-0577,1269333.333,4.08598E+11
2025-12,WH-JKT01,LOT-0171,753000,4.48412E+11
2025-12,WH-JKT01,LOT-0829,1072000,97337600000
2025-12,WH-JKT01,LOT-0583,291000,1.23239E+11
2025-12,WH-JKT01,LOT-0232,600000,1.605E+11
2025-12,WH-JKT01,LOT-0716,784000,3.07563E+11
2025-12,WH-JKT01,LOT-0433,418500,1.48191E+11
2025-12,WH-JKT01,LOT-0903,214500,58344000000
2025-12,WH-JKT01,LOT-0598,156000,60496800000
2025-12,WH-JKT01,LOT-0081,97000,10340200000
2025-12,WH-JKT01,LOT-0751,112000,38942400000
2025-12,WH-JKT01,LOT-0191,698666.6667,3.88459E+11
2025-12,WH-JKT01,LOT-0385,963000,2.67329E+11
2025-12,WH-JKT01,LOT-0489,1128000,2.38008E+11
2025-12,WH-JKT01,LOT-0940,1306666.667,7.17099E+11
2025-12,WH-JKT01,LOT-0471,1176000,4.25477E+11
2025-12,WH-JKT01,LOT-0910,205500,62451450000
2025-12,WH-JKT01,LOT-0868,196500,95734800000
2025-12,WH-JKT01,LOT-0810,40000,15608000000
2025-12,WH-JKT01,LOT-1175,37333.33333,4629333333
2025-12,WH-JKT01,LOT-0917,1690666.667,2.92316E+11
2025-12,WH-JKT01,LOT-0777,49333.33333,12708266667
2025-12,WH-JKT01,LOT-1093,1812000,1.70872E+11
2025-12,WH-JKT01,LOT-0236,114000,32877600000
2025-12,WH-JKT01,LOT-0772,4000,1024000000
2025-12,WH-JKT01,LOT-0010,1878000,2.44516E+11
2025-12,WH-JKT01,LOT-1086,3850666.667,1.6554E+12
2025-12,WH-JKT01,LOT-0656,344000,35328800000
2025-12,WH-JKT01,LOT-0704,724000,3.48389E+11
2025-12,WH-JKT01,LOT-1017,266000,1.3441E+11
2025-12,WH-JKT01,LOT-0182,704000,1.52979E+11
2025-12,WH-JKT01,LOT-0938,54000,28209600000
2025-12,WH-JKT01,LOT-0617,882000,3.62855E+11
2025-12,WH-JKT01,LOT-0096,366666.6667,1.5202E+11
2025-12,WH-JKT01,LOT-0744,1240000,2.9202E+11
2025-12,WH-JKT01,LOT-1067,1376000,2.32682E+11
2025-12,WH-JKT01,LOT-0611,1041000,3.86836E+11
2025-12,WH-JKT01,LOT-0801,130000,58487000000
2025-12,WH-JKT01,LOT-1058,320000,45856000000
2025-12,WH-JKT01,LOT-1043,856000,60005600000
2025-12,WH-JKT01,LOT-0162,210000,9576000000
2025-12,WH-JKT01,LOT-0564,144000,59040000000
2025-12,WH-JKT01,LOT-0559,338666.6667,44365333333
2025-12,WH-JKT01,LOT-0072,576000,3.50323E+11
2025-12,WH-JKT01,LOT-1056,729000,85438800000
2025-12,WH-JKT01,LOT-0120,584000,29433600000
2025-12,WH-JKT01,LOT-0434,2144000,8.42378E+11
2025-12,WH-JKT01,LOT-0692,664000,1.33066E+11
2025-12,WH-JKT01,LOT-1031,152000,16598400000
2025-12,WH-JKT01,LOT-0821,96000,8755200000
2025-12,WH-JKT01,LOT-0351,2115000,2.56338E+11
2025-12,WH-JKT01,LOT-0581,1685333.333,7.40198E+11
2025-12,WH-JKT01,LOT-0093,144000,58737600000
2025-12,WH-JKT01,LOT-0729,613333.3333,1.92403E+11
2025-12,WH-JKT01,LOT-0524,380000,1.23424E+11
2025-12,WH-JKT01,LOT-0544,1352000,3.53142E+11
2025-12,WH-JKT01,LOT-0678,3072000,1.5145E+12
2025-12,WH-JKT01,LOT-0055,432000,70502400000
2025-12,WH-JKT01,LOT-1157,348000,1.86528E+11
2025-12,WH-JKT01,LOT-1183,2538666.667,1.49274E+12
2025-12,WH-JKT01,LOT-1143,986666.6667,2.59789E+11
2025-12,WH-JKT01,LOT-0895,592000,1.02238E+11
2025-12,WH-JKT01,LOT-0429,58000,7725600000
2025-12,WH-JKT01,LOT-0375,29333.33333,9864800000
2025-12,WH-JKT01,LOT-0530,1448000,3.96462E+11
2025-12,WH-JKT01,LOT-0766,283000,23658800000
2025-12,WH-JKT01,LOT-0499,1546666.667,1.5312E+11
2025-12,WH-JKT01,LOT-0650,562000,1.67757E+11
2025-12,WH-JKT01,LOT-0298,38666.66667,7335066667
2025-12,WH-JKT01,LOT-0904,1162666.667,2.97875E+11
2025-12,WH-JKT01,LOT-0224,722000,3.5869E+11
2025-12,WH-JKT01,LOT-0200,728000,4.13577E+11
2025-12,WH-JKT01,LOT-0239,532000,1.50609E+11
2025-12,WH-JKT01,LOT-0186,280000,59080000000
2025-12,WH-JKT01,LOT-0117,248000,12772000000
2025-12,WH-JKT01,LOT-1062,1468000,2.70112E+11
2025-12,WH-JKT01,LOT-0762,135000,10570500000
2025-12,WH-JKT01,LOT-0146,38000,8823600000
2025-12,WH-JKT01,LOT-1095,1722000,1.52914E+11
2025-12,WH-JKT01,LOT-0513,760000,1.79968E+11
2025-12,WH-JKT01,LOT-0841,172000,61937200000
2025-12,WH-JKT01,LOT-0869,2752000,1.4082E+12
2025-12,WH-JKT01,LOT-1048,2997333.333,2.0262E+11
2025-12,WH-JKT01,LOT-1135,3242666.667,1.57529E+12
2025-12,WH-JKT01,LOT-0456,498000,2.9875E+11
2025-12,WH-JKT01,LOT-0157,1914000,9.38243E+11
2025-12,WH-JKT01,LOT-0498,2448000,2.43086E+11
2025-12,WH-JKT01,LOT-0732,157500,89507250000
2025-12,WH-JKT01,LOT-1182,108666.6667,55213533333
2025-12,WH-JKT01,LOT-0844,391500,1.39687E+11
2025-12,WH-JKT01,LOT-0242,718000,22688800000
2025-12,WH-JKT01,LOT-1025,906000,4.51279E+11
2025-12,WH-JKT01,LOT-0430,61333.33333,8537600000
2025-12,WH-JKT01,LOT-0108,162000,8294400000
2025-12,WH-JKT01,LOT-0930,694000,1.71904E+11
2025-12,WH-JKT01,LOT-0407,1400000,6.1222E+11
2025-12,WH-JKT01,LOT-1090,640000,2.80192E+11
2025-12,WH-JKT01,LOT-0018,1280000,55552000000
2025-12,WH-JKT01,LOT-0082,1013333.333,1.15621E+11
2025-12,WH-JKT01,LOT-0320,270000,88857000000
2025-12,WH-JKT01,LOT-0303,172000,43550400000
2025-12,WH-JKT01,LOT-0858,444000,1.09979E+11
2025-12,WH-SBY01,LOT-1072,1392000,2.71022E+11
2025-12,WH-SBY01,LOT-0894,280000,47852000000
2025-12,WH-SBY01,LOT-0601,337500,61222500000
2025-12,WH-SBY01,LOT-0260,544500,91258200000
2025-12,WH-SBY01,LOT-0907,4428000,1.16102E+12
2025-12,WH-SBY01,LOT-0985,164000,67568000000
2025-12,WH-SBY01,LOT-1117,44000,16557200000
2025-12,WH-SBY01,LOT-0798,208666.6667,66522933333
2025-12,WH-SBY01,LOT-0279,741333.3333,2.60801E+11
2025-12,WH-SBY01,LOT-0876,716000,2.8862E+11
2025-12,WH-SBY01,LOT-1110,13333.33333,5485333333
2025-12,WH-SBY01,LOT-0693,442000,87250800000
2025-12,WH-SBY01,LOT-0382,338666.6667,98450400000
2025-12,WH-SBY01,LOT-0966,1112000,5.34427E+11
2025-12,WH-SBY01,LOT-0295,303000,56751900000
2025-12,WH-SBY01,LOT-1084,1404000,6.53422E+11
2025-12,WH-SBY01,LOT-0948,28666.66667,15428400000
2025-12,WH-SBY01,LOT-0776,56000,13742400000
2025-12,WH-SBY01,LOT-0060,22666.66667,3699200000
2025-12,WH-SBY01,LOT-0499,412000,36173600000
2025-12,WH-SBY01,LOT-0307,280000,59472000000
2025-12,WH-SBY01,LOT-0013,2232000,95976000000
2025-12,WH-SBY01,LOT-1036,346666.6667,39485333333
2025-12,WH-SBY01,LOT-0990,25333.33333,9895200000
2025-12,WH-SBY01,LOT-0920,341333.3333,56661333333
2025-12,WH-SBY01,LOT-1150,4208000,1.1269E+12
2025-12,WH-SBY01,LOT-0464,262000,78783400000
2025-12,WH-SBY01,LOT-0551,377333.3333,43204666667
2025-12,WH-SBY01,LOT-0897,187000,29901300000
2025-12,WH-SBY01,LOT-0164,972000,43545600000
2025-12,WH-SBY01,LOT-0015,1140000,57342000000
2025-12,WH-SBY01,LOT-0833,688000,1.4221E+11
2025-12,WH-SBY01,LOT-0373,1861333.333,5.98791E+11
2025-12,WH-SBY01,LOT-1100,256000,21273600000
2025-12,WH-SBY01,LOT-0467,58000,16802600000
2025-12,WH-SBY01,LOT-0455,49333.33333,29614800000
2025-12,WH-SBY01,LOT-0545,565333.3333,1.36076E+11
2025-12,WH-SBY01,LOT-0711,1274666.667,4.49702E+11
2025-12,WH-SBY01,LOT-0755,5280000,1.84958E+12
2025-12,WH-SBY01,LOT-0984,512000,1.78586E+11
2025-12,WH-SBY01,LOT-0498,595500,53833200000
2025-12,WH-SBY01,LOT-0701,336000,1.73208E+11
2025-12,WH-SBY01,LOT-0871,192000,80217600000
2025-12,WH-SBY01,LOT-0356,1368000,1.65254E+11
2025-12,WH-SBY01,LOT-0396,1285333.333,87788266667
2025-12,WH-SBY01,LOT-0265,604000,2.71498E+11
2025-12,WH-SBY01,LOT-0928,1248000,3.1824E+11
2025-12,WH-SBY01,LOT-1024,516000,2.51086E+11
2025-12,WH-SBY01,LOT-0075,960000,5.44224E+11
2025-12,WH-SBY01,LOT-0115,1034666.667,59493333333
2025-12,WH-SBY01,LOT-0522,72000,23767200000
2025-12,WH-SBY01,LOT-0678,1020000,5.99454E+11
2025-12,WH-SBY01,LOT-0437,508000,2.06705E+11
2025-12,WH-SBY01,LOT-0696,406000,68329800000
2025-12,WH-SBY01,LOT-1087,981333.3333,4.37871E+11
2025-12,WH-SBY01,LOT-0731,462000,2.39963E+11
2025-12,WH-SBY01,LOT-1197,402000,1.1055E+11
2025-12,WH-SBY01,LOT-0963,402666.6667,1.91951E+11
2025-12,WH-SBY01,LOT-0448,388000,36472000000
2025-12,WH-SBY01,LOT-0125,965333.3333,1.20281E+11
2025-12,WH-SBY01,LOT-0258,716000,1.22866E+11
2025-12,WH-SBY01,LOT-0947,1532000,9.00663E+11
2025-12,WH-SBY01,LOT-0452,1152000,5.97197E+11
2025-12,WH-SBY01,LOT-0349,288000,1.23811E+11
2025-12,WH-SBY01,LOT-1128,1388000,7.02883E+11
2025-12,WH-SBY01,LOT-0706,2680000,1.39521E+12
2025-12,WH-SBY01,LOT-0918,352000,59065600000
2025-12,WH-SBY01,LOT-0047,28666.66667,6736666667
2025-12,WH-SBY01,LOT-0640,495000,1.02861E+11
2025-12,WH-SBY01,LOT-0335,156000,18049200000
2025-12,WH-SBY01,LOT-0086,736000,74409600000
2025-12,WH-SBY01,LOT-0313,1264000,4.74126E+11
2025-12,WH-SBY01,LOT-0679,1568000,8.49072E+11
2025-12,WH-SBY01,LOT-0692,736000,1.28506E+11
2025-12,WH-SBY01,LOT-0595,108000,37054800000
2025-12,WH-SBY01,LOT-0841,872000,2.59682E+11
2025-12,WH-SBY01,LOT-1068,1840000,2.92192E+11
2025-12,WH-SBY01,LOT-0457,218000,1.19246E+11
2025-12,WH-SBY01,LOT-1186,215333.3333,1.26853E+11
2025-12,WH-SBY01,LOT-0922,2904000,7.16417E+11
2025-12,WH-SBY01,LOT-0939,267000,1.59319E+11
2025-12,WH-SBY01,LOT-0080,2280000,1.16736E+12
2025-12,WH-SBY01,LOT-0214,408000,90535200000
2025-12,WH-SBY01,LOT-0213,3024000,6.97334E+11
2025-12,WH-SBY01,LOT-0852,341333.3333,73045333333
2025-12,WH-SBY01,LOT-0977,272000,1.18619E+11
2025-12,WH-SBY01,LOT-1143,764000,2.25838E+11
2025-12,WH-SBY01,LOT-1101,453000,1.61721E+11
2025-12,WH-SBY01,LOT-0142,1092000,2.53999E+11
2025-12,WH-SBY01,LOT-0737,285333.3333,1.78219E+11
2025-12,WH-SBY01,LOT-1196,76000,20307200000
2025-12,WH-SBY01,LOT-0863,167000,91048400000
2025-12,WH-SBY01,LOT-0585,256000,1.20832E+11
2025-12,WH-SBY01,LOT-0819,102000,26999400000
2025-12,WH-SBY01,LOT-0943,247333.3333,1.23617E+11
2025-12,WH-SBY01,LOT-0477,430500,1.7517E+11
2025-12,WH-SBY01,LOT-1081,760000,3.45116E+11
2025-12,WH-SBY01,LOT-0801,912000,3.50299E+11
2025-12,WH-SBY01,LOT-0704,747000,3.58709E+11
2025-12,WH-SBY01,LOT-0779,606000,1.51258E+11
2025-12,WH-SBY01,LOT-0021,978666.6667,2.56117E+11
2025-12,WH-SBY01,LOT-0609,1494000,2.77286E+11
2025-12,WH-SBY01,LOT-0571,2144000,5.74806E+11
2025-12,WH-SBY01,LOT-1055,3626666.667,4.45717E+11
2025-12,WH-BDG01,LOT-0666,184000,33635200000
2025-12,WH-BDG01,LOT-0620,160000,56400000000
2025-12,WH-BDG01,LOT-0833,498666.6667,1.07114E+11
2025-12,WH-BDG01,LOT-0017,86000,3672200000
2025-12,WH-BDG01,LOT-0177,528000,2.8607E+11
2025-12,WH-BDG01,LOT-1134,69500,38099900000
2025-12,WH-BDG01,LOT-0179,675000,3.45938E+11
2025-12,WH-BDG01,LOT-0234,342666.6667,91629066667
2025-12,WH-BDG01,LOT-0418,5760000,3.12422E+12
2025-12,WH-BDG01,LOT-0478,1230000,4.4649E+11
2025-12,WH-BDG01,LOT-0537,742000,74645200000
2025-12,WH-BDG01,LOT-1029,364000,1.92956E+11
2025-12,WH-BDG01,LOT-0752,166000,54614000000
2025-12,WH-BDG01,LOT-0969,678000,2.95676E+11
2025-12,WH-BDG01,LOT-0141,60000,13650000000
2025-12,WH-BDG01,LOT-0414,1056000,6.06883E+11
2025-12,WH-BDG01,LOT-0439,1332000,4.79387E+11
2025-12,WH-BDG01,LOT-0886,108000,54259200000
2025-12,WH-BDG01,LOT-0361,1834666.667,6.82863E+11
2025-12,WH-BDG01,LOT-0946,1776000,9.72538E+11
2025-12,WH-BDG01,LOT-0876,44000,16434000000
2025-12,WH-BDG01,LOT-1120,464000,1.92328E+11
2025-12,WH-BDG01,LOT-0852,796000,1.65886E+11
2025-12,WH-BDG01,LOT-0381,1064000,3.22605E+11
2025-12,WH-BDG01,LOT-1011,1173000,6.00693E+11
2025-12,WH-BDG01,LOT-0490,120000,27600000000
2025-12,WH-BDG01,LOT-0595,786000,3.19509E+11
2025-12,WH-BDG01,LOT-0264,2544000,1.07637E+12
2025-12,WH-BDG01,LOT-0238,1066666.667,2.9376E+11
2025-12,WH-BDG01,LOT-0239,296000,85040800000
2025-12,WH-BDG01,LOT-0309,964000,2.01862E+11
2025-12,WH-BDG01,LOT-0054,543000,87857400000
2025-12,WH-BDG01,LOT-0339,222000,24575400000
2025-12,WH-BDG01,LOT-1030,1240000,6.71956E+11
2025-12,WH-BDG01,LOT-0172,277333.3333,1.54391E+11
2025-12,WH-BDG01,LOT-0459,5024000,2.66523E+12
2025-12,WH-BDG01,LOT-0081,371000,37100000000
2025-12,WH-BDG01,LOT-0189,1058666.667,2.17133E+11
2025-12,WH-BDG01,LOT-0594,716000,2.685E+11
2025-12,WH-BDG01,LOT-0626,25333.33333,9325200000
2025-12,WH-BDG01,LOT-1148,513333.3333,1.42758E+11
2025-12,WH-BDG01,LOT-0071,816000,4.82256E+11
2025-12,WH-BDG01,LOT-0334,48000,5520000000
2025-12,WH-BDG01,LOT-1077,114000,19391400000
2025-12,WH-BDG01,LOT-0104,38666.66667,2118933333
2025-12,WH-BDG01,LOT-1139,212000,1.07993E+11
2025-12,WH-BDG01,LOT-1117,115000,43412500000
2025-12,WH-BDG01,LOT-1082,53333.33333,24613333333
2025-12,WH-BDG01,LOT-0144,212000,51155600000
2025-12,WH-BDG01,LOT-1185,185333.3333,1.06993E+11
2025-12,WH-BDG01,LOT-0778,465000,1.09229E+11
2025-12,WH-BDG01,LOT-0845,962666.6667,3.20087E+11
2025-12,WH-BDG01,LOT-0619,548000,2.12624E+11
2025-12,WH-BDG01,LOT-0739,324000,1.97608E+11
2025-12,WH-BDG01,LOT-0324,981333.3333,1.13737E+11
2025-12,WH-BDG01,LOT-0386,1408000,4.02829E+11
2025-12,WH-BDG01,LOT-0240,18666.66667,5872533333
2025-12,WH-BDG01,LOT-1173,2741333.333,3.45408E+11
2025-12,WH-BDG01,LOT-0221,91000,44935800000
2025-12,WH-BDG01,LOT-1180,912000,1.33699E+11
2025-12,WH-BDG01,LOT-0074,478666.6667,2.45077E+11
2025-12,WH-BDG01,LOT-1051,1568000,2.06192E+11
2025-12,WH-BDG01,LOT-0316,531000,1.95674E+11
2025-12,WH-BDG01,LOT-0445,498666.6667,47822133333
2025-12,WH-BDG01,LOT-0394,82666.66667,5092266667
2025-12,WH-BDG01,LOT-0658,2122666.667,1.81488E+11
2025-12,WH-BDG01,LOT-0804,398666.6667,1.80516E+11
2025-12,WH-BDG01,LOT-1151,22666.66667,13969466667
2025-12,WH-BDG01,LOT-0424,874666.6667,1.26827E+11
2025-12,WH-BDG01,LOT-0193,1424000,8.34891E+11
2025-12,WH-BDG01,LOT-0906,166666.6667,46166666667
2025-12,WH-BDG01,LOT-0311,846000,3.0033E+11
2025-12,WH-BDG01,LOT-0479,293333.3333,1.11173E+11
2025-12,WH-BDG01,LOT-0883,4080000,1.79194E+12
2025-12,WH-BDG01,LOT-0817,390666.6667,1.18958E+11
2025-12,WH-BDG01,LOT-1002,549333.3333,80147733333
2025-12,WH-BDG01,LOT-0111,128000,6732800000
2025-12,WH-BDG01,LOT-0616,168000,61202400000
2025-12,WH-BDG01,LOT-0142,166666.6667,40866666667
2025-12,WH-BDG01,LOT-0992,1374000,3.15745E+11
2025-12,WH-BDG01,LOT-0175,437333.3333,2.44338E+11
2025-12,WH-BDG01,LOT-0024,290000,84622000000
2025-12,WH-BDG01,LOT-0446,1018666.667,1.01154E+11
2025-12,WH-BDG01,LOT-1123,369000,1.67969E+11
2025-12,WH-BDG01,LOT-1154,824000,4.3639E+11
2025-12,WH-BDG01,LOT-0236,529333.3333,1.41914E+11
2025-12,WH-BDG01,LOT-1037,32000,3510400000
2025-12,WH-BDG01,LOT-0982,39333.33333,14628066667
2025-12,WH-BDG01,LOT-0596,543000,2.22196E+11
2025-12,WH-SMG01,LOT-0906,326000,86879000000
2025-12,WH-SMG01,LOT-0985,648000,2.27254E+11
2025-12,WH-SMG01,LOT-0819,772000,2.40555E+11
2025-12,WH-SMG01,LOT-0077,968000,4.83516E+11
2025-12,WH-SMG01,LOT-0250,5728000,1.66112E+11
2025-12,WH-SMG01,LOT-0533,169333.3333,18592800000
2025-12,WH-SMG01,LOT-0734,522000,3.08241E+11
2025-12,WH-SMG01,LOT-1052,800000,1.0048E+11
2025-12,WH-SMG01,LOT-0619,1104000,3.90154E+11
2025-12,WH-SMG01,LOT-0010,582000,78395400000
2025-12,WH-SMG01,LOT-1051,496000,61206400000
2025-12,WH-SMG01,LOT-0212,1908000,4.76809E+11
2025-12,WH-SMG01,LOT-0228,2389333.333,1.1163E+12
2025-12,WH-SMG01,LOT-0552,620000,69626000000
2025-12,WH-SMG01,LOT-0519,72000,19432800000
2025-12,WH-SMG01,LOT-0163,129666.6667,6664866667
2025-12,WH-SMG01,LOT-0758,722000,2.55083E+11
2025-12,WH-SMG01,LOT-0900,1488000,2.5921E+11
2025-12,WH-SMG01,LOT-0366,426000,1.5779E+11
2025-12,WH-SMG01,LOT-1115,970666.6667,3.82734E+11
2025-12,WH-SMG01,LOT-0231,33000,8896800000
2025-12,WH-SMG01,LOT-0639,2053333.333,5.04299E+11
2025-12,WH-SMG01,LOT-0439,496000,2.09014E+11
2025-12,WH-SMG01,LOT-0777,224000,60838400000
2025-12,WH-SMG01,LOT-0141,872000,2.07362E+11
2025-12,WH-SMG01,LOT-0149,482000,1.22476E+11
2025-12,WH-SMG01,LOT-0849,200000,68660000000
2025-12,WH-SMG01,LOT-1104,252000,1.0211E+11
2025-12,WH-SMG01,LOT-0781,1984000,1.03168E+11
2025-12,WH-SMG01,LOT-0243,390000,12246000000
2025-12,WH-SMG01,LOT-0209,2952000,1.19615E+12
2025-12,WH-SMG01,LOT-0629,363000,1.42913E+11
2025-12,WH-SMG01,LOT-0792,884000,2.78637E+11
2025-12,WH-SMG01,LOT-0064,4042666.667,4.96844E+11
2025-12,WH-SMG01,LOT-0407,84666.66667,41647533333
2025-12,WH-SMG01,LOT-0769,712000,60804800000
2025-12,WH-SMG01,LOT-0156,56000,26118400000
2025-12,WH-SMG01,LOT-0183,696000,1.35302E+11
2025-12,WH-SMG01,LOT-1058,578000,82596200000
2025-12,WH-SMG01,LOT-0341,228000,82604400000
2025-12,WH-SMG01,LOT-0046,1968000,4.85309E+11
2025-12,WH-SMG01,LOT-0682,440000,1.18712E+11
2025-12,WH-SMG01,LOT-0700,1248000,2.23142E+11
2025-12,WH-SMG01,LOT-0696,229333.3333,43917333333
2025-12,WH-SMG01,LOT-0553,762000,83667600000
2025-12,WH-SMG01,LOT-0719,190666.6667,80690133333
2025-12,WH-SMG01,LOT-0529,784000,2.29085E+11
2025-12,WH-SMG01,LOT-0360,149000,16032400000
2025-12,WH-SMG01,LOT-0816,608000,1.60816E+11
2025-12,WH-SMG01,LOT-1026,732000,3.98867E+11
2025-12,WH-SMG01,LOT-0506,346666.6667,22464000000
2025-12,WH-SMG01,LOT-0778,368000,95753600000
2025-12,WH-SMG01,LOT-1038,2256000,2.37106E+11
2025-12,WH-SMG01,LOT-0524,228000,69289200000
2025-12,WH-SMG01,LOT-0475,466666.6667,1.764E+11
2025-12,WH-SMG01,LOT-1024,1968000,1.03536E+12
2025-12,WH-SMG01,LOT-0926,1696000,4.61142E+11
2025-12,WH-SMG01,LOT-0184,596000,1.42504E+11
2025-12,WH-SMG01,LOT-0547,90666.66667,23410133333
2025-12,WH-SMG01,LOT-0056,87000,15016200000
2025-12,WH-SMG01,LOT-0595,2314666.667,9.46236E+11
2025-12,WH-SMG01,LOT-0559,1188000,1.3757E+11
2025-12,WH-SMG01,LOT-0645,238000,73780000000
2025-12,WH-SMG01,LOT-0576,738000,1.98227E+11
2025-12,WH-SMG01,LOT-0693,62666.66667,11048133333
2025-12,WH-SMG01,LOT-1161,1552000,48888000000
2025-12,WH-SMG01,LOT-0726,1134000,3.3986E+11
2025-12,WH-SMG01,LOT-0841,152000,53656000000
2025-12,WH-SMG01,LOT-0869,162666.6667,90849333333
2025-12,WH-SMG01,LOT-0059,4200000,7.2114E+11
2025-12,WH-SMG01,LOT-0019,2472000,1.11982E+11
2025-12,WH-SMG01,LOT-0473,997333.3333,4.08607E+11
2025-12,WH-SMG01,LOT-0015,1143000,56921400000
2025-12,WH-SMG01,LOT-0177,528000,2.76144E+11
2025-12,WH-SMG01,LOT-0190,654000,1.30277E+11
2025-12,WH-SMG01,LOT-0848,210666.6667,75776800000
2025-12,WH-SMG01,LOT-0282,544000,1.5145E+11
2025-12,WH-SMG01,LOT-0312,1476000,5.33722E+11
2025-12,WH-SMG01,LOT-1017,171000,98017200000
2025-12,WH-SMG01,LOT-0307,789000,1.73659E+11
2025-12,WH-SMG01,LOT-0452,393000,2.23814E+11
2025-12,WH-SMG01,LOT-1071,1520000,2.88648E+11
2025-12,WH-SMG01,LOT-0771,372000,95976000000
2025-12,WH-SMG01,LOT-0966,848000,4.02291E+11
2025-12,WH-SMG01,LOT-0258,1360000,2.28208E+11
2025-12,WH-SMG01,LOT-0203,758000,3.48528E+11
2025-12,WH-SMG01,LOT-0912,232000,36934400000
2025-12,WH-SMG01,LOT-0426,2272000,3.52842E+11
2025-12,WH-SMG01,LOT-0800,792000,2.52806E+11
2025-12,WH-SMG01,LOT-1087,2944000,1.1932E+12
2025-12,WH-SMG01,LOT-1096,1381333.333,1.30536E+11
2025-12,WH-SMG01,LOT-0753,2082000,7.03508E+11
2025-12,WH-SMG01,LOT-0114,821333.3333,43448533333
2025-12,WH-SMG01,LOT-1190,6032000,3.28623E+12
2025-12,WH-SMG01,LOT-0666,21000,3618300000
2025-12,WH-SMG01,LOT-0924,291000,77551500000
2025-12,WH-SMG01,LOT-0044,88000,21744800000
2025-12,WH-SMG01,LOT-1200,954666.6667,2.55564E+11
2025-12,WH-SMG01,LOT-0397,528000,37752000000
2025-12,WH-SMG01,LOT-0530,255000,70992000000
2025-12,WH-SMG01,LOT-0061,898666.6667,1.15389E+11
2025-12,WH-SMG01,LOT-1175,144500,20836900000
2025-12,WH-SMG01,LOT-0175,1144000,7.15229E+11
2025-12,WH-SMG01,LOT-0833,130333.3333,27747966667
2025-12,WH-SMG01,LOT-0739,1512000,8.67586E+11
2025-12,WH-SMG01,LOT-0068,3242666.667,3.60585E+11
2025-12,WH-SMG01,LOT-1114,642000,2.61936E+11
2025-12,WH-SMG01,LOT-0233,1935000,5.95206E+11
2025-12,WH-SMG01,LOT-0143,1280000,3.2256E+11
2025-12,WH-SMG01,LOT-0388,504000,1.53468E+11
2025-12,WH-SMG01,LOT-0844,36333.33333,12102633333
2025-12,WH-SMG01,LOT-0532,172500,18578250000
2025-12,WH-SMG01,LOT-0040,224000,64646400000
2025-12,WH-SMG01,LOT-0493,2160000,1.78848E+11
2025-12,WH-SMG01,LOT-0564,1944000,7.48829E+11
2025-12,WH-SMG01,LOT-1081,1850666.667,8.08556E+11
2025-12,WH-BKS01,LOT-0003,159000,22816500000
2025-12,WH-BKS01,LOT-0029,786000,2.06011E+11
2025-12,WH-BKS01,LOT-0387,482000,1.42286E+11
2025-12,WH-BKS01,LOT-0968,365333.3333,1.70026E+11
2025-12,WH-BKS01,LOT-0020,133333.3333,6640000000
2025-12,WH-BKS01,LOT-0044,121000,28072000000
2025-12,WH-BKS01,LOT-0916,1808000,2.87653E+11
2025-12,WH-BKS01,LOT-0096,240000,1.07424E+11
2025-12,WH-BKS01,LOT-0504,2304000,1.54368E+11
2025-12,WH-BKS01,LOT-0999,3088000,7.27224E+11
2025-12,WH-BKS01,LOT-1066,44666.66667,7075200000
2025-12,WH-BKS01,LOT-0125,2936000,3.38814E+11
2025-12,WH-BKS01,LOT-1081,1338666.667,6.12975E+11
2025-12,WH-BKS01,LOT-1049,448500,31708950000
2025-12,WH-BKS01,LOT-0854,34000,7095800000
2025-12,WH-BKS01,LOT-0891,752000,1.30923E+11
2025-12,WH-BKS01,LOT-1188,112000,59785600000
2025-12,WH-BKS01,LOT-0461,1588000,4.80846E+11
2025-12,WH-BKS01,LOT-0337,296000,31316800000
2025-12,WH-BKS01,LOT-0075,342666.6667,1.87165E+11
2025-12,WH-BKS01,LOT-1022,116000,64461200000
2025-12,WH-BKS01,LOT-0072,94666.66667,48564000000
2025-12,WH-BKS01,LOT-1169,992000,35315200000
2025-12,WH-BKS01,LOT-1055,172000,23667200000
2025-12,WH-BKS01,LOT-0481,1064000,2.24291E+11
2025-12,WH-BKS01,LOT-0560,972000,1.09253E+11
2025-12,WH-BKS01,LOT-1034,1404000,1.57248E+11
2025-12,WH-BKS01,LOT-0556,1140000,1.29504E+11
2025-12,WH-BKS01,LOT-0317,518666.6667,1.84853E+11
2025-12,WH-BKS01,LOT-0892,304000,44566400000
2025-12,WH-BKS01,LOT-1008,1301333.333,2.1459E+11
2025-12,WH-BKS01,LOT-0624,794000,3.0704E+11
2025-12,WH-BKS01,LOT-1108,3946666.667,1.69825E+12
2025-12,WH-BKS01,LOT-0902,10666.66667,3027200000
2025-12,WH-BKS01,LOT-0839,912000,2.00549E+11
2025-12,WH-BKS01,LOT-0361,680000,2.3766E+11
2025-12,WH-BKS01,LOT-0840,58666.66667,12595733333
2025-12,WH-BKS01,LOT-0712,932000,3.28064E+11
2025-12,WH-BKS01,LOT-0122,70666.66667,7533066667
2025-12,WH-BKS01,LOT-0973,1576000,6.06918E+11
2025-12,WH-BKS01,LOT-0587,181333.3333,86586666667
2025-12,WH-BKS01,LOT-0551,746666.6667,98186666667
2025-12,WH-BKS01,LOT-0697,268000,45908400000
2025-12,WH-BKS01,LOT-0809,789333.3333,3.17075E+11
2025-12,WH-BKS01,LOT-0649,219333.3333,65580666667
2025-12,WH-BKS01,LOT-0905,94000,24364800000
2025-12,WH-BKS01,LOT-0273,670000,2.36778E+11
2025-12,WH-BKS01,LOT-0875,3040000,1.27467E+12
2025-12,WH-BKS01,LOT-0965,44000,18414000000
2025-12,WH-BKS01,LOT-0810,468000,1.90944E+11
2025-12,WH-BKS01,LOT-0739,410666.6667,2.333E+11
2025-12,WH-BKS01,LOT-0566,2944000,1.19232E+12
2025-12,WH-BKS01,LOT-0184,195000,44479500000
2025-12,WH-BKS01,LOT-1045,2848000,2.04771E+11
2025-12,WH-BKS01,LOT-0329,2988000,4.00691E+11
2025-12,WH-BKS01,LOT-1029,1188000,6.18116E+11
2025-12,WH-BKS01,LOT-0211,2997333.333,6.39331E+11
2025-12,WH-BKS01,LOT-0915,339000,55223100000
2025-12,WH-BKS01,LOT-1021,1248000,6.11146E+11
2025-12,WH-BKS01,LOT-0977,5856000,2.33596E+12
2025-12,WH-BKS01,LOT-1183,212000,1.21158E+11
2025-12,WH-BKS01,LOT-0717,3818666.667,1.38618E+12
2025-12,WH-BKS01,LOT-0008,4117333.333,5.42665E+11
2025-12,WH-BKS01,LOT-0083,1925333.333,2.10246E+11
2025-12,WH-BKS01,LOT-0397,157333.3333,10226666667
2025-12,WH-BKS01,LOT-0630,1850666.667,6.32928E+11
2025-12,WH-BKS01,LOT-0684,306000,72032400000
2025-12,WH-BKS01,LOT-0272,440000,1.62932E+11
2025-12,WH-BKS01,LOT-0306,3488000,8.67117E+11
2025-12,WH-BKS01,LOT-0381,106000,30634000000
2025-12,WH-BKS01,LOT-0896,1878000,3.0048E+11
2025-12,WH-BKS01,LOT-0368,3312000,1.19762E+12
2025-12,WH-BKS01,LOT-0814,109000,29419100000
2025-12,WH-BKS01,LOT-0463,432000,1.34136E+11
2025-12,WH-BKS01,LOT-0120,2312000,1.13519E+11
2025-12,WH-BKS01,LOT-0444,1188000,1.0692E+11
2025-12,WH-BKS01,LOT-0257,2504000,4.43208E+11
2025-12,WH-BKS01,LOT-0797,840000,2.75856E+11
2025-12,WH-BKS01,LOT-0524,2106000,6.65496E+11
2025-12,WH-BKS01,LOT-0708,1044000,5.12395E+11
2025-12,WH-BKS01,LOT-0352,61333.33333,7519466667
2025-12,WH-BKS01,LOT-0761,10666.66667,785066666.7
2025-12,WH-BKS01,LOT-0908,141333.3333,40534400000
2025-12,WH-BKS01,LOT-0457,588000,3.47449E+11
2025-12,WH-BKS01,LOT-0495,3733333.333,3.3488E+11
2025-12,WH-BKS01,LOT-0021,362000,1.11822E+11
2025-12,WH-TNG01,LOT-0062,2046000,2.66389E+11
2025-12,WH-TNG01,LOT-0262,436000,1.98031E+11
2025-12,WH-TNG01,LOT-0680,133333.3333,67306666667
2025-12,WH-TNG01,LOT-0024,504000,1.3739E+11
2025-12,WH-TNG01,LOT-0812,350666.6667,98607466667
2025-12,WH-TNG01,LOT-0893,586000,89482200000
2025-12,WH-TNG01,LOT-0890,101333.3333,46816000000
2025-12,WH-TNG01,LOT-1074,1640000,2.624E+11
2025-12,WH-TNG01,LOT-0830,216000,19202400000
2025-12,WH-TNG01,LOT-0076,14666.66667,8299866667
2025-12,WH-TNG01,LOT-0826,636000,56158800000
2025-12,WH-TNG01,LOT-0938,1350000,7.5141E+11
2025-12,WH-TNG01,LOT-0458,2262000,1.1405E+12
2025-12,WH-TNG01,LOT-0610,308000,52452400000
2025-12,WH-TNG01,LOT-1013,2058666.667,9.90013E+11
2025-12,WH-TNG01,LOT-0856,434666.6667,95800533333
2025-12,WH-TNG01,LOT-0965,3128000,1.36068E+12
2025-12,WH-TNG01,LOT-0192,3184000,1.78495E+12
2025-12,WH-TNG01,LOT-1164,396000,13899600000
2025-12,WH-TNG01,LOT-1182,636000,3.58831E+11
2025-12,WH-TNG01,LOT-1090,3216000,1.35426E+12
2025-12,WH-TNG01,LOT-0878,1140000,4.78458E+11
2025-12,WH-TNG01,LOT-0506,592000,36467200000
2025-12,WH-TNG01,LOT-0292,450000,83565000000
2025-12,WH-TNG01,LOT-1146,1280000,3.552E+11
2025-12,WH-TNG01,LOT-1196,414666.6667,1.09928E+11
2025-12,WH-TNG01,LOT-0734,144000,88560000000
2025-12,WH-TNG01,LOT-0183,154000,36267000000
2025-12,WH-TNG01,LOT-0002,1197000,1.64947E+11
2025-12,WH-TNG01,LOT-0474,1543500,5.6276E+11
2025-12,WH-TNG01,LOT-1081,1164000,4.63621E+11
2025-12,WH-TNG01,LOT-0686,151000,38203000000
2025-12,WH-TNG01,LOT-0380,512000,1.95533E+11
2025-12,WH-TNG01,LOT-0636,1113000,2.40519E+11
2025-12,WH-TNG01,LOT-0301,302666.6667,77301066667
2025-12,WH-TNG01,LOT-0962,842666.6667,3.51561E+11
2025-12,WH-TNG01,LOT-0781,1370666.667,78813333333
2025-12,WH-TNG01,LOT-0346,357000,1.5401E+11
2025-12,WH-TNG01,LOT-0313,248000,87668000000
2025-12,WH-TNG01,LOT-0212,4245333.333,1.01888E+12
2025-12,WH-TNG01,LOT-0667,272000,54345600000
2025-12,WH-TNG01,LOT-0722,738000,2.03319E+11
2025-12,WH-TNG01,LOT-1160,696000,4.27274E+11
2025-12,WH-TNG01,LOT-0821,30000,2709000000
2025-12,WH-TNG01,LOT-0496,1224000,1.1016E+11
2025-12,WH-TNG01,LOT-0905,196000,55722800000
2025-12,WH-TNG01,LOT-0605,616000,1.1279E+11
2025-12,WH-TNG01,LOT-0422,853333.3333,1.29451E+11
2025-12,WH-TNG01,LOT-1174,3696000,4.55717E+11
2025-12,WH-TNG01,LOT-0850,733333.3333,2.63267E+11
2025-12,WH-TNG01,LOT-0467,2248000,6.94407E+11
2025-12,WH-TNG01,LOT-0527,618666.6667,1.79661E+11
2025-12,WH-TNG01,LOT-0690,1493333.333,3.78261E+11
2025-12,WH-TNG01,LOT-0592,630000,2.54205E+11
2025-12,WH-TNG01,LOT-0015,265000,12110500000
2025-12,WH-TNG01,LOT-0412,456000,2.48839E+11
2025-12,WH-TNG01,LOT-1140,2484000,1.23952E+12
2025-12,WH-TNG01,LOT-1153,680000,3.46256E+11
2025-12,WH-TNG01,LOT-0713,84666.66667,30039733333
2025-12,WH-TNG01,LOT-0657,2376000,2.27858E+11
2025-12,WH-TNG01,LOT-0586,5584000,2.53402E+12
2025-12,WH-TNG01,LOT-0742,824000,2.07318E+11
2025-12,WH-TNG01,LOT-0892,664000,1.00264E+11
2025-12,WH-TNG01,LOT-0754,944000,3.06517E+11
2025-12,WH-TNG01,LOT-0407,246000,1.12225E+11
2025-12,WH-TNG01,LOT-0153,3300000,1.66551E+12
2025-12,WH-TNG01,LOT-0963,922666.6667,3.78201E+11
2025-12,WH-TNG01,LOT-0120,186000,9076800000
2025-12,WH-TNG01,LOT-1052,76000,10275200000
2025-12,WH-TNG01,LOT-1005,136000,19339200000
2025-12,WH-TNG01,LOT-0445,333333.3333,33266666667
2025-12,WH-TNG01,LOT-0065,148000,16250400000
2025-12,WH-TNG01,LOT-0110,1136000,55664000000
2025-12,WH-TNG01,LOT-0307,1044000,2.61835E+11
2025-12,WH-TNG01,LOT-0187,1168000,2.5953E+11
2025-12,WH-TNG01,LOT-0033,800000,2.0576E+11
2025-12,WH-TNG01,LOT-0300,842666.6667,1.49995E+11
2025-12,WH-TNG01,LOT-0958,157500,41328000000
2025-12,WH-TNG01,LOT-0418,562666.6667,2.91293E+11
2025-12,WH-TNG01,LOT-0779,389333.3333,94997333333
2025-12,WH-TNG01,LOT-0771,4572000,1.22301E+12
2025-12,WH-TNG01,LOT-0454,44666.66667,25862000000
2025-12,WH-TNG01,LOT-0344,245333.3333,94993066667
2025-12,WH-TNG01,LOT-0719,800000,2.9256E+11
2025-12,WH-TNG01,LOT-0800,712000,2.12817E+11
2025-12,WH-BPR01,LOT-1177,234666.6667,34730666667
2025-12,WH-BPR01,LOT-0830,104000,9214400000
2025-12,WH-BPR01,LOT-0642,1600000,4.824E+11
2025-12,WH-BPR01,LOT-0720,104000,42224000000
2025-12,WH-BPR01,LOT-1129,228000,1.08665E+11
2025-12,WH-BPR01,LOT-0838,2808000,5.85187E+11
2025-12,WH-BPR01,LOT-1030,1476000,7.42576E+11
2025-12,WH-BPR01,LOT-0144,1088000,2.75046E+11
2025-12,WH-BPR01,LOT-1154,808000,4.20645E+11
2025-12,WH-BPR01,LOT-0091,312000,1.2845E+11
2025-12,WH-BPR01,LOT-0087,16000,1692800000
2025-12,WH-BPR01,LOT-0620,236000,82340400000
2025-12,WH-BPR01,LOT-0252,258666.6667,50129600000
2025-12,WH-BPR01,LOT-0643,512000,1.33683E+11
2025-12,WH-BPR01,LOT-1068,112000,19868800000
2025-12,WH-BPR01,LOT-0454,186666.6667,1.15528E+11
2025-12,WH-BPR01,LOT-0441,410666.6667,45255466667
2025-12,WH-BPR01,LOT-0444,194000,21165400000
2025-12,WH-BPR01,LOT-0764,1344000,1.00666E+11
2025-12,WH-BPR01,LOT-0269,349000,1.38553E+11
2025-12,WH-BPR01,LOT-1114,40666.66667,14741666667
2025-12,WH-BPR01,LOT-0852,1800000,3.744E+11
2025-12,WH-BPR01,LOT-0822,1336000,1.06078E+11
2025-12,WH-BPR01,LOT-0003,736000,1.05322E+11
2025-12,WH-BPR01,LOT-0206,922666.6667,4.1723E+11
2025-12,WH-BPR01,LOT-0458,4164000,2.43719E+12
2025-12,WH-BPR01,LOT-1056,1301333.333,1.82707E+11
2025-12,WH-BPR01,LOT-0647,1701333.333,5.16525E+11
2025-12,WH-BPR01,LOT-0001,472000,58339200000
2025-12,WH-BPR01,LOT-0054,1045333.333,1.59727E+11
2025-12,WH-BPR01,LOT-0343,606000,2.57126E+11
2025-12,WH-BPR01,LOT-0694,1060000,2.04262E+11
2025-12,WH-BPR01,LOT-0987,1208000,4.74382E+11
2025-12,WH-BPR01,LOT-0396,1578666.667,93930666667
2025-12,WH-BPR01,LOT-1063,246000,39827400000
2025-12,WH-BPR01,LOT-0024,1200000,3.72E+11
2025-12,WH-BPR01,LOT-0217,954666.6667,2.31507E+11
2025-12,WH-BPR01,LOT-0064,289000,36587400000
2025-12,WH-BPR01,LOT-0141,701333.3333,1.82627E+11
2025-12,WH-BPR01,LOT-0378,464000,1.78269E+11
2025-12,WH-BPR01,LOT-0603,606000,1.14655E+11
2025-12,WH-BPR01,LOT-0725,493500,1.29445E+11
2025-12,WH-BPR01,LOT-0954,790000,2.16223E+11
2025-12,WH-BPR01,LOT-0194,855000,4.28526E+11
2025-12,WH-BPR01,LOT-1110,1216000,4.69741E+11
2025-12,WH-BPR01,LOT-0190,362000,72834400000
2025-12,WH-BPR01,LOT-0768,76000,5472000000
2025-12,WH-BPR01,LOT-1145,180000,51696000000
2025-12,WH-BPR01,LOT-0113,221000,10342800000
2025-12,WH-BPR01,LOT-0789,89333.33333,4743600000
2025-12,WH-BPR01,LOT-0186,96666.66667,22156000000
2025-12,WH-BPR01,LOT-0605,2856000,5.60633E+11
2025-12,WH-BPR01,LOT-1164,1061333.333,32582933333
2025-12,WH-BPR01,LOT-1185,360000,2.06532E+11
2025-12,WH-BPR01,LOT-0238,426000,1.3402E+11
2025-12,WH-BPR01,LOT-0389,846000,2.47117E+11
2025-12,WH-BPR01,LOT-0766,1436000,1.14449E+11
2025-12,WH-BPR01,LOT-0075,152000,79876000000
2025-12,WH-BPR01,LOT-0730,1148000,3.51862E+11
2025-12,WH-BPR01,LOT-0689,144000,37022400000
2025-12,WH-BPR01,LOT-0248,1026000,28728000000
2025-12,WH-BPR01,LOT-1179,1568000,2.28301E+11
2025-12,WH-BPR01,LOT-0195,320000,1.89184E+11
2025-12,WH-BPR01,LOT-0456,53333.33333,30464000000
2025-12,WH-BPR01,LOT-1181,383000,2.01496E+11
2025-12,WH-BPR01,LOT-0844,522000,1.55243E+11
2025-12,WH-BPR01,LOT-1091,144000,12816000000
2025-12,WH-BPR01,LOT-0898,476000,73446800000
2025-12,WH-BPR01,LOT-0167,138666.6667,6753066667
2025-12,WH-BPR01,LOT-1028,3093333.333,1.46593E+12
2025-12,WH-BPR01,LOT-0887,1284000,6.20044E+11
2025-12,WH-BPR01,LOT-1009,1464000,2.34386E+11
2025-12,WH-BPR01,LOT-0158,66666.66667,34233333333
2025-12,WH-BPR01,LOT-0990,205333.3333,78806933333
2025-12,WH-BPR01,LOT-0016,386666.6667,16742666667
2025-12,WH-BPR01,LOT-1099,104000,9204000000
2025-12,WH-BPR01,LOT-0638,909333.3333,1.85413E+11
2025-12,WH-BPR01,LOT-0303,429333.3333,96943466667
2025-12,WH-BPR01,LOT-0418,676000,3.64229E+11
2025-12,WH-BPR01,LOT-0334,450000,47430000000
2025-12,WH-BPR01,LOT-1144,204000,56650800000
2025-12,WH-BPR01,LOT-0749,1304000,3.10613E+11
2025-12,WH-BPR01,LOT-0036,948000,2.42783E+11
2025-12,WH-BPR01,LOT-1005,816000,1.31539E+11
2025-12,WH-BPR01,LOT-0208,4992000,2.29183E+12
2025-12,WH-BPR01,LOT-0866,832000,3.83053E+11
2025-12,WH-BPR01,LOT-0172,615000,3.82223E+11
2025-12,WH-BPR01,LOT-0315,604000,2.11521E+11
2025-12,WH-BPR01,LOT-0451,273000,1.68496E+11
2025-12,WH-BPR01,LOT-0426,420000,55860000000
2025-12,WH-BPR01,LOT-0288,1860000,5.65812E+11
2025-12,WH-BPR01,LOT-0153,2101333.333,1.17086E+12
2025-12,WH-BPR01,LOT-0399,504000,33616800000
2025-12,WH-BPR01,LOT-0573,8000,2168000000
2025-12,WH-BPR01,LOT-0723,1898666.667,5.30108E+11
2025-12,WH-MLG01,LOT-0914,138666.6667,23406933333
2025-12,WH-MLG01,LOT-0795,196666.6667,63405333333
2025-12,WH-MLG01,LOT-0174,656000,3.46762E+11
2025-12,WH-MLG01,LOT-0248,570666.6667,16264000000
2025-12,WH-MLG01,LOT-0800,484000,1.6064E+11
2025-12,WH-MLG01,LOT-0793,3413333.333,1.18886E+12
2025-12,WH-MLG01,LOT-0281,908000,2.84022E+11
2025-12,WH-MLG01,LOT-1107,5632000,2.16269E+12
2025-12,WH-MLG01,LOT-0818,1578000,4.45785E+11
2025-12,WH-MLG01,LOT-0892,447000,76839300000
2025-12,WH-MLG01,LOT-0017,728000,37273600000
2025-12,WH-MLG01,LOT-0389,872000,2.29598E+11
2025-12,WH-MLG01,LOT-0632,970666.6667,2.1112E+11
2025-12,WH-MLG01,LOT-1070,544000,1.02435E+11
2025-12,WH-MLG01,LOT-0262,416000,1.69021E+11
2025-12,WH-MLG01,LOT-0554,2090666.667,2.80567E+11
2025-12,WH-MLG01,LOT-0820,1300000,3.4203E+11
2025-12,WH-MLG01,LOT-1124,218666.6667,1.00193E+11
2025-12,WH-MLG01,LOT-0846,1200000,3.6468E+11
2025-12,WH-MLG01,LOT-0990,225333.3333,79272266667
2025-12,WH-MLG01,LOT-0095,341333.3333,1.3469E+11
2025-12,WH-MLG01,LOT-0256,486000,95401800000
2025-12,WH-MLG01,LOT-0811,938666.6667,2.69867E+11
2025-12,WH-MLG01,LOT-0757,600000,2.058E+11
2025-12,WH-MLG01,LOT-0776,464000,1.0324E+11
2025-12,WH-MLG01,LOT-0323,176000,20433600000
2025-12,WH-MLG01,LOT-1020,4096000,2.00417E+12
2025-12,WH-MLG01,LOT-1006,190500,30213300000
2025-12,WH-MLG01,LOT-0605,709333.3333,1.41228E+11
2025-12,WH-MLG01,LOT-0092,57333.33333,22308400000
2025-12,WH-MLG01,LOT-0324,208500,25228500000
2025-12,WH-MLG01,LOT-0129,247000,27762800000
2025-12,WH-MLG01,LOT-0746,1584000,3.9109E+11
2025-12,WH-MLG01,LOT-1019,831000,3.97301E+11
2025-12,WH-MLG01,LOT-0271,852000,3.31769E+11
2025-12,WH-MLG01,LOT-0423,474000,65886000000
2025-12,WH-MLG01,LOT-0178,3249000,1.97637E+12
2025-12,WH-MLG01,LOT-0303,2485333.333,5.27139E+11
2025-12,WH-MLG01,LOT-0661,2760000,4.83552E+11
2025-12,WH-MLG01,LOT-0304,433333.3333,1.00273E+11
2025-12,WH-MLG01,LOT-0561,74000,26484600000
2025-12,WH-MLG01,LOT-0368,345000,1.34343E+11
2025-12,WH-MLG01,LOT-0416,816000,4.50187E+11
2025-12,WH-MLG01,LOT-0697,1674666.667,2.85531E+11
2025-12,WH-MLG01,LOT-0311,520000,1.9292E+11
2025-12,WH-MLG01,LOT-0700,981333.3333,1.65257E+11
2025-12,WH-MLG01,LOT-0070,373333.3333,41850666667
2025-12,WH-MLG01,LOT-0002,1813333.333,2.15968E+11
2025-12,WH-MLG01,LOT-1068,1664000,2.98854E+11
2025-12,WH-MLG01,LOT-0658,188000,16600400000
2025-12,WH-MLG01,LOT-1071,278000,46731800000
2025-12,WH-MLG01,LOT-0633,1320000,3.19836E+11
2025-12,WH-MLG01,LOT-0927,24000,6722400000
2025-12,WH-MLG01,LOT-0369,184000,65301600000
2025-12,WH-MLG01,LOT-0222,604000,2.69263E+11
2025-12,WH-MLG01,LOT-0742,818666.6667,2.05403E+11
2025-12,WH-MLG01,LOT-0116,413333.3333,21080000000
2025-12,WH-MLG01,LOT-0696,644000,1.13795E+11
2025-12,WH-MLG01,LOT-0308,1928000,4.30908E+11
2025-12,WH-MLG01,LOT-0738,290666.6667,1.54402E+11
2025-12,WH-MLG01,LOT-0467,412000,1.35136E+11
2025-12,WH-MLG01,LOT-0677,1333333.333,6.61867E+11
2025-12,WH-MLG01,LOT-0408,402000,1.96337E+11
2025-12,WH-MLG01,LOT-0180,760000,4.07588E+11
2025-12,WH-MLG01,LOT-0386,129000,39099900000
2025-12,WH-MLG01,LOT-0244,805333.3333,25851200000
2025-12,WH-MLG01,LOT-1055,1068000,1.42578E+11
2025-12,WH-MLG01,LOT-0558,960000,1.15968E+11
2025-12,WH-MLG01,LOT-0761,104000,7290400000
2025-12,WH-MLG01,LOT-0848,149333.3333,51773866667
2025-12,WH-MLG01,LOT-0035,1316000,3.29526E+11
2025-12,WH-MLG01,LOT-0675,51666.66667,26856333333
2025-12,WH-MLG01,LOT-0471,312000,1.17E+11
2025-12,WH-MLG01,LOT-0591,6128000,2.41995E+12
2025-12,WH-MLG01,LOT-0306,2904000,6.55433E+11
2025-12,WH-MLG01,LOT-0497,382666.6667,36506400000
2025-12,WH-MLG01,LOT-0307,1950000,4.1262E+11
2025-12,WH-MLG01,LOT-0260,552000,99084000000
2025-12,WH-MLG01,LOT-0254,69333.33333,13263466667
2025-12,WH-MLG01,LOT-0014,661333.3333,31479466667
2025-12,WH-MLG01,LOT-0175,32000,19926400000
2025-12,WH-MLG01,LOT-0301,284000,60747600000
2025-12,WH-MLG01,LOT-1186,794666.6667,4.41596E+11
2025-12,WH-MLG01,LOT-0555,3120000,3.87816E+11
2025-12,WH-MLG01,LOT-0529,1856000,5.60698E+11
2025-12,WH-MLG01,LOT-0464,468000,1.4494E+11
2025-12,WH-MLG01,LOT-0224,1024000,5.10771E+11
2025-12,WH-MLG01,LOT-0568,3232000,1.3694E+12
2025-12,WH-MLG01,LOT-0154,672000,3.25181E+11
2025-12,WH-MLG01,LOT-0576,174000,47502000000
2025-12,WH-MLG01,LOT-0064,488000,64464800000
2025-12,WH-MLG01,LOT-1103,225333.3333,85243600000
2025-12,WH-MLG01,LOT-0995,100000,25790000000
2025-12,WH-MLG01,LOT-1049,343500,21400050000
2025-12,WH-MLG01,LOT-0456,626666.6667,3.29564E+11
2025-12,WH-MLG01,LOT-0544,130000,35763000000
2025-12,WH-MLG01,LOT-0404,758000,3.89612E+11
2025-12,WH-MLG01,LOT-0954,382000,1.15173E+11
2025-12,WH-MLG01,LOT-0987,546000,1.92738E+11
2025-12,WH-MLG01,LOT-1115,1242000,4.95434E+11
2025-12,WH-MLG01,LOT-0310,326000,75240800000
2025-12,WH-MLG01,LOT-0623,1500000,5.946E+11
2025-12,WH-MLG01,LOT-0093,540000,2.1006E+11
2025-12,WH-MLG01,LOT-0305,14000,3067400000
2025-12,WH-MLG01,LOT-0198,808000,4.39148E+11
2025-12,WH-MLG01,LOT-0236,3160000,8.9902E+11
2025-12,WH-MLG01,LOT-0875,22000,8047600000
2025-12,WH-MLG01,LOT-1088,470000,1.9881E+11
2025-12,WH-MLG01,LOT-0302,496000,1.0669E+11
2025-12,WH-MLG01,LOT-0468,762666.6667,2.52977E+11
2025-12,WH-MLG01,LOT-0190,176000,41060800000
2025-12,WH-MLG01,LOT-0445,582000,61575600000
2025-12,WH-MLG01,LOT-1008,1786666.667,2.8408E+11
2025-12,WH-MLG01,LOT-1159,132000,75372000000
2025-12,WH-MLG01,LOT-1059,339000,47460000000
2025-12,WH-MLG01,LOT-0166,1048000,50828000000
2025-12,WH-MLG01,LOT-1029,2240000,1.04832E+12
2025-12,WH-MLG01,LOT-0032,1156000,3.20443E+11
2025-12,WH-SLO01,LOT-0274,1205333.333,4.52844E+11
2025-12,WH-SLO01,LOT-0874,94666.66667,36162666667
2025-12,WH-SLO01,LOT-0536,842666.6667,86794666667
2025-12,WH-SLO01,LOT-0442,528000,56126400000
2025-12,WH-SLO01,LOT-0422,424000,56264800000
2025-12,WH-SLO01,LOT-0405,304000,1.28896E+11
2025-12,WH-SLO01,LOT-0023,28666.66667,7599533333
2025-12,WH-SLO01,LOT-0614,634000,2.23168E+11
2025-12,WH-SLO01,LOT-0738,864000,4.91011E+11
2025-12,WH-SLO01,LOT-0883,30000,13509000000
2025-12,WH-SLO01,LOT-1168,196000,7056000000
2025-12,WH-SLO01,LOT-0341,2592000,1.12078E+12
2025-12,WH-SLO01,LOT-0076,2080000,1.18082E+12
2025-12,WH-SLO01,LOT-0824,3144000,2.50262E+11
2025-12,WH-SLO01,LOT-0822,810666.6667,72392533333
2025-12,WH-SLO01,LOT-0814,392000,99685600000
2025-12,WH-SLO01,LOT-0067,1128000,1.3897E+11
2025-12,WH-SLO01,LOT-0560,1236000,1.37567E+11
2025-12,WH-SLO01,LOT-1113,201000,83877300000
2025-12,WH-SLO01,LOT-0722,399000,1.21895E+11
2025-12,WH-SLO01,LOT-0475,486666.6667,1.86685E+11
2025-12,WH-SLO01,LOT-0194,164000,97317600000
2025-12,WH-SLO01,LOT-0373,2736000,1.0011E+12
2025-12,WH-SLO01,LOT-0415,200000,1.0544E+11
2025-12,WH-SLO01,LOT-0517,669333.3333,1.54549E+11
2025-12,WH-SLO01,LOT-0542,686000,1.86661E+11
2025-12,WH-SLO01,LOT-0697,400000,72240000000
2025-12,WH-SLO01,LOT-1068,397333.3333,66593066667
2025-12,WH-SLO01,LOT-0568,922666.6667,3.42309E+11
2025-12,WH-SLO01,LOT-1185,1888000,9.60426E+11
2025-12,WH-SLO01,LOT-1152,15333.33333,8761466667
2025-12,WH-SLO01,LOT-0188,1098666.667,2.18854E+11
2025-12,WH-SLO01,LOT-0231,1164000,3.60491E+11
2025-12,WH-SLO01,LOT-1067,956000,1.53342E+11
2025-12,WH-SLO01,LOT-0634,322000,68843600000
2025-12,WH-SLO01,LOT-0887,248000,1.05524E+11
2025-12,WH-SLO01,LOT-0720,1060000,4.4202E+11
2025-12,WH-SLO01,LOT-0201,196666.6667,86002333333
2025-12,WH-SLO01,LOT-0316,458666.6667,1.74202E+11
2025-12,WH-SLO01,LOT-0372,380000,1.39536E+11
2025-12,WH-SLO01,LOT-0243,980000,26460000000
2025-12,WH-SLO01,LOT-0060,390000,63765000000
2025-12,WH-SLO01,LOT-0797,1140000,4.0983E+11
2025-12,WH-SLO01,LOT-0482,1856000,3.99411E+11
2025-12,WH-SLO01,LOT-0958,340000,1.00334E+11
2025-12,WH-SLO01,LOT-1142,382500,1.01745E+11
2025-12,WH-SLO01,LOT-0181,130000,25883000000
2025-12,WH-SLO01,LOT-0971,704000,2.77869E+11
2025-12,WH-SLO01,LOT-0039,3424000,8.18336E+11
2025-12,WH-SLO01,LOT-0629,1296000,4.95461E+11
2025-12,WH-SLO01,LOT-1146,293333.3333,80666666667
2025-12,WH-SLO01,LOT-0462,392000,1.2689E+11
2025-12,WH-SLO01,LOT-0771,432000,95212800000
2025-12,WH-SLO01,LOT-1084,203333.3333,86864000000
2025-12,WH-SLO01,LOT-0195,179000,97179100000
2025-12,WH-SLO01,LOT-0171,574000,3.39578E+11
2025-12,WH-SLO01,LOT-0842,499500,1.71129E+11
2025-12,WH-SLO01,LOT-0693,293333.3333,56378666667
2025-12,WH-SLO01,LOT-1187,58666.66667,34871466667
2025-12,WH-SLO01,LOT-0717,1638000,6.21457E+11
2025-12,WH-SLO01,LOT-0741,837333.3333,1.97025E+11
2025-12,WH-SLO01,LOT-1132,364000,1.95759E+11
2025-12,WH-SLO01,LOT-0763,750000,62850000000
2025-12,WH-SLO01,LOT-1173,614000,79206000000
2025-12,WH-SLO01,LOT-0529,1808000,6.0351E+11
2025-12,WH-SLO01,LOT-0342,208000,90292800000
2025-12,WH-SLO01,LOT-0151,573333.3333,2.81163E+11
2025-12,WH-SLO01,LOT-0506,518000,31649800000
2025-12,WH-SLO01,LOT-1024,533333.3333,2.51627E+11
2025-12,WH-SLO01,LOT-1176,3060000,4.03614E+11
2025-12,WH-SLO01,LOT-0214,1028000,2.52271E+11
2025-12,WH-SLO01,LOT-0428,3168000,4.93574E+11
2025-12,WH-SLO01,LOT-0840,3708000,8.2985E+11
2025-12,WH-SLO01,LOT-0397,1493333.333,1.02741E+11
2025-12,WH-SLO01,LOT-0807,720000,2.94048E+11
2025-12,WH-SLO01,LOT-0690,3072000,7.8336E+11
2025-12,WH-SLO01,LOT-1181,1284000,6.64727E+11
2025-12,WH-SLO01,LOT-1017,1212000,6.46238E+11
2025-12,WH-SLO01,LOT-0364,924000,3.61838E+11
2025-12,WH-SLO01,LOT-1002,2928000,4.47398E+11
2025-12,WH-SLO01,LOT-0819,163000,49307500000
2025-12,WH-SLO01,LOT-0945,381000,1.98615E+11
2025-12,WH-SLO01,LOT-0876,1232000,5.46392E+11
2025-12,WH-SLO01,LOT-1065,672000,1.19146E+11
2025-12,WH-SLO01,LOT-1009,1488000,2.41502E+11
2025-12,WH-SLO01,LOT-0976,178666.6667,66124533333
2025-12,WH-SLO01,LOT-1000,509333.3333,1.13938E+11
2025-12,WH-SLO01,LOT-0750,1032000,2.27143E+11
2025-12,WH-SLO01,LOT-1164,2688000,82252800000
2025-12,WH-SLO01,LOT-0430,250666.6667,34466666667
2025-12,WH-SLO01,LOT-0740,1548000,8.79419E+11
2025-12,WH-SLO01,LOT-1145,1248000,3.2136E+11
2025-12,WH-SLO01,LOT-0871,484000,2.03619E+11
2025-12,WH-SLO01,LOT-0148,182666.6667,44040933333
2025-12,WH-SLO01,LOT-0633,216000,46332000000
2025-12,WH-SLO01,LOT-0183,549000,1.13423E+11
2025-12,WH-SLO01,LOT-0995,21000,5252100000
2025-12,WH-SLO01,LOT-0527,502000,1.53913E+11
2025-12,WH-SLO01,LOT-0150,784000,1.8471E+11
2025-12,WH-SLO01,LOT-1198,153333.3333,40648666667
2025-12,WH-SLO01,LOT-0709,1112000,5.11854E+11
2025-12,WH-SLO01,LOT-0451,1125333.333,6.4144E+11
2025-12,WH-SLO01,LOT-1138,400000,2.2512E+11
2025-12,WH-SLO01,LOT-0049,176000,40057600000
2025-12,WH-SLO01,LOT-1122,624000,2.91221E+11
2025-12,WH-SLO01,LOT-1115,1024000,4.05811E+11
2025-12,WH-SLO01,LOT-0610,481333.3333,95015200000
2025-12,WH-SLO01,LOT-0367,25333.33333,9383466667
2025-12,WH-YOG01,LOT-0429,254666.6667,37537866667
2025-12,WH-YOG01,LOT-0114,816000,42840000000
2025-12,WH-YOG01,LOT-0563,837333.3333,3.61226E+11
2025-12,WH-YOG01,LOT-0179,304000,1.80272E+11
2025-12,WH-YOG01,LOT-0721,296000,91937600000
2025-12,WH-YOG01,LOT-0003,704000,92928000000
2025-12,WH-YOG01,LOT-0792,522000,1.7059E+11
2025-12,WH-YOG01,LOT-0448,1056000,1.14576E+11
2025-12,WH-YOG01,LOT-0362,1578000,6.22048E+11
2025-12,WH-YOG01,LOT-0528,20000,6086000000
2025-12,WH-YOG01,LOT-0061,25333.33333,3273066667
2025-12,WH-YOG01,LOT-0644,869333.3333,2.61756E+11
2025-12,WH-YOG01,LOT-0212,141333.3333,36011733333
2025-12,WH-YOG01,LOT-0094,1528000,6.1013E+11
2025-12,WH-YOG01,LOT-0290,26666.66667,8352000000
2025-12,WH-YOG01,LOT-0835,282000,58317600000
2025-12,WH-YOG01,LOT-0740,92000,57104400000
2025-12,WH-YOG01,LOT-1058,550000,67155000000
2025-12,WH-YOG01,LOT-0472,1680000,6.5436E+11
2025-12,WH-YOG01,LOT-1092,1908000,1.61035E+11
2025-12,WH-YOG01,LOT-0926,2274000,5.69182E+11
2025-12,WH-YOG01,LOT-1191,210000,63273000000
2025-12,WH-YOG01,LOT-0885,242000,1.0769E+11
2025-12,WH-YOG01,LOT-0422,4245333.333,5.93922E+11
2025-12,WH-YOG01,LOT-0414,1824000,9.80582E+11
2025-12,WH-YOG01,LOT-0597,2076000,8.11301E+11
2025-12,WH-YOG01,LOT-0809,358000,1.5351E+11
2025-12,WH-YOG01,LOT-0957,1642666.667,4.95264E+11
2025-12,WH-YOG01,LOT-0576,966000,2.614E+11
2025-12,WH-YOG01,LOT-0875,99000,40560300000
2025-12,WH-YOG01,LOT-0546,638000,1.42976E+11
2025-12,WH-YOG01,LOT-0808,520000,2.31504E+11
2025-12,WH-YOG01,LOT-0077,864000,5.15722E+11
2025-12,WH-YOG01,LOT-0508,1584000,1.01059E+11
2025-12,WH-YOG01,LOT-0280,4128000,1.55089E+12
2025-12,WH-YOG01,LOT-0995,816000,1.82702E+11
2025-12,WH-YOG01,LOT-0403,62666.66667,29020933333
2025-12,WH-YOG01,LOT-1169,772000,26479600000
2025-12,WH-YOG01,LOT-0972,6192000,2.61364E+12
2025-12,WH-YOG01,LOT-0542,564000,1.54198E+11
2025-12,WH-YOG01,LOT-0229,1692000,8.41601E+11
2025-12,WH-YOG01,LOT-0688,861000,2.27907E+11
2025-12,WH-YOG01,LOT-0301,4768000,1.20344E+12
2025-12,WH-YOG01,LOT-0110,8213333.333,4.52555E+11
2025-12,WH-YOG01,LOT-1179,34000,4297600000
2025-12,WH-YOG01,LOT-0581,400000,2.0428E+11
2025-12,WH-YOG01,LOT-0143,132000,32709600000
2025-12,WH-YOG01,LOT-0182,780000,1.66686E+11
2025-12,WH-YOG01,LOT-0044,5920000,1.52026E+12
2025-12,WH-YOG01,LOT-0367,336000,1.2311E+11
2025-12,WH-YOG01,LOT-1002,864000,1.44288E+11
2025-12,WH-YOG01,LOT-0894,362666.6667,61943466667
2025-12,WH-YOG01,LOT-0092,229333.3333,93407466667
2025-12,WH-YOG01,LOT-0990,2696000,9.13135E+11
2025-12,WH-YOG01,LOT-1093,47333.33333,4136933333
2025-12,WH-YOG01,LOT-0226,1658666.667,7.88033E+11
2025-12,WH-YOG01,LOT-0672,420000,2.22138E+11
2025-12,WH-YOG01,LOT-0236,312000,82368000000
2025-12,WH-YOG01,LOT-0803,208000,91790400000
2025-12,WH-YOG01,LOT-0613,712000,2.96833E+11
2025-12,WH-YOG01,LOT-1061,564000,1.04114E+11
2025-12,WH-YOG01,LOT-0538,836000,81593600000
2025-12,WH-YOG01,LOT-0946,48000,28910400000
2025-12,WH-YOG01,LOT-0975,160000,64992000000
2025-12,WH-YOG01,LOT-1159,501000,2.86823E+11
2025-12,WH-YOG01,LOT-0962,185000,77515000000
2025-12,WH-YOG01,LOT-0415,70000,40614000000
2025-12,WH-YOG01,LOT-1062,1416000,2.4157E+11
2025-12,WH-YOG01,LOT-0484,29333.33333,5544000000
2025-12,WH-YOG01,LOT-0045,474000,1.22719E+11
2025-12,WH-YOG01,LOT-0540,1738666.667,1.79083E+11
2025-12,WH-YOG01,LOT-0516,306666.6667,68724000000
2025-12,WH-YOG01,LOT-0441,917333.3333,81917866667
2025-12,WH-YOG01,LOT-0659,205333.3333,17617600000
2025-12,WH-YOG01,LOT-0916,45000,7384500000
2025-12,WH-YOG01,LOT-0761,415500,29916000000
2025-12,WH-YOG01,LOT-0553,72000,9230400000
2025-12,WH-YOG01,LOT-0969,957333.3333,4.52531E+11
2025-12,WH-YOG01,LOT-1082,1076000,4.304E+11
2025-12,WH-YOG01,LOT-0431,132000,49500000000
2025-12,WH-YOG01,LOT-0700,102000,19706400000
2025-12,WH-YOG01,LOT-0047,56000,13647200000
2025-12,WH-YOG01,LOT-0705,528000,2.71339E+11
2025-12,WH-YOG01,LOT-0376,728000,2.49631E+11
2025-12,WH-YOG01,LOT-0840,202666.6667,48437333333
2025-12,WH-YOG01,LOT-0065,464000,61851200000
2025-12,WH-YOG01,LOT-0381,752000,2.08229E+11
2025-12,WH-YOG01,LOT-0958,1349333.333,3.8483E+11
2025-12,WH-YOG01,LOT-0060,163500,26421600000
2025-12,WH-YOG01,LOT-0827,182666.6667,17444666667
2025-12,WH-YOG01,LOT-0964,864000,3.6167E+11
2025-12,WH-YOG01,LOT-0685,1978666.667,4.98426E+11
2025-12,WH-YOG01,LOT-0887,1882666.667,8.51342E+11
2025-12,WH-YOG01,LOT-0124,1096000,1.33602E+11
2025-12,WH-YOG01,LOT-0985,261333.3333,1.05448E+11
2025-12,WH-YOG01,LOT-0175,1116000,5.89136E+11
2025-12,WH-YOG01,LOT-1110,1264000,5.41245E+11
2025-12,WH-YOG01,LOT-0246,538666.6667,16752533333
2025-12,WH-YOG01,LOT-0328,400000,48360000000
2025-12,WH-YOG01,LOT-0374,870000,3.34689E+11
2025-12,WH-YOG01,LOT-0490,203333.3333,41378333333
2025-12,WH-YOG01,LOT-0818,220000,62546000000
2025-12,WH-YOG01,LOT-0195,264000,1.57634E+11
2025-12,WH-YOG01,LOT-1168,382000,13484600000
2025-12,WH-YOG01,LOT-0225,534000,2.41315E+11
2025-12,WH-YOG01,LOT-0261,733333.3333,3.37407E+11
2025-12,WH-YOG01,LOT-0385,1829333.333,5.36909E+11
2025-12,WH-YOG01,LOT-1008,2832000,4.84838E+11
2025-12,WH-YOG01,LOT-0520,614000,1.3594E+11
