Stock_Date,Branch_ID,Lot_ID,Product_Qty
1/31/2025,WH-JKT01,LOT-0229,525
1/31/2025,WH-JKT01,LOT-0052,535
1/31/2025,WH-JKT01,LOT-0564,1956
1/31/2025,WH-JKT01,LOT-0502,2261
1/31/2025,WH-JKT01,LOT-0458,686
1/31/2025,WH-JKT01,LOT-0286,1095
1/31/2025,WH-JKT01,LOT-0210,2171
1/31/2025,WH-JKT01,LOT-1117,2494
1/31/2025,WH-JKT01,LOT-0179,1743
1/31/2025,WH-JKT01,LOT-0865,877
1/31/2025,WH-JKT01,LOT-0066,2218
1/31/2025,WH-JKT01,LOT-0062,833
1/31/2025,WH-JKT01,LOT-0192,1286
1/31/2025,WH-JKT01,LOT-0448,1644
1/31/2025,WH-JKT01,LOT-0477,1539
1/31/2025,WH-JKT01,LOT-1035,1804
1/31/2025,WH-JKT01,LOT-0055,2129
1/31/2025,WH-JKT01,LOT-1150,1859
1/31/2025,WH-JKT01,LOT-0408,505
1/31/2025,WH-JKT01,LOT-0860,1025
1/31/2025,WH-JKT01,LOT-0452,930
1/31/2025,WH-JKT01,LOT-0920,272
1/31/2025,WH-JKT01,LOT-0570,1394
1/31/2025,WH-JKT01,LOT-0014,96
1/31/2025,WH-JKT01,LOT-0327,2419
1/31/2025,WH-JKT01,LOT-0866,2278
1/31/2025,WH-JKT01,LOT-0697,952
1/31/2025,WH-JKT01,LOT-0319,2420
1/31/2025,WH-JKT01,LOT-0441,912
1/31/2025,WH-JKT01,LOT-0690,39
1/31/2025,WH-JKT01,LOT-0190,300
1/31/2025,WH-JKT01,LOT-0779,251
1/31/2025,WH-JKT01,LOT-0199,947
1/31/2025,WH-JKT01,LOT-0736,286
1/31/2025,WH-JKT01,LOT-0705,138
1/31/2025,WH-JKT01,LOT-0542,1363
1/31/2025,WH-JKT01,LOT-0089,300
1/31/2025,WH-JKT01,LOT-0941,2115
1/31/2025,WH-JKT01,LOT-1099,984
1/31/2025,WH-JKT01,LOT-0256,1150
1/31/2025,WH-JKT01,LOT-0776,1998
1/31/2025,WH-JKT01,LOT-0162,887
1/31/2025,WH-JKT01,LOT-1131,2218
1/31/2025,WH-JKT01,LOT-0601,551
1/31/2025,WH-JKT01,LOT-0741,2348
1/31/2025,WH-JKT01,LOT-1183,2370
1/31/2025,WH-JKT01,LOT-0394,1946
1/31/2025,WH-JKT01,LOT-0143,1005
1/31/2025,WH-JKT01,LOT-0094,1947
1/31/2025,WH-JKT01,LOT-0467,1677
1/31/2025,WH-JKT01,LOT-0593,789
1/31/2025,WH-JKT01,LOT-0164,396
1/31/2025,WH-JKT01,LOT-0207,407
1/31/2025,WH-JKT01,LOT-0929,1775
1/31/2025,WH-JKT01,LOT-0748,1461
1/31/2025,WH-JKT01,LOT-0334,1744
1/31/2025,WH-JKT01,LOT-0759,1693
1/31/2025,WH-JKT01,LOT-0728,1922
1/31/2025,WH-JKT01,LOT-0430,231
1/31/2025,WH-JKT01,LOT-0547,413
1/31/2025,WH-JKT01,LOT-0147,258
1/31/2025,WH-JKT01,LOT-0351,1659
1/31/2025,WH-JKT01,LOT-1094,1399
1/31/2025,WH-JKT01,LOT-0335,457
1/31/2025,WH-JKT01,LOT-0947,1028
1/31/2025,WH-JKT01,LOT-0778,794
1/31/2025,WH-JKT01,LOT-0553,789
1/31/2025,WH-JKT01,LOT-1141,2206
1/31/2025,WH-JKT01,LOT-0450,1847
1/31/2025,WH-JKT01,LOT-0665,584
1/31/2025,WH-JKT01,LOT-0115,1738
1/31/2025,WH-JKT01,LOT-0470,761
1/31/2025,WH-JKT01,LOT-0647,1150
1/31/2025,WH-JKT01,LOT-0822,1904
1/31/2025,WH-JKT01,LOT-0549,1033
1/31/2025,WH-JKT01,LOT-0136,318
1/31/2025,WH-JKT01,LOT-0433,1825
1/31/2025,WH-JKT01,LOT-1162,2264
1/31/2025,WH-JKT01,LOT-0645,411
1/31/2025,WH-JKT01,LOT-0436,217
1/31/2025,WH-JKT01,LOT-1023,2224
1/31/2025,WH-JKT01,LOT-0811,70
1/31/2025,WH-JKT01,LOT-0940,392
1/31/2025,WH-JKT01,LOT-0293,978
1/31/2025,WH-JKT01,LOT-0543,691
1/31/2025,WH-JKT01,LOT-0506,1674
1/31/2025,WH-JKT01,LOT-1104,1999
1/31/2025,WH-JKT01,LOT-0539,1981
1/31/2025,WH-JKT01,LOT-1198,885
1/31/2025,WH-JKT01,LOT-0878,1652
1/31/2025,WH-JKT01,LOT-1196,250
1/31/2025,WH-JKT01,LOT-0818,684
1/31/2025,WH-JKT01,LOT-0742,1562
1/31/2025,WH-JKT01,LOT-0284,18
1/31/2025,WH-JKT01,LOT-1044,1609
1/31/2025,WH-JKT01,LOT-1011,1096
1/31/2025,WH-JKT01,LOT-0187,1873
1/31/2025,WH-JKT01,LOT-0097,1178
1/31/2025,WH-JKT01,LOT-0225,1742
1/31/2025,WH-JKT01,LOT-0314,2286
1/31/2025,WH-JKT01,LOT-0328,2003
1/31/2025,WH-JKT01,LOT-0131,644
1/31/2025,WH-JKT01,LOT-0789,787
1/31/2025,WH-JKT01,LOT-0782,1225
1/31/2025,WH-JKT01,LOT-0959,901
1/31/2025,WH-JKT01,LOT-1084,249
1/31/2025,WH-JKT01,LOT-0515,2382
1/31/2025,WH-JKT01,LOT-1134,2230
1/31/2025,WH-JKT01,LOT-0024,259
1/31/2025,WH-JKT01,LOT-0235,1294
1/31/2025,WH-JKT01,LOT-1100,244
1/31/2025,WH-JKT01,LOT-0602,215
1/31/2025,WH-JKT01,LOT-0891,2402
1/31/2025,WH-JKT01,LOT-0324,1962
1/31/2025,WH-JKT01,LOT-0930,2069
1/31/2025,WH-JKT01,LOT-0007,2185
1/31/2025,WH-JKT01,LOT-0540,654
1/31/2025,WH-JKT01,LOT-1026,242
1/31/2025,WH-JKT01,LOT-0366,2090
1/31/2025,WH-JKT01,LOT-1040,338
1/31/2025,WH-JKT01,LOT-0218,771
1/31/2025,WH-JKT01,LOT-0612,290
1/31/2025,WH-JKT01,LOT-0766,2447
1/31/2025,WH-JKT01,LOT-0331,288
1/31/2025,WH-JKT01,LOT-1105,973
1/31/2025,WH-JKT01,LOT-1087,1663
1/31/2025,WH-JKT01,LOT-0002,501
1/31/2025,WH-JKT01,LOT-0664,2343
1/31/2025,WH-JKT01,LOT-1001,1018
1/31/2025,WH-JKT01,LOT-0040,2381
1/31/2025,WH-JKT01,LOT-0230,2445
1/31/2025,WH-JKT01,LOT-0744,172
1/31/2025,WH-JKT01,LOT-0630,345
1/31/2025,WH-JKT01,LOT-0491,1727
1/31/2025,WH-JKT01,LOT-0119,2400
1/31/2025,WH-JKT01,LOT-0494,2325
1/31/2025,WH-JKT01,LOT-0176,2151
1/31/2025,WH-JKT01,LOT-0996,1305
1/31/2025,WH-JKT01,LOT-0142,1078
1/31/2025,WH-JKT01,LOT-1091,846
1/31/2025,WH-SBY01,LOT-0644,2087
1/31/2025,WH-SBY01,LOT-0489,1276
1/31/2025,WH-SBY01,LOT-0544,1682
1/31/2025,WH-SBY01,LOT-0811,1346
1/31/2025,WH-SBY01,LOT-0269,1658
1/31/2025,WH-SBY01,LOT-0615,1221
1/31/2025,WH-SBY01,LOT-0937,2280
1/31/2025,WH-SBY01,LOT-0648,531
1/31/2025,WH-SBY01,LOT-0149,795
1/31/2025,WH-SBY01,LOT-0020,1732
1/31/2025,WH-SBY01,LOT-0939,1562
1/31/2025,WH-SBY01,LOT-1154,722
1/31/2025,WH-SBY01,LOT-0205,2341
1/31/2025,WH-SBY01,LOT-0151,1242
1/31/2025,WH-SBY01,LOT-1102,1673
1/31/2025,WH-SBY01,LOT-0437,2254
1/31/2025,WH-SBY01,LOT-1037,11
1/31/2025,WH-SBY01,LOT-0272,1254
1/31/2025,WH-SBY01,LOT-0715,1185
1/31/2025,WH-SBY01,LOT-0141,870
1/31/2025,WH-SBY01,LOT-0501,1770
1/31/2025,WH-SBY01,LOT-0757,2385
1/31/2025,WH-SBY01,LOT-0584,2494
1/31/2025,WH-SBY01,LOT-0324,1329
1/31/2025,WH-SBY01,LOT-0898,1914
1/31/2025,WH-SBY01,LOT-1113,1819
1/31/2025,WH-SBY01,LOT-0620,1821
1/31/2025,WH-SBY01,LOT-1084,885
1/31/2025,WH-SBY01,LOT-0017,2103
1/31/2025,WH-SBY01,LOT-1136,1948
1/31/2025,WH-SBY01,LOT-0614,705
1/31/2025,WH-SBY01,LOT-0213,357
1/31/2025,WH-SBY01,LOT-0276,1172
1/31/2025,WH-SBY01,LOT-0542,2121
1/31/2025,WH-SBY01,LOT-0237,1382
1/31/2025,WH-SBY01,LOT-0220,392
1/31/2025,WH-SBY01,LOT-1134,972
1/31/2025,WH-SBY01,LOT-0319,1281
1/31/2025,WH-SBY01,LOT-0558,930
1/31/2025,WH-SBY01,LOT-0578,825
1/31/2025,WH-SBY01,LOT-0432,613
1/31/2025,WH-SBY01,LOT-0703,110
1/31/2025,WH-SBY01,LOT-0417,199
1/31/2025,WH-SBY01,LOT-0541,1012
1/31/2025,WH-SBY01,LOT-1036,1956
1/31/2025,WH-SBY01,LOT-1001,308
1/31/2025,WH-SBY01,LOT-0515,1875
1/31/2025,WH-SBY01,LOT-0105,1707
1/31/2025,WH-SBY01,LOT-0190,2367
1/31/2025,WH-SBY01,LOT-0868,806
1/31/2025,WH-SBY01,LOT-0567,1582
1/31/2025,WH-SBY01,LOT-0091,2034
1/31/2025,WH-SBY01,LOT-0008,1646
1/31/2025,WH-SBY01,LOT-0684,1009
1/31/2025,WH-SBY01,LOT-0268,614
1/31/2025,WH-SBY01,LOT-0537,32
1/31/2025,WH-SBY01,LOT-0331,446
1/31/2025,WH-SBY01,LOT-0905,1751
1/31/2025,WH-SBY01,LOT-1130,906
1/31/2025,WH-SBY01,LOT-0876,730
1/31/2025,WH-SBY01,LOT-1149,2131
1/31/2025,WH-SBY01,LOT-0230,1912
1/31/2025,WH-SBY01,LOT-0155,215
1/31/2025,WH-SBY01,LOT-0306,2293
1/31/2025,WH-SBY01,LOT-1118,1030
1/31/2025,WH-SBY01,LOT-0074,507
1/31/2025,WH-SBY01,LOT-1193,1879
1/31/2025,WH-SBY01,LOT-1132,556
1/31/2025,WH-SBY01,LOT-0304,1913
1/31/2025,WH-SBY01,LOT-0881,2185
1/31/2025,WH-SBY01,LOT-0262,2299
1/31/2025,WH-SBY01,LOT-0086,2448
1/31/2025,WH-SBY01,LOT-0632,1309
1/31/2025,WH-SBY01,LOT-0747,1822
1/31/2025,WH-SBY01,LOT-0082,2077
1/31/2025,WH-SBY01,LOT-0733,1757
1/31/2025,WH-SBY01,LOT-0431,2254
1/31/2025,WH-SBY01,LOT-0512,1836
1/31/2025,WH-SBY01,LOT-0211,661
1/31/2025,WH-SBY01,LOT-0725,1954
1/31/2025,WH-SBY01,LOT-1147,1853
1/31/2025,WH-SBY01,LOT-0833,1071
1/31/2025,WH-SBY01,LOT-0317,1022
1/31/2025,WH-SBY01,LOT-0485,1145
1/31/2025,WH-SBY01,LOT-0333,2145
1/31/2025,WH-SBY01,LOT-0363,1994
1/31/2025,WH-SBY01,LOT-0845,989
1/31/2025,WH-SBY01,LOT-0051,1134
1/31/2025,WH-SBY01,LOT-0368,1811
1/31/2025,WH-SBY01,LOT-0681,327
1/31/2025,WH-SBY01,LOT-0844,1180
1/31/2025,WH-SBY01,LOT-0509,970
1/31/2025,WH-SBY01,LOT-0547,1122
1/31/2025,WH-SBY01,LOT-0327,1385
1/31/2025,WH-SBY01,LOT-0222,1319
1/31/2025,WH-SBY01,LOT-0784,2222
1/31/2025,WH-SBY01,LOT-0080,340
1/31/2025,WH-SBY01,LOT-0964,576
1/31/2025,WH-SBY01,LOT-0456,627
1/31/2025,WH-SBY01,LOT-0409,957
1/31/2025,WH-SBY01,LOT-0943,1578
1/31/2025,WH-SBY01,LOT-0717,635
1/31/2025,WH-SBY01,LOT-0626,886
1/31/2025,WH-SBY01,LOT-0467,273
1/31/2025,WH-SBY01,LOT-0457,1709
1/31/2025,WH-SBY01,LOT-0049,1679
1/31/2025,WH-SBY01,LOT-0396,1365
1/31/2025,WH-SBY01,LOT-0817,2232
1/31/2025,WH-SBY01,LOT-0673,1918
1/31/2025,WH-SBY01,LOT-0571,1713
1/31/2025,WH-SBY01,LOT-0143,265
1/31/2025,WH-SBY01,LOT-0572,857
1/31/2025,WH-SBY01,LOT-0720,1730
1/31/2025,WH-SBY01,LOT-1044,1605
1/31/2025,WH-SBY01,LOT-0819,2402
1/31/2025,WH-SBY01,LOT-1099,90
1/31/2025,WH-SBY01,LOT-0679,2368
1/31/2025,WH-SBY01,LOT-0057,1568
1/31/2025,WH-SBY01,LOT-0535,1963
1/31/2025,WH-SBY01,LOT-0366,34
1/31/2025,WH-SBY01,LOT-1190,1450
1/31/2025,WH-SBY01,LOT-0079,1233
1/31/2025,WH-SBY01,LOT-0223,1607
1/31/2025,WH-SBY01,LOT-0890,1726
1/31/2025,WH-SBY01,LOT-0708,2214
1/31/2025,WH-SBY01,LOT-0643,2246
1/31/2025,WH-SBY01,LOT-0894,2480
1/31/2025,WH-SBY01,LOT-1048,913
1/31/2025,WH-SBY01,LOT-0789,2009
1/31/2025,WH-SBY01,LOT-1181,908
1/31/2025,WH-SBY01,LOT-0390,1127
1/31/2025,WH-SBY01,LOT-0522,1795
1/31/2025,WH-SBY01,LOT-0004,1999
1/31/2025,WH-SBY01,LOT-1065,128
1/31/2025,WH-SBY01,LOT-1103,1602
1/31/2025,WH-SBY01,LOT-0404,1386
1/31/2025,WH-SBY01,LOT-0746,1666
1/31/2025,WH-SBY01,LOT-0884,686
1/31/2025,WH-SBY01,LOT-0144,1924
1/31/2025,WH-SBY01,LOT-0677,532
1/31/2025,WH-SBY01,LOT-0256,2197
1/31/2025,WH-SBY01,LOT-0616,120
1/31/2025,WH-BDG01,LOT-1156,1364
1/31/2025,WH-BDG01,LOT-0056,1451
1/31/2025,WH-BDG01,LOT-0172,1868
1/31/2025,WH-BDG01,LOT-0878,1119
1/31/2025,WH-BDG01,LOT-0278,1265
1/31/2025,WH-BDG01,LOT-0946,1039
1/31/2025,WH-BDG01,LOT-0373,954
1/31/2025,WH-BDG01,LOT-0103,504
1/31/2025,WH-BDG01,LOT-0533,798
1/31/2025,WH-BDG01,LOT-0777,1302
1/31/2025,WH-BDG01,LOT-0671,499
1/31/2025,WH-BDG01,LOT-0434,2204
1/31/2025,WH-BDG01,LOT-0932,768
1/31/2025,WH-BDG01,LOT-0670,794
1/31/2025,WH-BDG01,LOT-0692,896
1/31/2025,WH-BDG01,LOT-0570,1993
1/31/2025,WH-BDG01,LOT-0864,1142
1/31/2025,WH-BDG01,LOT-0517,2424
1/31/2025,WH-BDG01,LOT-0168,2158
1/31/2025,WH-BDG01,LOT-0964,2454
1/31/2025,WH-BDG01,LOT-0040,1169
1/31/2025,WH-BDG01,LOT-1105,421
1/31/2025,WH-BDG01,LOT-0107,805
1/31/2025,WH-BDG01,LOT-0717,1223
1/31/2025,WH-BDG01,LOT-0460,941
1/31/2025,WH-BDG01,LOT-0141,1488
1/31/2025,WH-BDG01,LOT-0083,744
1/31/2025,WH-BDG01,LOT-0064,1248
1/31/2025,WH-BDG01,LOT-0507,67
1/31/2025,WH-BDG01,LOT-0409,2197
1/31/2025,WH-BDG01,LOT-0042,528
1/31/2025,WH-BDG01,LOT-0313,1133
1/31/2025,WH-BDG01,LOT-0489,196
1/31/2025,WH-BDG01,LOT-0259,233
1/31/2025,WH-BDG01,LOT-0970,2276
1/31/2025,WH-BDG01,LOT-0235,1206
1/31/2025,WH-BDG01,LOT-0447,527
1/31/2025,WH-BDG01,LOT-0953,2020
1/31/2025,WH-BDG01,LOT-0525,430
1/31/2025,WH-BDG01,LOT-0756,60
1/31/2025,WH-BDG01,LOT-0344,2361
1/31/2025,WH-BDG01,LOT-0336,1174
1/31/2025,WH-BDG01,LOT-0638,1932
1/31/2025,WH-BDG01,LOT-0222,1970
1/31/2025,WH-BDG01,LOT-1186,1814
1/31/2025,WH-BDG01,LOT-0053,1405
1/31/2025,WH-BDG01,LOT-0639,765
1/31/2025,WH-BDG01,LOT-1180,220
1/31/2025,WH-BDG01,LOT-0769,1044
1/31/2025,WH-BDG01,LOT-0813,1966
1/31/2025,WH-BDG01,LOT-0407,477
1/31/2025,WH-BDG01,LOT-0156,277
1/31/2025,WH-BDG01,LOT-0498,1651
1/31/2025,WH-BDG01,LOT-0209,2024
1/31/2025,WH-BDG01,LOT-0618,313
1/31/2025,WH-BDG01,LOT-0248,2373
1/31/2025,WH-BDG01,LOT-1160,229
1/31/2025,WH-BDG01,LOT-0085,631
1/31/2025,WH-BDG01,LOT-0712,621
1/31/2025,WH-BDG01,LOT-1092,2315
1/31/2025,WH-BDG01,LOT-0759,1254
1/31/2025,WH-BDG01,LOT-0142,358
1/31/2025,WH-BDG01,LOT-1037,1026
1/31/2025,WH-BDG01,LOT-0699,495
1/31/2025,WH-BDG01,LOT-0026,2295
1/31/2025,WH-BDG01,LOT-0861,1714
1/31/2025,WH-BDG01,LOT-1004,2493
1/31/2025,WH-BDG01,LOT-0217,2451
1/31/2025,WH-BDG01,LOT-0888,934
1/31/2025,WH-BDG01,LOT-0742,2150
1/31/2025,WH-BDG01,LOT-0942,1568
1/31/2025,WH-BDG01,LOT-0314,1855
1/31/2025,WH-BDG01,LOT-0892,1823
1/31/2025,WH-BDG01,LOT-0361,1227
1/31/2025,WH-BDG01,LOT-1069,2420
1/31/2025,WH-BDG01,LOT-0554,1766
1/31/2025,WH-BDG01,LOT-1103,1260
1/31/2025,WH-BDG01,LOT-0991,2339
1/31/2025,WH-BDG01,LOT-0893,256
1/31/2025,WH-BDG01,LOT-0550,416
1/31/2025,WH-BDG01,LOT-0661,861
1/31/2025,WH-BDG01,LOT-0503,874
1/31/2025,WH-BDG01,LOT-0178,1093
1/31/2025,WH-BDG01,LOT-0572,342
1/31/2025,WH-BDG01,LOT-0924,653
1/31/2025,WH-BDG01,LOT-0500,992
1/31/2025,WH-BDG01,LOT-0952,721
1/31/2025,WH-BDG01,LOT-1168,2270
1/31/2025,WH-BDG01,LOT-0689,317
1/31/2025,WH-BDG01,LOT-0059,651
1/31/2025,WH-BDG01,LOT-1013,20
1/31/2025,WH-BDG01,LOT-0666,1683
1/31/2025,WH-BDG01,LOT-0999,1855
1/31/2025,WH-BDG01,LOT-0435,2442
1/31/2025,WH-BDG01,LOT-0727,1934
1/31/2025,WH-BDG01,LOT-0530,1202
1/31/2025,WH-BDG01,LOT-0698,143
1/31/2025,WH-BDG01,LOT-0573,958
1/31/2025,WH-BDG01,LOT-0566,1190
1/31/2025,WH-BDG01,LOT-1139,1168
1/31/2025,WH-BDG01,LOT-0021,1869
1/31/2025,WH-BDG01,LOT-1059,301
1/31/2025,WH-BDG01,LOT-0392,966
1/31/2025,WH-BDG01,LOT-0176,1093
1/31/2025,WH-BDG01,LOT-0495,2425
1/31/2025,WH-BDG01,LOT-0833,820
1/31/2025,WH-BDG01,LOT-1001,1751
1/31/2025,WH-BDG01,LOT-1138,480
1/31/2025,WH-BDG01,LOT-0493,2240
1/31/2025,WH-BDG01,LOT-0976,930
1/31/2025,WH-BDG01,LOT-1006,620
1/31/2025,WH-BDG01,LOT-0918,1098
1/31/2025,WH-BDG01,LOT-0036,592
1/31/2025,WH-BDG01,LOT-0191,302
1/31/2025,WH-BDG01,LOT-0603,254
1/31/2025,WH-BDG01,LOT-0454,689
1/31/2025,WH-BDG01,LOT-0829,1269
1/31/2025,WH-BDG01,LOT-0499,2447
1/31/2025,WH-BDG01,LOT-0628,2341
1/31/2025,WH-BDG01,LOT-1192,1192
1/31/2025,WH-BDG01,LOT-1134,1808
1/31/2025,WH-BDG01,LOT-1088,519
1/31/2025,WH-BDG01,LOT-0705,1929
1/31/2025,WH-BDG01,LOT-0872,1255
1/31/2025,WH-BDG01,LOT-1128,1658
1/31/2025,WH-SMG01,LOT-1025,988
1/31/2025,WH-SMG01,LOT-1106,2352
1/31/2025,WH-SMG01,LOT-1012,1578
1/31/2025,WH-SMG01,LOT-0897,966
1/31/2025,WH-SMG01,LOT-0165,1692
1/31/2025,WH-SMG01,LOT-0082,188
1/31/2025,WH-SMG01,LOT-0885,1313
1/31/2025,WH-SMG01,LOT-0661,1947
1/31/2025,WH-SMG01,LOT-0513,1571
1/31/2025,WH-SMG01,LOT-0053,1591
1/31/2025,WH-SMG01,LOT-0188,633
1/31/2025,WH-SMG01,LOT-0469,2038
1/31/2025,WH-SMG01,LOT-1179,161
1/31/2025,WH-SMG01,LOT-0043,527
1/31/2025,WH-SMG01,LOT-0552,2067
1/31/2025,WH-SMG01,LOT-1181,2427
1/31/2025,WH-SMG01,LOT-0083,1369
1/31/2025,WH-SMG01,LOT-0359,421
1/31/2025,WH-SMG01,LOT-0964,1813
1/31/2025,WH-SMG01,LOT-1063,418
1/31/2025,WH-SMG01,LOT-0906,2164
1/31/2025,WH-SMG01,LOT-0570,1881
1/31/2025,WH-SMG01,LOT-0372,72
1/31/2025,WH-SMG01,LOT-1199,600
1/31/2025,WH-SMG01,LOT-0893,1689
1/31/2025,WH-SMG01,LOT-1008,642
1/31/2025,WH-SMG01,LOT-0187,316
1/31/2025,WH-SMG01,LOT-0963,1933
1/31/2025,WH-SMG01,LOT-0713,1095
1/31/2025,WH-SMG01,LOT-0837,1396
1/31/2025,WH-SMG01,LOT-0683,1638
1/31/2025,WH-SMG01,LOT-0658,338
1/31/2025,WH-SMG01,LOT-0215,1355
1/31/2025,WH-SMG01,LOT-0330,2195
1/31/2025,WH-SMG01,LOT-0676,1566
1/31/2025,WH-SMG01,LOT-0844,1307
1/31/2025,WH-SMG01,LOT-1015,2008
1/31/2025,WH-SMG01,LOT-0591,2226
1/31/2025,WH-SMG01,LOT-0821,157
1/31/2025,WH-SMG01,LOT-1127,290
1/31/2025,WH-SMG01,LOT-0076,971
1/31/2025,WH-SMG01,LOT-0932,1187
1/31/2025,WH-SMG01,LOT-0181,941
1/31/2025,WH-SMG01,LOT-0645,380
1/31/2025,WH-SMG01,LOT-0517,1787
1/31/2025,WH-SMG01,LOT-0663,413
1/31/2025,WH-SMG01,LOT-0238,421
1/31/2025,WH-SMG01,LOT-0828,1827
1/31/2025,WH-SMG01,LOT-1054,691
1/31/2025,WH-SMG01,LOT-0003,1236
1/31/2025,WH-SMG01,LOT-1112,128
1/31/2025,WH-SMG01,LOT-0947,198
1/31/2025,WH-SMG01,LOT-0847,1338
1/31/2025,WH-SMG01,LOT-0112,239
1/31/2025,WH-SMG01,LOT-0385,1211
1/31/2025,WH-SMG01,LOT-1062,1478
1/31/2025,WH-SMG01,LOT-0741,1545
1/31/2025,WH-SMG01,LOT-1021,1774
1/31/2025,WH-SMG01,LOT-0106,606
1/31/2025,WH-SMG01,LOT-0417,1010
1/31/2025,WH-SMG01,LOT-0547,2185
1/31/2025,WH-SMG01,LOT-1125,1697
1/31/2025,WH-SMG01,LOT-0269,2328
1/31/2025,WH-SMG01,LOT-0590,747
1/31/2025,WH-SMG01,LOT-0898,706
1/31/2025,WH-SMG01,LOT-0993,727
1/31/2025,WH-SMG01,LOT-0249,333
1/31/2025,WH-SMG01,LOT-0060,1576
1/31/2025,WH-SMG01,LOT-0491,996
1/31/2025,WH-SMG01,LOT-0325,2048
1/31/2025,WH-SMG01,LOT-0637,2398
1/31/2025,WH-SMG01,LOT-1129,596
1/31/2025,WH-SMG01,LOT-0029,961
1/31/2025,WH-SMG01,LOT-1132,1898
1/31/2025,WH-SMG01,LOT-0836,1050
1/31/2025,WH-SMG01,LOT-0191,1892
1/31/2025,WH-SMG01,LOT-0461,1055
1/31/2025,WH-SMG01,LOT-0233,48
1/31/2025,WH-SMG01,LOT-0946,1915
1/31/2025,WH-SMG01,LOT-0241,1188
1/31/2025,WH-SMG01,LOT-0316,2248
1/31/2025,WH-SMG01,LOT-0598,657
1/31/2025,WH-SMG01,LOT-1043,312
1/31/2025,WH-SMG01,LOT-0560,1819
1/31/2025,WH-SMG01,LOT-0851,1425
1/31/2025,WH-SMG01,LOT-0989,2416
1/31/2025,WH-SMG01,LOT-0968,1235
1/31/2025,WH-SMG01,LOT-0500,1747
1/31/2025,WH-SMG01,LOT-0936,1034
1/31/2025,WH-SMG01,LOT-0297,1881
1/31/2025,WH-SMG01,LOT-0786,1247
1/31/2025,WH-SMG01,LOT-0391,825
1/31/2025,WH-SMG01,LOT-1041,1585
1/31/2025,WH-SMG01,LOT-0280,1989
1/31/2025,WH-SMG01,LOT-0143,446
1/31/2025,WH-SMG01,LOT-0566,981
1/31/2025,WH-SMG01,LOT-0850,1572
1/31/2025,WH-SMG01,LOT-0697,2352
1/31/2025,WH-SMG01,LOT-1040,1480
1/31/2025,WH-SMG01,LOT-0548,2364
1/31/2025,WH-SMG01,LOT-0006,1221
1/31/2025,WH-SMG01,LOT-0580,1219
1/31/2025,WH-SMG01,LOT-0612,99
1/31/2025,WH-SMG01,LOT-1188,1631
1/31/2025,WH-SMG01,LOT-1003,1134
1/31/2025,WH-SMG01,LOT-0305,43
1/31/2025,WH-SMG01,LOT-0915,2328
1/31/2025,WH-SMG01,LOT-1104,210
1/31/2025,WH-SMG01,LOT-0992,2493
1/31/2025,WH-SMG01,LOT-0707,2044
1/31/2025,WH-SMG01,LOT-0681,1182
1/31/2025,WH-SMG01,LOT-1131,952
1/31/2025,WH-SMG01,LOT-1113,2496
1/31/2025,WH-SMG01,LOT-0773,1453
1/31/2025,WH-SMG01,LOT-0933,907
1/31/2025,WH-SMG01,LOT-0660,788
1/31/2025,WH-SMG01,LOT-0387,1036
1/31/2025,WH-BKS01,LOT-0281,1756
1/31/2025,WH-BKS01,LOT-0199,452
1/31/2025,WH-BKS01,LOT-0081,2018
1/31/2025,WH-BKS01,LOT-0633,1826
1/31/2025,WH-BKS01,LOT-0903,311
1/31/2025,WH-BKS01,LOT-0069,340
1/31/2025,WH-BKS01,LOT-1187,1329
1/31/2025,WH-BKS01,LOT-0748,617
1/31/2025,WH-BKS01,LOT-0270,279
1/31/2025,WH-BKS01,LOT-0185,526
1/31/2025,WH-BKS01,LOT-0605,1136
1/31/2025,WH-BKS01,LOT-0670,2407
1/31/2025,WH-BKS01,LOT-0851,2256
1/31/2025,WH-BKS01,LOT-0360,1341
1/31/2025,WH-BKS01,LOT-0412,1570
1/31/2025,WH-BKS01,LOT-0271,2456
1/31/2025,WH-BKS01,LOT-1105,2183
1/31/2025,WH-BKS01,LOT-0750,1217
1/31/2025,WH-BKS01,LOT-1088,1868
1/31/2025,WH-BKS01,LOT-1028,2080
1/31/2025,WH-BKS01,LOT-0559,2489
1/31/2025,WH-BKS01,LOT-0337,1772
1/31/2025,WH-BKS01,LOT-0527,416
1/31/2025,WH-BKS01,LOT-0987,478
1/31/2025,WH-BKS01,LOT-0694,2268
1/31/2025,WH-BKS01,LOT-0236,890
1/31/2025,WH-BKS01,LOT-0960,1771
1/31/2025,WH-BKS01,LOT-0155,1859
1/31/2025,WH-BKS01,LOT-0289,945
1/31/2025,WH-BKS01,LOT-0463,1704
1/31/2025,WH-BKS01,LOT-0814,1398
1/31/2025,WH-BKS01,LOT-1142,1867
1/31/2025,WH-BKS01,LOT-0809,1643
1/31/2025,WH-BKS01,LOT-0029,1713
1/31/2025,WH-BKS01,LOT-0542,399
1/31/2025,WH-BKS01,LOT-1099,1290
1/31/2025,WH-BKS01,LOT-0254,1758
1/31/2025,WH-BKS01,LOT-0932,1290
1/31/2025,WH-BKS01,LOT-0755,1054
1/31/2025,WH-BKS01,LOT-0537,1543
1/31/2025,WH-BKS01,LOT-1198,635
1/31/2025,WH-BKS01,LOT-0781,1952
1/31/2025,WH-BKS01,LOT-0761,284
1/31/2025,WH-BKS01,LOT-0222,383
1/31/2025,WH-BKS01,LOT-0479,359
1/31/2025,WH-BKS01,LOT-0966,391
1/31/2025,WH-BKS01,LOT-0052,1778
1/31/2025,WH-BKS01,LOT-1150,405
1/31/2025,WH-BKS01,LOT-0672,1536
1/31/2025,WH-BKS01,LOT-0454,542
1/31/2025,WH-BKS01,LOT-0130,2288
1/31/2025,WH-BKS01,LOT-0951,255
1/31/2025,WH-BKS01,LOT-0619,2412
1/31/2025,WH-BKS01,LOT-0837,2310
1/31/2025,WH-BKS01,LOT-0239,2310
1/31/2025,WH-BKS01,LOT-0287,1360
1/31/2025,WH-BKS01,LOT-0093,510
1/31/2025,WH-BKS01,LOT-0077,1692
1/31/2025,WH-BKS01,LOT-0624,1458
1/31/2025,WH-BKS01,LOT-1009,1742
1/31/2025,WH-BKS01,LOT-0238,220
1/31/2025,WH-BKS01,LOT-0200,1188
1/31/2025,WH-BKS01,LOT-0481,2469
1/31/2025,WH-BKS01,LOT-1101,1289
1/31/2025,WH-BKS01,LOT-0278,1450
1/31/2025,WH-BKS01,LOT-0796,434
1/31/2025,WH-BKS01,LOT-0930,2377
1/31/2025,WH-BKS01,LOT-0760,2088
1/31/2025,WH-BKS01,LOT-1107,881
1/31/2025,WH-BKS01,LOT-0859,643
1/31/2025,WH-BKS01,LOT-0317,1985
1/31/2025,WH-BKS01,LOT-0850,928
1/31/2025,WH-BKS01,LOT-0203,453
1/31/2025,WH-BKS01,LOT-1003,1444
1/31/2025,WH-BKS01,LOT-0836,2288
1/31/2025,WH-BKS01,LOT-0573,1515
1/31/2025,WH-BKS01,LOT-0068,480
1/31/2025,WH-BKS01,LOT-0759,1151
1/31/2025,WH-BKS01,LOT-0445,2361
1/31/2025,WH-BKS01,LOT-0909,936
1/31/2025,WH-BKS01,LOT-0911,1767
1/31/2025,WH-BKS01,LOT-0484,2307
1/31/2025,WH-BKS01,LOT-0743,2290
1/31/2025,WH-BKS01,LOT-0204,117
1/31/2025,WH-BKS01,LOT-0753,1105
1/31/2025,WH-BKS01,LOT-1116,128
1/31/2025,WH-BKS01,LOT-0735,748
1/31/2025,WH-BKS01,LOT-0125,1129
1/31/2025,WH-BKS01,LOT-0816,1275
1/31/2025,WH-BKS01,LOT-0566,1401
1/31/2025,WH-BKS01,LOT-0389,1447
1/31/2025,WH-BKS01,LOT-0251,35
1/31/2025,WH-BKS01,LOT-0188,753
1/31/2025,WH-BKS01,LOT-0435,596
1/31/2025,WH-BKS01,LOT-0044,2329
1/31/2025,WH-BKS01,LOT-0104,1651
1/31/2025,WH-BKS01,LOT-0684,295
1/31/2025,WH-BKS01,LOT-0499,591
1/31/2025,WH-BKS01,LOT-0258,135
1/31/2025,WH-BKS01,LOT-1157,385
1/31/2025,WH-BKS01,LOT-0421,2182
1/31/2025,WH-BKS01,LOT-0141,891
1/31/2025,WH-BKS01,LOT-1136,1550
1/31/2025,WH-BKS01,LOT-0425,1729
1/31/2025,WH-BKS01,LOT-0443,1868
1/31/2025,WH-BKS01,LOT-0478,1406
1/31/2025,WH-BKS01,LOT-0673,654
1/31/2025,WH-BKS01,LOT-0303,1525
1/31/2025,WH-BKS01,LOT-0006,1286
1/31/2025,WH-BKS01,LOT-0568,1338
1/31/2025,WH-BKS01,LOT-0297,2334
1/31/2025,WH-BKS01,LOT-0267,2452
1/31/2025,WH-BKS01,LOT-0514,357
1/31/2025,WH-BKS01,LOT-0358,225
1/31/2025,WH-BKS01,LOT-0226,647
1/31/2025,WH-BKS01,LOT-0053,654
1/31/2025,WH-BKS01,LOT-0031,213
1/31/2025,WH-BKS01,LOT-0734,344
1/31/2025,WH-BKS01,LOT-0488,1124
1/31/2025,WH-BKS01,LOT-0664,1824
1/31/2025,WH-BKS01,LOT-0033,1746
1/31/2025,WH-BKS01,LOT-0357,1999
1/31/2025,WH-BKS01,LOT-0544,2496
1/31/2025,WH-BKS01,LOT-0108,1820
1/31/2025,WH-BKS01,LOT-0260,1706
1/31/2025,WH-BKS01,LOT-0863,1128
1/31/2025,WH-BKS01,LOT-1078,892
1/31/2025,WH-BKS01,LOT-0233,2108
1/31/2025,WH-BKS01,LOT-0131,476
1/31/2025,WH-BKS01,LOT-0976,1423
1/31/2025,WH-BKS01,LOT-0919,1770
1/31/2025,WH-BKS01,LOT-0742,464
1/31/2025,WH-BKS01,LOT-1052,1170
1/31/2025,WH-BKS01,LOT-0224,2439
1/31/2025,WH-BKS01,LOT-0926,2003
1/31/2025,WH-BKS01,LOT-1032,2168
1/31/2025,WH-BKS01,LOT-0089,1273
1/31/2025,WH-BKS01,LOT-1068,196
1/31/2025,WH-BKS01,LOT-0618,913
1/31/2025,WH-BKS01,LOT-0939,1628
1/31/2025,WH-BKS01,LOT-0064,2464
1/31/2025,WH-BKS01,LOT-0981,234
1/31/2025,WH-BKS01,LOT-0823,41
1/31/2025,WH-TNG01,LOT-0618,1416
1/31/2025,WH-TNG01,LOT-0433,355
1/31/2025,WH-TNG01,LOT-0282,2076
1/31/2025,WH-TNG01,LOT-0524,716
1/31/2025,WH-TNG01,LOT-0593,170
1/31/2025,WH-TNG01,LOT-0672,1024
1/31/2025,WH-TNG01,LOT-0246,1803
1/31/2025,WH-TNG01,LOT-0016,1809
1/31/2025,WH-TNG01,LOT-1019,2156
1/31/2025,WH-TNG01,LOT-0882,2151
1/31/2025,WH-TNG01,LOT-0360,660
1/31/2025,WH-TNG01,LOT-0265,1500
1/31/2025,WH-TNG01,LOT-0779,1537
1/31/2025,WH-TNG01,LOT-1091,1168
1/31/2025,WH-TNG01,LOT-0472,1596
1/31/2025,WH-TNG01,LOT-1025,1684
1/31/2025,WH-TNG01,LOT-1145,1395
1/31/2025,WH-TNG01,LOT-0726,2458
1/31/2025,WH-TNG01,LOT-0148,224
1/31/2025,WH-TNG01,LOT-0814,1380
1/31/2025,WH-TNG01,LOT-0087,279
1/31/2025,WH-TNG01,LOT-0894,1360
1/31/2025,WH-TNG01,LOT-0039,397
1/31/2025,WH-TNG01,LOT-0942,2295
1/31/2025,WH-TNG01,LOT-0160,1593
1/31/2025,WH-TNG01,LOT-0642,1173
1/31/2025,WH-TNG01,LOT-1180,1042
1/31/2025,WH-TNG01,LOT-0880,2478
1/31/2025,WH-TNG01,LOT-1175,625
1/31/2025,WH-TNG01,LOT-0829,1375
1/31/2025,WH-TNG01,LOT-0856,343
1/31/2025,WH-TNG01,LOT-0236,2396
1/31/2025,WH-TNG01,LOT-0830,589
1/31/2025,WH-TNG01,LOT-0043,1442
1/31/2025,WH-TNG01,LOT-0666,1280
1/31/2025,WH-TNG01,LOT-0352,1615
1/31/2025,WH-TNG01,LOT-0943,538
1/31/2025,WH-TNG01,LOT-0742,2447
1/31/2025,WH-TNG01,LOT-0181,357
1/31/2025,WH-TNG01,LOT-0895,1278
1/31/2025,WH-TNG01,LOT-0217,2299
1/31/2025,WH-TNG01,LOT-0499,1552
1/31/2025,WH-TNG01,LOT-0893,1355
1/31/2025,WH-TNG01,LOT-0821,533
1/31/2025,WH-TNG01,LOT-1074,2166
1/31/2025,WH-TNG01,LOT-0162,392
1/31/2025,WH-TNG01,LOT-0811,1744
1/31/2025,WH-TNG01,LOT-0636,2092
1/31/2025,WH-TNG01,LOT-0696,1492
1/31/2025,WH-TNG01,LOT-0454,84
1/31/2025,WH-TNG01,LOT-0683,1495
1/31/2025,WH-TNG01,LOT-0345,1275
1/31/2025,WH-TNG01,LOT-0157,748
1/31/2025,WH-TNG01,LOT-1046,887
1/31/2025,WH-TNG01,LOT-0234,1409
1/31/2025,WH-TNG01,LOT-1087,2001
1/31/2025,WH-TNG01,LOT-1045,796
1/31/2025,WH-TNG01,LOT-0398,937
1/31/2025,WH-TNG01,LOT-0716,573
1/31/2025,WH-TNG01,LOT-0720,644
1/31/2025,WH-TNG01,LOT-0303,326
1/31/2025,WH-TNG01,LOT-0484,1221
1/31/2025,WH-TNG01,LOT-0211,424
1/31/2025,WH-TNG01,LOT-0300,2089
1/31/2025,WH-TNG01,LOT-0525,2220
1/31/2025,WH-TNG01,LOT-0405,2166
1/31/2025,WH-TNG01,LOT-0356,164
1/31/2025,WH-TNG01,LOT-0314,1389
1/31/2025,WH-TNG01,LOT-0155,546
1/31/2025,WH-TNG01,LOT-0363,2456
1/31/2025,WH-TNG01,LOT-1012,1553
1/31/2025,WH-TNG01,LOT-0951,641
1/31/2025,WH-TNG01,LOT-1155,674
1/31/2025,WH-TNG01,LOT-1187,750
1/31/2025,WH-TNG01,LOT-0920,688
1/31/2025,WH-TNG01,LOT-1157,1802
1/31/2025,WH-TNG01,LOT-0662,188
1/31/2025,WH-TNG01,LOT-0648,1692
1/31/2025,WH-TNG01,LOT-0310,1502
1/31/2025,WH-TNG01,LOT-0901,982
1/31/2025,WH-TNG01,LOT-0140,1829
1/31/2025,WH-TNG01,LOT-0961,1177
1/31/2025,WH-TNG01,LOT-0906,1848
1/31/2025,WH-TNG01,LOT-0621,968
1/31/2025,WH-TNG01,LOT-0563,2197
1/31/2025,WH-TNG01,LOT-0116,989
1/31/2025,WH-TNG01,LOT-0721,1277
1/31/2025,WH-TNG01,LOT-1040,1931
1/31/2025,WH-TNG01,LOT-0152,804
1/31/2025,WH-TNG01,LOT-0946,1516
1/31/2025,WH-TNG01,LOT-0926,2346
1/31/2025,WH-TNG01,LOT-0078,1814
1/31/2025,WH-TNG01,LOT-0117,1901
1/31/2025,WH-TNG01,LOT-0756,1164
1/31/2025,WH-TNG01,LOT-0588,1574
1/31/2025,WH-TNG01,LOT-0158,2069
1/31/2025,WH-TNG01,LOT-0185,2170
1/31/2025,WH-TNG01,LOT-1039,1724
1/31/2025,WH-TNG01,LOT-0788,673
1/31/2025,WH-TNG01,LOT-0948,827
1/31/2025,WH-TNG01,LOT-1189,2486
1/31/2025,WH-TNG01,LOT-1136,576
1/31/2025,WH-TNG01,LOT-0085,1034
1/31/2025,WH-TNG01,LOT-0922,223
1/31/2025,WH-TNG01,LOT-1171,1978
1/31/2025,WH-TNG01,LOT-0386,1530
1/31/2025,WH-TNG01,LOT-0659,2281
1/31/2025,WH-TNG01,LOT-0975,430
1/31/2025,WH-TNG01,LOT-1027,2123
1/31/2025,WH-TNG01,LOT-0309,520
1/31/2025,WH-TNG01,LOT-0127,1177
1/31/2025,WH-TNG01,LOT-0923,353
1/31/2025,WH-TNG01,LOT-0212,666
1/31/2025,WH-BPR01,LOT-0921,1648
1/31/2025,WH-BPR01,LOT-1052,1811
1/31/2025,WH-BPR01,LOT-0302,1593
1/31/2025,WH-BPR01,LOT-0896,1398
1/31/2025,WH-BPR01,LOT-0188,775
1/31/2025,WH-BPR01,LOT-0455,2042
1/31/2025,WH-BPR01,LOT-0924,2047
1/31/2025,WH-BPR01,LOT-0716,1514
1/31/2025,WH-BPR01,LOT-0055,2136
1/31/2025,WH-BPR01,LOT-0850,1102
1/31/2025,WH-BPR01,LOT-0110,348
1/31/2025,WH-BPR01,LOT-0812,1748
1/31/2025,WH-BPR01,LOT-1029,333
1/31/2025,WH-BPR01,LOT-0766,1773
1/31/2025,WH-BPR01,LOT-0483,2477
1/31/2025,WH-BPR01,LOT-0791,749
1/31/2025,WH-BPR01,LOT-0168,2244
1/31/2025,WH-BPR01,LOT-0768,1213
1/31/2025,WH-BPR01,LOT-0460,1325
1/31/2025,WH-BPR01,LOT-0058,430
1/31/2025,WH-BPR01,LOT-0653,337
1/31/2025,WH-BPR01,LOT-0203,1353
1/31/2025,WH-BPR01,LOT-0687,1220
1/31/2025,WH-BPR01,LOT-0300,1265
1/31/2025,WH-BPR01,LOT-0282,1836
1/31/2025,WH-BPR01,LOT-0079,2478
1/31/2025,WH-BPR01,LOT-0588,1755
1/31/2025,WH-BPR01,LOT-0968,692
1/31/2025,WH-BPR01,LOT-0285,1828
1/31/2025,WH-BPR01,LOT-0961,1449
1/31/2025,WH-BPR01,LOT-0919,1841
1/31/2025,WH-BPR01,LOT-0011,183
1/31/2025,WH-BPR01,LOT-0163,1454
1/31/2025,WH-BPR01,LOT-0039,1791
1/31/2025,WH-BPR01,LOT-0525,1134
1/31/2025,WH-BPR01,LOT-0442,244
1/31/2025,WH-BPR01,LOT-0307,317
1/31/2025,WH-BPR01,LOT-1124,1673
1/31/2025,WH-BPR01,LOT-1081,1498
1/31/2025,WH-BPR01,LOT-0867,2111
1/31/2025,WH-BPR01,LOT-0228,665
1/31/2025,WH-BPR01,LOT-0591,137
1/31/2025,WH-BPR01,LOT-0487,594
1/31/2025,WH-BPR01,LOT-0617,2498
1/31/2025,WH-BPR01,LOT-0250,1804
1/31/2025,WH-BPR01,LOT-0098,152
1/31/2025,WH-BPR01,LOT-0489,527
1/31/2025,WH-BPR01,LOT-0860,285
1/31/2025,WH-BPR01,LOT-0937,976
1/31/2025,WH-BPR01,LOT-0129,1510
1/31/2025,WH-BPR01,LOT-1024,1493
1/31/2025,WH-BPR01,LOT-1098,1578
1/31/2025,WH-BPR01,LOT-0034,2333
1/31/2025,WH-BPR01,LOT-1056,142
1/31/2025,WH-BPR01,LOT-1178,2488
1/31/2025,WH-BPR01,LOT-0496,638
1/31/2025,WH-BPR01,LOT-0295,1852
1/31/2025,WH-BPR01,LOT-0597,1529
1/31/2025,WH-BPR01,LOT-0880,1533
1/31/2025,WH-BPR01,LOT-0004,1828
1/31/2025,WH-BPR01,LOT-0723,324
1/31/2025,WH-BPR01,LOT-0493,2360
1/31/2025,WH-BPR01,LOT-1169,573
1/31/2025,WH-BPR01,LOT-0854,2178
1/31/2025,WH-BPR01,LOT-0384,1513
1/31/2025,WH-BPR01,LOT-0176,1640
1/31/2025,WH-BPR01,LOT-1073,1297
1/31/2025,WH-BPR01,LOT-0739,1151
1/31/2025,WH-BPR01,LOT-0139,1032
1/31/2025,WH-BPR01,LOT-1078,474
1/31/2025,WH-BPR01,LOT-1115,116
1/31/2025,WH-BPR01,LOT-1040,772
1/31/2025,WH-BPR01,LOT-1135,2054
1/31/2025,WH-BPR01,LOT-0042,2130
1/31/2025,WH-BPR01,LOT-0800,1595
1/31/2025,WH-BPR01,LOT-0963,2310
1/31/2025,WH-BPR01,LOT-0090,492
1/31/2025,WH-BPR01,LOT-0793,1082
1/31/2025,WH-BPR01,LOT-0765,1076
1/31/2025,WH-BPR01,LOT-0520,1837
1/31/2025,WH-BPR01,LOT-0732,888
1/31/2025,WH-BPR01,LOT-0707,1179
1/31/2025,WH-BPR01,LOT-0494,2021
1/31/2025,WH-BPR01,LOT-0213,829
1/31/2025,WH-BPR01,LOT-1192,512
1/31/2025,WH-BPR01,LOT-0681,565
1/31/2025,WH-BPR01,LOT-0274,313
1/31/2025,WH-BPR01,LOT-0091,1861
1/31/2025,WH-BPR01,LOT-0722,717
1/31/2025,WH-BPR01,LOT-1119,1833
1/31/2025,WH-BPR01,LOT-0694,369
1/31/2025,WH-BPR01,LOT-0359,1319
1/31/2025,WH-BPR01,LOT-0952,1433
1/31/2025,WH-BPR01,LOT-0981,275
1/31/2025,WH-BPR01,LOT-0374,2262
1/31/2025,WH-BPR01,LOT-0277,2230
1/31/2025,WH-BPR01,LOT-0130,1199
1/31/2025,WH-BPR01,LOT-0938,1238
1/31/2025,WH-BPR01,LOT-0076,655
1/31/2025,WH-BPR01,LOT-0601,723
1/31/2025,WH-BPR01,LOT-0413,1490
1/31/2025,WH-BPR01,LOT-0409,2093
1/31/2025,WH-BPR01,LOT-0086,928
1/31/2025,WH-BPR01,LOT-0647,507
1/31/2025,WH-BPR01,LOT-0636,833
1/31/2025,WH-BPR01,LOT-0816,578
1/31/2025,WH-BPR01,LOT-1113,979
1/31/2025,WH-BPR01,LOT-0970,2033
1/31/2025,WH-BPR01,LOT-0519,117
1/31/2025,WH-BPR01,LOT-0075,1488
1/31/2025,WH-BPR01,LOT-0392,2279
1/31/2025,WH-BPR01,LOT-0586,2354
1/31/2025,WH-BPR01,LOT-0680,1521
1/31/2025,WH-BPR01,LOT-0560,1924
1/31/2025,WH-BPR01,LOT-0255,2269
1/31/2025,WH-BPR01,LOT-0754,541
1/31/2025,WH-BPR01,LOT-0895,363
1/31/2025,WH-MLG01,LOT-0634,2052
1/31/2025,WH-MLG01,LOT-0816,1273
1/31/2025,WH-MLG01,LOT-0981,2047
1/31/2025,WH-MLG01,LOT-1077,104
1/31/2025,WH-MLG01,LOT-0842,378
1/31/2025,WH-MLG01,LOT-0839,1620
1/31/2025,WH-MLG01,LOT-1178,2080
1/31/2025,WH-MLG01,LOT-0152,1882
1/31/2025,WH-MLG01,LOT-0257,996
1/31/2025,WH-MLG01,LOT-0650,891
1/31/2025,WH-MLG01,LOT-0922,2399
1/31/2025,WH-MLG01,LOT-0955,1455
1/31/2025,WH-MLG01,LOT-1060,209
1/31/2025,WH-MLG01,LOT-0706,217
1/31/2025,WH-MLG01,LOT-0263,1162
1/31/2025,WH-MLG01,LOT-1130,2037
1/31/2025,WH-MLG01,LOT-0373,2457
1/31/2025,WH-MLG01,LOT-0265,1937
1/31/2025,WH-MLG01,LOT-0887,1180
1/31/2025,WH-MLG01,LOT-1030,2208
1/31/2025,WH-MLG01,LOT-0114,43
1/31/2025,WH-MLG01,LOT-0255,450
1/31/2025,WH-MLG01,LOT-1062,1775
1/31/2025,WH-MLG01,LOT-0314,558
1/31/2025,WH-MLG01,LOT-0623,1093
1/31/2025,WH-MLG01,LOT-0338,1508
1/31/2025,WH-MLG01,LOT-0332,1661
1/31/2025,WH-MLG01,LOT-0661,1508
1/31/2025,WH-MLG01,LOT-0462,195
1/31/2025,WH-MLG01,LOT-0709,1650
1/31/2025,WH-MLG01,LOT-1063,219
1/31/2025,WH-MLG01,LOT-0582,2345
1/31/2025,WH-MLG01,LOT-0162,2311
1/31/2025,WH-MLG01,LOT-0514,807
1/31/2025,WH-MLG01,LOT-0403,1494
1/31/2025,WH-MLG01,LOT-1129,2276
1/31/2025,WH-MLG01,LOT-0563,1192
1/31/2025,WH-MLG01,LOT-0621,311
1/31/2025,WH-MLG01,LOT-1093,1592
1/31/2025,WH-MLG01,LOT-0192,2075
1/31/2025,WH-MLG01,LOT-0346,1854
1/31/2025,WH-MLG01,LOT-1190,2262
1/31/2025,WH-MLG01,LOT-0316,1155
1/31/2025,WH-MLG01,LOT-0351,496
1/31/2025,WH-MLG01,LOT-0692,537
1/31/2025,WH-MLG01,LOT-1155,406
1/31/2025,WH-MLG01,LOT-0085,1623
1/31/2025,WH-MLG01,LOT-0059,1538
1/31/2025,WH-MLG01,LOT-0167,1398
1/31/2025,WH-MLG01,LOT-0094,2294
1/31/2025,WH-MLG01,LOT-1182,1507
1/31/2025,WH-MLG01,LOT-0543,600
1/31/2025,WH-MLG01,LOT-0432,825
1/31/2025,WH-MLG01,LOT-1172,2477
1/31/2025,WH-MLG01,LOT-0854,2095
1/31/2025,WH-MLG01,LOT-0063,1654
1/31/2025,WH-MLG01,LOT-1020,2058
1/31/2025,WH-MLG01,LOT-1118,174
1/31/2025,WH-MLG01,LOT-0594,195
1/31/2025,WH-MLG01,LOT-0619,169
1/31/2025,WH-MLG01,LOT-0990,571
1/31/2025,WH-MLG01,LOT-0502,1374
1/31/2025,WH-MLG01,LOT-0832,1950
1/31/2025,WH-MLG01,LOT-0610,2137
1/31/2025,WH-MLG01,LOT-0929,1881
1/31/2025,WH-MLG01,LOT-0150,620
1/31/2025,WH-MLG01,LOT-0123,2493
1/31/2025,WH-MLG01,LOT-0324,2121
1/31/2025,WH-MLG01,LOT-0901,582
1/31/2025,WH-MLG01,LOT-0852,1353
1/31/2025,WH-MLG01,LOT-0992,1314
1/31/2025,WH-MLG01,LOT-0952,675
1/31/2025,WH-MLG01,LOT-0418,1619
1/31/2025,WH-MLG01,LOT-0697,1235
1/31/2025,WH-MLG01,LOT-0295,2441
1/31/2025,WH-MLG01,LOT-0641,1387
1/31/2025,WH-MLG01,LOT-0654,2087
1/31/2025,WH-MLG01,LOT-0708,2097
1/31/2025,WH-MLG01,LOT-0817,2190
1/31/2025,WH-MLG01,LOT-0268,2016
1/31/2025,WH-MLG01,LOT-0759,2315
1/31/2025,WH-MLG01,LOT-1055,1237
1/31/2025,WH-MLG01,LOT-1151,1955
1/31/2025,WH-MLG01,LOT-0218,78
1/31/2025,WH-MLG01,LOT-0496,1518
1/31/2025,WH-MLG01,LOT-0956,1366
1/31/2025,WH-MLG01,LOT-0251,458
1/31/2025,WH-MLG01,LOT-0548,1716
1/31/2025,WH-MLG01,LOT-0921,2400
1/31/2025,WH-MLG01,LOT-0508,1270
1/31/2025,WH-MLG01,LOT-0289,119
1/31/2025,WH-MLG01,LOT-0199,2454
1/31/2025,WH-MLG01,LOT-0104,1953
1/31/2025,WH-MLG01,LOT-0595,1097
1/31/2025,WH-MLG01,LOT-0787,2379
1/31/2025,WH-MLG01,LOT-0857,2375
1/31/2025,WH-MLG01,LOT-0509,942
1/31/2025,WH-MLG01,LOT-0328,220
1/31/2025,WH-MLG01,LOT-0671,2400
1/31/2025,WH-MLG01,LOT-1184,1977
1/31/2025,WH-MLG01,LOT-0389,708
1/31/2025,WH-MLG01,LOT-0327,2157
1/31/2025,WH-MLG01,LOT-1021,1567
1/31/2025,WH-MLG01,LOT-0957,615
1/31/2025,WH-SLO01,LOT-0497,1103
1/31/2025,WH-SLO01,LOT-0065,1360
1/31/2025,WH-SLO01,LOT-1173,1246
1/31/2025,WH-SLO01,LOT-0226,2395
1/31/2025,WH-SLO01,LOT-0391,2356
1/31/2025,WH-SLO01,LOT-0039,56
1/31/2025,WH-SLO01,LOT-0904,1081
1/31/2025,WH-SLO01,LOT-0643,1482
1/31/2025,WH-SLO01,LOT-0858,977
1/31/2025,WH-SLO01,LOT-0311,264
1/31/2025,WH-SLO01,LOT-0846,494
1/31/2025,WH-SLO01,LOT-0418,1916
1/31/2025,WH-SLO01,LOT-0841,1266
1/31/2025,WH-SLO01,LOT-1028,664
1/31/2025,WH-SLO01,LOT-0966,1670
1/31/2025,WH-SLO01,LOT-0128,2068
1/31/2025,WH-SLO01,LOT-0283,1283
1/31/2025,WH-SLO01,LOT-1063,490
1/31/2025,WH-SLO01,LOT-0425,1218
1/31/2025,WH-SLO01,LOT-1149,1515
1/31/2025,WH-SLO01,LOT-0666,914
1/31/2025,WH-SLO01,LOT-0980,907
1/31/2025,WH-SLO01,LOT-1077,557
1/31/2025,WH-SLO01,LOT-0772,1968
1/31/2025,WH-SLO01,LOT-0355,637
1/31/2025,WH-SLO01,LOT-0942,1873
1/31/2025,WH-SLO01,LOT-1092,2491
1/31/2025,WH-SLO01,LOT-0702,1540
1/31/2025,WH-SLO01,LOT-1119,1713
1/31/2025,WH-SLO01,LOT-0726,2259
1/31/2025,WH-SLO01,LOT-0542,1938
1/31/2025,WH-SLO01,LOT-0992,2211
1/31/2025,WH-SLO01,LOT-0394,904
1/31/2025,WH-SLO01,LOT-0505,1023
1/31/2025,WH-SLO01,LOT-0572,2450
1/31/2025,WH-SLO01,LOT-1143,345
1/31/2025,WH-SLO01,LOT-0612,2162
1/31/2025,WH-SLO01,LOT-0461,1839
1/31/2025,WH-SLO01,LOT-0610,2173
1/31/2025,WH-SLO01,LOT-0592,1491
1/31/2025,WH-SLO01,LOT-1002,329
1/31/2025,WH-SLO01,LOT-0650,2320
1/31/2025,WH-SLO01,LOT-0983,469
1/31/2025,WH-SLO01,LOT-0715,262
1/31/2025,WH-SLO01,LOT-1148,2253
1/31/2025,WH-SLO01,LOT-0561,2080
1/31/2025,WH-SLO01,LOT-0590,838
1/31/2025,WH-SLO01,LOT-0250,2355
1/31/2025,WH-SLO01,LOT-1175,2208
1/31/2025,WH-SLO01,LOT-1113,623
1/31/2025,WH-SLO01,LOT-0778,683
1/31/2025,WH-SLO01,LOT-0809,1353
1/31/2025,WH-SLO01,LOT-0707,2141
1/31/2025,WH-SLO01,LOT-0300,1819
1/31/2025,WH-SLO01,LOT-0595,486
1/31/2025,WH-SLO01,LOT-0087,851
1/31/2025,WH-SLO01,LOT-0162,2398
1/31/2025,WH-SLO01,LOT-0710,2012
1/31/2025,WH-SLO01,LOT-0906,382
1/31/2025,WH-SLO01,LOT-0526,2100
1/31/2025,WH-SLO01,LOT-0982,1834
1/31/2025,WH-SLO01,LOT-0439,237
1/31/2025,WH-SLO01,LOT-0414,1867
1/31/2025,WH-SLO01,LOT-1104,550
1/31/2025,WH-SLO01,LOT-0556,2112
1/31/2025,WH-SLO01,LOT-1152,1711
1/31/2025,WH-SLO01,LOT-0557,1881
1/31/2025,WH-SLO01,LOT-0282,2319
1/31/2025,WH-SLO01,LOT-0224,246
1/31/2025,WH-SLO01,LOT-0491,2298
1/31/2025,WH-SLO01,LOT-0104,1903
1/31/2025,WH-SLO01,LOT-1088,1272
1/31/2025,WH-SLO01,LOT-0463,99
1/31/2025,WH-SLO01,LOT-0477,1631
1/31/2025,WH-SLO01,LOT-0108,1052
1/31/2025,WH-SLO01,LOT-0206,22
1/31/2025,WH-SLO01,LOT-0847,902
1/31/2025,WH-SLO01,LOT-0677,2378
1/31/2025,WH-SLO01,LOT-0968,309
1/31/2025,WH-SLO01,LOT-0011,195
1/31/2025,WH-SLO01,LOT-1128,1745
1/31/2025,WH-SLO01,LOT-0324,1421
1/31/2025,WH-SLO01,LOT-0834,271
1/31/2025,WH-SLO01,LOT-0975,2226
1/31/2025,WH-SLO01,LOT-0978,256
1/31/2025,WH-SLO01,LOT-0409,292
1/31/2025,WH-SLO01,LOT-0589,1943
1/31/2025,WH-SLO01,LOT-0658,139
1/31/2025,WH-SLO01,LOT-0585,1185
1/31/2025,WH-SLO01,LOT-0122,1684
1/31/2025,WH-SLO01,LOT-0184,747
1/31/2025,WH-SLO01,LOT-1176,564
1/31/2025,WH-SLO01,LOT-0476,1731
1/31/2025,WH-SLO01,LOT-1096,1543
1/31/2025,WH-SLO01,LOT-0077,1576
1/31/2025,WH-SLO01,LOT-0359,1847
1/31/2025,WH-SLO01,LOT-0856,1556
1/31/2025,WH-SLO01,LOT-0361,1548
1/31/2025,WH-SLO01,LOT-0075,338
1/31/2025,WH-SLO01,LOT-0814,2218
1/31/2025,WH-SLO01,LOT-1015,554
1/31/2025,WH-SLO01,LOT-0382,1434
1/31/2025,WH-SLO01,LOT-0593,495
1/31/2025,WH-SLO01,LOT-0019,741
1/31/2025,WH-SLO01,LOT-1164,2210
1/31/2025,WH-SLO01,LOT-0220,1619
1/31/2025,WH-SLO01,LOT-0687,2176
1/31/2025,WH-SLO01,LOT-0583,531
1/31/2025,WH-SLO01,LOT-0931,922
1/31/2025,WH-SLO01,LOT-1074,24
1/31/2025,WH-SLO01,LOT-1012,103
1/31/2025,WH-SLO01,LOT-0275,1232
1/31/2025,WH-SLO01,LOT-1033,1906
1/31/2025,WH-SLO01,LOT-0959,2240
1/31/2025,WH-SLO01,LOT-0559,1747
1/31/2025,WH-SLO01,LOT-0395,2188
1/31/2025,WH-SLO01,LOT-0231,1563
1/31/2025,WH-SLO01,LOT-0678,950
1/31/2025,WH-SLO01,LOT-0333,1023
1/31/2025,WH-SLO01,LOT-0940,1896
1/31/2025,WH-SLO01,LOT-0527,1427
1/31/2025,WH-SLO01,LOT-0029,645
1/31/2025,WH-SLO01,LOT-0691,1139
1/31/2025,WH-SLO01,LOT-0605,782
1/31/2025,WH-SLO01,LOT-1163,472
1/31/2025,WH-SLO01,LOT-0396,141
1/31/2025,WH-SLO01,LOT-0360,1727
1/31/2025,WH-SLO01,LOT-0831,74
1/31/2025,WH-SLO01,LOT-0876,995
1/31/2025,WH-SLO01,LOT-1056,854
1/31/2025,WH-SLO01,LOT-0672,285
1/31/2025,WH-SLO01,LOT-0178,423
1/31/2025,WH-SLO01,LOT-0821,2442
1/31/2025,WH-SLO01,LOT-0196,147
1/31/2025,WH-SLO01,LOT-0379,1838
1/31/2025,WH-SLO01,LOT-0288,2458
1/31/2025,WH-SLO01,LOT-0663,209
1/31/2025,WH-SLO01,LOT-0509,1012
1/31/2025,WH-SLO01,LOT-0014,191
1/31/2025,WH-SLO01,LOT-0535,1657
1/31/2025,WH-SLO01,LOT-0786,1807
1/31/2025,WH-SLO01,LOT-0483,969
1/31/2025,WH-SLO01,LOT-0915,2220
1/31/2025,WH-YOG01,LOT-0116,1016
1/31/2025,WH-YOG01,LOT-0287,2055
1/31/2025,WH-YOG01,LOT-1032,2265
1/31/2025,WH-YOG01,LOT-0593,1392
1/31/2025,WH-YOG01,LOT-0480,1064
1/31/2025,WH-YOG01,LOT-1180,2011
1/31/2025,WH-YOG01,LOT-0654,2019
1/31/2025,WH-YOG01,LOT-1183,1897
1/31/2025,WH-YOG01,LOT-0657,699
1/31/2025,WH-YOG01,LOT-0486,1452
1/31/2025,WH-YOG01,LOT-0619,703
1/31/2025,WH-YOG01,LOT-0294,583
1/31/2025,WH-YOG01,LOT-1068,2248
1/31/2025,WH-YOG01,LOT-0453,2010
1/31/2025,WH-YOG01,LOT-0847,763
1/31/2025,WH-YOG01,LOT-0616,2230
1/31/2025,WH-YOG01,LOT-0564,250
1/31/2025,WH-YOG01,LOT-0125,2156
1/31/2025,WH-YOG01,LOT-1141,148
1/31/2025,WH-YOG01,LOT-0359,314
1/31/2025,WH-YOG01,LOT-0875,208
1/31/2025,WH-YOG01,LOT-1139,36
1/31/2025,WH-YOG01,LOT-1016,1699
1/31/2025,WH-YOG01,LOT-0097,573
1/31/2025,WH-YOG01,LOT-0706,957
1/31/2025,WH-YOG01,LOT-0781,288
1/31/2025,WH-YOG01,LOT-1075,628
1/31/2025,WH-YOG01,LOT-0653,47
1/31/2025,WH-YOG01,LOT-0853,905
1/31/2025,WH-YOG01,LOT-0837,2081
1/31/2025,WH-YOG01,LOT-0306,1877
1/31/2025,WH-YOG01,LOT-0615,1538
1/31/2025,WH-YOG01,LOT-0771,257
1/31/2025,WH-YOG01,LOT-0377,1989
1/31/2025,WH-YOG01,LOT-1102,2008
1/31/2025,WH-YOG01,LOT-0970,74
1/31/2025,WH-YOG01,LOT-0494,37
1/31/2025,WH-YOG01,LOT-0462,2189
1/31/2025,WH-YOG01,LOT-0296,2269
1/31/2025,WH-YOG01,LOT-0949,1694
1/31/2025,WH-YOG01,LOT-0119,58
1/31/2025,WH-YOG01,LOT-1152,78
1/31/2025,WH-YOG01,LOT-0846,2178
1/31/2025,WH-YOG01,LOT-0854,1135
1/31/2025,WH-YOG01,LOT-1142,2204
1/31/2025,WH-YOG01,LOT-1086,1184
1/31/2025,WH-YOG01,LOT-0275,80
1/31/2025,WH-YOG01,LOT-0796,2067
1/31/2025,WH-YOG01,LOT-0498,1773
1/31/2025,WH-YOG01,LOT-0523,744
1/31/2025,WH-YOG01,LOT-0417,448
1/31/2025,WH-YOG01,LOT-0677,404
1/31/2025,WH-YOG01,LOT-0162,2157
1/31/2025,WH-YOG01,LOT-0922,619
1/31/2025,WH-YOG01,LOT-0760,997
1/31/2025,WH-YOG01,LOT-0190,796
1/31/2025,WH-YOG01,LOT-1097,2166
1/31/2025,WH-YOG01,LOT-0391,1043
1/31/2025,WH-YOG01,LOT-0106,1461
1/31/2025,WH-YOG01,LOT-0550,1104
1/31/2025,WH-YOG01,LOT-0773,1635
1/31/2025,WH-YOG01,LOT-0081,333
1/31/2025,WH-YOG01,LOT-0150,1538
1/31/2025,WH-YOG01,LOT-0386,1673
1/31/2025,WH-YOG01,LOT-1145,1890
1/31/2025,WH-YOG01,LOT-0445,2324
1/31/2025,WH-YOG01,LOT-0982,1006
1/31/2025,WH-YOG01,LOT-0428,935
1/31/2025,WH-YOG01,LOT-0682,1238
1/31/2025,WH-YOG01,LOT-0621,340
1/31/2025,WH-YOG01,LOT-0032,139
1/31/2025,WH-YOG01,LOT-0434,392
1/31/2025,WH-YOG01,LOT-0390,1670
1/31/2025,WH-YOG01,LOT-0241,1563
1/31/2025,WH-YOG01,LOT-0981,1554
1/31/2025,WH-YOG01,LOT-0497,2273
1/31/2025,WH-YOG01,LOT-0419,1959
1/31/2025,WH-YOG01,LOT-0813,239
1/31/2025,WH-YOG01,LOT-0491,48
1/31/2025,WH-YOG01,LOT-1131,711
1/31/2025,WH-YOG01,LOT-0659,348
1/31/2025,WH-YOG01,LOT-0580,2057
1/31/2025,WH-YOG01,LOT-0780,1787
1/31/2025,WH-YOG01,LOT-0955,1366
1/31/2025,WH-YOG01,LOT-1093,2327
1/31/2025,WH-YOG01,LOT-0736,400
1/31/2025,WH-YOG01,LOT-0632,2173
1/31/2025,WH-YOG01,LOT-0536,184
1/31/2025,WH-YOG01,LOT-0737,951
1/31/2025,WH-YOG01,LOT-1051,875
1/31/2025,WH-YOG01,LOT-1019,2331
1/31/2025,WH-YOG01,LOT-0202,1957
1/31/2025,WH-YOG01,LOT-0962,1120
1/31/2025,WH-YOG01,LOT-0656,200
1/31/2025,WH-YOG01,LOT-0641,314
1/31/2025,WH-YOG01,LOT-0848,1158
1/31/2025,WH-YOG01,LOT-0094,2234
1/31/2025,WH-YOG01,LOT-1153,2318
1/31/2025,WH-YOG01,LOT-0454,144
1/31/2025,WH-YOG01,LOT-0299,744
1/31/2025,WH-YOG01,LOT-0034,1298
1/31/2025,WH-YOG01,LOT-0535,74
1/31/2025,WH-YOG01,LOT-1134,858
1/31/2025,WH-YOG01,LOT-1197,2414
1/31/2025,WH-YOG01,LOT-1187,600
1/31/2025,WH-YOG01,LOT-0856,1641
1/31/2025,WH-YOG01,LOT-0605,325
1/31/2025,WH-YOG01,LOT-0313,1235
1/31/2025,WH-YOG01,LOT-0402,675
1/31/2025,WH-YOG01,LOT-0676,2319
1/31/2025,WH-YOG01,LOT-0472,994
1/31/2025,WH-YOG01,LOT-0778,2331
1/31/2025,WH-YOG01,LOT-1167,1603
2/28/2025,WH-JKT01,LOT-1108,2198
2/28/2025,WH-JKT01,LOT-0680,2085
2/28/2025,WH-JKT01,LOT-0787,1723
2/28/2025,WH-JKT01,LOT-0287,2236
2/28/2025,WH-JKT01,LOT-0161,160
2/28/2025,WH-JKT01,LOT-1026,1482
2/28/2025,WH-JKT01,LOT-0709,2209
2/28/2025,WH-JKT01,LOT-0110,2442
2/28/2025,WH-JKT01,LOT-0201,358
2/28/2025,WH-JKT01,LOT-0896,457
2/28/2025,WH-JKT01,LOT-0476,1026
2/28/2025,WH-JKT01,LOT-0156,1464
2/28/2025,WH-JKT01,LOT-0698,691
2/28/2025,WH-JKT01,LOT-0813,191
2/28/2025,WH-JKT01,LOT-0669,2316
2/28/2025,WH-JKT01,LOT-0061,1646
2/28/2025,WH-JKT01,LOT-0560,1368
2/28/2025,WH-JKT01,LOT-0923,1773
2/28/2025,WH-JKT01,LOT-1005,443
2/28/2025,WH-JKT01,LOT-0468,53
2/28/2025,WH-JKT01,LOT-0729,413
2/28/2025,WH-JKT01,LOT-1133,1069
2/28/2025,WH-JKT01,LOT-0769,919
2/28/2025,WH-JKT01,LOT-0885,2101
2/28/2025,WH-JKT01,LOT-0381,2134
2/28/2025,WH-JKT01,LOT-1200,2295
2/28/2025,WH-JKT01,LOT-0779,2387
2/28/2025,WH-JKT01,LOT-0176,2366
2/28/2025,WH-JKT01,LOT-0605,915
2/28/2025,WH-JKT01,LOT-0505,1835
2/28/2025,WH-JKT01,LOT-0151,1542
2/28/2025,WH-JKT01,LOT-0169,1612
2/28/2025,WH-JKT01,LOT-0549,1906
2/28/2025,WH-JKT01,LOT-0316,2420
2/28/2025,WH-JKT01,LOT-0798,2059
2/28/2025,WH-JKT01,LOT-0649,627
2/28/2025,WH-JKT01,LOT-0739,1422
2/28/2025,WH-JKT01,LOT-0219,110
2/28/2025,WH-JKT01,LOT-0188,1987
2/28/2025,WH-JKT01,LOT-0011,438
2/28/2025,WH-JKT01,LOT-0632,1220
2/28/2025,WH-JKT01,LOT-0911,1713
2/28/2025,WH-JKT01,LOT-0738,361
2/28/2025,WH-JKT01,LOT-0553,485
2/28/2025,WH-JKT01,LOT-0210,590
2/28/2025,WH-JKT01,LOT-0272,1436
2/28/2025,WH-JKT01,LOT-0179,1287
2/28/2025,WH-JKT01,LOT-0384,1415
2/28/2025,WH-JKT01,LOT-0883,1875
2/28/2025,WH-JKT01,LOT-0920,857
2/28/2025,WH-JKT01,LOT-1141,2144
2/28/2025,WH-JKT01,LOT-1137,1988
2/28/2025,WH-JKT01,LOT-1050,1436
2/28/2025,WH-JKT01,LOT-0836,1960
2/28/2025,WH-JKT01,LOT-0212,409
2/28/2025,WH-JKT01,LOT-0054,1804
2/28/2025,WH-JKT01,LOT-0184,1863
2/28/2025,WH-JKT01,LOT-0725,1316
2/28/2025,WH-JKT01,LOT-1136,285
2/28/2025,WH-JKT01,LOT-0191,1239
2/28/2025,WH-JKT01,LOT-0665,193
2/28/2025,WH-JKT01,LOT-0789,481
2/28/2025,WH-JKT01,LOT-0026,102
2/28/2025,WH-JKT01,LOT-0598,1415
2/28/2025,WH-JKT01,LOT-0848,457
2/28/2025,WH-JKT01,LOT-0795,683
2/28/2025,WH-JKT01,LOT-0174,1009
2/28/2025,WH-JKT01,LOT-1146,2123
2/28/2025,WH-JKT01,LOT-0498,724
2/28/2025,WH-JKT01,LOT-1172,2270
2/28/2025,WH-JKT01,LOT-1068,665
2/28/2025,WH-JKT01,LOT-0348,1365
2/28/2025,WH-JKT01,LOT-0780,2303
2/28/2025,WH-JKT01,LOT-0285,1756
2/28/2025,WH-JKT01,LOT-0551,1902
2/28/2025,WH-JKT01,LOT-0617,959
2/28/2025,WH-JKT01,LOT-0550,1669
2/28/2025,WH-JKT01,LOT-1010,765
2/28/2025,WH-JKT01,LOT-0299,773
2/28/2025,WH-JKT01,LOT-0130,1780
2/28/2025,WH-JKT01,LOT-0343,1630
2/28/2025,WH-JKT01,LOT-0891,129
2/28/2025,WH-JKT01,LOT-0566,818
2/28/2025,WH-JKT01,LOT-0863,1851
2/28/2025,WH-JKT01,LOT-0614,2435
2/28/2025,WH-JKT01,LOT-0992,1769
2/28/2025,WH-JKT01,LOT-0158,1602
2/28/2025,WH-JKT01,LOT-0740,28
2/28/2025,WH-JKT01,LOT-0516,889
2/28/2025,WH-JKT01,LOT-0506,852
2/28/2025,WH-JKT01,LOT-1016,1150
2/28/2025,WH-JKT01,LOT-0401,266
2/28/2025,WH-JKT01,LOT-0938,2374
2/28/2025,WH-JKT01,LOT-0220,426
2/28/2025,WH-JKT01,LOT-0278,2209
2/28/2025,WH-JKT01,LOT-0624,775
2/28/2025,WH-JKT01,LOT-0014,1508
2/28/2025,WH-JKT01,LOT-0811,1345
2/28/2025,WH-JKT01,LOT-0681,817
2/28/2025,WH-JKT01,LOT-0675,1884
2/28/2025,WH-JKT01,LOT-0902,476
2/28/2025,WH-JKT01,LOT-0686,1084
2/28/2025,WH-JKT01,LOT-0882,2014
2/28/2025,WH-JKT01,LOT-0279,2171
2/28/2025,WH-JKT01,LOT-0616,1293
2/28/2025,WH-JKT01,LOT-0657,2455
2/28/2025,WH-JKT01,LOT-0412,1601
2/28/2025,WH-JKT01,LOT-0982,1617
2/28/2025,WH-JKT01,LOT-0644,2414
2/28/2025,WH-JKT01,LOT-0364,477
2/28/2025,WH-JKT01,LOT-0816,1435
2/28/2025,WH-JKT01,LOT-0654,1451
2/28/2025,WH-JKT01,LOT-0597,1885
2/28/2025,WH-JKT01,LOT-1006,716
2/28/2025,WH-JKT01,LOT-1180,1228
2/28/2025,WH-JKT01,LOT-0497,2427
2/28/2025,WH-JKT01,LOT-0668,357
2/28/2025,WH-JKT01,LOT-0771,558
2/28/2025,WH-JKT01,LOT-0575,1292
2/28/2025,WH-JKT01,LOT-0805,492
2/28/2025,WH-JKT01,LOT-0748,987
2/28/2025,WH-JKT01,LOT-0234,1260
2/28/2025,WH-JKT01,LOT-1155,489
2/28/2025,WH-JKT01,LOT-0410,759
2/28/2025,WH-JKT01,LOT-1118,1539
2/28/2025,WH-JKT01,LOT-0369,589
2/28/2025,WH-JKT01,LOT-1127,2102
2/28/2025,WH-JKT01,LOT-0056,1601
2/28/2025,WH-JKT01,LOT-0946,1723
2/28/2025,WH-JKT01,LOT-0430,2452
2/28/2025,WH-JKT01,LOT-0898,574
2/28/2025,WH-JKT01,LOT-0142,2364
2/28/2025,WH-JKT01,LOT-0838,1581
2/28/2025,WH-JKT01,LOT-1023,1742
2/28/2025,WH-JKT01,LOT-0286,770
2/28/2025,WH-JKT01,LOT-0621,2003
2/28/2025,WH-JKT01,LOT-0496,2211
2/28/2025,WH-JKT01,LOT-0518,719
2/28/2025,WH-JKT01,LOT-0867,2282
2/28/2025,WH-JKT01,LOT-0773,693
2/28/2025,WH-JKT01,LOT-0152,2015
2/28/2025,WH-JKT01,LOT-1193,1193
2/28/2025,WH-JKT01,LOT-0821,584
2/28/2025,WH-SBY01,LOT-0645,1393
2/28/2025,WH-SBY01,LOT-0924,2251
2/28/2025,WH-SBY01,LOT-0110,2377
2/28/2025,WH-SBY01,LOT-0736,544
2/28/2025,WH-SBY01,LOT-0020,2328
2/28/2025,WH-SBY01,LOT-0993,1997
2/28/2025,WH-SBY01,LOT-0280,1417
2/28/2025,WH-SBY01,LOT-0400,208
2/28/2025,WH-SBY01,LOT-0787,198
2/28/2025,WH-SBY01,LOT-1151,417
2/28/2025,WH-SBY01,LOT-1036,1892
2/28/2025,WH-SBY01,LOT-1014,76
2/28/2025,WH-SBY01,LOT-0838,518
2/28/2025,WH-SBY01,LOT-1008,657
2/28/2025,WH-SBY01,LOT-0852,1817
2/28/2025,WH-SBY01,LOT-0910,1879
2/28/2025,WH-SBY01,LOT-1001,12
2/28/2025,WH-SBY01,LOT-0343,1762
2/28/2025,WH-SBY01,LOT-0170,838
2/28/2025,WH-SBY01,LOT-1158,550
2/28/2025,WH-SBY01,LOT-0064,1246
2/28/2025,WH-SBY01,LOT-0452,661
2/28/2025,WH-SBY01,LOT-0599,1132
2/28/2025,WH-SBY01,LOT-0067,392
2/28/2025,WH-SBY01,LOT-0563,1486
2/28/2025,WH-SBY01,LOT-0461,1035
2/28/2025,WH-SBY01,LOT-1102,347
2/28/2025,WH-SBY01,LOT-0592,1533
2/28/2025,WH-SBY01,LOT-0345,687
2/28/2025,WH-SBY01,LOT-0937,222
2/28/2025,WH-SBY01,LOT-1159,1633
2/28/2025,WH-SBY01,LOT-1015,1261
2/28/2025,WH-SBY01,LOT-1126,969
2/28/2025,WH-SBY01,LOT-1047,1768
2/28/2025,WH-SBY01,LOT-0232,383
2/28/2025,WH-SBY01,LOT-1173,399
2/28/2025,WH-SBY01,LOT-0234,14
2/28/2025,WH-SBY01,LOT-0549,884
2/28/2025,WH-SBY01,LOT-1113,1963
2/28/2025,WH-SBY01,LOT-0752,329
2/28/2025,WH-SBY01,LOT-1111,553
2/28/2025,WH-SBY01,LOT-0086,2441
2/28/2025,WH-SBY01,LOT-0904,936
2/28/2025,WH-SBY01,LOT-1119,2137
2/28/2025,WH-SBY01,LOT-0448,1832
2/28/2025,WH-SBY01,LOT-0871,48
2/28/2025,WH-SBY01,LOT-0210,43
2/28/2025,WH-SBY01,LOT-0507,1417
2/28/2025,WH-SBY01,LOT-0610,503
2/28/2025,WH-SBY01,LOT-0922,1739
2/28/2025,WH-SBY01,LOT-0539,551
2/28/2025,WH-SBY01,LOT-0714,1966
2/28/2025,WH-SBY01,LOT-0179,300
2/28/2025,WH-SBY01,LOT-0900,947
2/28/2025,WH-SBY01,LOT-0241,1579
2/28/2025,WH-SBY01,LOT-0486,375
2/28/2025,WH-SBY01,LOT-0430,429
2/28/2025,WH-SBY01,LOT-0719,432
2/28/2025,WH-SBY01,LOT-0877,1293
2/28/2025,WH-SBY01,LOT-0340,1515
2/28/2025,WH-SBY01,LOT-0286,1235
2/28/2025,WH-SBY01,LOT-0424,571
2/28/2025,WH-SBY01,LOT-0122,1577
2/28/2025,WH-SBY01,LOT-1168,555
2/28/2025,WH-SBY01,LOT-1091,595
2/28/2025,WH-SBY01,LOT-0576,290
2/28/2025,WH-SBY01,LOT-1104,2182
2/28/2025,WH-SBY01,LOT-0663,2317
2/28/2025,WH-SBY01,LOT-0600,44
2/28/2025,WH-SBY01,LOT-0593,682
2/28/2025,WH-SBY01,LOT-0548,1812
2/28/2025,WH-SBY01,LOT-1054,1448
2/28/2025,WH-SBY01,LOT-0196,882
2/28/2025,WH-SBY01,LOT-0278,630
2/28/2025,WH-SBY01,LOT-0843,1696
2/28/2025,WH-SBY01,LOT-0568,1822
2/28/2025,WH-SBY01,LOT-0260,899
2/28/2025,WH-SBY01,LOT-0272,365
2/28/2025,WH-SBY01,LOT-0512,421
2/28/2025,WH-SBY01,LOT-0300,583
2/28/2025,WH-SBY01,LOT-0660,514
2/28/2025,WH-SBY01,LOT-0805,2424
2/28/2025,WH-SBY01,LOT-1003,1582
2/28/2025,WH-SBY01,LOT-0292,1449
2/28/2025,WH-SBY01,LOT-1183,1768
2/28/2025,WH-SBY01,LOT-0551,1298
2/28/2025,WH-SBY01,LOT-0849,582
2/28/2025,WH-SBY01,LOT-0769,1024
2/28/2025,WH-SBY01,LOT-0926,1144
2/28/2025,WH-SBY01,LOT-0155,355
2/28/2025,WH-SBY01,LOT-0191,1026
2/28/2025,WH-SBY01,LOT-0826,2276
2/28/2025,WH-SBY01,LOT-1056,2471
2/28/2025,WH-SBY01,LOT-0570,2467
2/28/2025,WH-SBY01,LOT-0756,2498
2/28/2025,WH-SBY01,LOT-0932,1177
2/28/2025,WH-SBY01,LOT-1000,119
2/28/2025,WH-SBY01,LOT-0671,1245
2/28/2025,WH-SBY01,LOT-1192,851
2/28/2025,WH-SBY01,LOT-0006,2130
2/28/2025,WH-SBY01,LOT-0939,2495
2/28/2025,WH-SBY01,LOT-0734,2097
2/28/2025,WH-SBY01,LOT-0130,782
2/28/2025,WH-SBY01,LOT-1095,1614
2/28/2025,WH-SBY01,LOT-0815,1220
2/28/2025,WH-SBY01,LOT-0447,233
2/28/2025,WH-SBY01,LOT-0880,990
2/28/2025,WH-SBY01,LOT-0434,2037
2/28/2025,WH-SBY01,LOT-0550,1590
2/28/2025,WH-SBY01,LOT-0662,471
2/28/2025,WH-SBY01,LOT-0581,997
2/28/2025,WH-BDG01,LOT-0146,1910
2/28/2025,WH-BDG01,LOT-1082,1518
2/28/2025,WH-BDG01,LOT-0025,2433
2/28/2025,WH-BDG01,LOT-0740,2030
2/28/2025,WH-BDG01,LOT-0649,810
2/28/2025,WH-BDG01,LOT-0271,2248
2/28/2025,WH-BDG01,LOT-0793,1014
2/28/2025,WH-BDG01,LOT-1165,626
2/28/2025,WH-BDG01,LOT-0862,36
2/28/2025,WH-BDG01,LOT-0749,1689
2/28/2025,WH-BDG01,LOT-1119,107
2/28/2025,WH-BDG01,LOT-0354,964
2/28/2025,WH-BDG01,LOT-0965,2228
2/28/2025,WH-BDG01,LOT-0150,1428
2/28/2025,WH-BDG01,LOT-0035,49
2/28/2025,WH-BDG01,LOT-0139,1382
2/28/2025,WH-BDG01,LOT-0029,15
2/28/2025,WH-BDG01,LOT-0537,1551
2/28/2025,WH-BDG01,LOT-0442,1269
2/28/2025,WH-BDG01,LOT-0082,435
2/28/2025,WH-BDG01,LOT-0124,850
2/28/2025,WH-BDG01,LOT-0816,2180
2/28/2025,WH-BDG01,LOT-1038,985
2/28/2025,WH-BDG01,LOT-0587,1729
2/28/2025,WH-BDG01,LOT-1027,2025
2/28/2025,WH-BDG01,LOT-0851,255
2/28/2025,WH-BDG01,LOT-0868,593
2/28/2025,WH-BDG01,LOT-0824,1156
2/28/2025,WH-BDG01,LOT-0169,391
2/28/2025,WH-BDG01,LOT-1099,189
2/28/2025,WH-BDG01,LOT-1102,958
2/28/2025,WH-BDG01,LOT-0313,2138
2/28/2025,WH-BDG01,LOT-0569,1701
2/28/2025,WH-BDG01,LOT-0172,1535
2/28/2025,WH-BDG01,LOT-0635,1887
2/28/2025,WH-BDG01,LOT-0162,357
2/28/2025,WH-BDG01,LOT-1048,2388
2/28/2025,WH-BDG01,LOT-0417,401
2/28/2025,WH-BDG01,LOT-0319,2080
2/28/2025,WH-BDG01,LOT-0670,556
2/28/2025,WH-BDG01,LOT-0801,1625
2/28/2025,WH-BDG01,LOT-0136,316
2/28/2025,WH-BDG01,LOT-0636,2434
2/28/2025,WH-BDG01,LOT-0896,2335
2/28/2025,WH-BDG01,LOT-0489,265
2/28/2025,WH-BDG01,LOT-0119,1791
2/28/2025,WH-BDG01,LOT-0501,545
2/28/2025,WH-BDG01,LOT-0177,979
2/28/2025,WH-BDG01,LOT-0890,1204
2/28/2025,WH-BDG01,LOT-0238,1079
2/28/2025,WH-BDG01,LOT-0929,1300
2/28/2025,WH-BDG01,LOT-0113,1619
2/28/2025,WH-BDG01,LOT-0634,1346
2/28/2025,WH-BDG01,LOT-0360,1312
2/28/2025,WH-BDG01,LOT-0245,1864
2/28/2025,WH-BDG01,LOT-0026,1123
2/28/2025,WH-BDG01,LOT-0282,966
2/28/2025,WH-BDG01,LOT-0024,315
2/28/2025,WH-BDG01,LOT-0336,840
2/28/2025,WH-BDG01,LOT-1017,567
2/28/2025,WH-BDG01,LOT-0711,2404
2/28/2025,WH-BDG01,LOT-1072,456
2/28/2025,WH-BDG01,LOT-1060,646
2/28/2025,WH-BDG01,LOT-0531,442
2/28/2025,WH-BDG01,LOT-0342,683
2/28/2025,WH-BDG01,LOT-0762,1851
2/28/2025,WH-BDG01,LOT-0260,1918
2/28/2025,WH-BDG01,LOT-0551,1296
2/28/2025,WH-BDG01,LOT-0242,1675
2/28/2025,WH-BDG01,LOT-0061,504
2/28/2025,WH-BDG01,LOT-0687,2205
2/28/2025,WH-BDG01,LOT-0880,1477
2/28/2025,WH-BDG01,LOT-0558,860
2/28/2025,WH-BDG01,LOT-1073,1861
2/28/2025,WH-BDG01,LOT-0131,1272
2/28/2025,WH-BDG01,LOT-0539,1907
2/28/2025,WH-BDG01,LOT-1181,1095
2/28/2025,WH-BDG01,LOT-0158,501
2/28/2025,WH-BDG01,LOT-0933,380
2/28/2025,WH-BDG01,LOT-1047,655
2/28/2025,WH-BDG01,LOT-0738,1256
2/28/2025,WH-BDG01,LOT-0114,2481
2/28/2025,WH-BDG01,LOT-1024,175
2/28/2025,WH-BDG01,LOT-1161,890
2/28/2025,WH-BDG01,LOT-0754,1352
2/28/2025,WH-BDG01,LOT-0323,617
2/28/2025,WH-BDG01,LOT-0523,383
2/28/2025,WH-BDG01,LOT-0211,1026
2/28/2025,WH-BDG01,LOT-1176,1467
2/28/2025,WH-BDG01,LOT-0237,1633
2/28/2025,WH-BDG01,LOT-0468,2113
2/28/2025,WH-BDG01,LOT-1043,210
2/28/2025,WH-BDG01,LOT-0006,1234
2/28/2025,WH-BDG01,LOT-0091,1075
2/28/2025,WH-BDG01,LOT-0095,722
2/28/2025,WH-BDG01,LOT-0967,137
2/28/2025,WH-BDG01,LOT-0746,1666
2/28/2025,WH-BDG01,LOT-0785,1862
2/28/2025,WH-BDG01,LOT-0308,2287
2/28/2025,WH-BDG01,LOT-0367,2263
2/28/2025,WH-BDG01,LOT-0073,1033
2/28/2025,WH-BDG01,LOT-1133,397
2/28/2025,WH-BDG01,LOT-0859,1902
2/28/2025,WH-BDG01,LOT-0460,427
2/28/2025,WH-BDG01,LOT-0660,582
2/28/2025,WH-BDG01,LOT-0509,507
2/28/2025,WH-BDG01,LOT-0853,58
2/28/2025,WH-BDG01,LOT-0656,262
2/28/2025,WH-BDG01,LOT-0556,920
2/28/2025,WH-BDG01,LOT-0160,545
2/28/2025,WH-BDG01,LOT-1171,821
2/28/2025,WH-BDG01,LOT-0764,1650
2/28/2025,WH-BDG01,LOT-1029,1534
2/28/2025,WH-BDG01,LOT-0108,354
2/28/2025,WH-BDG01,LOT-0368,2395
2/28/2025,WH-BDG01,LOT-0458,2410
2/28/2025,WH-BDG01,LOT-1057,1070
2/28/2025,WH-BDG01,LOT-0822,317
2/28/2025,WH-BDG01,LOT-0142,99
2/28/2025,WH-BDG01,LOT-0953,274
2/28/2025,WH-BDG01,LOT-0579,819
2/28/2025,WH-BDG01,LOT-0637,1826
2/28/2025,WH-BDG01,LOT-0671,537
2/28/2025,WH-BDG01,LOT-0936,386
2/28/2025,WH-BDG01,LOT-0017,1368
2/28/2025,WH-BDG01,LOT-0756,511
2/28/2025,WH-BDG01,LOT-0411,184
2/28/2025,WH-BDG01,LOT-0598,1898
2/28/2025,WH-BDG01,LOT-1155,217
2/28/2025,WH-BDG01,LOT-0623,698
2/28/2025,WH-BDG01,LOT-0497,2360
2/28/2025,WH-SMG01,LOT-0809,1366
2/28/2025,WH-SMG01,LOT-1017,328
2/28/2025,WH-SMG01,LOT-0061,984
2/28/2025,WH-SMG01,LOT-0784,1430
2/28/2025,WH-SMG01,LOT-0874,1318
2/28/2025,WH-SMG01,LOT-0354,697
2/28/2025,WH-SMG01,LOT-0725,373
2/28/2025,WH-SMG01,LOT-0440,1385
2/28/2025,WH-SMG01,LOT-0384,1839
2/28/2025,WH-SMG01,LOT-0564,56
2/28/2025,WH-SMG01,LOT-0574,1096
2/28/2025,WH-SMG01,LOT-0914,868
2/28/2025,WH-SMG01,LOT-0305,1032
2/28/2025,WH-SMG01,LOT-0071,287
2/28/2025,WH-SMG01,LOT-0504,1445
2/28/2025,WH-SMG01,LOT-0605,1061
2/28/2025,WH-SMG01,LOT-1022,452
2/28/2025,WH-SMG01,LOT-0844,15
2/28/2025,WH-SMG01,LOT-1128,207
2/28/2025,WH-SMG01,LOT-0982,1590
2/28/2025,WH-SMG01,LOT-0125,1804
2/28/2025,WH-SMG01,LOT-0180,1728
2/28/2025,WH-SMG01,LOT-0573,691
2/28/2025,WH-SMG01,LOT-0785,1705
2/28/2025,WH-SMG01,LOT-0282,2029
2/28/2025,WH-SMG01,LOT-0859,1561
2/28/2025,WH-SMG01,LOT-0409,1448
2/28/2025,WH-SMG01,LOT-1077,2246
2/28/2025,WH-SMG01,LOT-0511,1547
2/28/2025,WH-SMG01,LOT-1114,425
2/28/2025,WH-SMG01,LOT-0040,1973
2/28/2025,WH-SMG01,LOT-0736,2377
2/28/2025,WH-SMG01,LOT-0983,933
2/28/2025,WH-SMG01,LOT-1116,676
2/28/2025,WH-SMG01,LOT-0993,1858
2/28/2025,WH-SMG01,LOT-0705,311
2/28/2025,WH-SMG01,LOT-1159,146
2/28/2025,WH-SMG01,LOT-1029,1217
2/28/2025,WH-SMG01,LOT-0659,92
2/28/2025,WH-SMG01,LOT-0796,1315
2/28/2025,WH-SMG01,LOT-0554,1079
2/28/2025,WH-SMG01,LOT-0369,438
2/28/2025,WH-SMG01,LOT-0054,313
2/28/2025,WH-SMG01,LOT-0654,1410
2/28/2025,WH-SMG01,LOT-0449,706
2/28/2025,WH-SMG01,LOT-0576,1547
2/28/2025,WH-SMG01,LOT-0120,669
2/28/2025,WH-SMG01,LOT-0967,317
2/28/2025,WH-SMG01,LOT-1085,2250
2/28/2025,WH-SMG01,LOT-0733,391
2/28/2025,WH-SMG01,LOT-1197,1394
2/28/2025,WH-SMG01,LOT-0477,2443
2/28/2025,WH-SMG01,LOT-0327,1987
2/28/2025,WH-SMG01,LOT-0206,136
2/28/2025,WH-SMG01,LOT-0508,1776
2/28/2025,WH-SMG01,LOT-0494,685
2/28/2025,WH-SMG01,LOT-0546,2497
2/28/2025,WH-SMG01,LOT-1093,1788
2/28/2025,WH-SMG01,LOT-0115,653
2/28/2025,WH-SMG01,LOT-0450,229
2/28/2025,WH-SMG01,LOT-1180,424
2/28/2025,WH-SMG01,LOT-0727,1366
2/28/2025,WH-SMG01,LOT-0356,851
2/28/2025,WH-SMG01,LOT-0361,788
2/28/2025,WH-SMG01,LOT-0485,1686
2/28/2025,WH-SMG01,LOT-0652,2279
2/28/2025,WH-SMG01,LOT-0735,2222
2/28/2025,WH-SMG01,LOT-0058,1096
2/28/2025,WH-SMG01,LOT-0721,1163
2/28/2025,WH-SMG01,LOT-1163,1228
2/28/2025,WH-SMG01,LOT-1155,982
2/28/2025,WH-SMG01,LOT-0292,402
2/28/2025,WH-SMG01,LOT-1154,213
2/28/2025,WH-SMG01,LOT-0386,1619
2/28/2025,WH-SMG01,LOT-1009,2351
2/28/2025,WH-SMG01,LOT-1111,2261
2/28/2025,WH-SMG01,LOT-0633,2020
2/28/2025,WH-SMG01,LOT-0360,639
2/28/2025,WH-SMG01,LOT-1005,233
2/28/2025,WH-SMG01,LOT-0078,1487
2/28/2025,WH-SMG01,LOT-0185,25
2/28/2025,WH-SMG01,LOT-0116,1761
2/28/2025,WH-SMG01,LOT-0041,368
2/28/2025,WH-SMG01,LOT-1079,1216
2/28/2025,WH-SMG01,LOT-0979,2468
2/28/2025,WH-SMG01,LOT-0002,1977
2/28/2025,WH-SMG01,LOT-0680,827
2/28/2025,WH-SMG01,LOT-0413,407
2/28/2025,WH-SMG01,LOT-0268,115
2/28/2025,WH-SMG01,LOT-0698,857
2/28/2025,WH-SMG01,LOT-0364,709
2/28/2025,WH-SMG01,LOT-0663,1205
2/28/2025,WH-SMG01,LOT-0122,345
2/28/2025,WH-SMG01,LOT-0045,1949
2/28/2025,WH-SMG01,LOT-0303,483
2/28/2025,WH-SMG01,LOT-0291,1273
2/28/2025,WH-SMG01,LOT-0228,1638
2/28/2025,WH-SMG01,LOT-1078,1938
2/28/2025,WH-SMG01,LOT-0748,2013
2/28/2025,WH-SMG01,LOT-0149,1095
2/28/2025,WH-SMG01,LOT-0766,383
2/28/2025,WH-SMG01,LOT-0811,2238
2/28/2025,WH-SMG01,LOT-0207,1597
2/28/2025,WH-SMG01,LOT-0690,767
2/28/2025,WH-SMG01,LOT-0619,1529
2/28/2025,WH-SMG01,LOT-0661,1572
2/28/2025,WH-SMG01,LOT-0280,1523
2/28/2025,WH-SMG01,LOT-0323,774
2/28/2025,WH-SMG01,LOT-0895,1835
2/28/2025,WH-SMG01,LOT-0998,192
2/28/2025,WH-SMG01,LOT-0650,1088
2/28/2025,WH-SMG01,LOT-0357,1811
2/28/2025,WH-SMG01,LOT-1151,1914
2/28/2025,WH-SMG01,LOT-0731,1088
2/28/2025,WH-SMG01,LOT-0458,936
2/28/2025,WH-SMG01,LOT-0775,1110
2/28/2025,WH-SMG01,LOT-0629,2321
2/28/2025,WH-SMG01,LOT-0604,262
2/28/2025,WH-SMG01,LOT-0261,629
2/28/2025,WH-SMG01,LOT-0004,406
2/28/2025,WH-SMG01,LOT-1174,361
2/28/2025,WH-SMG01,LOT-0802,1418
2/28/2025,WH-SMG01,LOT-0067,2227
2/28/2025,WH-SMG01,LOT-0373,1705
2/28/2025,WH-SMG01,LOT-0453,2425
2/28/2025,WH-SMG01,LOT-0214,941
2/28/2025,WH-SMG01,LOT-0289,2277
2/28/2025,WH-BKS01,LOT-0793,2085
2/28/2025,WH-BKS01,LOT-1071,1662
2/28/2025,WH-BKS01,LOT-0858,565
2/28/2025,WH-BKS01,LOT-1097,2157
2/28/2025,WH-BKS01,LOT-0973,2339
2/28/2025,WH-BKS01,LOT-1173,128
2/28/2025,WH-BKS01,LOT-0483,721
2/28/2025,WH-BKS01,LOT-0976,799
2/28/2025,WH-BKS01,LOT-0613,832
2/28/2025,WH-BKS01,LOT-0162,246
2/28/2025,WH-BKS01,LOT-0809,1031
2/28/2025,WH-BKS01,LOT-0072,145
2/28/2025,WH-BKS01,LOT-1029,1879
2/28/2025,WH-BKS01,LOT-1170,217
2/28/2025,WH-BKS01,LOT-1059,1486
2/28/2025,WH-BKS01,LOT-1171,825
2/28/2025,WH-BKS01,LOT-0302,1132
2/28/2025,WH-BKS01,LOT-0247,1518
2/28/2025,WH-BKS01,LOT-0920,1911
2/28/2025,WH-BKS01,LOT-0355,2078
2/28/2025,WH-BKS01,LOT-0343,1635
2/28/2025,WH-BKS01,LOT-0434,517
2/28/2025,WH-BKS01,LOT-0395,135
2/28/2025,WH-BKS01,LOT-0259,1000
2/28/2025,WH-BKS01,LOT-0088,1535
2/28/2025,WH-BKS01,LOT-0868,2012
2/28/2025,WH-BKS01,LOT-0161,2443
2/28/2025,WH-BKS01,LOT-0892,1837
2/28/2025,WH-BKS01,LOT-0414,737
2/28/2025,WH-BKS01,LOT-0303,1953
2/28/2025,WH-BKS01,LOT-0529,2413
2/28/2025,WH-BKS01,LOT-0655,2268
2/28/2025,WH-BKS01,LOT-0138,1442
2/28/2025,WH-BKS01,LOT-0179,1420
2/28/2025,WH-BKS01,LOT-0795,679
2/28/2025,WH-BKS01,LOT-1140,1069
2/28/2025,WH-BKS01,LOT-0814,380
2/28/2025,WH-BKS01,LOT-1131,1177
2/28/2025,WH-BKS01,LOT-0668,122
2/28/2025,WH-BKS01,LOT-0566,1593
2/28/2025,WH-BKS01,LOT-1065,213
2/28/2025,WH-BKS01,LOT-0939,677
2/28/2025,WH-BKS01,LOT-0026,2353
2/28/2025,WH-BKS01,LOT-0860,887
2/28/2025,WH-BKS01,LOT-0231,916
2/28/2025,WH-BKS01,LOT-0849,932
2/28/2025,WH-BKS01,LOT-0307,856
2/28/2025,WH-BKS01,LOT-0304,1112
2/28/2025,WH-BKS01,LOT-1161,1687
2/28/2025,WH-BKS01,LOT-1194,2112
2/28/2025,WH-BKS01,LOT-0206,92
2/28/2025,WH-BKS01,LOT-0217,46
2/28/2025,WH-BKS01,LOT-1153,1951
2/28/2025,WH-BKS01,LOT-0207,551
2/28/2025,WH-BKS01,LOT-0586,719
2/28/2025,WH-BKS01,LOT-0705,2472
2/28/2025,WH-BKS01,LOT-0842,44
2/28/2025,WH-BKS01,LOT-0541,926
2/28/2025,WH-BKS01,LOT-0785,1043
2/28/2025,WH-BKS01,LOT-0995,1261
2/28/2025,WH-BKS01,LOT-1172,1137
2/28/2025,WH-BKS01,LOT-0969,1745
2/28/2025,WH-BKS01,LOT-0077,1552
2/28/2025,WH-BKS01,LOT-0353,1438
2/28/2025,WH-BKS01,LOT-0565,1890
2/28/2025,WH-BKS01,LOT-0826,1042
2/28/2025,WH-BKS01,LOT-0295,903
2/28/2025,WH-BKS01,LOT-0823,1921
2/28/2025,WH-BKS01,LOT-0080,1247
2/28/2025,WH-BKS01,LOT-0811,2142
2/28/2025,WH-BKS01,LOT-0679,1636
2/28/2025,WH-BKS01,LOT-0487,2404
2/28/2025,WH-BKS01,LOT-0101,429
2/28/2025,WH-BKS01,LOT-0974,40
2/28/2025,WH-BKS01,LOT-0551,2105
2/28/2025,WH-BKS01,LOT-0763,1542
2/28/2025,WH-BKS01,LOT-0042,2309
2/28/2025,WH-BKS01,LOT-0692,2442
2/28/2025,WH-BKS01,LOT-0621,1167
2/28/2025,WH-BKS01,LOT-0637,1232
2/28/2025,WH-BKS01,LOT-0575,452
2/28/2025,WH-BKS01,LOT-1007,1983
2/28/2025,WH-BKS01,LOT-0202,271
2/28/2025,WH-BKS01,LOT-0467,1387
2/28/2025,WH-BKS01,LOT-0276,1142
2/28/2025,WH-BKS01,LOT-0616,1341
2/28/2025,WH-BKS01,LOT-0908,1144
2/28/2025,WH-BKS01,LOT-0658,1079
2/28/2025,WH-BKS01,LOT-0552,1233
2/28/2025,WH-BKS01,LOT-0854,781
2/28/2025,WH-BKS01,LOT-0183,624
2/28/2025,WH-BKS01,LOT-0385,2128
2/28/2025,WH-BKS01,LOT-0905,994
2/28/2025,WH-BKS01,LOT-0433,242
2/28/2025,WH-BKS01,LOT-0834,2467
2/28/2025,WH-BKS01,LOT-0993,1665
2/28/2025,WH-BKS01,LOT-1058,1319
2/28/2025,WH-BKS01,LOT-0766,583
2/28/2025,WH-BKS01,LOT-0116,114
2/28/2025,WH-BKS01,LOT-1056,2047
2/28/2025,WH-BKS01,LOT-0326,1220
2/28/2025,WH-BKS01,LOT-0135,1072
2/28/2025,WH-BKS01,LOT-0638,1724
2/28/2025,WH-TNG01,LOT-0796,1057
2/28/2025,WH-TNG01,LOT-0073,2200
2/28/2025,WH-TNG01,LOT-1195,209
2/28/2025,WH-TNG01,LOT-1172,2442
2/28/2025,WH-TNG01,LOT-0389,206
2/28/2025,WH-TNG01,LOT-0703,452
2/28/2025,WH-TNG01,LOT-0456,90
2/28/2025,WH-TNG01,LOT-1095,207
2/28/2025,WH-TNG01,LOT-0975,484
2/28/2025,WH-TNG01,LOT-0735,1717
2/28/2025,WH-TNG01,LOT-1039,1829
2/28/2025,WH-TNG01,LOT-0615,1567
2/28/2025,WH-TNG01,LOT-0349,516
2/28/2025,WH-TNG01,LOT-1144,2251
2/28/2025,WH-TNG01,LOT-0371,1045
2/28/2025,WH-TNG01,LOT-0602,1953
2/28/2025,WH-TNG01,LOT-0200,637
2/28/2025,WH-TNG01,LOT-0965,851
2/28/2025,WH-TNG01,LOT-0263,48
2/28/2025,WH-TNG01,LOT-0530,1243
2/28/2025,WH-TNG01,LOT-1145,1733
2/28/2025,WH-TNG01,LOT-0375,423
2/28/2025,WH-TNG01,LOT-0688,2141
2/28/2025,WH-TNG01,LOT-0183,1115
2/28/2025,WH-TNG01,LOT-0728,2490
2/28/2025,WH-TNG01,LOT-0458,571
2/28/2025,WH-TNG01,LOT-0629,1725
2/28/2025,WH-TNG01,LOT-0862,439
2/28/2025,WH-TNG01,LOT-0679,2105
2/28/2025,WH-TNG01,LOT-0762,492
2/28/2025,WH-TNG01,LOT-0534,1167
2/28/2025,WH-TNG01,LOT-1200,476
2/28/2025,WH-TNG01,LOT-0603,445
2/28/2025,WH-TNG01,LOT-0950,2048
2/28/2025,WH-TNG01,LOT-0242,823
2/28/2025,WH-TNG01,LOT-0964,828
2/28/2025,WH-TNG01,LOT-0110,1087
2/28/2025,WH-TNG01,LOT-1196,2152
2/28/2025,WH-TNG01,LOT-1189,836
2/28/2025,WH-TNG01,LOT-0146,1476
2/28/2025,WH-TNG01,LOT-0968,1688
2/28/2025,WH-TNG01,LOT-0399,1219
2/28/2025,WH-TNG01,LOT-1025,666
2/28/2025,WH-TNG01,LOT-0246,171
2/28/2025,WH-TNG01,LOT-0782,2255
2/28/2025,WH-TNG01,LOT-1086,2043
2/28/2025,WH-TNG01,LOT-0612,860
2/28/2025,WH-TNG01,LOT-0847,1978
2/28/2025,WH-TNG01,LOT-0111,1364
2/28/2025,WH-TNG01,LOT-0309,970
2/28/2025,WH-TNG01,LOT-0282,21
2/28/2025,WH-TNG01,LOT-0411,62
2/28/2025,WH-TNG01,LOT-0702,374
2/28/2025,WH-TNG01,LOT-0839,462
2/28/2025,WH-TNG01,LOT-1167,2361
2/28/2025,WH-TNG01,LOT-0938,2033
2/28/2025,WH-TNG01,LOT-0294,620
2/28/2025,WH-TNG01,LOT-0648,378
2/28/2025,WH-TNG01,LOT-0370,2105
2/28/2025,WH-TNG01,LOT-0166,317
2/28/2025,WH-TNG01,LOT-0999,424
2/28/2025,WH-TNG01,LOT-0682,1058
2/28/2025,WH-TNG01,LOT-0363,956
2/28/2025,WH-TNG01,LOT-0642,1880
2/28/2025,WH-TNG01,LOT-0119,1222
2/28/2025,WH-TNG01,LOT-0010,1091
2/28/2025,WH-TNG01,LOT-0926,1911
2/28/2025,WH-TNG01,LOT-0561,215
2/28/2025,WH-TNG01,LOT-0429,418
2/28/2025,WH-TNG01,LOT-0346,725
2/28/2025,WH-TNG01,LOT-1181,171
2/28/2025,WH-TNG01,LOT-0325,1200
2/28/2025,WH-TNG01,LOT-1003,1485
2/28/2025,WH-TNG01,LOT-0181,1290
2/28/2025,WH-TNG01,LOT-0266,1754
2/28/2025,WH-TNG01,LOT-0889,484
2/28/2025,WH-TNG01,LOT-0880,399
2/28/2025,WH-TNG01,LOT-0827,197
2/28/2025,WH-TNG01,LOT-0879,49
2/28/2025,WH-TNG01,LOT-0978,576
2/28/2025,WH-TNG01,LOT-0786,708
2/28/2025,WH-TNG01,LOT-0078,1356
2/28/2025,WH-TNG01,LOT-1094,1474
2/28/2025,WH-TNG01,LOT-0409,1802
2/28/2025,WH-TNG01,LOT-0765,1108
2/28/2025,WH-TNG01,LOT-0029,390
2/28/2025,WH-TNG01,LOT-0660,1536
2/28/2025,WH-TNG01,LOT-1088,1413
2/28/2025,WH-TNG01,LOT-0391,759
2/28/2025,WH-TNG01,LOT-0037,476
2/28/2025,WH-TNG01,LOT-0009,1651
2/28/2025,WH-TNG01,LOT-0510,1649
2/28/2025,WH-TNG01,LOT-0464,1879
2/28/2025,WH-TNG01,LOT-0706,1123
2/28/2025,WH-TNG01,LOT-0640,1589
2/28/2025,WH-TNG01,LOT-0265,1968
2/28/2025,WH-TNG01,LOT-0211,1737
2/28/2025,WH-TNG01,LOT-1031,693
2/28/2025,WH-TNG01,LOT-0627,473
2/28/2025,WH-TNG01,LOT-0343,552
2/28/2025,WH-TNG01,LOT-0134,250
2/28/2025,WH-TNG01,LOT-0094,662
2/28/2025,WH-TNG01,LOT-0611,434
2/28/2025,WH-TNG01,LOT-0596,1714
2/28/2025,WH-TNG01,LOT-0934,2429
2/28/2025,WH-TNG01,LOT-1066,1987
2/28/2025,WH-TNG01,LOT-1074,2340
2/28/2025,WH-TNG01,LOT-0692,1804
2/28/2025,WH-TNG01,LOT-0275,752
2/28/2025,WH-TNG01,LOT-1004,1565
2/28/2025,WH-TNG01,LOT-0736,1478
2/28/2025,WH-TNG01,LOT-0386,128
2/28/2025,WH-TNG01,LOT-0338,545
2/28/2025,WH-TNG01,LOT-0040,1988
2/28/2025,WH-TNG01,LOT-0468,2009
2/28/2025,WH-TNG01,LOT-0460,472
2/28/2025,WH-TNG01,LOT-0269,1694
2/28/2025,WH-TNG01,LOT-0433,1815
2/28/2025,WH-TNG01,LOT-0045,198
2/28/2025,WH-TNG01,LOT-1034,269
2/28/2025,WH-TNG01,LOT-0347,1081
2/28/2025,WH-TNG01,LOT-0253,1297
2/28/2025,WH-TNG01,LOT-0751,60
2/28/2025,WH-TNG01,LOT-0077,2159
2/28/2025,WH-TNG01,LOT-0769,2371
2/28/2025,WH-BPR01,LOT-1158,446
2/28/2025,WH-BPR01,LOT-0459,113
2/28/2025,WH-BPR01,LOT-0693,1570
2/28/2025,WH-BPR01,LOT-1064,605
2/28/2025,WH-BPR01,LOT-1072,227
2/28/2025,WH-BPR01,LOT-0196,241
2/28/2025,WH-BPR01,LOT-0887,828
2/28/2025,WH-BPR01,LOT-0510,1103
2/28/2025,WH-BPR01,LOT-0987,669
2/28/2025,WH-BPR01,LOT-0709,1183
2/28/2025,WH-BPR01,LOT-0789,1036
2/28/2025,WH-BPR01,LOT-0305,609
2/28/2025,WH-BPR01,LOT-1144,264
2/28/2025,WH-BPR01,LOT-0112,1218
2/28/2025,WH-BPR01,LOT-0024,845
2/28/2025,WH-BPR01,LOT-0322,2226
2/28/2025,WH-BPR01,LOT-1036,142
2/28/2025,WH-BPR01,LOT-0962,1479
2/28/2025,WH-BPR01,LOT-1016,1863
2/28/2025,WH-BPR01,LOT-0339,429
2/28/2025,WH-BPR01,LOT-0154,2311
2/28/2025,WH-BPR01,LOT-1007,928
2/28/2025,WH-BPR01,LOT-0657,2308
2/28/2025,WH-BPR01,LOT-0494,1602
2/28/2025,WH-BPR01,LOT-0678,983
2/28/2025,WH-BPR01,LOT-0570,2102
2/28/2025,WH-BPR01,LOT-0104,1188
2/28/2025,WH-BPR01,LOT-1039,202
2/28/2025,WH-BPR01,LOT-0457,1572
2/28/2025,WH-BPR01,LOT-1128,1597
2/28/2025,WH-BPR01,LOT-0776,1716
2/28/2025,WH-BPR01,LOT-0826,1290
2/28/2025,WH-BPR01,LOT-0482,2271
2/28/2025,WH-BPR01,LOT-0162,230
2/28/2025,WH-BPR01,LOT-0941,63
2/28/2025,WH-BPR01,LOT-0910,1039
2/28/2025,WH-BPR01,LOT-1174,841
2/28/2025,WH-BPR01,LOT-0918,1824
2/28/2025,WH-BPR01,LOT-0181,933
2/28/2025,WH-BPR01,LOT-1021,1516
2/28/2025,WH-BPR01,LOT-0916,2420
2/28/2025,WH-BPR01,LOT-0648,2248
2/28/2025,WH-BPR01,LOT-0244,2481
2/28/2025,WH-BPR01,LOT-1019,814
2/28/2025,WH-BPR01,LOT-0037,802
2/28/2025,WH-BPR01,LOT-0211,1214
2/28/2025,WH-BPR01,LOT-0827,1848
2/28/2025,WH-BPR01,LOT-0845,736
2/28/2025,WH-BPR01,LOT-0074,315
2/28/2025,WH-BPR01,LOT-1142,775
2/28/2025,WH-BPR01,LOT-1125,721
2/28/2025,WH-BPR01,LOT-0001,2114
2/28/2025,WH-BPR01,LOT-0187,498
2/28/2025,WH-BPR01,LOT-0624,1555
2/28/2025,WH-BPR01,LOT-1042,176
2/28/2025,WH-BPR01,LOT-1152,1765
2/28/2025,WH-BPR01,LOT-0424,1153
2/28/2025,WH-BPR01,LOT-0935,2289
2/28/2025,WH-BPR01,LOT-0699,1092
2/28/2025,WH-BPR01,LOT-0745,542
2/28/2025,WH-BPR01,LOT-0931,669
2/28/2025,WH-BPR01,LOT-0680,2402
2/28/2025,WH-BPR01,LOT-1148,1054
2/28/2025,WH-BPR01,LOT-0969,33
2/28/2025,WH-BPR01,LOT-0927,1363
2/28/2025,WH-BPR01,LOT-0234,1920
2/28/2025,WH-BPR01,LOT-0200,644
2/28/2025,WH-BPR01,LOT-0455,173
2/28/2025,WH-BPR01,LOT-0005,639
2/28/2025,WH-BPR01,LOT-0700,1331
2/28/2025,WH-BPR01,LOT-0728,2454
2/28/2025,WH-BPR01,LOT-0598,218
2/28/2025,WH-BPR01,LOT-1122,1243
2/28/2025,WH-BPR01,LOT-1070,2019
2/28/2025,WH-BPR01,LOT-0766,2355
2/28/2025,WH-BPR01,LOT-0218,2263
2/28/2025,WH-BPR01,LOT-0094,1476
2/28/2025,WH-BPR01,LOT-0337,308
2/28/2025,WH-BPR01,LOT-1009,1311
2/28/2025,WH-BPR01,LOT-0288,2162
2/28/2025,WH-BPR01,LOT-0839,910
2/28/2025,WH-BPR01,LOT-0220,763
2/28/2025,WH-BPR01,LOT-0521,2142
2/28/2025,WH-BPR01,LOT-0402,289
2/28/2025,WH-BPR01,LOT-0385,2079
2/28/2025,WH-BPR01,LOT-0248,662
2/28/2025,WH-BPR01,LOT-0805,1713
2/28/2025,WH-BPR01,LOT-0442,2234
2/28/2025,WH-BPR01,LOT-0937,2209
2/28/2025,WH-BPR01,LOT-0391,1662
2/28/2025,WH-BPR01,LOT-0221,386
2/28/2025,WH-BPR01,LOT-0849,1441
2/28/2025,WH-BPR01,LOT-0096,916
2/28/2025,WH-BPR01,LOT-0253,883
2/28/2025,WH-BPR01,LOT-0923,1369
2/28/2025,WH-BPR01,LOT-1033,1366
2/28/2025,WH-BPR01,LOT-0276,1487
2/28/2025,WH-BPR01,LOT-1022,1212
2/28/2025,WH-BPR01,LOT-0009,904
2/28/2025,WH-BPR01,LOT-1087,2182
2/28/2025,WH-BPR01,LOT-0100,1955
2/28/2025,WH-BPR01,LOT-1134,2309
2/28/2025,WH-BPR01,LOT-1199,46
2/28/2025,WH-BPR01,LOT-0990,479
2/28/2025,WH-BPR01,LOT-0363,1427
2/28/2025,WH-BPR01,LOT-1185,1835
2/28/2025,WH-BPR01,LOT-0356,994
2/28/2025,WH-BPR01,LOT-0263,1008
2/28/2025,WH-BPR01,LOT-0213,173
2/28/2025,WH-BPR01,LOT-0794,1324
2/28/2025,WH-BPR01,LOT-0660,1572
2/28/2025,WH-BPR01,LOT-0788,474
2/28/2025,WH-BPR01,LOT-0858,1590
2/28/2025,WH-BPR01,LOT-0509,1060
2/28/2025,WH-BPR01,LOT-0561,2222
2/28/2025,WH-BPR01,LOT-0815,1168
2/28/2025,WH-BPR01,LOT-0703,111
2/28/2025,WH-BPR01,LOT-0603,2127
2/28/2025,WH-BPR01,LOT-0928,1545
2/28/2025,WH-BPR01,LOT-0274,2116
2/28/2025,WH-BPR01,LOT-0283,2093
2/28/2025,WH-BPR01,LOT-0846,1835
2/28/2025,WH-BPR01,LOT-1050,2003
2/28/2025,WH-BPR01,LOT-0613,189
2/28/2025,WH-BPR01,LOT-0643,1224
2/28/2025,WH-BPR01,LOT-0446,798
2/28/2025,WH-BPR01,LOT-0412,1322
2/28/2025,WH-BPR01,LOT-0430,2114
2/28/2025,WH-BPR01,LOT-0596,347
2/28/2025,WH-BPR01,LOT-0708,403
2/28/2025,WH-BPR01,LOT-0272,695
2/28/2025,WH-BPR01,LOT-0365,2213
2/28/2025,WH-BPR01,LOT-1032,2194
2/28/2025,WH-BPR01,LOT-1112,40
2/28/2025,WH-BPR01,LOT-0661,278
2/28/2025,WH-BPR01,LOT-0237,873
2/28/2025,WH-BPR01,LOT-0722,883
2/28/2025,WH-BPR01,LOT-0984,1747
2/28/2025,WH-BPR01,LOT-1194,435
2/28/2025,WH-BPR01,LOT-1169,852
2/28/2025,WH-BPR01,LOT-0855,2212
2/28/2025,WH-BPR01,LOT-1094,1792
2/28/2025,WH-BPR01,LOT-0586,305
2/28/2025,WH-BPR01,LOT-0866,639
2/28/2025,WH-BPR01,LOT-0027,107
2/28/2025,WH-BPR01,LOT-1071,1890
2/28/2025,WH-MLG01,LOT-0680,924
2/28/2025,WH-MLG01,LOT-0078,2425
2/28/2025,WH-MLG01,LOT-0180,1201
2/28/2025,WH-MLG01,LOT-0151,558
2/28/2025,WH-MLG01,LOT-0112,1913
2/28/2025,WH-MLG01,LOT-0365,2062
2/28/2025,WH-MLG01,LOT-0516,2100
2/28/2025,WH-MLG01,LOT-1143,380
2/28/2025,WH-MLG01,LOT-0145,1635
2/28/2025,WH-MLG01,LOT-1178,1500
2/28/2025,WH-MLG01,LOT-0467,2066
2/28/2025,WH-MLG01,LOT-0530,53
2/28/2025,WH-MLG01,LOT-0835,988
2/28/2025,WH-MLG01,LOT-0795,689
2/28/2025,WH-MLG01,LOT-0924,2115
2/28/2025,WH-MLG01,LOT-0829,584
2/28/2025,WH-MLG01,LOT-0887,1837
2/28/2025,WH-MLG01,LOT-0648,662
2/28/2025,WH-MLG01,LOT-0035,743
2/28/2025,WH-MLG01,LOT-0798,2329
2/28/2025,WH-MLG01,LOT-0243,2327
2/28/2025,WH-MLG01,LOT-1096,608
2/28/2025,WH-MLG01,LOT-0013,1990
2/28/2025,WH-MLG01,LOT-0130,1479
2/28/2025,WH-MLG01,LOT-1200,175
2/28/2025,WH-MLG01,LOT-0094,906
2/28/2025,WH-MLG01,LOT-0149,2007
2/28/2025,WH-MLG01,LOT-0733,959
2/28/2025,WH-MLG01,LOT-1030,267
2/28/2025,WH-MLG01,LOT-0218,1092
2/28/2025,WH-MLG01,LOT-0594,1523
2/28/2025,WH-MLG01,LOT-0618,968
2/28/2025,WH-MLG01,LOT-0178,185
2/28/2025,WH-MLG01,LOT-0577,856
2/28/2025,WH-MLG01,LOT-0897,2131
2/28/2025,WH-MLG01,LOT-0782,1489
2/28/2025,WH-MLG01,LOT-0810,1599
2/28/2025,WH-MLG01,LOT-0064,1933
2/28/2025,WH-MLG01,LOT-0971,1872
2/28/2025,WH-MLG01,LOT-0321,200
2/28/2025,WH-MLG01,LOT-1093,173
2/28/2025,WH-MLG01,LOT-0451,1337
2/28/2025,WH-MLG01,LOT-0280,432
2/28/2025,WH-MLG01,LOT-0801,2145
2/28/2025,WH-MLG01,LOT-1118,1130
2/28/2025,WH-MLG01,LOT-0605,1088
2/28/2025,WH-MLG01,LOT-0296,2380
2/28/2025,WH-MLG01,LOT-0611,2239
2/28/2025,WH-MLG01,LOT-0765,2345
2/28/2025,WH-MLG01,LOT-0023,722
2/28/2025,WH-MLG01,LOT-1134,1552
2/28/2025,WH-MLG01,LOT-1137,1560
2/28/2025,WH-MLG01,LOT-0290,1506
2/28/2025,WH-MLG01,LOT-0253,2417
2/28/2025,WH-MLG01,LOT-0086,328
2/28/2025,WH-MLG01,LOT-0011,2126
2/28/2025,WH-MLG01,LOT-1173,1040
2/28/2025,WH-MLG01,LOT-0808,1551
2/28/2025,WH-MLG01,LOT-1101,922
2/28/2025,WH-MLG01,LOT-1122,2125
2/28/2025,WH-MLG01,LOT-0175,1672
2/28/2025,WH-MLG01,LOT-0625,1455
2/28/2025,WH-MLG01,LOT-0431,1423
2/28/2025,WH-MLG01,LOT-0705,2004
2/28/2025,WH-MLG01,LOT-0434,1984
2/28/2025,WH-MLG01,LOT-0846,2484
2/28/2025,WH-MLG01,LOT-1050,37
2/28/2025,WH-MLG01,LOT-0292,2065
2/28/2025,WH-MLG01,LOT-0330,579
2/28/2025,WH-MLG01,LOT-0377,1811
2/28/2025,WH-MLG01,LOT-0453,688
2/28/2025,WH-MLG01,LOT-0518,952
2/28/2025,WH-MLG01,LOT-0398,325
2/28/2025,WH-MLG01,LOT-0235,2117
2/28/2025,WH-MLG01,LOT-0372,1160
2/28/2025,WH-MLG01,LOT-1162,876
2/28/2025,WH-MLG01,LOT-1125,625
2/28/2025,WH-MLG01,LOT-0945,775
2/28/2025,WH-MLG01,LOT-1126,654
2/28/2025,WH-MLG01,LOT-0150,1493
2/28/2025,WH-MLG01,LOT-0596,2475
2/28/2025,WH-MLG01,LOT-0138,494
2/28/2025,WH-MLG01,LOT-0514,953
2/28/2025,WH-MLG01,LOT-0202,1708
2/28/2025,WH-MLG01,LOT-0405,1362
2/28/2025,WH-MLG01,LOT-1190,474
2/28/2025,WH-MLG01,LOT-0998,1982
2/28/2025,WH-MLG01,LOT-0678,1971
2/28/2025,WH-MLG01,LOT-0732,1972
2/28/2025,WH-MLG01,LOT-0263,873
2/28/2025,WH-MLG01,LOT-0481,2429
2/28/2025,WH-MLG01,LOT-0205,670
2/28/2025,WH-MLG01,LOT-0584,1693
2/28/2025,WH-MLG01,LOT-0143,101
2/28/2025,WH-MLG01,LOT-0397,1008
2/28/2025,WH-MLG01,LOT-0651,186
2/28/2025,WH-MLG01,LOT-0996,533
2/28/2025,WH-MLG01,LOT-0923,2359
2/28/2025,WH-MLG01,LOT-0673,2436
2/28/2025,WH-MLG01,LOT-0627,669
2/28/2025,WH-MLG01,LOT-1197,561
2/28/2025,WH-MLG01,LOT-0313,2109
2/28/2025,WH-MLG01,LOT-1159,170
2/28/2025,WH-MLG01,LOT-1161,2354
2/28/2025,WH-MLG01,LOT-0747,611
2/28/2025,WH-MLG01,LOT-0878,239
2/28/2025,WH-MLG01,LOT-0346,691
2/28/2025,WH-MLG01,LOT-0010,1067
2/28/2025,WH-MLG01,LOT-0642,747
2/28/2025,WH-MLG01,LOT-0505,2126
2/28/2025,WH-MLG01,LOT-0454,1670
2/28/2025,WH-MLG01,LOT-0894,2464
2/28/2025,WH-MLG01,LOT-0567,2318
2/28/2025,WH-MLG01,LOT-0737,86
2/28/2025,WH-MLG01,LOT-0276,1171
2/28/2025,WH-MLG01,LOT-0983,361
2/28/2025,WH-MLG01,LOT-0948,897
2/28/2025,WH-MLG01,LOT-0913,1849
2/28/2025,WH-MLG01,LOT-0735,2494
2/28/2025,WH-MLG01,LOT-0626,1940
2/28/2025,WH-MLG01,LOT-1130,1982
2/28/2025,WH-MLG01,LOT-0223,708
2/28/2025,WH-MLG01,LOT-0360,908
2/28/2025,WH-MLG01,LOT-0168,1692
2/28/2025,WH-MLG01,LOT-0575,2471
2/28/2025,WH-MLG01,LOT-0287,594
2/28/2025,WH-MLG01,LOT-1104,2396
2/28/2025,WH-MLG01,LOT-0403,754
2/28/2025,WH-MLG01,LOT-0540,2102
2/28/2025,WH-MLG01,LOT-0157,1093
2/28/2025,WH-MLG01,LOT-0155,696
2/28/2025,WH-MLG01,LOT-0039,1413
2/28/2025,WH-MLG01,LOT-1039,1867
2/28/2025,WH-MLG01,LOT-1192,2453
2/28/2025,WH-MLG01,LOT-1186,2429
2/28/2025,WH-MLG01,LOT-0830,291
2/28/2025,WH-MLG01,LOT-0436,951
2/28/2025,WH-MLG01,LOT-0076,1559
2/28/2025,WH-MLG01,LOT-0534,1588
2/28/2025,WH-MLG01,LOT-1114,551
2/28/2025,WH-MLG01,LOT-1106,454
2/28/2025,WH-MLG01,LOT-0967,77
2/28/2025,WH-MLG01,LOT-0305,838
2/28/2025,WH-MLG01,LOT-0750,2151
2/28/2025,WH-MLG01,LOT-0804,2075
2/28/2025,WH-SLO01,LOT-0860,726
2/28/2025,WH-SLO01,LOT-0307,1677
2/28/2025,WH-SLO01,LOT-0198,2083
2/28/2025,WH-SLO01,LOT-0364,446
2/28/2025,WH-SLO01,LOT-0975,2298
2/28/2025,WH-SLO01,LOT-0080,306
2/28/2025,WH-SLO01,LOT-1089,2070
2/28/2025,WH-SLO01,LOT-1031,1215
2/28/2025,WH-SLO01,LOT-0241,1402
2/28/2025,WH-SLO01,LOT-0191,489
2/28/2025,WH-SLO01,LOT-0988,2112
2/28/2025,WH-SLO01,LOT-0267,1065
2/28/2025,WH-SLO01,LOT-1105,2213
2/28/2025,WH-SLO01,LOT-0003,2364
2/28/2025,WH-SLO01,LOT-0884,1034
2/28/2025,WH-SLO01,LOT-1070,1823
2/28/2025,WH-SLO01,LOT-0862,1554
2/28/2025,WH-SLO01,LOT-0759,2316
2/28/2025,WH-SLO01,LOT-0089,1990
2/28/2025,WH-SLO01,LOT-1086,1006
2/28/2025,WH-SLO01,LOT-0879,1401
2/28/2025,WH-SLO01,LOT-0470,1889
2/28/2025,WH-SLO01,LOT-0781,1897
2/28/2025,WH-SLO01,LOT-0718,2413
2/28/2025,WH-SLO01,LOT-1180,122
2/28/2025,WH-SLO01,LOT-0201,1984
2/28/2025,WH-SLO01,LOT-0872,486
2/28/2025,WH-SLO01,LOT-0275,1066
2/28/2025,WH-SLO01,LOT-0522,286
2/28/2025,WH-SLO01,LOT-0978,1577
2/28/2025,WH-SLO01,LOT-0477,912
2/28/2025,WH-SLO01,LOT-0172,951
2/28/2025,WH-SLO01,LOT-0581,1303
2/28/2025,WH-SLO01,LOT-1114,1699
2/28/2025,WH-SLO01,LOT-0837,1456
2/28/2025,WH-SLO01,LOT-0528,2125
2/28/2025,WH-SLO01,LOT-0388,2204
2/28/2025,WH-SLO01,LOT-0012,49
2/28/2025,WH-SLO01,LOT-0015,1088
2/28/2025,WH-SLO01,LOT-1184,1026
2/28/2025,WH-SLO01,LOT-1071,1186
2/28/2025,WH-SLO01,LOT-0242,390
2/28/2025,WH-SLO01,LOT-1065,1644
2/28/2025,WH-SLO01,LOT-0769,1410
2/28/2025,WH-SLO01,LOT-0421,321
2/28/2025,WH-SLO01,LOT-0647,2281
2/28/2025,WH-SLO01,LOT-0838,741
2/28/2025,WH-SLO01,LOT-0742,1961
2/28/2025,WH-SLO01,LOT-0219,1295
2/28/2025,WH-SLO01,LOT-0317,1458
2/28/2025,WH-SLO01,LOT-0873,905
2/28/2025,WH-SLO01,LOT-1199,2359
2/28/2025,WH-SLO01,LOT-0520,1112
2/28/2025,WH-SLO01,LOT-0536,758
2/28/2025,WH-SLO01,LOT-1098,788
2/28/2025,WH-SLO01,LOT-0868,2053
2/28/2025,WH-SLO01,LOT-1157,827
2/28/2025,WH-SLO01,LOT-0749,971
2/28/2025,WH-SLO01,LOT-0565,1001
2/28/2025,WH-SLO01,LOT-0814,1097
2/28/2025,WH-SLO01,LOT-0418,856
2/28/2025,WH-SLO01,LOT-0847,948
2/28/2025,WH-SLO01,LOT-1131,840
2/28/2025,WH-SLO01,LOT-1142,1032
2/28/2025,WH-SLO01,LOT-0989,1468
2/28/2025,WH-SLO01,LOT-0367,648
2/28/2025,WH-SLO01,LOT-1146,446
2/28/2025,WH-SLO01,LOT-1137,501
2/28/2025,WH-SLO01,LOT-0991,331
2/28/2025,WH-SLO01,LOT-0629,2027
2/28/2025,WH-SLO01,LOT-0706,37
2/28/2025,WH-SLO01,LOT-0816,2227
2/28/2025,WH-SLO01,LOT-0283,183
2/28/2025,WH-SLO01,LOT-0244,1985
2/28/2025,WH-SLO01,LOT-0471,1530
2/28/2025,WH-SLO01,LOT-0915,1301
2/28/2025,WH-SLO01,LOT-0332,2026
2/28/2025,WH-SLO01,LOT-0206,2363
2/28/2025,WH-SLO01,LOT-0440,1135
2/28/2025,WH-SLO01,LOT-1042,2020
2/28/2025,WH-SLO01,LOT-0821,759
2/28/2025,WH-SLO01,LOT-0694,2103
2/28/2025,WH-SLO01,LOT-1128,1157
2/28/2025,WH-SLO01,LOT-0107,1639
2/28/2025,WH-SLO01,LOT-0330,919
2/28/2025,WH-SLO01,LOT-0797,2372
2/28/2025,WH-SLO01,LOT-0011,535
2/28/2025,WH-SLO01,LOT-0187,231
2/28/2025,WH-SLO01,LOT-0298,2163
2/28/2025,WH-SLO01,LOT-0966,1743
2/28/2025,WH-SLO01,LOT-0892,1969
2/28/2025,WH-SLO01,LOT-0181,2224
2/28/2025,WH-SLO01,LOT-0132,143
2/28/2025,WH-SLO01,LOT-0539,2068
2/28/2025,WH-SLO01,LOT-0455,1432
2/28/2025,WH-SLO01,LOT-0760,1622
2/28/2025,WH-SLO01,LOT-0164,725
2/28/2025,WH-SLO01,LOT-0078,1882
2/28/2025,WH-SLO01,LOT-0788,503
2/28/2025,WH-SLO01,LOT-1068,2132
2/28/2025,WH-SLO01,LOT-0587,1894
2/28/2025,WH-SLO01,LOT-0118,1302
2/28/2025,WH-SLO01,LOT-0359,44
2/28/2025,WH-SLO01,LOT-1013,58
2/28/2025,WH-SLO01,LOT-0900,873
2/28/2025,WH-SLO01,LOT-0022,1564
2/28/2025,WH-SLO01,LOT-0414,2389
2/28/2025,WH-SLO01,LOT-1062,422
2/28/2025,WH-SLO01,LOT-0586,1342
2/28/2025,WH-SLO01,LOT-0399,1491
2/28/2025,WH-SLO01,LOT-0069,1073
2/28/2025,WH-SLO01,LOT-1046,776
2/28/2025,WH-SLO01,LOT-1057,2256
2/28/2025,WH-SLO01,LOT-0475,1086
2/28/2025,WH-SLO01,LOT-0348,981
2/28/2025,WH-SLO01,LOT-0074,1113
2/28/2025,WH-SLO01,LOT-0737,1940
2/28/2025,WH-SLO01,LOT-0490,1415
2/28/2025,WH-SLO01,LOT-0001,1508
2/28/2025,WH-SLO01,LOT-0323,763
2/28/2025,WH-SLO01,LOT-0178,2052
2/28/2025,WH-SLO01,LOT-0566,1746
2/28/2025,WH-SLO01,LOT-0819,872
2/28/2025,WH-SLO01,LOT-0724,1726
2/28/2025,WH-SLO01,LOT-0810,1534
2/28/2025,WH-SLO01,LOT-0831,1505
2/28/2025,WH-SLO01,LOT-0411,1650
2/28/2025,WH-SLO01,LOT-1061,1155
2/28/2025,WH-SLO01,LOT-0032,1856
2/28/2025,WH-SLO01,LOT-0141,746
2/28/2025,WH-SLO01,LOT-0185,2350
2/28/2025,WH-SLO01,LOT-1126,547
2/28/2025,WH-SLO01,LOT-0583,2368
2/28/2025,WH-SLO01,LOT-1194,946
2/28/2025,WH-SLO01,LOT-0713,419
2/28/2025,WH-SLO01,LOT-0712,1115
2/28/2025,WH-SLO01,LOT-0567,975
2/28/2025,WH-SLO01,LOT-0464,2284
2/28/2025,WH-SLO01,LOT-0932,1780
2/28/2025,WH-SLO01,LOT-0828,1570
2/28/2025,WH-SLO01,LOT-1178,813
2/28/2025,WH-SLO01,LOT-0010,607
2/28/2025,WH-SLO01,LOT-0535,622
2/28/2025,WH-YOG01,LOT-0020,10
2/28/2025,WH-YOG01,LOT-0362,2153
2/28/2025,WH-YOG01,LOT-0864,568
2/28/2025,WH-YOG01,LOT-1024,1418
2/28/2025,WH-YOG01,LOT-0276,1184
2/28/2025,WH-YOG01,LOT-1059,1931
2/28/2025,WH-YOG01,LOT-1094,2201
2/28/2025,WH-YOG01,LOT-0647,44
2/28/2025,WH-YOG01,LOT-0997,2024
2/28/2025,WH-YOG01,LOT-0615,1964
2/28/2025,WH-YOG01,LOT-0514,1237
2/28/2025,WH-YOG01,LOT-1152,47
2/28/2025,WH-YOG01,LOT-1163,1773
2/28/2025,WH-YOG01,LOT-0098,1209
2/28/2025,WH-YOG01,LOT-0816,2455
2/28/2025,WH-YOG01,LOT-0203,957
2/28/2025,WH-YOG01,LOT-0335,39
2/28/2025,WH-YOG01,LOT-0123,2255
2/28/2025,WH-YOG01,LOT-0442,1540
2/28/2025,WH-YOG01,LOT-0521,782
2/28/2025,WH-YOG01,LOT-0976,1696
2/28/2025,WH-YOG01,LOT-0198,2306
2/28/2025,WH-YOG01,LOT-0922,1800
2/28/2025,WH-YOG01,LOT-0686,1626
2/28/2025,WH-YOG01,LOT-0533,1033
2/28/2025,WH-YOG01,LOT-0740,678
2/28/2025,WH-YOG01,LOT-0738,1606
2/28/2025,WH-YOG01,LOT-1148,1559
2/28/2025,WH-YOG01,LOT-1142,913
2/28/2025,WH-YOG01,LOT-0528,1087
2/28/2025,WH-YOG01,LOT-0705,334
2/28/2025,WH-YOG01,LOT-0041,1739
2/28/2025,WH-YOG01,LOT-0844,991
2/28/2025,WH-YOG01,LOT-0249,2126
2/28/2025,WH-YOG01,LOT-0720,1123
2/28/2025,WH-YOG01,LOT-0408,1176
2/28/2025,WH-YOG01,LOT-1182,2188
2/28/2025,WH-YOG01,LOT-1180,1111
2/28/2025,WH-YOG01,LOT-1103,1701
2/28/2025,WH-YOG01,LOT-0358,780
2/28/2025,WH-YOG01,LOT-0583,290
2/28/2025,WH-YOG01,LOT-0728,757
2/28/2025,WH-YOG01,LOT-0666,569
2/28/2025,WH-YOG01,LOT-1046,1196
2/28/2025,WH-YOG01,LOT-0999,462
2/28/2025,WH-YOG01,LOT-0916,1875
2/28/2025,WH-YOG01,LOT-0161,1864
2/28/2025,WH-YOG01,LOT-0781,1124
2/28/2025,WH-YOG01,LOT-0587,2025
2/28/2025,WH-YOG01,LOT-0950,779
2/28/2025,WH-YOG01,LOT-0297,1323
2/28/2025,WH-YOG01,LOT-0344,89
2/28/2025,WH-YOG01,LOT-0691,633
2/28/2025,WH-YOG01,LOT-1171,213
2/28/2025,WH-YOG01,LOT-0829,2201
2/28/2025,WH-YOG01,LOT-0147,100
2/28/2025,WH-YOG01,LOT-0163,771
2/28/2025,WH-YOG01,LOT-0332,428
2/28/2025,WH-YOG01,LOT-0704,1165
2/28/2025,WH-YOG01,LOT-0468,1112
2/28/2025,WH-YOG01,LOT-0643,522
2/28/2025,WH-YOG01,LOT-0649,1805
2/28/2025,WH-YOG01,LOT-0597,43
2/28/2025,WH-YOG01,LOT-0548,963
2/28/2025,WH-YOG01,LOT-0810,379
2/28/2025,WH-YOG01,LOT-0556,627
2/28/2025,WH-YOG01,LOT-0912,70
2/28/2025,WH-YOG01,LOT-0744,2031
2/28/2025,WH-YOG01,LOT-1067,899
2/28/2025,WH-YOG01,LOT-0923,1410
2/28/2025,WH-YOG01,LOT-0848,1731
2/28/2025,WH-YOG01,LOT-0343,1286
2/28/2025,WH-YOG01,LOT-0377,2051
2/28/2025,WH-YOG01,LOT-0048,1531
2/28/2025,WH-YOG01,LOT-0257,1909
2/28/2025,WH-YOG01,LOT-0481,139
2/28/2025,WH-YOG01,LOT-0516,1362
2/28/2025,WH-YOG01,LOT-0164,338
2/28/2025,WH-YOG01,LOT-0432,608
2/28/2025,WH-YOG01,LOT-0342,239
2/28/2025,WH-YOG01,LOT-0814,1101
2/28/2025,WH-YOG01,LOT-0211,1617
2/28/2025,WH-YOG01,LOT-0196,302
2/28/2025,WH-YOG01,LOT-0131,2234
2/28/2025,WH-YOG01,LOT-0970,1935
2/28/2025,WH-YOG01,LOT-1124,753
2/28/2025,WH-YOG01,LOT-0111,797
2/28/2025,WH-YOG01,LOT-0054,1034
2/28/2025,WH-YOG01,LOT-1074,1572
2/28/2025,WH-YOG01,LOT-0171,61
2/28/2025,WH-YOG01,LOT-0213,509
2/28/2025,WH-YOG01,LOT-0538,1029
2/28/2025,WH-YOG01,LOT-0319,1586
2/28/2025,WH-YOG01,LOT-0173,1824
2/28/2025,WH-YOG01,LOT-0799,1022
2/28/2025,WH-YOG01,LOT-0634,147
2/28/2025,WH-YOG01,LOT-0470,825
2/28/2025,WH-YOG01,LOT-0507,1897
2/28/2025,WH-YOG01,LOT-0582,394
2/28/2025,WH-YOG01,LOT-0908,2144
2/28/2025,WH-YOG01,LOT-0259,863
2/28/2025,WH-YOG01,LOT-0269,1946
2/28/2025,WH-YOG01,LOT-1079,1603
2/28/2025,WH-YOG01,LOT-0350,1288
2/28/2025,WH-YOG01,LOT-0059,1333
2/28/2025,WH-YOG01,LOT-0072,659
2/28/2025,WH-YOG01,LOT-0731,182
2/28/2025,WH-YOG01,LOT-0667,2261
2/28/2025,WH-YOG01,LOT-0957,2143
2/28/2025,WH-YOG01,LOT-1108,510
2/28/2025,WH-YOG01,LOT-0558,1047
2/28/2025,WH-YOG01,LOT-0277,1981
2/28/2025,WH-YOG01,LOT-1105,1233
2/28/2025,WH-YOG01,LOT-0363,823
2/28/2025,WH-YOG01,LOT-0936,1486
2/28/2025,WH-YOG01,LOT-1156,223
2/28/2025,WH-YOG01,LOT-0891,902
2/28/2025,WH-YOG01,LOT-1073,472
2/28/2025,WH-YOG01,LOT-0635,976
2/28/2025,WH-YOG01,LOT-0712,1788
2/28/2025,WH-YOG01,LOT-0987,1339
2/28/2025,WH-YOG01,LOT-1106,71
2/28/2025,WH-YOG01,LOT-0466,695
2/28/2025,WH-YOG01,LOT-0184,1140
2/28/2025,WH-YOG01,LOT-0905,2404
2/28/2025,WH-YOG01,LOT-0631,500
2/28/2025,WH-YOG01,LOT-0750,1631
2/28/2025,WH-YOG01,LOT-0845,1005
2/28/2025,WH-YOG01,LOT-0622,46
2/28/2025,WH-YOG01,LOT-0022,182
3/31/2025,WH-JKT01,LOT-0974,1698
3/31/2025,WH-JKT01,LOT-0318,1773
3/31/2025,WH-JKT01,LOT-0761,1334
3/31/2025,WH-JKT01,LOT-0184,995
3/31/2025,WH-JKT01,LOT-0510,2316
3/31/2025,WH-JKT01,LOT-0323,2244
3/31/2025,WH-JKT01,LOT-1024,886
3/31/2025,WH-JKT01,LOT-0188,1546
3/31/2025,WH-JKT01,LOT-0694,2263
3/31/2025,WH-JKT01,LOT-0123,1050
3/31/2025,WH-JKT01,LOT-0729,1484
3/31/2025,WH-JKT01,LOT-0316,1863
3/31/2025,WH-JKT01,LOT-1099,1842
3/31/2025,WH-JKT01,LOT-0220,1636
3/31/2025,WH-JKT01,LOT-0258,10
3/31/2025,WH-JKT01,LOT-1000,151
3/31/2025,WH-JKT01,LOT-0477,1175
3/31/2025,WH-JKT01,LOT-0649,2450
3/31/2025,WH-JKT01,LOT-1144,76
3/31/2025,WH-JKT01,LOT-0712,2130
3/31/2025,WH-JKT01,LOT-0899,563
3/31/2025,WH-JKT01,LOT-0396,1246
3/31/2025,WH-JKT01,LOT-0044,36
3/31/2025,WH-JKT01,LOT-0774,1240
3/31/2025,WH-JKT01,LOT-0734,918
3/31/2025,WH-JKT01,LOT-0276,889
3/31/2025,WH-JKT01,LOT-0514,1299
3/31/2025,WH-JKT01,LOT-0081,98
3/31/2025,WH-JKT01,LOT-0994,1140
3/31/2025,WH-JKT01,LOT-0897,2277
3/31/2025,WH-JKT01,LOT-1145,2104
3/31/2025,WH-JKT01,LOT-0604,2288
3/31/2025,WH-JKT01,LOT-1112,2347
3/31/2025,WH-JKT01,LOT-1004,2351
3/31/2025,WH-JKT01,LOT-0389,643
3/31/2025,WH-JKT01,LOT-1161,396
3/31/2025,WH-JKT01,LOT-0383,164
3/31/2025,WH-JKT01,LOT-1114,1895
3/31/2025,WH-JKT01,LOT-0713,1466
3/31/2025,WH-JKT01,LOT-0663,649
3/31/2025,WH-JKT01,LOT-0960,576
3/31/2025,WH-JKT01,LOT-0564,1095
3/31/2025,WH-JKT01,LOT-1136,1513
3/31/2025,WH-JKT01,LOT-0329,2394
3/31/2025,WH-JKT01,LOT-0142,1033
3/31/2025,WH-JKT01,LOT-1088,964
3/31/2025,WH-JKT01,LOT-0921,1059
3/31/2025,WH-JKT01,LOT-0606,1240
3/31/2025,WH-JKT01,LOT-0540,386
3/31/2025,WH-JKT01,LOT-1110,2346
3/31/2025,WH-JKT01,LOT-0752,1647
3/31/2025,WH-JKT01,LOT-0930,2340
3/31/2025,WH-JKT01,LOT-0002,900
3/31/2025,WH-JKT01,LOT-1037,326
3/31/2025,WH-JKT01,LOT-0777,1339
3/31/2025,WH-JKT01,LOT-0380,1986
3/31/2025,WH-JKT01,LOT-0039,718
3/31/2025,WH-JKT01,LOT-0746,2009
3/31/2025,WH-JKT01,LOT-0490,2370
3/31/2025,WH-JKT01,LOT-0657,400
3/31/2025,WH-JKT01,LOT-0130,2448
3/31/2025,WH-JKT01,LOT-1104,1240
3/31/2025,WH-JKT01,LOT-0794,163
3/31/2025,WH-JKT01,LOT-1074,2370
3/31/2025,WH-JKT01,LOT-1019,1572
3/31/2025,WH-JKT01,LOT-1130,331
3/31/2025,WH-JKT01,LOT-0580,239
3/31/2025,WH-JKT01,LOT-0661,1379
3/31/2025,WH-JKT01,LOT-0840,1435
3/31/2025,WH-JKT01,LOT-0660,1788
3/31/2025,WH-JKT01,LOT-0227,1716
3/31/2025,WH-JKT01,LOT-0198,503
3/31/2025,WH-JKT01,LOT-1072,938
3/31/2025,WH-JKT01,LOT-0137,2477
3/31/2025,WH-JKT01,LOT-0090,56
3/31/2025,WH-JKT01,LOT-0266,1576
3/31/2025,WH-JKT01,LOT-0366,231
3/31/2025,WH-JKT01,LOT-0065,1258
3/31/2025,WH-JKT01,LOT-0414,2157
3/31/2025,WH-JKT01,LOT-0995,178
3/31/2025,WH-JKT01,LOT-0393,1317
3/31/2025,WH-JKT01,LOT-0203,2221
3/31/2025,WH-JKT01,LOT-0066,2323
3/31/2025,WH-JKT01,LOT-1170,622
3/31/2025,WH-JKT01,LOT-0796,1348
3/31/2025,WH-JKT01,LOT-1077,2067
3/31/2025,WH-JKT01,LOT-0525,914
3/31/2025,WH-JKT01,LOT-0101,637
3/31/2025,WH-JKT01,LOT-0751,216
3/31/2025,WH-JKT01,LOT-0453,1619
3/31/2025,WH-JKT01,LOT-0146,1835
3/31/2025,WH-JKT01,LOT-0027,2447
3/31/2025,WH-JKT01,LOT-0428,2366
3/31/2025,WH-JKT01,LOT-1007,2077
3/31/2025,WH-JKT01,LOT-0164,378
3/31/2025,WH-JKT01,LOT-0959,919
3/31/2025,WH-JKT01,LOT-0125,1779
3/31/2025,WH-JKT01,LOT-0740,1196
3/31/2025,WH-JKT01,LOT-1143,1625
3/31/2025,WH-JKT01,LOT-0852,616
3/31/2025,WH-JKT01,LOT-0756,551
3/31/2025,WH-JKT01,LOT-0120,1386
3/31/2025,WH-JKT01,LOT-0545,348
3/31/2025,WH-JKT01,LOT-1084,1959
3/31/2025,WH-JKT01,LOT-0084,2350
3/31/2025,WH-JKT01,LOT-0145,211
3/31/2025,WH-JKT01,LOT-0623,2255
3/31/2025,WH-JKT01,LOT-0160,1645
3/31/2025,WH-JKT01,LOT-0443,1085
3/31/2025,WH-JKT01,LOT-1064,358
3/31/2025,WH-JKT01,LOT-0199,1642
3/31/2025,WH-JKT01,LOT-0208,2065
3/31/2025,WH-JKT01,LOT-0474,1789
3/31/2025,WH-JKT01,LOT-1089,544
3/31/2025,WH-JKT01,LOT-0790,562
3/31/2025,WH-JKT01,LOT-1078,1979
3/31/2025,WH-JKT01,LOT-1168,2300
3/31/2025,WH-JKT01,LOT-0367,821
3/31/2025,WH-JKT01,LOT-0851,2008
3/31/2025,WH-JKT01,LOT-0217,1629
3/31/2025,WH-JKT01,LOT-1181,2350
3/31/2025,WH-JKT01,LOT-0940,813
3/31/2025,WH-JKT01,LOT-0875,2308
3/31/2025,WH-JKT01,LOT-0214,2157
3/31/2025,WH-JKT01,LOT-0342,1018
3/31/2025,WH-JKT01,LOT-0370,1002
3/31/2025,WH-JKT01,LOT-1127,303
3/31/2025,WH-JKT01,LOT-0823,1100
3/31/2025,WH-JKT01,LOT-1034,1771
3/31/2025,WH-JKT01,LOT-0692,1334
3/31/2025,WH-JKT01,LOT-0324,2369
3/31/2025,WH-JKT01,LOT-1094,376
3/31/2025,WH-JKT01,LOT-0908,470
3/31/2025,WH-JKT01,LOT-0722,1704
3/31/2025,WH-JKT01,LOT-0646,1744
3/31/2025,WH-JKT01,LOT-0665,1506
3/31/2025,WH-JKT01,LOT-0762,1436
3/31/2025,WH-SBY01,LOT-0657,577
3/31/2025,WH-SBY01,LOT-0706,2389
3/31/2025,WH-SBY01,LOT-0050,2227
3/31/2025,WH-SBY01,LOT-0625,838
3/31/2025,WH-SBY01,LOT-0347,575
3/31/2025,WH-SBY01,LOT-0717,1275
3/31/2025,WH-SBY01,LOT-0906,2155
3/31/2025,WH-SBY01,LOT-0299,563
3/31/2025,WH-SBY01,LOT-0903,1771
3/31/2025,WH-SBY01,LOT-0092,604
3/31/2025,WH-SBY01,LOT-0479,2323
3/31/2025,WH-SBY01,LOT-0409,657
3/31/2025,WH-SBY01,LOT-0766,1310
3/31/2025,WH-SBY01,LOT-0320,287
3/31/2025,WH-SBY01,LOT-0176,2292
3/31/2025,WH-SBY01,LOT-0231,2193
3/31/2025,WH-SBY01,LOT-0112,494
3/31/2025,WH-SBY01,LOT-0498,764
3/31/2025,WH-SBY01,LOT-0303,1310
3/31/2025,WH-SBY01,LOT-0590,606
3/31/2025,WH-SBY01,LOT-0029,130
3/31/2025,WH-SBY01,LOT-0704,1315
3/31/2025,WH-SBY01,LOT-0228,1705
3/31/2025,WH-SBY01,LOT-0922,1694
3/31/2025,WH-SBY01,LOT-0965,1252
3/31/2025,WH-SBY01,LOT-0047,1824
3/31/2025,WH-SBY01,LOT-0680,1131
3/31/2025,WH-SBY01,LOT-0429,632
3/31/2025,WH-SBY01,LOT-1102,779
3/31/2025,WH-SBY01,LOT-0434,447
3/31/2025,WH-SBY01,LOT-0418,548
3/31/2025,WH-SBY01,LOT-1120,766
3/31/2025,WH-SBY01,LOT-1072,117
3/31/2025,WH-SBY01,LOT-0530,1103
3/31/2025,WH-SBY01,LOT-1124,2490
3/31/2025,WH-SBY01,LOT-0990,2332
3/31/2025,WH-SBY01,LOT-0290,955
3/31/2025,WH-SBY01,LOT-0038,2452
3/31/2025,WH-SBY01,LOT-0772,961
3/31/2025,WH-SBY01,LOT-1194,955
3/31/2025,WH-SBY01,LOT-1079,116
3/31/2025,WH-SBY01,LOT-0090,1481
3/31/2025,WH-SBY01,LOT-0524,335
3/31/2025,WH-SBY01,LOT-0349,1962
3/31/2025,WH-SBY01,LOT-0124,559
3/31/2025,WH-SBY01,LOT-0582,2067
3/31/2025,WH-SBY01,LOT-0412,2486
3/31/2025,WH-SBY01,LOT-0556,1930
3/31/2025,WH-SBY01,LOT-0109,1541
3/31/2025,WH-SBY01,LOT-0953,763
3/31/2025,WH-SBY01,LOT-0018,1597
3/31/2025,WH-SBY01,LOT-0137,2022
3/31/2025,WH-SBY01,LOT-0796,1950
3/31/2025,WH-SBY01,LOT-0738,573
3/31/2025,WH-SBY01,LOT-0221,680
3/31/2025,WH-SBY01,LOT-0040,801
3/31/2025,WH-SBY01,LOT-0600,936
3/31/2025,WH-SBY01,LOT-0792,142
3/31/2025,WH-SBY01,LOT-0474,1683
3/31/2025,WH-SBY01,LOT-0780,71
3/31/2025,WH-SBY01,LOT-1042,1115
3/31/2025,WH-SBY01,LOT-0204,1701
3/31/2025,WH-SBY01,LOT-0647,921
3/31/2025,WH-SBY01,LOT-0993,840
3/31/2025,WH-SBY01,LOT-1089,847
3/31/2025,WH-SBY01,LOT-0181,280
3/31/2025,WH-SBY01,LOT-0382,735
3/31/2025,WH-SBY01,LOT-0408,1809
3/31/2025,WH-SBY01,LOT-1026,2016
3/31/2025,WH-SBY01,LOT-0938,1340
3/31/2025,WH-SBY01,LOT-1149,1884
3/31/2025,WH-SBY01,LOT-0045,1020
3/31/2025,WH-SBY01,LOT-0082,1761
3/31/2025,WH-SBY01,LOT-0507,1668
3/31/2025,WH-SBY01,LOT-1085,181
3/31/2025,WH-SBY01,LOT-0684,2500
3/31/2025,WH-SBY01,LOT-1004,1568
3/31/2025,WH-SBY01,LOT-0806,1291
3/31/2025,WH-SBY01,LOT-0322,1624
3/31/2025,WH-SBY01,LOT-0711,2352
3/31/2025,WH-SBY01,LOT-0721,2442
3/31/2025,WH-SBY01,LOT-0728,2206
3/31/2025,WH-SBY01,LOT-0620,2161
3/31/2025,WH-SBY01,LOT-0484,167
3/31/2025,WH-SBY01,LOT-1027,2142
3/31/2025,WH-SBY01,LOT-0565,457
3/31/2025,WH-SBY01,LOT-0127,1859
3/31/2025,WH-SBY01,LOT-0528,1881
3/31/2025,WH-SBY01,LOT-0793,183
3/31/2025,WH-SBY01,LOT-0061,1016
3/31/2025,WH-SBY01,LOT-1137,2134
3/31/2025,WH-SBY01,LOT-0574,2213
3/31/2025,WH-SBY01,LOT-0462,1630
3/31/2025,WH-SBY01,LOT-0311,170
3/31/2025,WH-SBY01,LOT-0700,2294
3/31/2025,WH-SBY01,LOT-0805,1596
3/31/2025,WH-SBY01,LOT-0282,2124
3/31/2025,WH-SBY01,LOT-0180,211
3/31/2025,WH-SBY01,LOT-0783,787
3/31/2025,WH-SBY01,LOT-1067,1202
3/31/2025,WH-SBY01,LOT-0466,1810
3/31/2025,WH-SBY01,LOT-0855,1640
3/31/2025,WH-SBY01,LOT-0493,1257
3/31/2025,WH-SBY01,LOT-1174,1181
3/31/2025,WH-SBY01,LOT-0313,1899
3/31/2025,WH-SBY01,LOT-0874,691
3/31/2025,WH-SBY01,LOT-0640,1740
3/31/2025,WH-SBY01,LOT-0675,1215
3/31/2025,WH-SBY01,LOT-0920,233
3/31/2025,WH-SBY01,LOT-1111,2127
3/31/2025,WH-SBY01,LOT-0270,592
3/31/2025,WH-SBY01,LOT-0424,1908
3/31/2025,WH-BDG01,LOT-0926,1705
3/31/2025,WH-BDG01,LOT-0186,196
3/31/2025,WH-BDG01,LOT-1026,1377
3/31/2025,WH-BDG01,LOT-0232,1442
3/31/2025,WH-BDG01,LOT-0369,2305
3/31/2025,WH-BDG01,LOT-1199,879
3/31/2025,WH-BDG01,LOT-1120,56
3/31/2025,WH-BDG01,LOT-0278,834
3/31/2025,WH-BDG01,LOT-0806,1163
3/31/2025,WH-BDG01,LOT-0847,1052
3/31/2025,WH-BDG01,LOT-0663,287
3/31/2025,WH-BDG01,LOT-0924,1270
3/31/2025,WH-BDG01,LOT-0052,1239
3/31/2025,WH-BDG01,LOT-0367,2085
3/31/2025,WH-BDG01,LOT-0930,2262
3/31/2025,WH-BDG01,LOT-0414,1336
3/31/2025,WH-BDG01,LOT-0932,35
3/31/2025,WH-BDG01,LOT-0185,476
3/31/2025,WH-BDG01,LOT-0513,1375
3/31/2025,WH-BDG01,LOT-0664,1408
3/31/2025,WH-BDG01,LOT-0336,1632
3/31/2025,WH-BDG01,LOT-0254,2340
3/31/2025,WH-BDG01,LOT-0187,129
3/31/2025,WH-BDG01,LOT-0234,729
3/31/2025,WH-BDG01,LOT-0921,804
3/31/2025,WH-BDG01,LOT-0744,1363
3/31/2025,WH-BDG01,LOT-0175,1394
3/31/2025,WH-BDG01,LOT-1073,1972
3/31/2025,WH-BDG01,LOT-0787,1953
3/31/2025,WH-BDG01,LOT-1048,155
3/31/2025,WH-BDG01,LOT-0328,566
3/31/2025,WH-BDG01,LOT-0776,1982
3/31/2025,WH-BDG01,LOT-1128,646
3/31/2025,WH-BDG01,LOT-0780,1896
3/31/2025,WH-BDG01,LOT-0090,2209
3/31/2025,WH-BDG01,LOT-0350,1382
3/31/2025,WH-BDG01,LOT-0687,1904
3/31/2025,WH-BDG01,LOT-1159,1705
3/31/2025,WH-BDG01,LOT-0308,239
3/31/2025,WH-BDG01,LOT-0333,2144
3/31/2025,WH-BDG01,LOT-0297,1236
3/31/2025,WH-BDG01,LOT-0106,2324
3/31/2025,WH-BDG01,LOT-0860,1302
3/31/2025,WH-BDG01,LOT-0631,2284
3/31/2025,WH-BDG01,LOT-0634,2204
3/31/2025,WH-BDG01,LOT-0914,86
3/31/2025,WH-BDG01,LOT-0592,863
3/31/2025,WH-BDG01,LOT-0371,2375
3/31/2025,WH-BDG01,LOT-0241,1368
3/31/2025,WH-BDG01,LOT-0270,1458
3/31/2025,WH-BDG01,LOT-0416,281
3/31/2025,WH-BDG01,LOT-0008,621
3/31/2025,WH-BDG01,LOT-0519,1158
3/31/2025,WH-BDG01,LOT-0026,137
3/31/2025,WH-BDG01,LOT-0940,1399
3/31/2025,WH-BDG01,LOT-1020,1546
3/31/2025,WH-BDG01,LOT-1022,2198
3/31/2025,WH-BDG01,LOT-1114,689
3/31/2025,WH-BDG01,LOT-0012,2348
3/31/2025,WH-BDG01,LOT-1011,2490
3/31/2025,WH-BDG01,LOT-0488,1605
3/31/2025,WH-BDG01,LOT-0445,777
3/31/2025,WH-BDG01,LOT-0975,2447
3/31/2025,WH-BDG01,LOT-0840,488
3/31/2025,WH-BDG01,LOT-0905,1272
3/31/2025,WH-BDG01,LOT-0163,1298
3/31/2025,WH-BDG01,LOT-0014,139
3/31/2025,WH-BDG01,LOT-0502,1122
3/31/2025,WH-BDG01,LOT-1121,1705
3/31/2025,WH-BDG01,LOT-0570,365
3/31/2025,WH-BDG01,LOT-1142,2045
3/31/2025,WH-BDG01,LOT-0426,983
3/31/2025,WH-BDG01,LOT-0101,1532
3/31/2025,WH-BDG01,LOT-0379,1861
3/31/2025,WH-BDG01,LOT-0304,1249
3/31/2025,WH-BDG01,LOT-0113,895
3/31/2025,WH-BDG01,LOT-0715,2160
3/31/2025,WH-BDG01,LOT-0076,1248
3/31/2025,WH-BDG01,LOT-0298,726
3/31/2025,WH-BDG01,LOT-0067,469
3/31/2025,WH-BDG01,LOT-1184,1542
3/31/2025,WH-BDG01,LOT-0612,163
3/31/2025,WH-BDG01,LOT-0679,837
3/31/2025,WH-BDG01,LOT-0180,389
3/31/2025,WH-BDG01,LOT-0224,1827
3/31/2025,WH-BDG01,LOT-0854,2082
3/31/2025,WH-BDG01,LOT-0366,112
3/31/2025,WH-BDG01,LOT-0331,1986
3/31/2025,WH-BDG01,LOT-0583,2058
3/31/2025,WH-BDG01,LOT-1173,641
3/31/2025,WH-BDG01,LOT-1152,789
3/31/2025,WH-BDG01,LOT-0364,1403
3/31/2025,WH-BDG01,LOT-0933,1990
3/31/2025,WH-BDG01,LOT-1186,2154
3/31/2025,WH-BDG01,LOT-0738,1281
3/31/2025,WH-BDG01,LOT-0074,1350
3/31/2025,WH-BDG01,LOT-0191,596
3/31/2025,WH-BDG01,LOT-0613,412
3/31/2025,WH-BDG01,LOT-0662,2124
3/31/2025,WH-BDG01,LOT-0755,553
3/31/2025,WH-BDG01,LOT-0777,850
3/31/2025,WH-BDG01,LOT-0139,159
3/31/2025,WH-BDG01,LOT-0876,1891
3/31/2025,WH-BDG01,LOT-0133,1597
3/31/2025,WH-BDG01,LOT-0600,2149
3/31/2025,WH-BDG01,LOT-0965,484
3/31/2025,WH-BDG01,LOT-0276,26
3/31/2025,WH-BDG01,LOT-0250,1283
3/31/2025,WH-BDG01,LOT-0563,190
3/31/2025,WH-BDG01,LOT-0675,2444
3/31/2025,WH-BDG01,LOT-1080,366
3/31/2025,WH-BDG01,LOT-0848,1375
3/31/2025,WH-BDG01,LOT-1075,1922
3/31/2025,WH-BDG01,LOT-0430,198
3/31/2025,WH-BDG01,LOT-0429,432
3/31/2025,WH-BDG01,LOT-0120,2142
3/31/2025,WH-BDG01,LOT-1171,1289
3/31/2025,WH-BDG01,LOT-1084,102
3/31/2025,WH-BDG01,LOT-0991,2375
3/31/2025,WH-BDG01,LOT-0589,1288
3/31/2025,WH-BDG01,LOT-0875,869
3/31/2025,WH-BDG01,LOT-0649,1324
3/31/2025,WH-BDG01,LOT-0532,831
3/31/2025,WH-BDG01,LOT-1077,798
3/31/2025,WH-BDG01,LOT-1178,1183
3/31/2025,WH-BDG01,LOT-0725,1143
3/31/2025,WH-BDG01,LOT-0266,2190
3/31/2025,WH-BDG01,LOT-1153,1317
3/31/2025,WH-BDG01,LOT-1017,1816
3/31/2025,WH-BDG01,LOT-1065,491
3/31/2025,WH-BDG01,LOT-1009,1126
3/31/2025,WH-BDG01,LOT-0477,621
3/31/2025,WH-BDG01,LOT-0595,655
3/31/2025,WH-BDG01,LOT-0397,1130
3/31/2025,WH-BDG01,LOT-0004,478
3/31/2025,WH-BDG01,LOT-0243,72
3/31/2025,WH-BDG01,LOT-0050,2302
3/31/2025,WH-BDG01,LOT-0953,2115
3/31/2025,WH-BDG01,LOT-0242,429
3/31/2025,WH-BDG01,LOT-0425,856
3/31/2025,WH-BDG01,LOT-0850,2232
3/31/2025,WH-SMG01,LOT-1126,1257
3/31/2025,WH-SMG01,LOT-0653,1790
3/31/2025,WH-SMG01,LOT-0556,1420
3/31/2025,WH-SMG01,LOT-0290,375
3/31/2025,WH-SMG01,LOT-0581,2396
3/31/2025,WH-SMG01,LOT-1176,43
3/31/2025,WH-SMG01,LOT-0502,2100
3/31/2025,WH-SMG01,LOT-0351,1665
3/31/2025,WH-SMG01,LOT-0146,532
3/31/2025,WH-SMG01,LOT-0638,1214
3/31/2025,WH-SMG01,LOT-0694,265
3/31/2025,WH-SMG01,LOT-1108,1522
3/31/2025,WH-SMG01,LOT-0909,2258
3/31/2025,WH-SMG01,LOT-0104,227
3/31/2025,WH-SMG01,LOT-0267,13
3/31/2025,WH-SMG01,LOT-0060,2303
3/31/2025,WH-SMG01,LOT-0965,1481
3/31/2025,WH-SMG01,LOT-0217,459
3/31/2025,WH-SMG01,LOT-0786,1165
3/31/2025,WH-SMG01,LOT-0111,137
3/31/2025,WH-SMG01,LOT-0177,973
3/31/2025,WH-SMG01,LOT-0874,1778
3/31/2025,WH-SMG01,LOT-0803,2427
3/31/2025,WH-SMG01,LOT-0367,1624
3/31/2025,WH-SMG01,LOT-0914,1313
3/31/2025,WH-SMG01,LOT-0729,1577
3/31/2025,WH-SMG01,LOT-0640,1673
3/31/2025,WH-SMG01,LOT-0681,1572
3/31/2025,WH-SMG01,LOT-0406,1792
3/31/2025,WH-SMG01,LOT-1093,2242
3/31/2025,WH-SMG01,LOT-0161,875
3/31/2025,WH-SMG01,LOT-0954,720
3/31/2025,WH-SMG01,LOT-1163,1955
3/31/2025,WH-SMG01,LOT-0270,579
3/31/2025,WH-SMG01,LOT-0191,780
3/31/2025,WH-SMG01,LOT-0960,2285
3/31/2025,WH-SMG01,LOT-0200,1585
3/31/2025,WH-SMG01,LOT-0934,1485
3/31/2025,WH-SMG01,LOT-0636,1718
3/31/2025,WH-SMG01,LOT-0964,641
3/31/2025,WH-SMG01,LOT-0475,1191
3/31/2025,WH-SMG01,LOT-0459,524
3/31/2025,WH-SMG01,LOT-0295,560
3/31/2025,WH-SMG01,LOT-0529,57
3/31/2025,WH-SMG01,LOT-0745,303
3/31/2025,WH-SMG01,LOT-0376,74
3/31/2025,WH-SMG01,LOT-0677,599
3/31/2025,WH-SMG01,LOT-0666,2003
3/31/2025,WH-SMG01,LOT-0929,1798
3/31/2025,WH-SMG01,LOT-0999,566
3/31/2025,WH-SMG01,LOT-0062,356
3/31/2025,WH-SMG01,LOT-0134,572
3/31/2025,WH-SMG01,LOT-0974,1713
3/31/2025,WH-SMG01,LOT-0232,1877
3/31/2025,WH-SMG01,LOT-0720,2485
3/31/2025,WH-SMG01,LOT-0981,1753
3/31/2025,WH-SMG01,LOT-0945,746
3/31/2025,WH-SMG01,LOT-0350,1871
3/31/2025,WH-SMG01,LOT-0579,2096
3/31/2025,WH-SMG01,LOT-0714,1747
3/31/2025,WH-SMG01,LOT-1177,2271
3/31/2025,WH-SMG01,LOT-0261,1853
3/31/2025,WH-SMG01,LOT-1041,1585
3/31/2025,WH-SMG01,LOT-0211,1465
3/31/2025,WH-SMG01,LOT-0831,934
3/31/2025,WH-SMG01,LOT-0220,771
3/31/2025,WH-SMG01,LOT-0668,1749
3/31/2025,WH-SMG01,LOT-1139,2486
3/31/2025,WH-SMG01,LOT-0619,40
3/31/2025,WH-SMG01,LOT-1092,2377
3/31/2025,WH-SMG01,LOT-0821,2050
3/31/2025,WH-SMG01,LOT-0847,979
3/31/2025,WH-SMG01,LOT-0489,2065
3/31/2025,WH-SMG01,LOT-0500,1112
3/31/2025,WH-SMG01,LOT-1123,1692
3/31/2025,WH-SMG01,LOT-0326,2247
3/31/2025,WH-SMG01,LOT-0988,2370
3/31/2025,WH-SMG01,LOT-0787,1513
3/31/2025,WH-SMG01,LOT-0136,147
3/31/2025,WH-SMG01,LOT-0698,165
3/31/2025,WH-SMG01,LOT-0427,2337
3/31/2025,WH-SMG01,LOT-0883,1989
3/31/2025,WH-SMG01,LOT-0892,1519
3/31/2025,WH-SMG01,LOT-1162,473
3/31/2025,WH-SMG01,LOT-0701,2386
3/31/2025,WH-SMG01,LOT-1116,1982
3/31/2025,WH-SMG01,LOT-0484,337
3/31/2025,WH-SMG01,LOT-0355,591
3/31/2025,WH-SMG01,LOT-0160,2166
3/31/2025,WH-SMG01,LOT-0997,1154
3/31/2025,WH-SMG01,LOT-0235,1914
3/31/2025,WH-SMG01,LOT-0949,2127
3/31/2025,WH-SMG01,LOT-0667,330
3/31/2025,WH-SMG01,LOT-1137,2153
3/31/2025,WH-SMG01,LOT-0912,372
3/31/2025,WH-SMG01,LOT-0361,1014
3/31/2025,WH-SMG01,LOT-0631,1945
3/31/2025,WH-SMG01,LOT-0832,329
3/31/2025,WH-SMG01,LOT-0143,2218
3/31/2025,WH-SMG01,LOT-0223,2384
3/31/2025,WH-SMG01,LOT-0777,1289
3/31/2025,WH-SMG01,LOT-0671,226
3/31/2025,WH-SMG01,LOT-1013,1417
3/31/2025,WH-SMG01,LOT-0126,2201
3/31/2025,WH-SMG01,LOT-0186,54
3/31/2025,WH-SMG01,LOT-0446,1930
3/31/2025,WH-SMG01,LOT-0285,1869
3/31/2025,WH-SMG01,LOT-1190,2109
3/31/2025,WH-SMG01,LOT-0001,1931
3/31/2025,WH-SMG01,LOT-0301,2360
3/31/2025,WH-SMG01,LOT-0306,1367
3/31/2025,WH-SMG01,LOT-0928,1734
3/31/2025,WH-SMG01,LOT-1089,1455
3/31/2025,WH-SMG01,LOT-0597,1216
3/31/2025,WH-SMG01,LOT-0799,1194
3/31/2025,WH-SMG01,LOT-1184,696
3/31/2025,WH-SMG01,LOT-0916,154
3/31/2025,WH-SMG01,LOT-0401,2457
3/31/2025,WH-SMG01,LOT-0422,1255
3/31/2025,WH-SMG01,LOT-0649,2318
3/31/2025,WH-SMG01,LOT-0614,1076
3/31/2025,WH-SMG01,LOT-1168,261
3/31/2025,WH-BKS01,LOT-0970,1618
3/31/2025,WH-BKS01,LOT-1185,740
3/31/2025,WH-BKS01,LOT-0347,2025
3/31/2025,WH-BKS01,LOT-1174,454
3/31/2025,WH-BKS01,LOT-0106,599
3/31/2025,WH-BKS01,LOT-0598,2224
3/31/2025,WH-BKS01,LOT-0056,1776
3/31/2025,WH-BKS01,LOT-0588,904
3/31/2025,WH-BKS01,LOT-0993,445
3/31/2025,WH-BKS01,LOT-0169,1818
3/31/2025,WH-BKS01,LOT-0260,1070
3/31/2025,WH-BKS01,LOT-1036,433
3/31/2025,WH-BKS01,LOT-0158,152
3/31/2025,WH-BKS01,LOT-0570,308
3/31/2025,WH-BKS01,LOT-0517,298
3/31/2025,WH-BKS01,LOT-0272,2350
3/31/2025,WH-BKS01,LOT-0576,1036
3/31/2025,WH-BKS01,LOT-0564,1836
3/31/2025,WH-BKS01,LOT-0527,86
3/31/2025,WH-BKS01,LOT-0030,2048
3/31/2025,WH-BKS01,LOT-0229,619
3/31/2025,WH-BKS01,LOT-0358,13
3/31/2025,WH-BKS01,LOT-0310,164
3/31/2025,WH-BKS01,LOT-0915,1609
3/31/2025,WH-BKS01,LOT-0758,1101
3/31/2025,WH-BKS01,LOT-0360,630
3/31/2025,WH-BKS01,LOT-0536,1360
3/31/2025,WH-BKS01,LOT-0484,1612
3/31/2025,WH-BKS01,LOT-0994,2363
3/31/2025,WH-BKS01,LOT-0371,25
3/31/2025,WH-BKS01,LOT-1081,2121
3/31/2025,WH-BKS01,LOT-0068,2019
3/31/2025,WH-BKS01,LOT-0703,1968
3/31/2025,WH-BKS01,LOT-0173,1796
3/31/2025,WH-BKS01,LOT-0298,1664
3/31/2025,WH-BKS01,LOT-0316,297
3/31/2025,WH-BKS01,LOT-1016,2222
3/31/2025,WH-BKS01,LOT-0846,935
3/31/2025,WH-BKS01,LOT-0785,23
3/31/2025,WH-BKS01,LOT-0488,1584
3/31/2025,WH-BKS01,LOT-0902,1984
3/31/2025,WH-BKS01,LOT-0343,506
3/31/2025,WH-BKS01,LOT-0432,2333
3/31/2025,WH-BKS01,LOT-1184,2202
3/31/2025,WH-BKS01,LOT-0707,1480
3/31/2025,WH-BKS01,LOT-0112,1375
3/31/2025,WH-BKS01,LOT-0542,1250
3/31/2025,WH-BKS01,LOT-0238,1650
3/31/2025,WH-BKS01,LOT-0108,236
3/31/2025,WH-BKS01,LOT-0344,381
3/31/2025,WH-BKS01,LOT-0951,1506
3/31/2025,WH-BKS01,LOT-0817,2199
3/31/2025,WH-BKS01,LOT-0976,1402
3/31/2025,WH-BKS01,LOT-0618,339
3/31/2025,WH-BKS01,LOT-1091,1892
3/31/2025,WH-BKS01,LOT-0479,1197
3/31/2025,WH-BKS01,LOT-0778,841
3/31/2025,WH-BKS01,LOT-0799,733
3/31/2025,WH-BKS01,LOT-0972,2281
3/31/2025,WH-BKS01,LOT-0538,171
3/31/2025,WH-BKS01,LOT-1087,1583
3/31/2025,WH-BKS01,LOT-0891,792
3/31/2025,WH-BKS01,LOT-0025,1234
3/31/2025,WH-BKS01,LOT-0592,1607
3/31/2025,WH-BKS01,LOT-0920,447
3/31/2025,WH-BKS01,LOT-0783,1481
3/31/2025,WH-BKS01,LOT-0647,2002
3/31/2025,WH-BKS01,LOT-1086,357
3/31/2025,WH-BKS01,LOT-0085,1803
3/31/2025,WH-BKS01,LOT-0200,786
3/31/2025,WH-BKS01,LOT-1089,583
3/31/2025,WH-BKS01,LOT-0725,156
3/31/2025,WH-BKS01,LOT-0885,800
3/31/2025,WH-BKS01,LOT-0559,113
3/31/2025,WH-BKS01,LOT-0687,2438
3/31/2025,WH-BKS01,LOT-0554,986
3/31/2025,WH-BKS01,LOT-0547,2013
3/31/2025,WH-BKS01,LOT-0202,1602
3/31/2025,WH-BKS01,LOT-0523,268
3/31/2025,WH-BKS01,LOT-1197,2224
3/31/2025,WH-BKS01,LOT-0802,1270
3/31/2025,WH-BKS01,LOT-0945,2056
3/31/2025,WH-BKS01,LOT-0496,2197
3/31/2025,WH-BKS01,LOT-0400,1850
3/31/2025,WH-BKS01,LOT-1065,77
3/31/2025,WH-BKS01,LOT-0692,161
3/31/2025,WH-BKS01,LOT-0369,1399
3/31/2025,WH-BKS01,LOT-0642,239
3/31/2025,WH-BKS01,LOT-1122,1393
3/31/2025,WH-BKS01,LOT-0022,185
3/31/2025,WH-BKS01,LOT-0018,1670
3/31/2025,WH-BKS01,LOT-0140,494
3/31/2025,WH-BKS01,LOT-0843,877
3/31/2025,WH-BKS01,LOT-0201,2152
3/31/2025,WH-BKS01,LOT-1076,1887
3/31/2025,WH-BKS01,LOT-0213,2207
3/31/2025,WH-BKS01,LOT-0914,620
3/31/2025,WH-BKS01,LOT-0720,2383
3/31/2025,WH-BKS01,LOT-0450,964
3/31/2025,WH-BKS01,LOT-0581,305
3/31/2025,WH-BKS01,LOT-0516,161
3/31/2025,WH-BKS01,LOT-0396,589
3/31/2025,WH-BKS01,LOT-0070,2012
3/31/2025,WH-BKS01,LOT-0049,88
3/31/2025,WH-BKS01,LOT-0189,1940
3/31/2025,WH-BKS01,LOT-0117,197
3/31/2025,WH-BKS01,LOT-0445,1004
3/31/2025,WH-BKS01,LOT-0250,544
3/31/2025,WH-BKS01,LOT-0246,68
3/31/2025,WH-BKS01,LOT-0177,715
3/31/2025,WH-BKS01,LOT-0267,214
3/31/2025,WH-BKS01,LOT-0770,1268
3/31/2025,WH-BKS01,LOT-1160,408
3/31/2025,WH-BKS01,LOT-0379,1878
3/31/2025,WH-BKS01,LOT-0228,709
3/31/2025,WH-BKS01,LOT-0378,2430
3/31/2025,WH-BKS01,LOT-0519,271
3/31/2025,WH-BKS01,LOT-0604,445
3/31/2025,WH-BKS01,LOT-0957,477
3/31/2025,WH-BKS01,LOT-0156,2046
3/31/2025,WH-BKS01,LOT-0929,2447
3/31/2025,WH-BKS01,LOT-0567,913
3/31/2025,WH-BKS01,LOT-0875,268
3/31/2025,WH-BKS01,LOT-0663,840
3/31/2025,WH-BKS01,LOT-0528,1755
3/31/2025,WH-BKS01,LOT-0332,1391
3/31/2025,WH-BKS01,LOT-0152,1656
3/31/2025,WH-BKS01,LOT-0568,1338
3/31/2025,WH-BKS01,LOT-0128,504
3/31/2025,WH-BKS01,LOT-0784,2369
3/31/2025,WH-BKS01,LOT-0796,2245
3/31/2025,WH-BKS01,LOT-0682,572
3/31/2025,WH-BKS01,LOT-0124,1327
3/31/2025,WH-BKS01,LOT-0529,883
3/31/2025,WH-BKS01,LOT-0543,196
3/31/2025,WH-BKS01,LOT-0365,2439
3/31/2025,WH-BKS01,LOT-0903,720
3/31/2025,WH-BKS01,LOT-0143,1384
3/31/2025,WH-BKS01,LOT-1008,268
3/31/2025,WH-BKS01,LOT-0411,504
3/31/2025,WH-TNG01,LOT-0290,254
3/31/2025,WH-TNG01,LOT-0851,1159
3/31/2025,WH-TNG01,LOT-0345,569
3/31/2025,WH-TNG01,LOT-0758,465
3/31/2025,WH-TNG01,LOT-1134,1916
3/31/2025,WH-TNG01,LOT-0338,1888
3/31/2025,WH-TNG01,LOT-0899,1723
3/31/2025,WH-TNG01,LOT-0499,711
3/31/2025,WH-TNG01,LOT-1192,1417
3/31/2025,WH-TNG01,LOT-0084,910
3/31/2025,WH-TNG01,LOT-0274,1218
3/31/2025,WH-TNG01,LOT-0205,2482
3/31/2025,WH-TNG01,LOT-0771,652
3/31/2025,WH-TNG01,LOT-0324,706
3/31/2025,WH-TNG01,LOT-0033,2377
3/31/2025,WH-TNG01,LOT-0998,2274
3/31/2025,WH-TNG01,LOT-0166,950
3/31/2025,WH-TNG01,LOT-0014,364
3/31/2025,WH-TNG01,LOT-0015,1696
3/31/2025,WH-TNG01,LOT-0368,2147
3/31/2025,WH-TNG01,LOT-0183,2013
3/31/2025,WH-TNG01,LOT-0582,896
3/31/2025,WH-TNG01,LOT-0853,2433
3/31/2025,WH-TNG01,LOT-0975,1949
3/31/2025,WH-TNG01,LOT-0260,1905
3/31/2025,WH-TNG01,LOT-0423,1153
3/31/2025,WH-TNG01,LOT-0294,69
3/31/2025,WH-TNG01,LOT-0555,1763
3/31/2025,WH-TNG01,LOT-1072,1020
3/31/2025,WH-TNG01,LOT-0923,1025
3/31/2025,WH-TNG01,LOT-0844,1350
3/31/2025,WH-TNG01,LOT-0490,1788
3/31/2025,WH-TNG01,LOT-0358,2383
3/31/2025,WH-TNG01,LOT-0078,920
3/31/2025,WH-TNG01,LOT-0369,2433
3/31/2025,WH-TNG01,LOT-1024,620
3/31/2025,WH-TNG01,LOT-0181,2359
3/31/2025,WH-TNG01,LOT-0617,30
3/31/2025,WH-TNG01,LOT-0713,1721
3/31/2025,WH-TNG01,LOT-0858,191
3/31/2025,WH-TNG01,LOT-0010,174
3/31/2025,WH-TNG01,LOT-1143,1937
3/31/2025,WH-TNG01,LOT-0483,2075
3/31/2025,WH-TNG01,LOT-0394,147
3/31/2025,WH-TNG01,LOT-0241,1753
3/31/2025,WH-TNG01,LOT-1086,2185
3/31/2025,WH-TNG01,LOT-0196,1625
3/31/2025,WH-TNG01,LOT-0742,1973
3/31/2025,WH-TNG01,LOT-1106,411
3/31/2025,WH-TNG01,LOT-1040,1863
3/31/2025,WH-TNG01,LOT-0450,2038
3/31/2025,WH-TNG01,LOT-0951,995
3/31/2025,WH-TNG01,LOT-0427,350
3/31/2025,WH-TNG01,LOT-0567,2297
3/31/2025,WH-TNG01,LOT-0109,60
3/31/2025,WH-TNG01,LOT-0397,1675
3/31/2025,WH-TNG01,LOT-0231,902
3/31/2025,WH-TNG01,LOT-0306,553
3/31/2025,WH-TNG01,LOT-0972,1478
3/31/2025,WH-TNG01,LOT-1019,1221
3/31/2025,WH-TNG01,LOT-0362,989
3/31/2025,WH-TNG01,LOT-0328,381
3/31/2025,WH-TNG01,LOT-0089,75
3/31/2025,WH-TNG01,LOT-0111,1975
3/31/2025,WH-TNG01,LOT-0746,1258
3/31/2025,WH-TNG01,LOT-0584,672
3/31/2025,WH-TNG01,LOT-0430,1891
3/31/2025,WH-TNG01,LOT-0891,2346
3/31/2025,WH-TNG01,LOT-0515,2400
3/31/2025,WH-TNG01,LOT-0685,109
3/31/2025,WH-TNG01,LOT-0929,1873
3/31/2025,WH-TNG01,LOT-0214,1909
3/31/2025,WH-TNG01,LOT-0108,577
3/31/2025,WH-TNG01,LOT-1101,1670
3/31/2025,WH-TNG01,LOT-0361,767
3/31/2025,WH-TNG01,LOT-0060,1527
3/31/2025,WH-TNG01,LOT-0994,1911
3/31/2025,WH-TNG01,LOT-1055,15
3/31/2025,WH-TNG01,LOT-0238,299
3/31/2025,WH-TNG01,LOT-0146,1586
3/31/2025,WH-TNG01,LOT-0482,1373
3/31/2025,WH-TNG01,LOT-0911,2184
3/31/2025,WH-TNG01,LOT-1188,143
3/31/2025,WH-TNG01,LOT-0668,1224
3/31/2025,WH-TNG01,LOT-0859,1754
3/31/2025,WH-TNG01,LOT-0408,1115
3/31/2025,WH-TNG01,LOT-0472,2231
3/31/2025,WH-TNG01,LOT-0226,2366
3/31/2025,WH-TNG01,LOT-0467,858
3/31/2025,WH-TNG01,LOT-0201,341
3/31/2025,WH-TNG01,LOT-0486,1385
3/31/2025,WH-TNG01,LOT-0845,234
3/31/2025,WH-TNG01,LOT-0410,2118
3/31/2025,WH-TNG01,LOT-0770,1500
3/31/2025,WH-TNG01,LOT-0452,221
3/31/2025,WH-TNG01,LOT-0151,464
3/31/2025,WH-TNG01,LOT-0965,1578
3/31/2025,WH-TNG01,LOT-1199,1507
3/31/2025,WH-TNG01,LOT-0993,1916
3/31/2025,WH-TNG01,LOT-0112,177
3/31/2025,WH-TNG01,LOT-0893,1507
3/31/2025,WH-TNG01,LOT-0297,1510
3/31/2025,WH-TNG01,LOT-0443,727
3/31/2025,WH-TNG01,LOT-0932,2298
3/31/2025,WH-TNG01,LOT-0365,284
3/31/2025,WH-TNG01,LOT-0794,2306
3/31/2025,WH-TNG01,LOT-0765,848
3/31/2025,WH-TNG01,LOT-0280,576
3/31/2025,WH-TNG01,LOT-0938,1381
3/31/2025,WH-TNG01,LOT-0398,987
3/31/2025,WH-TNG01,LOT-0735,2220
3/31/2025,WH-TNG01,LOT-0553,475
3/31/2025,WH-TNG01,LOT-0415,1969
3/31/2025,WH-TNG01,LOT-0688,2386
3/31/2025,WH-TNG01,LOT-0261,869
3/31/2025,WH-TNG01,LOT-0066,933
3/31/2025,WH-TNG01,LOT-1165,1322
3/31/2025,WH-BPR01,LOT-0548,1971
3/31/2025,WH-BPR01,LOT-1032,174
3/31/2025,WH-BPR01,LOT-0867,581
3/31/2025,WH-BPR01,LOT-0568,2266
3/31/2025,WH-BPR01,LOT-0112,488
3/31/2025,WH-BPR01,LOT-0130,1271
3/31/2025,WH-BPR01,LOT-0764,111
3/31/2025,WH-BPR01,LOT-0708,1655
3/31/2025,WH-BPR01,LOT-0927,912
3/31/2025,WH-BPR01,LOT-0996,1836
3/31/2025,WH-BPR01,LOT-1027,1473
3/31/2025,WH-BPR01,LOT-1079,388
3/31/2025,WH-BPR01,LOT-0252,1346
3/31/2025,WH-BPR01,LOT-0963,235
3/31/2025,WH-BPR01,LOT-1090,2500
3/31/2025,WH-BPR01,LOT-1092,809
3/31/2025,WH-BPR01,LOT-0599,2399
3/31/2025,WH-BPR01,LOT-0926,2166
3/31/2025,WH-BPR01,LOT-0754,919
3/31/2025,WH-BPR01,LOT-0135,1148
3/31/2025,WH-BPR01,LOT-0386,811
3/31/2025,WH-BPR01,LOT-0938,102
3/31/2025,WH-BPR01,LOT-0179,352
3/31/2025,WH-BPR01,LOT-0165,2215
3/31/2025,WH-BPR01,LOT-0801,1834
3/31/2025,WH-BPR01,LOT-0367,367
3/31/2025,WH-BPR01,LOT-0591,2106
3/31/2025,WH-BPR01,LOT-0158,1625
3/31/2025,WH-BPR01,LOT-0224,806
3/31/2025,WH-BPR01,LOT-0338,2018
3/31/2025,WH-BPR01,LOT-0566,1311
3/31/2025,WH-BPR01,LOT-0230,2480
3/31/2025,WH-BPR01,LOT-0304,2488
3/31/2025,WH-BPR01,LOT-1017,2105
3/31/2025,WH-BPR01,LOT-0309,239
3/31/2025,WH-BPR01,LOT-0419,1488
3/31/2025,WH-BPR01,LOT-1067,1638
3/31/2025,WH-BPR01,LOT-0047,615
3/31/2025,WH-BPR01,LOT-0601,1761
3/31/2025,WH-BPR01,LOT-0854,1524
3/31/2025,WH-BPR01,LOT-1109,1591
3/31/2025,WH-BPR01,LOT-0271,1537
3/31/2025,WH-BPR01,LOT-0971,59
3/31/2025,WH-BPR01,LOT-0711,1175
3/31/2025,WH-BPR01,LOT-0861,1422
3/31/2025,WH-BPR01,LOT-0910,1449
3/31/2025,WH-BPR01,LOT-0044,1271
3/31/2025,WH-BPR01,LOT-0598,1835
3/31/2025,WH-BPR01,LOT-0388,2307
3/31/2025,WH-BPR01,LOT-0129,368
3/31/2025,WH-BPR01,LOT-0046,893
3/31/2025,WH-BPR01,LOT-0476,1829
3/31/2025,WH-BPR01,LOT-1065,1712
3/31/2025,WH-BPR01,LOT-0688,1822
3/31/2025,WH-BPR01,LOT-0844,1192
3/31/2025,WH-BPR01,LOT-1186,680
3/31/2025,WH-BPR01,LOT-0703,1746
3/31/2025,WH-BPR01,LOT-0669,1706
3/31/2025,WH-BPR01,LOT-1086,581
3/31/2025,WH-BPR01,LOT-1124,2415
3/31/2025,WH-BPR01,LOT-0912,2459
3/31/2025,WH-BPR01,LOT-0623,362
3/31/2025,WH-BPR01,LOT-1162,598
3/31/2025,WH-BPR01,LOT-0628,861
3/31/2025,WH-BPR01,LOT-0352,1252
3/31/2025,WH-BPR01,LOT-0533,1954
3/31/2025,WH-BPR01,LOT-0465,2161
3/31/2025,WH-BPR01,LOT-0992,1383
3/31/2025,WH-BPR01,LOT-0762,280
3/31/2025,WH-BPR01,LOT-0097,2429
3/31/2025,WH-BPR01,LOT-0724,1549
3/31/2025,WH-BPR01,LOT-0583,372
3/31/2025,WH-BPR01,LOT-0934,37
3/31/2025,WH-BPR01,LOT-0341,1687
3/31/2025,WH-BPR01,LOT-0330,1129
3/31/2025,WH-BPR01,LOT-1097,1707
3/31/2025,WH-BPR01,LOT-0585,726
3/31/2025,WH-BPR01,LOT-0374,2286
3/31/2025,WH-BPR01,LOT-0360,1902
3/31/2025,WH-BPR01,LOT-0315,2336
3/31/2025,WH-BPR01,LOT-0331,570
3/31/2025,WH-BPR01,LOT-0488,826
3/31/2025,WH-BPR01,LOT-0240,771
3/31/2025,WH-BPR01,LOT-0085,1573
3/31/2025,WH-BPR01,LOT-0649,1195
3/31/2025,WH-BPR01,LOT-1177,2278
3/31/2025,WH-BPR01,LOT-0260,2019
3/31/2025,WH-BPR01,LOT-0903,182
3/31/2025,WH-BPR01,LOT-0534,1246
3/31/2025,WH-BPR01,LOT-0758,2407
3/31/2025,WH-BPR01,LOT-0378,1254
3/31/2025,WH-BPR01,LOT-0421,2033
3/31/2025,WH-BPR01,LOT-1152,2300
3/31/2025,WH-BPR01,LOT-0072,1908
3/31/2025,WH-BPR01,LOT-0650,929
3/31/2025,WH-BPR01,LOT-0705,119
3/31/2025,WH-BPR01,LOT-0303,20
3/31/2025,WH-BPR01,LOT-0919,640
3/31/2025,WH-BPR01,LOT-1106,1085
3/31/2025,WH-BPR01,LOT-0333,1239
3/31/2025,WH-BPR01,LOT-1093,1945
3/31/2025,WH-BPR01,LOT-0618,518
3/31/2025,WH-BPR01,LOT-0249,1188
3/31/2025,WH-BPR01,LOT-0052,1718
3/31/2025,WH-BPR01,LOT-0829,744
3/31/2025,WH-BPR01,LOT-1023,2024
3/31/2025,WH-BPR01,LOT-0298,1012
3/31/2025,WH-BPR01,LOT-0939,126
3/31/2025,WH-BPR01,LOT-0656,498
3/31/2025,WH-BPR01,LOT-0320,1145
3/31/2025,WH-BPR01,LOT-0009,2029
3/31/2025,WH-BPR01,LOT-1119,283
3/31/2025,WH-BPR01,LOT-1040,2463
3/31/2025,WH-BPR01,LOT-0679,1491
3/31/2025,WH-BPR01,LOT-0606,2390
3/31/2025,WH-BPR01,LOT-0594,1978
3/31/2025,WH-BPR01,LOT-1175,2326
3/31/2025,WH-BPR01,LOT-0302,1796
3/31/2025,WH-BPR01,LOT-1158,1066
3/31/2025,WH-BPR01,LOT-0906,1959
3/31/2025,WH-BPR01,LOT-0694,499
3/31/2025,WH-BPR01,LOT-0231,1538
3/31/2025,WH-MLG01,LOT-1179,1511
3/31/2025,WH-MLG01,LOT-0036,2424
3/31/2025,WH-MLG01,LOT-0532,768
3/31/2025,WH-MLG01,LOT-0334,1810
3/31/2025,WH-MLG01,LOT-1192,449
3/31/2025,WH-MLG01,LOT-0120,750
3/31/2025,WH-MLG01,LOT-0300,1463
3/31/2025,WH-MLG01,LOT-0655,1564
3/31/2025,WH-MLG01,LOT-0945,1747
3/31/2025,WH-MLG01,LOT-0278,887
3/31/2025,WH-MLG01,LOT-0732,2116
3/31/2025,WH-MLG01,LOT-0335,942
3/31/2025,WH-MLG01,LOT-0109,1679
3/31/2025,WH-MLG01,LOT-0559,472
3/31/2025,WH-MLG01,LOT-0740,1297
3/31/2025,WH-MLG01,LOT-0860,516
3/31/2025,WH-MLG01,LOT-0730,1918
3/31/2025,WH-MLG01,LOT-0100,461
3/31/2025,WH-MLG01,LOT-0594,2138
3/31/2025,WH-MLG01,LOT-0598,566
3/31/2025,WH-MLG01,LOT-1085,2040
3/31/2025,WH-MLG01,LOT-0158,1489
3/31/2025,WH-MLG01,LOT-1053,1190
3/31/2025,WH-MLG01,LOT-0397,2292
3/31/2025,WH-MLG01,LOT-0376,176
3/31/2025,WH-MLG01,LOT-0194,346
3/31/2025,WH-MLG01,LOT-0343,1353
3/31/2025,WH-MLG01,LOT-1114,2032
3/31/2025,WH-MLG01,LOT-0661,483
3/31/2025,WH-MLG01,LOT-0648,1586
3/31/2025,WH-MLG01,LOT-0617,1171
3/31/2025,WH-MLG01,LOT-0556,1881
3/31/2025,WH-MLG01,LOT-0743,2469
3/31/2025,WH-MLG01,LOT-0197,1287
3/31/2025,WH-MLG01,LOT-1095,1828
3/31/2025,WH-MLG01,LOT-1188,935
3/31/2025,WH-MLG01,LOT-0721,2278
3/31/2025,WH-MLG01,LOT-0295,1678
3/31/2025,WH-MLG01,LOT-0027,1200
3/31/2025,WH-MLG01,LOT-0281,1762
3/31/2025,WH-MLG01,LOT-1062,783
3/31/2025,WH-MLG01,LOT-0577,295
3/31/2025,WH-MLG01,LOT-0764,1958
3/31/2025,WH-MLG01,LOT-0994,1515
3/31/2025,WH-MLG01,LOT-0844,744
3/31/2025,WH-MLG01,LOT-0697,62
3/31/2025,WH-MLG01,LOT-0210,2023
3/31/2025,WH-MLG01,LOT-0447,440
3/31/2025,WH-MLG01,LOT-0317,1633
3/31/2025,WH-MLG01,LOT-1031,1804
3/31/2025,WH-MLG01,LOT-0453,2150
3/31/2025,WH-MLG01,LOT-0386,358
3/31/2025,WH-MLG01,LOT-1145,498
3/31/2025,WH-MLG01,LOT-1077,597
3/31/2025,WH-MLG01,LOT-1090,1627
3/31/2025,WH-MLG01,LOT-1129,1650
3/31/2025,WH-MLG01,LOT-0234,2428
3/31/2025,WH-MLG01,LOT-0855,426
3/31/2025,WH-MLG01,LOT-0944,701
3/31/2025,WH-MLG01,LOT-0157,275
3/31/2025,WH-MLG01,LOT-0239,1499
3/31/2025,WH-MLG01,LOT-0269,825
3/31/2025,WH-MLG01,LOT-0983,1397
3/31/2025,WH-MLG01,LOT-0714,830
3/31/2025,WH-MLG01,LOT-0639,2446
3/31/2025,WH-MLG01,LOT-0285,1665
3/31/2025,WH-MLG01,LOT-0906,512
3/31/2025,WH-MLG01,LOT-1072,963
3/31/2025,WH-MLG01,LOT-0701,1749
3/31/2025,WH-MLG01,LOT-0353,2054
3/31/2025,WH-MLG01,LOT-0624,1150
3/31/2025,WH-MLG01,LOT-0059,2393
3/31/2025,WH-MLG01,LOT-0243,2441
3/31/2025,WH-MLG01,LOT-0456,1128
3/31/2025,WH-MLG01,LOT-0264,1649
3/31/2025,WH-MLG01,LOT-0292,1468
3/31/2025,WH-MLG01,LOT-0465,1958
3/31/2025,WH-MLG01,LOT-0630,2480
3/31/2025,WH-MLG01,LOT-0257,1666
3/31/2025,WH-MLG01,LOT-0430,1994
3/31/2025,WH-MLG01,LOT-0267,2104
3/31/2025,WH-MLG01,LOT-0161,1152
3/31/2025,WH-MLG01,LOT-0871,613
3/31/2025,WH-MLG01,LOT-0229,1872
3/31/2025,WH-MLG01,LOT-0160,452
3/31/2025,WH-MLG01,LOT-0039,510
3/31/2025,WH-MLG01,LOT-0992,1036
3/31/2025,WH-MLG01,LOT-0884,2014
3/31/2025,WH-MLG01,LOT-0088,2046
3/31/2025,WH-MLG01,LOT-0403,955
3/31/2025,WH-MLG01,LOT-0221,561
3/31/2025,WH-MLG01,LOT-0068,131
3/31/2025,WH-MLG01,LOT-1052,417
3/31/2025,WH-MLG01,LOT-0122,226
3/31/2025,WH-MLG01,LOT-0961,289
3/31/2025,WH-MLG01,LOT-0244,2050
3/31/2025,WH-MLG01,LOT-0519,119
3/31/2025,WH-MLG01,LOT-0089,743
3/31/2025,WH-MLG01,LOT-0136,1577
3/31/2025,WH-MLG01,LOT-0618,2486
3/31/2025,WH-MLG01,LOT-0022,1349
3/31/2025,WH-MLG01,LOT-0198,635
3/31/2025,WH-MLG01,LOT-0254,1250
3/31/2025,WH-MLG01,LOT-0421,404
3/31/2025,WH-MLG01,LOT-0410,323
3/31/2025,WH-MLG01,LOT-0379,2139
3/31/2025,WH-MLG01,LOT-0720,2026
3/31/2025,WH-MLG01,LOT-0060,1918
3/31/2025,WH-MLG01,LOT-0186,837
3/31/2025,WH-MLG01,LOT-0299,1212
3/31/2025,WH-MLG01,LOT-0569,2049
3/31/2025,WH-MLG01,LOT-0713,2018
3/31/2025,WH-MLG01,LOT-0722,2077
3/31/2025,WH-MLG01,LOT-0329,1081
3/31/2025,WH-MLG01,LOT-1026,2231
3/31/2025,WH-MLG01,LOT-0496,1417
3/31/2025,WH-MLG01,LOT-1035,2224
3/31/2025,WH-MLG01,LOT-1168,2248
3/31/2025,WH-MLG01,LOT-0140,82
3/31/2025,WH-MLG01,LOT-0203,139
3/31/2025,WH-MLG01,LOT-1185,1772
3/31/2025,WH-MLG01,LOT-0029,497
3/31/2025,WH-MLG01,LOT-1084,1581
3/31/2025,WH-MLG01,LOT-0445,1853
3/31/2025,WH-MLG01,LOT-0393,1298
3/31/2025,WH-MLG01,LOT-0578,1551
3/31/2025,WH-MLG01,LOT-0352,1822
3/31/2025,WH-MLG01,LOT-1101,1892
3/31/2025,WH-MLG01,LOT-0009,157
3/31/2025,WH-MLG01,LOT-0439,144
3/31/2025,WH-MLG01,LOT-1033,734
3/31/2025,WH-MLG01,LOT-0973,2290
3/31/2025,WH-SLO01,LOT-0621,273
3/31/2025,WH-SLO01,LOT-0337,843
3/31/2025,WH-SLO01,LOT-1007,1699
3/31/2025,WH-SLO01,LOT-0883,1103
3/31/2025,WH-SLO01,LOT-0276,1185
3/31/2025,WH-SLO01,LOT-0640,667
3/31/2025,WH-SLO01,LOT-0797,1060
3/31/2025,WH-SLO01,LOT-0999,2472
3/31/2025,WH-SLO01,LOT-0225,977
3/31/2025,WH-SLO01,LOT-1166,1672
3/31/2025,WH-SLO01,LOT-1005,986
3/31/2025,WH-SLO01,LOT-1135,475
3/31/2025,WH-SLO01,LOT-1105,624
3/31/2025,WH-SLO01,LOT-1172,796
3/31/2025,WH-SLO01,LOT-0963,123
3/31/2025,WH-SLO01,LOT-0975,1015
3/31/2025,WH-SLO01,LOT-1152,1281
3/31/2025,WH-SLO01,LOT-0321,1911
3/31/2025,WH-SLO01,LOT-1038,1998
3/31/2025,WH-SLO01,LOT-0115,2303
3/31/2025,WH-SLO01,LOT-0802,1796
3/31/2025,WH-SLO01,LOT-0540,1738
3/31/2025,WH-SLO01,LOT-1014,161
3/31/2025,WH-SLO01,LOT-0774,837
3/31/2025,WH-SLO01,LOT-0723,662
3/31/2025,WH-SLO01,LOT-0583,1127
3/31/2025,WH-SLO01,LOT-0657,568
3/31/2025,WH-SLO01,LOT-0126,129
3/31/2025,WH-SLO01,LOT-0058,1068
3/31/2025,WH-SLO01,LOT-0093,1147
3/31/2025,WH-SLO01,LOT-0263,2265
3/31/2025,WH-SLO01,LOT-0751,730
3/31/2025,WH-SLO01,LOT-0715,182
3/31/2025,WH-SLO01,LOT-1196,2000
3/31/2025,WH-SLO01,LOT-0056,91
3/31/2025,WH-SLO01,LOT-0699,236
3/31/2025,WH-SLO01,LOT-0780,353
3/31/2025,WH-SLO01,LOT-0200,1295
3/31/2025,WH-SLO01,LOT-0877,2474
3/31/2025,WH-SLO01,LOT-0707,1230
3/31/2025,WH-SLO01,LOT-0732,270
3/31/2025,WH-SLO01,LOT-0844,1677
3/31/2025,WH-SLO01,LOT-0720,1498
3/31/2025,WH-SLO01,LOT-0116,379
3/31/2025,WH-SLO01,LOT-0501,1635
3/31/2025,WH-SLO01,LOT-0508,585
3/31/2025,WH-SLO01,LOT-0481,976
3/31/2025,WH-SLO01,LOT-0174,468
3/31/2025,WH-SLO01,LOT-0135,2348
3/31/2025,WH-SLO01,LOT-0625,2059
3/31/2025,WH-SLO01,LOT-0235,504
3/31/2025,WH-SLO01,LOT-0692,2147
3/31/2025,WH-SLO01,LOT-0348,2387
3/31/2025,WH-SLO01,LOT-0041,2161
3/31/2025,WH-SLO01,LOT-1103,1041
3/31/2025,WH-SLO01,LOT-0668,2043
3/31/2025,WH-SLO01,LOT-0077,379
3/31/2025,WH-SLO01,LOT-0944,985
3/31/2025,WH-SLO01,LOT-0866,2466
3/31/2025,WH-SLO01,LOT-1164,510
3/31/2025,WH-SLO01,LOT-1055,1293
3/31/2025,WH-SLO01,LOT-0863,1358
3/31/2025,WH-SLO01,LOT-0547,2403
3/31/2025,WH-SLO01,LOT-0042,1607
3/31/2025,WH-SLO01,LOT-0962,976
3/31/2025,WH-SLO01,LOT-0046,1742
3/31/2025,WH-SLO01,LOT-0649,902
3/31/2025,WH-SLO01,LOT-1169,600
3/31/2025,WH-SLO01,LOT-0800,447
3/31/2025,WH-SLO01,LOT-0661,727
3/31/2025,WH-SLO01,LOT-1173,886
3/31/2025,WH-SLO01,LOT-0201,1134
3/31/2025,WH-SLO01,LOT-1001,1810
3/31/2025,WH-SLO01,LOT-0205,1682
3/31/2025,WH-SLO01,LOT-0422,1051
3/31/2025,WH-SLO01,LOT-0689,2424
3/31/2025,WH-SLO01,LOT-1018,239
3/31/2025,WH-SLO01,LOT-1030,2018
3/31/2025,WH-SLO01,LOT-0696,2195
3/31/2025,WH-SLO01,LOT-0342,1544
3/31/2025,WH-SLO01,LOT-0614,472
3/31/2025,WH-SLO01,LOT-0745,1306
3/31/2025,WH-SLO01,LOT-0893,2245
3/31/2025,WH-SLO01,LOT-0414,1745
3/31/2025,WH-SLO01,LOT-0155,1955
3/31/2025,WH-SLO01,LOT-1098,1019
3/31/2025,WH-SLO01,LOT-0439,1147
3/31/2025,WH-SLO01,LOT-0589,603
3/31/2025,WH-SLO01,LOT-0544,1496
3/31/2025,WH-SLO01,LOT-0098,1956
3/31/2025,WH-SLO01,LOT-0609,1516
3/31/2025,WH-SLO01,LOT-1175,1272
3/31/2025,WH-SLO01,LOT-0824,96
3/31/2025,WH-SLO01,LOT-0463,2491
3/31/2025,WH-SLO01,LOT-0189,152
3/31/2025,WH-SLO01,LOT-1185,233
3/31/2025,WH-SLO01,LOT-0195,991
3/31/2025,WH-SLO01,LOT-0690,1046
3/31/2025,WH-SLO01,LOT-0560,2273
3/31/2025,WH-SLO01,LOT-0138,1585
3/31/2025,WH-SLO01,LOT-1161,1276
3/31/2025,WH-SLO01,LOT-1088,1496
3/31/2025,WH-SLO01,LOT-0974,509
3/31/2025,WH-SLO01,LOT-0875,2200
3/31/2025,WH-SLO01,LOT-0430,978
3/31/2025,WH-SLO01,LOT-0712,1822
3/31/2025,WH-SLO01,LOT-0158,1601
3/31/2025,WH-SLO01,LOT-0619,42
3/31/2025,WH-SLO01,LOT-1034,1619
3/31/2025,WH-SLO01,LOT-0615,1056
3/31/2025,WH-SLO01,LOT-0887,1242
3/31/2025,WH-SLO01,LOT-1106,379
3/31/2025,WH-SLO01,LOT-0642,974
3/31/2025,WH-SLO01,LOT-0410,1228
3/31/2025,WH-SLO01,LOT-0849,871
3/31/2025,WH-SLO01,LOT-0515,666
3/31/2025,WH-SLO01,LOT-1056,1807
3/31/2025,WH-SLO01,LOT-0929,1309
3/31/2025,WH-SLO01,LOT-1122,1674
3/31/2025,WH-SLO01,LOT-0370,148
3/31/2025,WH-SLO01,LOT-0039,1132
3/31/2025,WH-SLO01,LOT-1058,338
3/31/2025,WH-SLO01,LOT-0383,2023
3/31/2025,WH-SLO01,LOT-1182,1939
3/31/2025,WH-SLO01,LOT-1023,1701
3/31/2025,WH-SLO01,LOT-0437,1372
3/31/2025,WH-SLO01,LOT-0958,1740
3/31/2025,WH-SLO01,LOT-0549,421
3/31/2025,WH-SLO01,LOT-1092,666
3/31/2025,WH-SLO01,LOT-0889,1078
3/31/2025,WH-SLO01,LOT-1160,2083
3/31/2025,WH-SLO01,LOT-0123,281
3/31/2025,WH-SLO01,LOT-1070,1451
3/31/2025,WH-SLO01,LOT-0411,1733
3/31/2025,WH-SLO01,LOT-0747,2476
3/31/2025,WH-SLO01,LOT-0948,2253
3/31/2025,WH-SLO01,LOT-0303,1348
3/31/2025,WH-SLO01,LOT-0493,1866
3/31/2025,WH-SLO01,LOT-0309,122
3/31/2025,WH-SLO01,LOT-0892,223
3/31/2025,WH-SLO01,LOT-0841,762
3/31/2025,WH-SLO01,LOT-0653,1826
3/31/2025,WH-YOG01,LOT-0279,1818
3/31/2025,WH-YOG01,LOT-0007,1470
3/31/2025,WH-YOG01,LOT-0821,2307
3/31/2025,WH-YOG01,LOT-0410,1997
3/31/2025,WH-YOG01,LOT-0626,1884
3/31/2025,WH-YOG01,LOT-0643,2029
3/31/2025,WH-YOG01,LOT-1180,470
3/31/2025,WH-YOG01,LOT-0169,616
3/31/2025,WH-YOG01,LOT-0227,516
3/31/2025,WH-YOG01,LOT-0324,1441
3/31/2025,WH-YOG01,LOT-0512,393
3/31/2025,WH-YOG01,LOT-1058,844
3/31/2025,WH-YOG01,LOT-0267,1173
3/31/2025,WH-YOG01,LOT-0841,749
3/31/2025,WH-YOG01,LOT-0655,699
3/31/2025,WH-YOG01,LOT-0925,2093
3/31/2025,WH-YOG01,LOT-0980,1127
3/31/2025,WH-YOG01,LOT-0274,2317
3/31/2025,WH-YOG01,LOT-0534,2408
3/31/2025,WH-YOG01,LOT-0356,879
3/31/2025,WH-YOG01,LOT-0671,2400
3/31/2025,WH-YOG01,LOT-0578,26
3/31/2025,WH-YOG01,LOT-0407,2164
3/31/2025,WH-YOG01,LOT-0173,2347
3/31/2025,WH-YOG01,LOT-0849,749
3/31/2025,WH-YOG01,LOT-0753,1715
3/31/2025,WH-YOG01,LOT-0373,324
3/31/2025,WH-YOG01,LOT-0806,1018
3/31/2025,WH-YOG01,LOT-0773,2050
3/31/2025,WH-YOG01,LOT-1169,396
3/31/2025,WH-YOG01,LOT-0460,1356
3/31/2025,WH-YOG01,LOT-0043,116
3/31/2025,WH-YOG01,LOT-0048,1174
3/31/2025,WH-YOG01,LOT-1144,509
3/31/2025,WH-YOG01,LOT-0469,1624
3/31/2025,WH-YOG01,LOT-0183,1540
3/31/2025,WH-YOG01,LOT-0948,2428
3/31/2025,WH-YOG01,LOT-0537,444
3/31/2025,WH-YOG01,LOT-0346,1335
3/31/2025,WH-YOG01,LOT-0102,639
3/31/2025,WH-YOG01,LOT-0822,128
3/31/2025,WH-YOG01,LOT-0879,342
3/31/2025,WH-YOG01,LOT-0533,1895
3/31/2025,WH-YOG01,LOT-0306,1975
3/31/2025,WH-YOG01,LOT-0754,1869
3/31/2025,WH-YOG01,LOT-0349,1113
3/31/2025,WH-YOG01,LOT-1162,2443
3/31/2025,WH-YOG01,LOT-0241,33
3/31/2025,WH-YOG01,LOT-0029,1359
3/31/2025,WH-YOG01,LOT-1077,189
3/31/2025,WH-YOG01,LOT-0892,1865
3/31/2025,WH-YOG01,LOT-0930,1340
3/31/2025,WH-YOG01,LOT-1013,2341
3/31/2025,WH-YOG01,LOT-0243,539
3/31/2025,WH-YOG01,LOT-0417,875
3/31/2025,WH-YOG01,LOT-0391,209
3/31/2025,WH-YOG01,LOT-0546,1168
3/31/2025,WH-YOG01,LOT-0590,1333
3/31/2025,WH-YOG01,LOT-0783,237
3/31/2025,WH-YOG01,LOT-0884,299
3/31/2025,WH-YOG01,LOT-0424,2251
3/31/2025,WH-YOG01,LOT-0442,2476
3/31/2025,WH-YOG01,LOT-0580,1572
3/31/2025,WH-YOG01,LOT-0388,389
3/31/2025,WH-YOG01,LOT-0857,1643
3/31/2025,WH-YOG01,LOT-0370,1055
3/31/2025,WH-YOG01,LOT-0837,739
3/31/2025,WH-YOG01,LOT-0299,993
3/31/2025,WH-YOG01,LOT-0059,1643
3/31/2025,WH-YOG01,LOT-0595,375
3/31/2025,WH-YOG01,LOT-0483,94
3/31/2025,WH-YOG01,LOT-0924,862
3/31/2025,WH-YOG01,LOT-0509,677
3/31/2025,WH-YOG01,LOT-0758,1601
3/31/2025,WH-YOG01,LOT-1194,1658
3/31/2025,WH-YOG01,LOT-0939,1177
3/31/2025,WH-YOG01,LOT-0176,641
3/31/2025,WH-YOG01,LOT-0022,503
3/31/2025,WH-YOG01,LOT-0961,1232
3/31/2025,WH-YOG01,LOT-0273,2020
3/31/2025,WH-YOG01,LOT-0663,1780
3/31/2025,WH-YOG01,LOT-0815,1280
3/31/2025,WH-YOG01,LOT-0435,2481
3/31/2025,WH-YOG01,LOT-0786,547
3/31/2025,WH-YOG01,LOT-0867,1480
3/31/2025,WH-YOG01,LOT-0525,403
3/31/2025,WH-YOG01,LOT-0150,1515
3/31/2025,WH-YOG01,LOT-0196,2109
3/31/2025,WH-YOG01,LOT-1141,828
3/31/2025,WH-YOG01,LOT-0121,2015
3/31/2025,WH-YOG01,LOT-0107,1834
3/31/2025,WH-YOG01,LOT-0682,1599
3/31/2025,WH-YOG01,LOT-0481,1961
3/31/2025,WH-YOG01,LOT-0965,1109
3/31/2025,WH-YOG01,LOT-0726,2316
3/31/2025,WH-YOG01,LOT-0094,2468
3/31/2025,WH-YOG01,LOT-0011,1742
3/31/2025,WH-YOG01,LOT-0520,379
3/31/2025,WH-YOG01,LOT-1034,1740
3/31/2025,WH-YOG01,LOT-0781,1518
3/31/2025,WH-YOG01,LOT-0620,773
3/31/2025,WH-YOG01,LOT-0809,1788
3/31/2025,WH-YOG01,LOT-0760,1754
3/31/2025,WH-YOG01,LOT-0271,390
3/31/2025,WH-YOG01,LOT-1146,175
3/31/2025,WH-YOG01,LOT-0085,2112
3/31/2025,WH-YOG01,LOT-1189,1409
3/31/2025,WH-YOG01,LOT-0368,1908
3/31/2025,WH-YOG01,LOT-0348,928
3/31/2025,WH-YOG01,LOT-1032,645
3/31/2025,WH-YOG01,LOT-1010,2038
3/31/2025,WH-YOG01,LOT-0695,2169
3/31/2025,WH-YOG01,LOT-0959,2159
3/31/2025,WH-YOG01,LOT-0184,353
3/31/2025,WH-YOG01,LOT-0650,1200
3/31/2025,WH-YOG01,LOT-1087,1927
3/31/2025,WH-YOG01,LOT-0887,1801
3/31/2025,WH-YOG01,LOT-0291,334
3/31/2025,WH-YOG01,LOT-0240,1966
3/31/2025,WH-YOG01,LOT-0642,1240
3/31/2025,WH-YOG01,LOT-0091,618
3/31/2025,WH-YOG01,LOT-0262,533
3/31/2025,WH-YOG01,LOT-1023,1240
3/31/2025,WH-YOG01,LOT-0576,1028
3/31/2025,WH-YOG01,LOT-0739,2152
3/31/2025,WH-YOG01,LOT-0881,1761
3/31/2025,WH-YOG01,LOT-0540,1220
3/31/2025,WH-YOG01,LOT-0541,2338
3/31/2025,WH-YOG01,LOT-1059,205
3/31/2025,WH-YOG01,LOT-0893,2266
3/31/2025,WH-YOG01,LOT-0338,323
3/31/2025,WH-YOG01,LOT-0647,194
3/31/2025,WH-YOG01,LOT-1007,2112
3/31/2025,WH-YOG01,LOT-0310,450
3/31/2025,WH-YOG01,LOT-1139,2101
3/31/2025,WH-YOG01,LOT-0902,1750
3/31/2025,WH-YOG01,LOT-0109,1701
3/31/2025,WH-YOG01,LOT-0387,397
3/31/2025,WH-YOG01,LOT-0305,1913
3/31/2025,WH-YOG01,LOT-0112,2338
3/31/2025,WH-YOG01,LOT-0471,1047
3/31/2025,WH-YOG01,LOT-0376,1465
3/31/2025,WH-YOG01,LOT-0074,1053
3/31/2025,WH-YOG01,LOT-0964,2408
3/31/2025,WH-YOG01,LOT-0335,344
3/31/2025,WH-YOG01,LOT-0957,2072
3/31/2025,WH-YOG01,LOT-0894,76
3/31/2025,WH-YOG01,LOT-0238,476
3/31/2025,WH-YOG01,LOT-1014,1905
3/31/2025,WH-YOG01,LOT-0084,745
4/30/2025,WH-JKT01,LOT-0374,201
4/30/2025,WH-JKT01,LOT-0805,2291
4/30/2025,WH-JKT01,LOT-0093,1105
4/30/2025,WH-JKT01,LOT-0171,629
4/30/2025,WH-JKT01,LOT-0853,2121
4/30/2025,WH-JKT01,LOT-0610,2485
4/30/2025,WH-JKT01,LOT-0643,436
4/30/2025,WH-JKT01,LOT-0932,216
4/30/2025,WH-JKT01,LOT-0922,1803
4/30/2025,WH-JKT01,LOT-0543,1882
4/30/2025,WH-JKT01,LOT-0700,464
4/30/2025,WH-JKT01,LOT-0384,443
4/30/2025,WH-JKT01,LOT-0433,427
4/30/2025,WH-JKT01,LOT-0380,2313
4/30/2025,WH-JKT01,LOT-0161,181
4/30/2025,WH-JKT01,LOT-0532,2087
4/30/2025,WH-JKT01,LOT-0218,441
4/30/2025,WH-JKT01,LOT-0889,694
4/30/2025,WH-JKT01,LOT-1095,493
4/30/2025,WH-JKT01,LOT-0037,851
4/30/2025,WH-JKT01,LOT-0012,1491
4/30/2025,WH-JKT01,LOT-0809,653
4/30/2025,WH-JKT01,LOT-0239,1206
4/30/2025,WH-JKT01,LOT-0028,1818
4/30/2025,WH-JKT01,LOT-0352,2082
4/30/2025,WH-JKT01,LOT-0978,2051
4/30/2025,WH-JKT01,LOT-0943,416
4/30/2025,WH-JKT01,LOT-0830,641
4/30/2025,WH-JKT01,LOT-0997,1499
4/30/2025,WH-JKT01,LOT-0621,1380
4/30/2025,WH-JKT01,LOT-0739,574
4/30/2025,WH-JKT01,LOT-0620,513
4/30/2025,WH-JKT01,LOT-0180,836
4/30/2025,WH-JKT01,LOT-0257,1808
4/30/2025,WH-JKT01,LOT-0277,1712
4/30/2025,WH-JKT01,LOT-0029,36
4/30/2025,WH-JKT01,LOT-0391,1014
4/30/2025,WH-JKT01,LOT-0230,1950
4/30/2025,WH-JKT01,LOT-0033,1408
4/30/2025,WH-JKT01,LOT-0386,1184
4/30/2025,WH-JKT01,LOT-0055,2078
4/30/2025,WH-JKT01,LOT-0429,711
4/30/2025,WH-JKT01,LOT-0986,359
4/30/2025,WH-JKT01,LOT-0298,1099
4/30/2025,WH-JKT01,LOT-0496,1535
4/30/2025,WH-JKT01,LOT-0893,1709
4/30/2025,WH-JKT01,LOT-1104,1487
4/30/2025,WH-JKT01,LOT-0177,1015
4/30/2025,WH-JKT01,LOT-0617,630
4/30/2025,WH-JKT01,LOT-0950,2179
4/30/2025,WH-JKT01,LOT-0304,1737
4/30/2025,WH-JKT01,LOT-0971,944
4/30/2025,WH-JKT01,LOT-0865,575
4/30/2025,WH-JKT01,LOT-0045,1766
4/30/2025,WH-JKT01,LOT-0341,1703
4/30/2025,WH-JKT01,LOT-0313,1686
4/30/2025,WH-JKT01,LOT-0912,1889
4/30/2025,WH-JKT01,LOT-0994,2124
4/30/2025,WH-JKT01,LOT-0966,1491
4/30/2025,WH-JKT01,LOT-0041,131
4/30/2025,WH-JKT01,LOT-0921,1822
4/30/2025,WH-JKT01,LOT-1199,606
4/30/2025,WH-JKT01,LOT-0497,50
4/30/2025,WH-JKT01,LOT-0413,2129
4/30/2025,WH-JKT01,LOT-0604,295
4/30/2025,WH-JKT01,LOT-1167,357
4/30/2025,WH-JKT01,LOT-0803,1395
4/30/2025,WH-JKT01,LOT-0105,1299
4/30/2025,WH-JKT01,LOT-0684,1655
4/30/2025,WH-JKT01,LOT-0017,683
4/30/2025,WH-JKT01,LOT-0211,1787
4/30/2025,WH-JKT01,LOT-0885,261
4/30/2025,WH-JKT01,LOT-0852,1620
4/30/2025,WH-JKT01,LOT-1016,161
4/30/2025,WH-JKT01,LOT-1186,628
4/30/2025,WH-JKT01,LOT-1136,2363
4/30/2025,WH-JKT01,LOT-0596,246
4/30/2025,WH-JKT01,LOT-0076,2139
4/30/2025,WH-JKT01,LOT-0999,1221
4/30/2025,WH-JKT01,LOT-0819,1727
4/30/2025,WH-JKT01,LOT-0996,1656
4/30/2025,WH-JKT01,LOT-1052,2277
4/30/2025,WH-JKT01,LOT-1000,1256
4/30/2025,WH-JKT01,LOT-0475,1294
4/30/2025,WH-JKT01,LOT-0125,1419
4/30/2025,WH-JKT01,LOT-1082,42
4/30/2025,WH-JKT01,LOT-0039,1155
4/30/2025,WH-JKT01,LOT-1181,2171
4/30/2025,WH-JKT01,LOT-0647,611
4/30/2025,WH-JKT01,LOT-1134,1664
4/30/2025,WH-JKT01,LOT-0131,1837
4/30/2025,WH-JKT01,LOT-0549,850
4/30/2025,WH-JKT01,LOT-0855,2239
4/30/2025,WH-JKT01,LOT-0970,1821
4/30/2025,WH-JKT01,LOT-0240,1424
4/30/2025,WH-JKT01,LOT-1014,1666
4/30/2025,WH-JKT01,LOT-0711,818
4/30/2025,WH-JKT01,LOT-0919,1245
4/30/2025,WH-JKT01,LOT-0894,355
4/30/2025,WH-JKT01,LOT-0043,161
4/30/2025,WH-JKT01,LOT-0331,2211
4/30/2025,WH-JKT01,LOT-0590,1380
4/30/2025,WH-JKT01,LOT-0394,1607
4/30/2025,WH-JKT01,LOT-0962,526
4/30/2025,WH-JKT01,LOT-0705,2141
4/30/2025,WH-JKT01,LOT-0898,2225
4/30/2025,WH-JKT01,LOT-0476,1172
4/30/2025,WH-JKT01,LOT-1040,885
4/30/2025,WH-JKT01,LOT-0450,390
4/30/2025,WH-JKT01,LOT-0695,2105
4/30/2025,WH-JKT01,LOT-0960,2270
4/30/2025,WH-JKT01,LOT-0269,1288
4/30/2025,WH-JKT01,LOT-0601,2145
4/30/2025,WH-JKT01,LOT-0800,1405
4/30/2025,WH-JKT01,LOT-0854,665
4/30/2025,WH-JKT01,LOT-0738,105
4/30/2025,WH-JKT01,LOT-0968,124
4/30/2025,WH-JKT01,LOT-0332,2221
4/30/2025,WH-JKT01,LOT-0425,2436
4/30/2025,WH-JKT01,LOT-0579,1069
4/30/2025,WH-JKT01,LOT-0989,998
4/30/2025,WH-JKT01,LOT-0265,1254
4/30/2025,WH-JKT01,LOT-0355,1741
4/30/2025,WH-JKT01,LOT-0409,2079
4/30/2025,WH-JKT01,LOT-0321,462
4/30/2025,WH-JKT01,LOT-1008,255
4/30/2025,WH-JKT01,LOT-0207,1537
4/30/2025,WH-JKT01,LOT-1012,1073
4/30/2025,WH-JKT01,LOT-0622,2088
4/30/2025,WH-JKT01,LOT-0481,1461
4/30/2025,WH-JKT01,LOT-1141,517
4/30/2025,WH-JKT01,LOT-0097,205
4/30/2025,WH-JKT01,LOT-0038,520
4/30/2025,WH-JKT01,LOT-0735,1848
4/30/2025,WH-JKT01,LOT-0535,1230
4/30/2025,WH-JKT01,LOT-0732,2354
4/30/2025,WH-JKT01,LOT-0325,31
4/30/2025,WH-JKT01,LOT-0358,1866
4/30/2025,WH-JKT01,LOT-1032,1398
4/30/2025,WH-JKT01,LOT-0066,977
4/30/2025,WH-JKT01,LOT-0692,2392
4/30/2025,WH-JKT01,LOT-0882,2326
4/30/2025,WH-JKT01,LOT-0234,2194
4/30/2025,WH-JKT01,LOT-0465,2449
4/30/2025,WH-JKT01,LOT-0248,967
4/30/2025,WH-JKT01,LOT-1151,1444
4/30/2025,WH-JKT01,LOT-0459,1235
4/30/2025,WH-JKT01,LOT-0529,1175
4/30/2025,WH-JKT01,LOT-0697,2356
4/30/2025,WH-JKT01,LOT-0728,583
4/30/2025,WH-SBY01,LOT-0774,108
4/30/2025,WH-SBY01,LOT-1065,2172
4/30/2025,WH-SBY01,LOT-0508,1309
4/30/2025,WH-SBY01,LOT-0216,1574
4/30/2025,WH-SBY01,LOT-0672,1063
4/30/2025,WH-SBY01,LOT-1058,382
4/30/2025,WH-SBY01,LOT-1193,479
4/30/2025,WH-SBY01,LOT-0395,416
4/30/2025,WH-SBY01,LOT-0740,2229
4/30/2025,WH-SBY01,LOT-0931,698
4/30/2025,WH-SBY01,LOT-0201,1178
4/30/2025,WH-SBY01,LOT-0301,599
4/30/2025,WH-SBY01,LOT-0872,758
4/30/2025,WH-SBY01,LOT-0844,1056
4/30/2025,WH-SBY01,LOT-0168,377
4/30/2025,WH-SBY01,LOT-0189,641
4/30/2025,WH-SBY01,LOT-0128,1266
4/30/2025,WH-SBY01,LOT-0871,1678
4/30/2025,WH-SBY01,LOT-0267,703
4/30/2025,WH-SBY01,LOT-0976,251
4/30/2025,WH-SBY01,LOT-0440,1342
4/30/2025,WH-SBY01,LOT-0914,753
4/30/2025,WH-SBY01,LOT-0160,121
4/30/2025,WH-SBY01,LOT-0757,249
4/30/2025,WH-SBY01,LOT-1078,1230
4/30/2025,WH-SBY01,LOT-0825,1607
4/30/2025,WH-SBY01,LOT-1145,414
4/30/2025,WH-SBY01,LOT-1063,1320
4/30/2025,WH-SBY01,LOT-0809,593
4/30/2025,WH-SBY01,LOT-0541,1700
4/30/2025,WH-SBY01,LOT-1197,1337
4/30/2025,WH-SBY01,LOT-1022,1066
4/30/2025,WH-SBY01,LOT-0868,1548
4/30/2025,WH-SBY01,LOT-0902,505
4/30/2025,WH-SBY01,LOT-1003,222
4/30/2025,WH-SBY01,LOT-0854,839
4/30/2025,WH-SBY01,LOT-0334,991
4/30/2025,WH-SBY01,LOT-0296,2455
4/30/2025,WH-SBY01,LOT-1036,2410
4/30/2025,WH-SBY01,LOT-0261,978
4/30/2025,WH-SBY01,LOT-0993,2029
4/30/2025,WH-SBY01,LOT-0938,2093
4/30/2025,WH-SBY01,LOT-0265,2076
4/30/2025,WH-SBY01,LOT-1052,1587
4/30/2025,WH-SBY01,LOT-1084,481
4/30/2025,WH-SBY01,LOT-0242,1113
4/30/2025,WH-SBY01,LOT-0436,258
4/30/2025,WH-SBY01,LOT-0933,1313
4/30/2025,WH-SBY01,LOT-0970,1913
4/30/2025,WH-SBY01,LOT-0067,2275
4/30/2025,WH-SBY01,LOT-0322,1677
4/30/2025,WH-SBY01,LOT-0244,278
4/30/2025,WH-SBY01,LOT-0837,1993
4/30/2025,WH-SBY01,LOT-0226,128
4/30/2025,WH-SBY01,LOT-0248,1679
4/30/2025,WH-SBY01,LOT-1171,967
4/30/2025,WH-SBY01,LOT-0594,86
4/30/2025,WH-SBY01,LOT-0083,1112
4/30/2025,WH-SBY01,LOT-1071,2279
4/30/2025,WH-SBY01,LOT-0314,2410
4/30/2025,WH-SBY01,LOT-0761,425
4/30/2025,WH-SBY01,LOT-0625,1018
4/30/2025,WH-SBY01,LOT-0767,2282
4/30/2025,WH-SBY01,LOT-0622,524
4/30/2025,WH-SBY01,LOT-0603,1257
4/30/2025,WH-SBY01,LOT-0996,2337
4/30/2025,WH-SBY01,LOT-0058,1676
4/30/2025,WH-SBY01,LOT-0293,1836
4/30/2025,WH-SBY01,LOT-0292,353
4/30/2025,WH-SBY01,LOT-0864,2059
4/30/2025,WH-SBY01,LOT-0100,843
4/30/2025,WH-SBY01,LOT-0581,593
4/30/2025,WH-SBY01,LOT-0442,1539
4/30/2025,WH-SBY01,LOT-0375,2223
4/30/2025,WH-SBY01,LOT-1002,698
4/30/2025,WH-SBY01,LOT-0005,1014
4/30/2025,WH-SBY01,LOT-0251,2211
4/30/2025,WH-SBY01,LOT-1122,1745
4/30/2025,WH-SBY01,LOT-0715,2283
4/30/2025,WH-SBY01,LOT-0139,1860
4/30/2025,WH-SBY01,LOT-0092,181
4/30/2025,WH-SBY01,LOT-0856,14
4/30/2025,WH-SBY01,LOT-0986,1913
4/30/2025,WH-SBY01,LOT-1174,1194
4/30/2025,WH-SBY01,LOT-0635,695
4/30/2025,WH-SBY01,LOT-1159,12
4/30/2025,WH-SBY01,LOT-0927,256
4/30/2025,WH-SBY01,LOT-0692,1985
4/30/2025,WH-SBY01,LOT-0773,1129
4/30/2025,WH-SBY01,LOT-0974,2458
4/30/2025,WH-SBY01,LOT-0272,1037
4/30/2025,WH-SBY01,LOT-0284,1567
4/30/2025,WH-SBY01,LOT-1034,1449
4/30/2025,WH-SBY01,LOT-0944,881
4/30/2025,WH-SBY01,LOT-0922,2406
4/30/2025,WH-SBY01,LOT-0920,2100
4/30/2025,WH-SBY01,LOT-0306,1162
4/30/2025,WH-SBY01,LOT-0667,196
4/30/2025,WH-SBY01,LOT-0183,671
4/30/2025,WH-SBY01,LOT-0839,2197
4/30/2025,WH-SBY01,LOT-0794,2316
4/30/2025,WH-SBY01,LOT-0477,296
4/30/2025,WH-SBY01,LOT-0810,1241
4/30/2025,WH-SBY01,LOT-0695,377
4/30/2025,WH-SBY01,LOT-1108,1629
4/30/2025,WH-SBY01,LOT-0094,513
4/30/2025,WH-SBY01,LOT-0908,582
4/30/2025,WH-SBY01,LOT-0569,2289
4/30/2025,WH-SBY01,LOT-0182,1154
4/30/2025,WH-SBY01,LOT-0340,1779
4/30/2025,WH-SBY01,LOT-0051,873
4/30/2025,WH-SBY01,LOT-1172,2077
4/30/2025,WH-SBY01,LOT-0633,1313
4/30/2025,WH-SBY01,LOT-1150,1413
4/30/2025,WH-SBY01,LOT-0254,1080
4/30/2025,WH-SBY01,LOT-1146,1864
4/30/2025,WH-SBY01,LOT-0175,1128
4/30/2025,WH-SBY01,LOT-1110,1017
4/30/2025,WH-SBY01,LOT-1182,1327
4/30/2025,WH-SBY01,LOT-0109,1409
4/30/2025,WH-SBY01,LOT-1168,872
4/30/2025,WH-SBY01,LOT-1069,1893
4/30/2025,WH-SBY01,LOT-0388,2465
4/30/2025,WH-SBY01,LOT-0975,1355
4/30/2025,WH-SBY01,LOT-1030,75
4/30/2025,WH-SBY01,LOT-0039,557
4/30/2025,WH-SBY01,LOT-0247,18
4/30/2025,WH-SBY01,LOT-1090,1961
4/30/2025,WH-SBY01,LOT-0369,27
4/30/2025,WH-SBY01,LOT-0564,49
4/30/2025,WH-SBY01,LOT-0422,720
4/30/2025,WH-SBY01,LOT-0503,1702
4/30/2025,WH-SBY01,LOT-1187,2286
4/30/2025,WH-SBY01,LOT-0910,2012
4/30/2025,WH-SBY01,LOT-0174,1618
4/30/2025,WH-SBY01,LOT-1093,2214
4/30/2025,WH-SBY01,LOT-0657,342
4/30/2025,WH-SBY01,LOT-0823,327
4/30/2025,WH-SBY01,LOT-0093,2216
4/30/2025,WH-SBY01,LOT-1007,136
4/30/2025,WH-SBY01,LOT-0048,1833
4/30/2025,WH-SBY01,LOT-0697,515
4/30/2025,WH-SBY01,LOT-0896,1455
4/30/2025,WH-SBY01,LOT-0370,1551
4/30/2025,WH-SBY01,LOT-0850,2472
4/30/2025,WH-BDG01,LOT-0793,1572
4/30/2025,WH-BDG01,LOT-0363,1655
4/30/2025,WH-BDG01,LOT-0018,402
4/30/2025,WH-BDG01,LOT-0256,1693
4/30/2025,WH-BDG01,LOT-0948,964
4/30/2025,WH-BDG01,LOT-0759,2465
4/30/2025,WH-BDG01,LOT-0396,53
4/30/2025,WH-BDG01,LOT-0911,1867
4/30/2025,WH-BDG01,LOT-0020,1582
4/30/2025,WH-BDG01,LOT-0454,1911
4/30/2025,WH-BDG01,LOT-0041,1763
4/30/2025,WH-BDG01,LOT-0576,424
4/30/2025,WH-BDG01,LOT-0733,1401
4/30/2025,WH-BDG01,LOT-0393,116
4/30/2025,WH-BDG01,LOT-0185,1869
4/30/2025,WH-BDG01,LOT-0621,2128
4/30/2025,WH-BDG01,LOT-0453,1354
4/30/2025,WH-BDG01,LOT-0480,2417
4/30/2025,WH-BDG01,LOT-1012,798
4/30/2025,WH-BDG01,LOT-0744,452
4/30/2025,WH-BDG01,LOT-0076,430
4/30/2025,WH-BDG01,LOT-0575,60
4/30/2025,WH-BDG01,LOT-1010,2447
4/30/2025,WH-BDG01,LOT-0429,286
4/30/2025,WH-BDG01,LOT-0015,2438
4/30/2025,WH-BDG01,LOT-0402,803
4/30/2025,WH-BDG01,LOT-0812,2357
4/30/2025,WH-BDG01,LOT-0228,526
4/30/2025,WH-BDG01,LOT-0569,2094
4/30/2025,WH-BDG01,LOT-1166,1059
4/30/2025,WH-BDG01,LOT-1025,1465
4/30/2025,WH-BDG01,LOT-0350,1734
4/30/2025,WH-BDG01,LOT-1131,1981
4/30/2025,WH-BDG01,LOT-0397,1831
4/30/2025,WH-BDG01,LOT-1159,771
4/30/2025,WH-BDG01,LOT-1158,1005
4/30/2025,WH-BDG01,LOT-0360,573
4/30/2025,WH-BDG01,LOT-0134,190
4/30/2025,WH-BDG01,LOT-0263,257
4/30/2025,WH-BDG01,LOT-0261,532
4/30/2025,WH-BDG01,LOT-0532,1286
4/30/2025,WH-BDG01,LOT-1168,2404
4/30/2025,WH-BDG01,LOT-0467,1795
4/30/2025,WH-BDG01,LOT-1072,2111
4/30/2025,WH-BDG01,LOT-0562,1475
4/30/2025,WH-BDG01,LOT-0048,1284
4/30/2025,WH-BDG01,LOT-1092,2400
4/30/2025,WH-BDG01,LOT-0518,2226
4/30/2025,WH-BDG01,LOT-1148,606
4/30/2025,WH-BDG01,LOT-0930,613
4/30/2025,WH-BDG01,LOT-0005,1933
4/30/2025,WH-BDG01,LOT-0875,1274
4/30/2025,WH-BDG01,LOT-0107,2481
4/30/2025,WH-BDG01,LOT-0662,1414
4/30/2025,WH-BDG01,LOT-0886,1202
4/30/2025,WH-BDG01,LOT-0834,1520
4/30/2025,WH-BDG01,LOT-0250,43
4/30/2025,WH-BDG01,LOT-1062,2130
4/30/2025,WH-BDG01,LOT-0956,2412
4/30/2025,WH-BDG01,LOT-1015,602
4/30/2025,WH-BDG01,LOT-0741,244
4/30/2025,WH-BDG01,LOT-1060,982
4/30/2025,WH-BDG01,LOT-0090,2087
4/30/2025,WH-BDG01,LOT-0460,2301
4/30/2025,WH-BDG01,LOT-0097,233
4/30/2025,WH-BDG01,LOT-0570,1738
4/30/2025,WH-BDG01,LOT-0861,1418
4/30/2025,WH-BDG01,LOT-1091,810
4/30/2025,WH-BDG01,LOT-0920,830
4/30/2025,WH-BDG01,LOT-0648,834
4/30/2025,WH-BDG01,LOT-0011,290
4/30/2025,WH-BDG01,LOT-0803,1408
4/30/2025,WH-BDG01,LOT-0399,785
4/30/2025,WH-BDG01,LOT-0686,1958
4/30/2025,WH-BDG01,LOT-0168,1924
4/30/2025,WH-BDG01,LOT-1172,2466
4/30/2025,WH-BDG01,LOT-0052,1366
4/30/2025,WH-BDG01,LOT-0463,2379
4/30/2025,WH-BDG01,LOT-0868,2328
4/30/2025,WH-BDG01,LOT-0153,1384
4/30/2025,WH-BDG01,LOT-0512,1237
4/30/2025,WH-BDG01,LOT-0404,1724
4/30/2025,WH-BDG01,LOT-0337,1356
4/30/2025,WH-BDG01,LOT-0675,674
4/30/2025,WH-BDG01,LOT-0637,439
4/30/2025,WH-BDG01,LOT-0129,1870
4/30/2025,WH-BDG01,LOT-0199,182
4/30/2025,WH-BDG01,LOT-0058,2041
4/30/2025,WH-BDG01,LOT-0983,908
4/30/2025,WH-BDG01,LOT-0885,25
4/30/2025,WH-BDG01,LOT-0050,923
4/30/2025,WH-BDG01,LOT-0685,953
4/30/2025,WH-BDG01,LOT-0513,1920
4/30/2025,WH-BDG01,LOT-0507,883
4/30/2025,WH-BDG01,LOT-0221,989
4/30/2025,WH-BDG01,LOT-0970,1979
4/30/2025,WH-BDG01,LOT-0489,1367
4/30/2025,WH-BDG01,LOT-0698,1549
4/30/2025,WH-BDG01,LOT-0112,850
4/30/2025,WH-BDG01,LOT-0684,1649
4/30/2025,WH-BDG01,LOT-1065,764
4/30/2025,WH-BDG01,LOT-0485,37
4/30/2025,WH-BDG01,LOT-0150,1496
4/30/2025,WH-BDG01,LOT-0899,50
4/30/2025,WH-BDG01,LOT-0196,312
4/30/2025,WH-BDG01,LOT-0915,1475
4/30/2025,WH-BDG01,LOT-1186,132
4/30/2025,WH-BDG01,LOT-0176,2282
4/30/2025,WH-BDG01,LOT-0125,481
4/30/2025,WH-BDG01,LOT-0069,593
4/30/2025,WH-BDG01,LOT-0773,1200
4/30/2025,WH-BDG01,LOT-0642,1813
4/30/2025,WH-BDG01,LOT-0262,806
4/30/2025,WH-BDG01,LOT-0127,2408
4/30/2025,WH-BDG01,LOT-0906,1484
4/30/2025,WH-BDG01,LOT-0113,189
4/30/2025,WH-BDG01,LOT-0618,131
4/30/2025,WH-BDG01,LOT-0135,825
4/30/2025,WH-BDG01,LOT-0209,820
4/30/2025,WH-BDG01,LOT-0115,1173
4/30/2025,WH-BDG01,LOT-1146,723
4/30/2025,WH-BDG01,LOT-0604,906
4/30/2025,WH-SMG01,LOT-0357,2065
4/30/2025,WH-SMG01,LOT-0696,2110
4/30/2025,WH-SMG01,LOT-1136,2249
4/30/2025,WH-SMG01,LOT-0504,330
4/30/2025,WH-SMG01,LOT-0366,1142
4/30/2025,WH-SMG01,LOT-0402,942
4/30/2025,WH-SMG01,LOT-0045,413
4/30/2025,WH-SMG01,LOT-0361,495
4/30/2025,WH-SMG01,LOT-0537,302
4/30/2025,WH-SMG01,LOT-0208,1485
4/30/2025,WH-SMG01,LOT-0043,166
4/30/2025,WH-SMG01,LOT-0282,2246
4/30/2025,WH-SMG01,LOT-0777,830
4/30/2025,WH-SMG01,LOT-0228,1377
4/30/2025,WH-SMG01,LOT-0694,815
4/30/2025,WH-SMG01,LOT-0431,1358
4/30/2025,WH-SMG01,LOT-0625,1034
4/30/2025,WH-SMG01,LOT-0935,1249
4/30/2025,WH-SMG01,LOT-0492,1134
4/30/2025,WH-SMG01,LOT-0758,790
4/30/2025,WH-SMG01,LOT-0763,2484
4/30/2025,WH-SMG01,LOT-0351,574
4/30/2025,WH-SMG01,LOT-1080,2234
4/30/2025,WH-SMG01,LOT-0889,1079
4/30/2025,WH-SMG01,LOT-0134,44
4/30/2025,WH-SMG01,LOT-0243,1236
4/30/2025,WH-SMG01,LOT-0296,1164
4/30/2025,WH-SMG01,LOT-0268,1429
4/30/2025,WH-SMG01,LOT-0389,1664
4/30/2025,WH-SMG01,LOT-0393,1671
4/30/2025,WH-SMG01,LOT-1091,2385
4/30/2025,WH-SMG01,LOT-0775,58
4/30/2025,WH-SMG01,LOT-0767,1943
4/30/2025,WH-SMG01,LOT-0652,2109
4/30/2025,WH-SMG01,LOT-0880,621
4/30/2025,WH-SMG01,LOT-0501,1638
4/30/2025,WH-SMG01,LOT-0095,942
4/30/2025,WH-SMG01,LOT-0388,939
4/30/2025,WH-SMG01,LOT-1097,869
4/30/2025,WH-SMG01,LOT-0603,1953
4/30/2025,WH-SMG01,LOT-0305,967
4/30/2025,WH-SMG01,LOT-0672,2122
4/30/2025,WH-SMG01,LOT-0507,2414
4/30/2025,WH-SMG01,LOT-0110,2273
4/30/2025,WH-SMG01,LOT-0574,1929
4/30/2025,WH-SMG01,LOT-0259,1899
4/30/2025,WH-SMG01,LOT-1041,1405
4/30/2025,WH-SMG01,LOT-1197,361
4/30/2025,WH-SMG01,LOT-1002,1292
4/30/2025,WH-SMG01,LOT-0429,779
4/30/2025,WH-SMG01,LOT-0167,1766
4/30/2025,WH-SMG01,LOT-0964,1720
4/30/2025,WH-SMG01,LOT-0133,868
4/30/2025,WH-SMG01,LOT-0343,1806
4/30/2025,WH-SMG01,LOT-1042,1853
4/30/2025,WH-SMG01,LOT-0795,2297
4/30/2025,WH-SMG01,LOT-1043,133
4/30/2025,WH-SMG01,LOT-1022,1544
4/30/2025,WH-SMG01,LOT-1063,579
4/30/2025,WH-SMG01,LOT-0951,2375
4/30/2025,WH-SMG01,LOT-0367,535
4/30/2025,WH-SMG01,LOT-0660,1261
4/30/2025,WH-SMG01,LOT-0766,49
4/30/2025,WH-SMG01,LOT-1077,2057
4/30/2025,WH-SMG01,LOT-0990,1462
4/30/2025,WH-SMG01,LOT-1014,1401
4/30/2025,WH-SMG01,LOT-0971,933
4/30/2025,WH-SMG01,LOT-0550,1726
4/30/2025,WH-SMG01,LOT-1191,1753
4/30/2025,WH-SMG01,LOT-0822,1662
4/30/2025,WH-SMG01,LOT-1196,2212
4/30/2025,WH-SMG01,LOT-0075,1237
4/30/2025,WH-SMG01,LOT-0425,1345
4/30/2025,WH-SMG01,LOT-0450,2414
4/30/2025,WH-SMG01,LOT-0416,105
4/30/2025,WH-SMG01,LOT-0926,2334
4/30/2025,WH-SMG01,LOT-0481,141
4/30/2025,WH-SMG01,LOT-0811,579
4/30/2025,WH-SMG01,LOT-0448,639
4/30/2025,WH-SMG01,LOT-0627,1362
4/30/2025,WH-SMG01,LOT-0871,2337
4/30/2025,WH-SMG01,LOT-0773,2479
4/30/2025,WH-SMG01,LOT-1171,2499
4/30/2025,WH-SMG01,LOT-0322,2360
4/30/2025,WH-SMG01,LOT-0522,1611
4/30/2025,WH-SMG01,LOT-1128,1571
4/30/2025,WH-SMG01,LOT-0174,846
4/30/2025,WH-SMG01,LOT-0276,1610
4/30/2025,WH-SMG01,LOT-0173,270
4/30/2025,WH-SMG01,LOT-0605,2199
4/30/2025,WH-SMG01,LOT-0911,1592
4/30/2025,WH-SMG01,LOT-0721,781
4/30/2025,WH-SMG01,LOT-0472,1954
4/30/2025,WH-SMG01,LOT-0085,454
4/30/2025,WH-SMG01,LOT-0953,1356
4/30/2025,WH-SMG01,LOT-1050,2342
4/30/2025,WH-SMG01,LOT-0689,1859
4/30/2025,WH-SMG01,LOT-0873,1257
4/30/2025,WH-SMG01,LOT-0924,391
4/30/2025,WH-SMG01,LOT-0958,712
4/30/2025,WH-SMG01,LOT-0886,437
4/30/2025,WH-SMG01,LOT-0838,2274
4/30/2025,WH-SMG01,LOT-0753,737
4/30/2025,WH-SMG01,LOT-1019,141
4/30/2025,WH-SMG01,LOT-0650,2481
4/30/2025,WH-SMG01,LOT-0560,2011
4/30/2025,WH-SMG01,LOT-0784,119
4/30/2025,WH-SMG01,LOT-0051,774
4/30/2025,WH-SMG01,LOT-0368,825
4/30/2025,WH-SMG01,LOT-0905,294
4/30/2025,WH-SMG01,LOT-0479,1590
4/30/2025,WH-SMG01,LOT-0544,1172
4/30/2025,WH-SMG01,LOT-0156,853
4/30/2025,WH-SMG01,LOT-0736,964
4/30/2025,WH-SMG01,LOT-0169,1202
4/30/2025,WH-SMG01,LOT-0604,2157
4/30/2025,WH-BKS01,LOT-0932,1002
4/30/2025,WH-BKS01,LOT-0118,1802
4/30/2025,WH-BKS01,LOT-0755,584
4/30/2025,WH-BKS01,LOT-1062,1938
4/30/2025,WH-BKS01,LOT-0023,1153
4/30/2025,WH-BKS01,LOT-0352,670
4/30/2025,WH-BKS01,LOT-0670,708
4/30/2025,WH-BKS01,LOT-0842,83
4/30/2025,WH-BKS01,LOT-0801,2496
4/30/2025,WH-BKS01,LOT-0322,421
4/30/2025,WH-BKS01,LOT-0227,735
4/30/2025,WH-BKS01,LOT-0265,1214
4/30/2025,WH-BKS01,LOT-1099,518
4/30/2025,WH-BKS01,LOT-0857,2199
4/30/2025,WH-BKS01,LOT-0980,1610
4/30/2025,WH-BKS01,LOT-0141,699
4/30/2025,WH-BKS01,LOT-0797,327
4/30/2025,WH-BKS01,LOT-0423,55
4/30/2025,WH-BKS01,LOT-0267,1129
4/30/2025,WH-BKS01,LOT-0422,638
4/30/2025,WH-BKS01,LOT-0635,1814
4/30/2025,WH-BKS01,LOT-0886,1476
4/30/2025,WH-BKS01,LOT-0973,738
4/30/2025,WH-BKS01,LOT-0326,897
4/30/2025,WH-BKS01,LOT-1178,151
4/30/2025,WH-BKS01,LOT-0636,2190
4/30/2025,WH-BKS01,LOT-0416,895
4/30/2025,WH-BKS01,LOT-1030,1820
4/30/2025,WH-BKS01,LOT-0940,205
4/30/2025,WH-BKS01,LOT-0565,2151
4/30/2025,WH-BKS01,LOT-0414,431
4/30/2025,WH-BKS01,LOT-0016,1609
4/30/2025,WH-BKS01,LOT-0293,1272
4/30/2025,WH-BKS01,LOT-0913,1828
4/30/2025,WH-BKS01,LOT-0132,224
4/30/2025,WH-BKS01,LOT-0818,2460
4/30/2025,WH-BKS01,LOT-0506,29
4/30/2025,WH-BKS01,LOT-1077,209
4/30/2025,WH-BKS01,LOT-0674,1555
4/30/2025,WH-BKS01,LOT-1166,836
4/30/2025,WH-BKS01,LOT-1006,1032
4/30/2025,WH-BKS01,LOT-0943,1544
4/30/2025,WH-BKS01,LOT-0948,987
4/30/2025,WH-BKS01,LOT-1180,829
4/30/2025,WH-BKS01,LOT-0081,384
4/30/2025,WH-BKS01,LOT-0187,75
4/30/2025,WH-BKS01,LOT-0590,1737
4/30/2025,WH-BKS01,LOT-0935,124
4/30/2025,WH-BKS01,LOT-0711,69
4/30/2025,WH-BKS01,LOT-0610,1390
4/30/2025,WH-BKS01,LOT-0359,797
4/30/2025,WH-BKS01,LOT-0851,268
4/30/2025,WH-BKS01,LOT-0511,913
4/30/2025,WH-BKS01,LOT-0368,405
4/30/2025,WH-BKS01,LOT-0885,697
4/30/2025,WH-BKS01,LOT-0938,694
4/30/2025,WH-BKS01,LOT-0788,190
4/30/2025,WH-BKS01,LOT-0376,1712
4/30/2025,WH-BKS01,LOT-1165,2109
4/30/2025,WH-BKS01,LOT-0196,451
4/30/2025,WH-BKS01,LOT-0806,1349
4/30/2025,WH-BKS01,LOT-0090,1331
4/30/2025,WH-BKS01,LOT-0491,2312
4/30/2025,WH-BKS01,LOT-0324,786
4/30/2025,WH-BKS01,LOT-0561,858
4/30/2025,WH-BKS01,LOT-1102,2228
4/30/2025,WH-BKS01,LOT-0598,1628
4/30/2025,WH-BKS01,LOT-0137,1762
4/30/2025,WH-BKS01,LOT-0445,504
4/30/2025,WH-BKS01,LOT-1011,961
4/30/2025,WH-BKS01,LOT-0843,885
4/30/2025,WH-BKS01,LOT-1133,443
4/30/2025,WH-BKS01,LOT-0249,1470
4/30/2025,WH-BKS01,LOT-0756,1334
4/30/2025,WH-BKS01,LOT-0157,721
4/30/2025,WH-BKS01,LOT-0216,71
4/30/2025,WH-BKS01,LOT-1034,1657
4/30/2025,WH-BKS01,LOT-0668,1305
4/30/2025,WH-BKS01,LOT-0840,59
4/30/2025,WH-BKS01,LOT-0924,1604
4/30/2025,WH-BKS01,LOT-0338,881
4/30/2025,WH-BKS01,LOT-0518,1889
4/30/2025,WH-BKS01,LOT-0425,911
4/30/2025,WH-BKS01,LOT-1037,280
4/30/2025,WH-BKS01,LOT-0092,1150
4/30/2025,WH-BKS01,LOT-0947,1521
4/30/2025,WH-BKS01,LOT-0055,189
4/30/2025,WH-BKS01,LOT-0150,285
4/30/2025,WH-BKS01,LOT-0946,905
4/30/2025,WH-BKS01,LOT-0781,1693
4/30/2025,WH-BKS01,LOT-0704,1245
4/30/2025,WH-BKS01,LOT-0399,2462
4/30/2025,WH-BKS01,LOT-0813,2056
4/30/2025,WH-BKS01,LOT-0078,427
4/30/2025,WH-BKS01,LOT-0022,2206
4/30/2025,WH-BKS01,LOT-0514,2341
4/30/2025,WH-BKS01,LOT-0235,712
4/30/2025,WH-BKS01,LOT-0280,1041
4/30/2025,WH-BKS01,LOT-0951,398
4/30/2025,WH-BKS01,LOT-0993,2467
4/30/2025,WH-BKS01,LOT-0945,1338
4/30/2025,WH-BKS01,LOT-0140,1601
4/30/2025,WH-BKS01,LOT-0170,554
4/30/2025,WH-BKS01,LOT-1124,1370
4/30/2025,WH-TNG01,LOT-0652,2492
4/30/2025,WH-TNG01,LOT-0988,1979
4/30/2025,WH-TNG01,LOT-0139,304
4/30/2025,WH-TNG01,LOT-0687,1374
4/30/2025,WH-TNG01,LOT-0037,569
4/30/2025,WH-TNG01,LOT-1199,1932
4/30/2025,WH-TNG01,LOT-0920,811
4/30/2025,WH-TNG01,LOT-0784,643
4/30/2025,WH-TNG01,LOT-1047,786
4/30/2025,WH-TNG01,LOT-0477,27
4/30/2025,WH-TNG01,LOT-1032,62
4/30/2025,WH-TNG01,LOT-0028,2060
4/30/2025,WH-TNG01,LOT-0044,1542
4/30/2025,WH-TNG01,LOT-0255,2022
4/30/2025,WH-TNG01,LOT-0633,1667
4/30/2025,WH-TNG01,LOT-0485,1713
4/30/2025,WH-TNG01,LOT-0878,1626
4/30/2025,WH-TNG01,LOT-0499,1538
4/30/2025,WH-TNG01,LOT-0163,1583
4/30/2025,WH-TNG01,LOT-0123,2015
4/30/2025,WH-TNG01,LOT-0282,1270
4/30/2025,WH-TNG01,LOT-0768,2419
4/30/2025,WH-TNG01,LOT-1022,301
4/30/2025,WH-TNG01,LOT-0608,1684
4/30/2025,WH-TNG01,LOT-0414,169
4/30/2025,WH-TNG01,LOT-0311,519
4/30/2025,WH-TNG01,LOT-0770,1586
4/30/2025,WH-TNG01,LOT-0419,2326
4/30/2025,WH-TNG01,LOT-0078,675
4/30/2025,WH-TNG01,LOT-0488,805
4/30/2025,WH-TNG01,LOT-0909,1797
4/30/2025,WH-TNG01,LOT-0674,1055
4/30/2025,WH-TNG01,LOT-0275,1437
4/30/2025,WH-TNG01,LOT-0570,2097
4/30/2025,WH-TNG01,LOT-0651,2011
4/30/2025,WH-TNG01,LOT-0082,1518
4/30/2025,WH-TNG01,LOT-1067,246
4/30/2025,WH-TNG01,LOT-0850,1588
4/30/2025,WH-TNG01,LOT-0591,1746
4/30/2025,WH-TNG01,LOT-0049,1020
4/30/2025,WH-TNG01,LOT-0470,1002
4/30/2025,WH-TNG01,LOT-0679,1966
4/30/2025,WH-TNG01,LOT-0702,151
4/30/2025,WH-TNG01,LOT-0497,1490
4/30/2025,WH-TNG01,LOT-0422,125
4/30/2025,WH-TNG01,LOT-1105,615
4/30/2025,WH-TNG01,LOT-0111,1080
4/30/2025,WH-TNG01,LOT-0509,2489
4/30/2025,WH-TNG01,LOT-0456,1875
4/30/2025,WH-TNG01,LOT-0782,613
4/30/2025,WH-TNG01,LOT-1068,1051
4/30/2025,WH-TNG01,LOT-0659,1023
4/30/2025,WH-TNG01,LOT-0376,2476
4/30/2025,WH-TNG01,LOT-0906,2378
4/30/2025,WH-TNG01,LOT-0013,671
4/30/2025,WH-TNG01,LOT-0133,60
4/30/2025,WH-TNG01,LOT-1007,488
4/30/2025,WH-TNG01,LOT-0144,388
4/30/2025,WH-TNG01,LOT-0395,1584
4/30/2025,WH-TNG01,LOT-0107,1638
4/30/2025,WH-TNG01,LOT-0290,2410
4/30/2025,WH-TNG01,LOT-0258,339
4/30/2025,WH-TNG01,LOT-0188,2133
4/30/2025,WH-TNG01,LOT-0356,783
4/30/2025,WH-TNG01,LOT-1125,1742
4/30/2025,WH-TNG01,LOT-0484,689
4/30/2025,WH-TNG01,LOT-1040,1758
4/30/2025,WH-TNG01,LOT-0161,1045
4/30/2025,WH-TNG01,LOT-0873,1247
4/30/2025,WH-TNG01,LOT-0957,2060
4/30/2025,WH-TNG01,LOT-0638,2193
4/30/2025,WH-TNG01,LOT-0337,1577
4/30/2025,WH-TNG01,LOT-0405,2410
4/30/2025,WH-TNG01,LOT-0502,1271
4/30/2025,WH-TNG01,LOT-0869,1695
4/30/2025,WH-TNG01,LOT-0362,374
4/30/2025,WH-TNG01,LOT-0510,457
4/30/2025,WH-TNG01,LOT-0621,2355
4/30/2025,WH-TNG01,LOT-0585,1420
4/30/2025,WH-TNG01,LOT-1181,594
4/30/2025,WH-TNG01,LOT-0919,1111
4/30/2025,WH-TNG01,LOT-0413,868
4/30/2025,WH-TNG01,LOT-0557,1640
4/30/2025,WH-TNG01,LOT-0986,1271
4/30/2025,WH-TNG01,LOT-0164,36
4/30/2025,WH-TNG01,LOT-0737,699
4/30/2025,WH-TNG01,LOT-0816,2024
4/30/2025,WH-TNG01,LOT-0774,16
4/30/2025,WH-TNG01,LOT-0344,406
4/30/2025,WH-TNG01,LOT-0965,296
4/30/2025,WH-TNG01,LOT-0904,1721
4/30/2025,WH-TNG01,LOT-0866,2160
4/30/2025,WH-TNG01,LOT-1035,1717
4/30/2025,WH-TNG01,LOT-0888,1191
4/30/2025,WH-TNG01,LOT-0320,1775
4/30/2025,WH-TNG01,LOT-0041,708
4/30/2025,WH-TNG01,LOT-0876,732
4/30/2025,WH-TNG01,LOT-0171,1544
4/30/2025,WH-TNG01,LOT-0615,773
4/30/2025,WH-TNG01,LOT-1101,560
4/30/2025,WH-TNG01,LOT-0313,821
4/30/2025,WH-TNG01,LOT-1133,2002
4/30/2025,WH-TNG01,LOT-0360,755
4/30/2025,WH-TNG01,LOT-0527,2068
4/30/2025,WH-TNG01,LOT-0780,461
4/30/2025,WH-TNG01,LOT-0950,1855
4/30/2025,WH-TNG01,LOT-0627,2332
4/30/2025,WH-TNG01,LOT-0929,880
4/30/2025,WH-TNG01,LOT-0581,770
4/30/2025,WH-TNG01,LOT-0769,833
4/30/2025,WH-TNG01,LOT-1152,251
4/30/2025,WH-BPR01,LOT-0375,2138
4/30/2025,WH-BPR01,LOT-0393,2474
4/30/2025,WH-BPR01,LOT-0532,2429
4/30/2025,WH-BPR01,LOT-0838,919
4/30/2025,WH-BPR01,LOT-0903,446
4/30/2025,WH-BPR01,LOT-0224,1629
4/30/2025,WH-BPR01,LOT-0341,47
4/30/2025,WH-BPR01,LOT-0164,2214
4/30/2025,WH-BPR01,LOT-0601,1896
4/30/2025,WH-BPR01,LOT-0176,1304
4/30/2025,WH-BPR01,LOT-0774,602
4/30/2025,WH-BPR01,LOT-0256,1225
4/30/2025,WH-BPR01,LOT-0567,906
4/30/2025,WH-BPR01,LOT-0132,2057
4/30/2025,WH-BPR01,LOT-0701,1876
4/30/2025,WH-BPR01,LOT-0061,613
4/30/2025,WH-BPR01,LOT-1200,2473
4/30/2025,WH-BPR01,LOT-0481,1170
4/30/2025,WH-BPR01,LOT-0979,607
4/30/2025,WH-BPR01,LOT-0994,150
4/30/2025,WH-BPR01,LOT-0207,2463
4/30/2025,WH-BPR01,LOT-0020,1321
4/30/2025,WH-BPR01,LOT-0126,1275
4/30/2025,WH-BPR01,LOT-0545,2067
4/30/2025,WH-BPR01,LOT-0015,515
4/30/2025,WH-BPR01,LOT-1193,1130
4/30/2025,WH-BPR01,LOT-0086,2360
4/30/2025,WH-BPR01,LOT-0199,1969
4/30/2025,WH-BPR01,LOT-0433,893
4/30/2025,WH-BPR01,LOT-1070,2037
4/30/2025,WH-BPR01,LOT-0770,1203
4/30/2025,WH-BPR01,LOT-1066,1552
4/30/2025,WH-BPR01,LOT-0996,250
4/30/2025,WH-BPR01,LOT-0970,1374
4/30/2025,WH-BPR01,LOT-0691,635
4/30/2025,WH-BPR01,LOT-0880,872
4/30/2025,WH-BPR01,LOT-0690,931
4/30/2025,WH-BPR01,LOT-0760,225
4/30/2025,WH-BPR01,LOT-0703,743
4/30/2025,WH-BPR01,LOT-0646,2006
4/30/2025,WH-BPR01,LOT-0491,1614
4/30/2025,WH-BPR01,LOT-0740,1235
4/30/2025,WH-BPR01,LOT-0817,662
4/30/2025,WH-BPR01,LOT-0776,98
4/30/2025,WH-BPR01,LOT-0118,2254
4/30/2025,WH-BPR01,LOT-0730,1616
4/30/2025,WH-BPR01,LOT-0677,1392
4/30/2025,WH-BPR01,LOT-0206,1740
4/30/2025,WH-BPR01,LOT-0007,1949
4/30/2025,WH-BPR01,LOT-0936,1436
4/30/2025,WH-BPR01,LOT-0823,1613
4/30/2025,WH-BPR01,LOT-0285,1611
4/30/2025,WH-BPR01,LOT-0053,304
4/30/2025,WH-BPR01,LOT-0252,2172
4/30/2025,WH-BPR01,LOT-1087,1169
4/30/2025,WH-BPR01,LOT-0573,1166
4/30/2025,WH-BPR01,LOT-0510,809
4/30/2025,WH-BPR01,LOT-0755,2254
4/30/2025,WH-BPR01,LOT-0926,1622
4/30/2025,WH-BPR01,LOT-0974,408
4/30/2025,WH-BPR01,LOT-1055,546
4/30/2025,WH-BPR01,LOT-0847,1334
4/30/2025,WH-BPR01,LOT-0385,2387
4/30/2025,WH-BPR01,LOT-0660,231
4/30/2025,WH-BPR01,LOT-0035,1255
4/30/2025,WH-BPR01,LOT-0738,1884
4/30/2025,WH-BPR01,LOT-0094,680
4/30/2025,WH-BPR01,LOT-0667,2374
4/30/2025,WH-BPR01,LOT-0910,573
4/30/2025,WH-BPR01,LOT-0479,1819
4/30/2025,WH-BPR01,LOT-0993,1986
4/30/2025,WH-BPR01,LOT-0820,1202
4/30/2025,WH-BPR01,LOT-0167,603
4/30/2025,WH-BPR01,LOT-0714,869
4/30/2025,WH-BPR01,LOT-0877,903
4/30/2025,WH-BPR01,LOT-0976,811
4/30/2025,WH-BPR01,LOT-0789,47
4/30/2025,WH-BPR01,LOT-0602,1493
4/30/2025,WH-BPR01,LOT-0400,2367
4/30/2025,WH-BPR01,LOT-0294,427
4/30/2025,WH-BPR01,LOT-1172,614
4/30/2025,WH-BPR01,LOT-1034,1552
4/30/2025,WH-BPR01,LOT-0066,1759
4/30/2025,WH-BPR01,LOT-0262,699
4/30/2025,WH-BPR01,LOT-1020,240
4/30/2025,WH-BPR01,LOT-0179,403
4/30/2025,WH-BPR01,LOT-0618,1466
4/30/2025,WH-BPR01,LOT-1124,1950
4/30/2025,WH-BPR01,LOT-0957,745
4/30/2025,WH-BPR01,LOT-0345,224
4/30/2025,WH-BPR01,LOT-0914,490
4/30/2025,WH-BPR01,LOT-0237,2121
4/30/2025,WH-BPR01,LOT-0988,1396
4/30/2025,WH-BPR01,LOT-1108,2440
4/30/2025,WH-BPR01,LOT-0494,1786
4/30/2025,WH-BPR01,LOT-0499,618
4/30/2025,WH-BPR01,LOT-0434,1664
4/30/2025,WH-BPR01,LOT-0350,1013
4/30/2025,WH-BPR01,LOT-0184,149
4/30/2025,WH-BPR01,LOT-0217,496
4/30/2025,WH-BPR01,LOT-0891,996
4/30/2025,WH-BPR01,LOT-0060,1634
4/30/2025,WH-BPR01,LOT-0329,2011
4/30/2025,WH-BPR01,LOT-0669,1249
4/30/2025,WH-BPR01,LOT-0786,2451
4/30/2025,WH-BPR01,LOT-0575,716
4/30/2025,WH-BPR01,LOT-0452,1547
4/30/2025,WH-BPR01,LOT-0528,377
4/30/2025,WH-BPR01,LOT-0253,1909
4/30/2025,WH-BPR01,LOT-0279,1575
4/30/2025,WH-BPR01,LOT-1095,1137
4/30/2025,WH-BPR01,LOT-1008,1833
4/30/2025,WH-BPR01,LOT-0186,1514
4/30/2025,WH-BPR01,LOT-0682,57
4/30/2025,WH-BPR01,LOT-0459,501
4/30/2025,WH-BPR01,LOT-1180,487
4/30/2025,WH-BPR01,LOT-0133,348
4/30/2025,WH-BPR01,LOT-0773,509
4/30/2025,WH-BPR01,LOT-0782,2013
4/30/2025,WH-BPR01,LOT-1151,2097
4/30/2025,WH-BPR01,LOT-0895,931
4/30/2025,WH-BPR01,LOT-0478,104
4/30/2025,WH-BPR01,LOT-0458,2413
4/30/2025,WH-BPR01,LOT-0531,2356
4/30/2025,WH-BPR01,LOT-0596,2355
4/30/2025,WH-BPR01,LOT-0180,1974
4/30/2025,WH-BPR01,LOT-0229,1131
4/30/2025,WH-BPR01,LOT-0183,397
4/30/2025,WH-BPR01,LOT-0697,2438
4/30/2025,WH-BPR01,LOT-0386,751
4/30/2025,WH-BPR01,LOT-0238,1582
4/30/2025,WH-BPR01,LOT-1174,1993
4/30/2025,WH-BPR01,LOT-0754,1786
4/30/2025,WH-BPR01,LOT-0261,1232
4/30/2025,WH-BPR01,LOT-0642,2350
4/30/2025,WH-BPR01,LOT-0779,522
4/30/2025,WH-BPR01,LOT-1182,417
4/30/2025,WH-BPR01,LOT-0004,1342
4/30/2025,WH-BPR01,LOT-0637,270
4/30/2025,WH-BPR01,LOT-0127,2211
4/30/2025,WH-BPR01,LOT-1097,767
4/30/2025,WH-BPR01,LOT-0389,1670
4/30/2025,WH-BPR01,LOT-0795,90
4/30/2025,WH-BPR01,LOT-0868,1622
4/30/2025,WH-BPR01,LOT-0655,2287
4/30/2025,WH-BPR01,LOT-0748,2207
4/30/2025,WH-BPR01,LOT-0259,2181
4/30/2025,WH-MLG01,LOT-0131,1071
4/30/2025,WH-MLG01,LOT-1063,48
4/30/2025,WH-MLG01,LOT-1198,2113
4/30/2025,WH-MLG01,LOT-1104,646
4/30/2025,WH-MLG01,LOT-0255,527
4/30/2025,WH-MLG01,LOT-0425,594
4/30/2025,WH-MLG01,LOT-0241,1561
4/30/2025,WH-MLG01,LOT-0371,2334
4/30/2025,WH-MLG01,LOT-0369,1105
4/30/2025,WH-MLG01,LOT-0011,226
4/30/2025,WH-MLG01,LOT-1137,1526
4/30/2025,WH-MLG01,LOT-0916,1030
4/30/2025,WH-MLG01,LOT-0644,1723
4/30/2025,WH-MLG01,LOT-0252,1885
4/30/2025,WH-MLG01,LOT-0081,759
4/30/2025,WH-MLG01,LOT-0264,1807
4/30/2025,WH-MLG01,LOT-1178,1459
4/30/2025,WH-MLG01,LOT-0423,1929
4/30/2025,WH-MLG01,LOT-0331,2067
4/30/2025,WH-MLG01,LOT-0180,1184
4/30/2025,WH-MLG01,LOT-1152,1139
4/30/2025,WH-MLG01,LOT-0526,1762
4/30/2025,WH-MLG01,LOT-0072,2142
4/30/2025,WH-MLG01,LOT-0174,947
4/30/2025,WH-MLG01,LOT-0256,1260
4/30/2025,WH-MLG01,LOT-1037,366
4/30/2025,WH-MLG01,LOT-0612,1261
4/30/2025,WH-MLG01,LOT-0745,1675
4/30/2025,WH-MLG01,LOT-1115,1290
4/30/2025,WH-MLG01,LOT-0352,379
4/30/2025,WH-MLG01,LOT-0867,335
4/30/2025,WH-MLG01,LOT-0001,324
4/30/2025,WH-MLG01,LOT-0509,993
4/30/2025,WH-MLG01,LOT-0616,393
4/30/2025,WH-MLG01,LOT-0095,686
4/30/2025,WH-MLG01,LOT-1064,2366
4/30/2025,WH-MLG01,LOT-0601,245
4/30/2025,WH-MLG01,LOT-1094,356
4/30/2025,WH-MLG01,LOT-0912,1180
4/30/2025,WH-MLG01,LOT-0287,2279
4/30/2025,WH-MLG01,LOT-1182,2028
4/30/2025,WH-MLG01,LOT-1005,53
4/30/2025,WH-MLG01,LOT-0641,1746
4/30/2025,WH-MLG01,LOT-1071,2093
4/30/2025,WH-MLG01,LOT-0722,568
4/30/2025,WH-MLG01,LOT-1103,1974
4/30/2025,WH-MLG01,LOT-1046,2049
4/30/2025,WH-MLG01,LOT-0430,2119
4/30/2025,WH-MLG01,LOT-0203,2190
4/30/2025,WH-MLG01,LOT-0092,520
4/30/2025,WH-MLG01,LOT-0486,1670
4/30/2025,WH-MLG01,LOT-0076,66
4/30/2025,WH-MLG01,LOT-0386,788
4/30/2025,WH-MLG01,LOT-0291,39
4/30/2025,WH-MLG01,LOT-0614,1750
4/30/2025,WH-MLG01,LOT-0441,2198
4/30/2025,WH-MLG01,LOT-0275,1423
4/30/2025,WH-MLG01,LOT-1131,1010
4/30/2025,WH-MLG01,LOT-0443,2173
4/30/2025,WH-MLG01,LOT-0736,183
4/30/2025,WH-MLG01,LOT-0569,2497
4/30/2025,WH-MLG01,LOT-0865,1847
4/30/2025,WH-MLG01,LOT-0153,700
4/30/2025,WH-MLG01,LOT-1127,2154
4/30/2025,WH-MLG01,LOT-0523,931
4/30/2025,WH-MLG01,LOT-0534,726
4/30/2025,WH-MLG01,LOT-0782,317
4/30/2025,WH-MLG01,LOT-0335,1513
4/30/2025,WH-MLG01,LOT-0820,556
4/30/2025,WH-MLG01,LOT-0935,2114
4/30/2025,WH-MLG01,LOT-0171,1457
4/30/2025,WH-MLG01,LOT-0521,218
4/30/2025,WH-MLG01,LOT-0872,1741
4/30/2025,WH-MLG01,LOT-0294,2039
4/30/2025,WH-MLG01,LOT-1098,1562
4/30/2025,WH-MLG01,LOT-0418,708
4/30/2025,WH-MLG01,LOT-0145,1538
4/30/2025,WH-MLG01,LOT-0552,473
4/30/2025,WH-MLG01,LOT-0395,1394
4/30/2025,WH-MLG01,LOT-0763,1033
4/30/2025,WH-MLG01,LOT-1155,2218
4/30/2025,WH-MLG01,LOT-1048,492
4/30/2025,WH-MLG01,LOT-0336,1198
4/30/2025,WH-MLG01,LOT-0860,1235
4/30/2025,WH-MLG01,LOT-0315,1988
4/30/2025,WH-MLG01,LOT-0648,1212
4/30/2025,WH-MLG01,LOT-0889,1094
4/30/2025,WH-MLG01,LOT-0777,882
4/30/2025,WH-MLG01,LOT-0054,19
4/30/2025,WH-MLG01,LOT-0507,2339
4/30/2025,WH-MLG01,LOT-0159,1622
4/30/2025,WH-MLG01,LOT-0554,900
4/30/2025,WH-MLG01,LOT-1089,1258
4/30/2025,WH-MLG01,LOT-0226,2121
4/30/2025,WH-MLG01,LOT-1124,155
4/30/2025,WH-MLG01,LOT-0834,1906
4/30/2025,WH-MLG01,LOT-0136,2009
4/30/2025,WH-MLG01,LOT-0675,245
4/30/2025,WH-MLG01,LOT-0183,1467
4/30/2025,WH-MLG01,LOT-0744,34
4/30/2025,WH-MLG01,LOT-0684,1895
4/30/2025,WH-MLG01,LOT-0560,1355
4/30/2025,WH-MLG01,LOT-0300,1232
4/30/2025,WH-MLG01,LOT-0463,1459
4/30/2025,WH-MLG01,LOT-0561,448
4/30/2025,WH-MLG01,LOT-0021,31
4/30/2025,WH-MLG01,LOT-0201,1442
4/30/2025,WH-MLG01,LOT-0773,772
4/30/2025,WH-MLG01,LOT-0456,1656
4/30/2025,WH-MLG01,LOT-0776,1462
4/30/2025,WH-MLG01,LOT-0216,46
4/30/2025,WH-MLG01,LOT-0253,425
4/30/2025,WH-MLG01,LOT-0360,1774
4/30/2025,WH-MLG01,LOT-1079,2025
4/30/2025,WH-MLG01,LOT-0628,819
4/30/2025,WH-MLG01,LOT-1003,357
4/30/2025,WH-MLG01,LOT-0196,2177
4/30/2025,WH-MLG01,LOT-1084,2116
4/30/2025,WH-MLG01,LOT-0715,639
4/30/2025,WH-MLG01,LOT-1172,1692
4/30/2025,WH-MLG01,LOT-0578,517
4/30/2025,WH-MLG01,LOT-1130,2006
4/30/2025,WH-MLG01,LOT-0556,38
4/30/2025,WH-MLG01,LOT-0099,647
4/30/2025,WH-MLG01,LOT-0350,1034
4/30/2025,WH-MLG01,LOT-0652,936
4/30/2025,WH-MLG01,LOT-0798,1937
4/30/2025,WH-MLG01,LOT-0707,1629
4/30/2025,WH-MLG01,LOT-0825,1543
4/30/2025,WH-MLG01,LOT-0977,1235
4/30/2025,WH-MLG01,LOT-0262,1502
4/30/2025,WH-SLO01,LOT-0374,985
4/30/2025,WH-SLO01,LOT-1099,1140
4/30/2025,WH-SLO01,LOT-0552,870
4/30/2025,WH-SLO01,LOT-0223,2403
4/30/2025,WH-SLO01,LOT-0899,1583
4/30/2025,WH-SLO01,LOT-0900,367
4/30/2025,WH-SLO01,LOT-0332,445
4/30/2025,WH-SLO01,LOT-0287,544
4/30/2025,WH-SLO01,LOT-0725,2475
4/30/2025,WH-SLO01,LOT-0889,502
4/30/2025,WH-SLO01,LOT-0012,178
4/30/2025,WH-SLO01,LOT-0736,2412
4/30/2025,WH-SLO01,LOT-0407,790
4/30/2025,WH-SLO01,LOT-0227,800
4/30/2025,WH-SLO01,LOT-0389,1835
4/30/2025,WH-SLO01,LOT-0584,414
4/30/2025,WH-SLO01,LOT-0083,316
4/30/2025,WH-SLO01,LOT-0274,2248
4/30/2025,WH-SLO01,LOT-0809,1414
4/30/2025,WH-SLO01,LOT-0863,1244
4/30/2025,WH-SLO01,LOT-0679,1952
4/30/2025,WH-SLO01,LOT-0065,837
4/30/2025,WH-SLO01,LOT-0329,2195
4/30/2025,WH-SLO01,LOT-0408,639
4/30/2025,WH-SLO01,LOT-0982,189
4/30/2025,WH-SLO01,LOT-0545,533
4/30/2025,WH-SLO01,LOT-0244,795
4/30/2025,WH-SLO01,LOT-1002,1722
4/30/2025,WH-SLO01,LOT-1127,2264
4/30/2025,WH-SLO01,LOT-1015,1044
4/30/2025,WH-SLO01,LOT-0261,2305
4/30/2025,WH-SLO01,LOT-0666,1432
4/30/2025,WH-SLO01,LOT-0819,1509
4/30/2025,WH-SLO01,LOT-1028,1846
4/30/2025,WH-SLO01,LOT-0797,490
4/30/2025,WH-SLO01,LOT-0270,1796
4/30/2025,WH-SLO01,LOT-0225,287
4/30/2025,WH-SLO01,LOT-0221,1987
4/30/2025,WH-SLO01,LOT-0044,1726
4/30/2025,WH-SLO01,LOT-0259,2155
4/30/2025,WH-SLO01,LOT-0319,2073
4/30/2025,WH-SLO01,LOT-0705,99
4/30/2025,WH-SLO01,LOT-1025,693
4/30/2025,WH-SLO01,LOT-0028,2464
4/30/2025,WH-SLO01,LOT-0485,1132
4/30/2025,WH-SLO01,LOT-0107,538
4/30/2025,WH-SLO01,LOT-0701,1196
4/30/2025,WH-SLO01,LOT-0880,196
4/30/2025,WH-SLO01,LOT-0017,2329
4/30/2025,WH-SLO01,LOT-0890,259
4/30/2025,WH-SLO01,LOT-0984,789
4/30/2025,WH-SLO01,LOT-0593,1638
4/30/2025,WH-SLO01,LOT-0578,2037
4/30/2025,WH-SLO01,LOT-0996,2190
4/30/2025,WH-SLO01,LOT-0170,2113
4/30/2025,WH-SLO01,LOT-0879,317
4/30/2025,WH-SLO01,LOT-0508,687
4/30/2025,WH-SLO01,LOT-0313,1803
4/30/2025,WH-SLO01,LOT-1048,2096
4/30/2025,WH-SLO01,LOT-0383,1583
4/30/2025,WH-SLO01,LOT-0511,2313
4/30/2025,WH-SLO01,LOT-0576,1608
4/30/2025,WH-SLO01,LOT-0236,1651
4/30/2025,WH-SLO01,LOT-0540,2497
4/30/2025,WH-SLO01,LOT-0507,1122
4/30/2025,WH-SLO01,LOT-0971,857
4/30/2025,WH-SLO01,LOT-0212,763
4/30/2025,WH-SLO01,LOT-1029,24
4/30/2025,WH-SLO01,LOT-0372,665
4/30/2025,WH-SLO01,LOT-0387,2352
4/30/2025,WH-SLO01,LOT-0305,902
4/30/2025,WH-SLO01,LOT-0470,2435
4/30/2025,WH-SLO01,LOT-0247,46
4/30/2025,WH-SLO01,LOT-0271,2110
4/30/2025,WH-SLO01,LOT-0822,1875
4/30/2025,WH-SLO01,LOT-0079,2073
4/30/2025,WH-SLO01,LOT-0561,2160
4/30/2025,WH-SLO01,LOT-0394,1070
4/30/2025,WH-SLO01,LOT-0300,1252
4/30/2025,WH-SLO01,LOT-0874,912
4/30/2025,WH-SLO01,LOT-0037,1223
4/30/2025,WH-SLO01,LOT-0409,1109
4/30/2025,WH-SLO01,LOT-0187,2271
4/30/2025,WH-SLO01,LOT-0105,497
4/30/2025,WH-SLO01,LOT-0779,710
4/30/2025,WH-SLO01,LOT-0835,927
4/30/2025,WH-SLO01,LOT-1076,196
4/30/2025,WH-SLO01,LOT-0628,2195
4/30/2025,WH-SLO01,LOT-0474,985
4/30/2025,WH-SLO01,LOT-0455,1205
4/30/2025,WH-SLO01,LOT-0689,170
4/30/2025,WH-SLO01,LOT-0873,616
4/30/2025,WH-SLO01,LOT-0126,1147
4/30/2025,WH-SLO01,LOT-1045,554
4/30/2025,WH-SLO01,LOT-0875,1117
4/30/2025,WH-SLO01,LOT-0106,221
4/30/2025,WH-SLO01,LOT-0624,1029
4/30/2025,WH-SLO01,LOT-0226,870
4/30/2025,WH-SLO01,LOT-0745,2199
4/30/2025,WH-SLO01,LOT-0575,485
4/30/2025,WH-SLO01,LOT-0719,15
4/30/2025,WH-SLO01,LOT-0857,1433
4/30/2025,WH-SLO01,LOT-0506,2488
4/30/2025,WH-SLO01,LOT-0656,1521
4/30/2025,WH-SLO01,LOT-0098,1339
4/30/2025,WH-SLO01,LOT-0373,350
4/30/2025,WH-SLO01,LOT-0084,2259
4/30/2025,WH-SLO01,LOT-0002,1091
4/30/2025,WH-SLO01,LOT-0659,557
4/30/2025,WH-SLO01,LOT-0435,1682
4/30/2025,WH-SLO01,LOT-0585,1217
4/30/2025,WH-SLO01,LOT-0967,1339
4/30/2025,WH-SLO01,LOT-0574,244
4/30/2025,WH-SLO01,LOT-0207,52
4/30/2025,WH-SLO01,LOT-0883,1466
4/30/2025,WH-SLO01,LOT-0379,908
4/30/2025,WH-SLO01,LOT-0517,1155
4/30/2025,WH-SLO01,LOT-1007,733
4/30/2025,WH-SLO01,LOT-0685,1058
4/30/2025,WH-SLO01,LOT-0229,74
4/30/2025,WH-SLO01,LOT-0199,2211
4/30/2025,WH-SLO01,LOT-1131,2399
4/30/2025,WH-SLO01,LOT-0267,445
4/30/2025,WH-SLO01,LOT-0739,1574
4/30/2025,WH-SLO01,LOT-0741,1064
4/30/2025,WH-SLO01,LOT-1084,2485
4/30/2025,WH-SLO01,LOT-0762,2266
4/30/2025,WH-YOG01,LOT-0906,1120
4/30/2025,WH-YOG01,LOT-0452,2054
4/30/2025,WH-YOG01,LOT-0665,1521
4/30/2025,WH-YOG01,LOT-0551,1097
4/30/2025,WH-YOG01,LOT-0418,322
4/30/2025,WH-YOG01,LOT-1192,18
4/30/2025,WH-YOG01,LOT-0810,618
4/30/2025,WH-YOG01,LOT-0319,610
4/30/2025,WH-YOG01,LOT-0914,1321
4/30/2025,WH-YOG01,LOT-0475,615
4/30/2025,WH-YOG01,LOT-0889,1609
4/30/2025,WH-YOG01,LOT-0755,1839
4/30/2025,WH-YOG01,LOT-0304,1969
4/30/2025,WH-YOG01,LOT-0982,285
4/30/2025,WH-YOG01,LOT-0192,473
4/30/2025,WH-YOG01,LOT-1016,2376
4/30/2025,WH-YOG01,LOT-0372,1760
4/30/2025,WH-YOG01,LOT-0941,1150
4/30/2025,WH-YOG01,LOT-0379,602
4/30/2025,WH-YOG01,LOT-0361,380
4/30/2025,WH-YOG01,LOT-0387,1333
4/30/2025,WH-YOG01,LOT-1167,532
4/30/2025,WH-YOG01,LOT-1005,754
4/30/2025,WH-YOG01,LOT-0370,1587
4/30/2025,WH-YOG01,LOT-0578,1454
4/30/2025,WH-YOG01,LOT-0044,1317
4/30/2025,WH-YOG01,LOT-0636,2034
4/30/2025,WH-YOG01,LOT-0334,1746
4/30/2025,WH-YOG01,LOT-0364,1981
4/30/2025,WH-YOG01,LOT-0808,1705
4/30/2025,WH-YOG01,LOT-0385,2474
4/30/2025,WH-YOG01,LOT-0143,1375
4/30/2025,WH-YOG01,LOT-0294,576
4/30/2025,WH-YOG01,LOT-0148,1017
4/30/2025,WH-YOG01,LOT-0874,1579
4/30/2025,WH-YOG01,LOT-0503,1724
4/30/2025,WH-YOG01,LOT-0932,2260
4/30/2025,WH-YOG01,LOT-0825,2046
4/30/2025,WH-YOG01,LOT-0206,2216
4/30/2025,WH-YOG01,LOT-1079,2196
4/30/2025,WH-YOG01,LOT-0282,2027
4/30/2025,WH-YOG01,LOT-0025,2191
4/30/2025,WH-YOG01,LOT-0205,2206
4/30/2025,WH-YOG01,LOT-0774,952
4/30/2025,WH-YOG01,LOT-0787,1585
4/30/2025,WH-YOG01,LOT-0043,352
4/30/2025,WH-YOG01,LOT-0226,2389
4/30/2025,WH-YOG01,LOT-0028,1737
4/30/2025,WH-YOG01,LOT-0090,2168
4/30/2025,WH-YOG01,LOT-0271,2376
4/30/2025,WH-YOG01,LOT-0509,908
4/30/2025,WH-YOG01,LOT-0172,367
4/30/2025,WH-YOG01,LOT-0549,973
4/30/2025,WH-YOG01,LOT-0293,1491
4/30/2025,WH-YOG01,LOT-0020,21
4/30/2025,WH-YOG01,LOT-0218,842
4/30/2025,WH-YOG01,LOT-1111,80
4/30/2025,WH-YOG01,LOT-0694,1494
4/30/2025,WH-YOG01,LOT-0175,2297
4/30/2025,WH-YOG01,LOT-0415,1951
4/30/2025,WH-YOG01,LOT-0286,557
4/30/2025,WH-YOG01,LOT-0984,461
4/30/2025,WH-YOG01,LOT-1153,254
4/30/2025,WH-YOG01,LOT-0910,1440
4/30/2025,WH-YOG01,LOT-0335,1488
4/30/2025,WH-YOG01,LOT-0630,580
4/30/2025,WH-YOG01,LOT-0680,1217
4/30/2025,WH-YOG01,LOT-0981,1895
4/30/2025,WH-YOG01,LOT-0317,600
4/30/2025,WH-YOG01,LOT-0500,2268
4/30/2025,WH-YOG01,LOT-0115,1734
4/30/2025,WH-YOG01,LOT-1114,1003
4/30/2025,WH-YOG01,LOT-0548,873
4/30/2025,WH-YOG01,LOT-0253,929
4/30/2025,WH-YOG01,LOT-0092,238
4/30/2025,WH-YOG01,LOT-0211,574
4/30/2025,WH-YOG01,LOT-1116,490
4/30/2025,WH-YOG01,LOT-0608,596
4/30/2025,WH-YOG01,LOT-1048,1556
4/30/2025,WH-YOG01,LOT-0851,117
4/30/2025,WH-YOG01,LOT-0291,1749
4/30/2025,WH-YOG01,LOT-0003,1532
4/30/2025,WH-YOG01,LOT-0460,231
4/30/2025,WH-YOG01,LOT-0050,444
4/30/2025,WH-YOG01,LOT-0465,2392
4/30/2025,WH-YOG01,LOT-0875,312
4/30/2025,WH-YOG01,LOT-0790,1963
4/30/2025,WH-YOG01,LOT-0302,2442
4/30/2025,WH-YOG01,LOT-0724,657
4/30/2025,WH-YOG01,LOT-0588,133
4/30/2025,WH-YOG01,LOT-0463,611
4/30/2025,WH-YOG01,LOT-0788,1506
4/30/2025,WH-YOG01,LOT-0231,588
4/30/2025,WH-YOG01,LOT-1008,333
4/30/2025,WH-YOG01,LOT-0348,1013
4/30/2025,WH-YOG01,LOT-0209,325
4/30/2025,WH-YOG01,LOT-0732,61
4/30/2025,WH-YOG01,LOT-0157,2341
4/30/2025,WH-YOG01,LOT-0684,1715
4/30/2025,WH-YOG01,LOT-0243,623
4/30/2025,WH-YOG01,LOT-0739,757
4/30/2025,WH-YOG01,LOT-0174,1934
4/30/2025,WH-YOG01,LOT-0089,583
4/30/2025,WH-YOG01,LOT-0310,2170
4/30/2025,WH-YOG01,LOT-0365,1236
4/30/2025,WH-YOG01,LOT-0878,1935
4/30/2025,WH-YOG01,LOT-1087,1695
4/30/2025,WH-YOG01,LOT-0686,1391
4/30/2025,WH-YOG01,LOT-0871,1828
4/30/2025,WH-YOG01,LOT-0308,64
4/30/2025,WH-YOG01,LOT-0618,1184
4/30/2025,WH-YOG01,LOT-0714,465
4/30/2025,WH-YOG01,LOT-0213,648
5/31/2025,WH-JKT01,LOT-0066,547
5/31/2025,WH-JKT01,LOT-0356,1398
5/31/2025,WH-JKT01,LOT-1031,1201
5/31/2025,WH-JKT01,LOT-0329,1485
5/31/2025,WH-JKT01,LOT-0023,1774
5/31/2025,WH-JKT01,LOT-0812,173
5/31/2025,WH-JKT01,LOT-0868,1597
5/31/2025,WH-JKT01,LOT-0931,989
5/31/2025,WH-JKT01,LOT-1135,865
5/31/2025,WH-JKT01,LOT-0529,2495
5/31/2025,WH-JKT01,LOT-1172,317
5/31/2025,WH-JKT01,LOT-1028,634
5/31/2025,WH-JKT01,LOT-0627,2332
5/31/2025,WH-JKT01,LOT-0466,2047
5/31/2025,WH-JKT01,LOT-0322,408
5/31/2025,WH-JKT01,LOT-0557,71
5/31/2025,WH-JKT01,LOT-0189,594
5/31/2025,WH-JKT01,LOT-1069,1277
5/31/2025,WH-JKT01,LOT-0774,2251
5/31/2025,WH-JKT01,LOT-0257,367
5/31/2025,WH-JKT01,LOT-0434,2053
5/31/2025,WH-JKT01,LOT-0821,395
5/31/2025,WH-JKT01,LOT-0115,1872
5/31/2025,WH-JKT01,LOT-0449,1294
5/31/2025,WH-JKT01,LOT-0804,705
5/31/2025,WH-JKT01,LOT-0377,1220
5/31/2025,WH-JKT01,LOT-1146,671
5/31/2025,WH-JKT01,LOT-0159,289
5/31/2025,WH-JKT01,LOT-0960,1157
5/31/2025,WH-JKT01,LOT-0978,2371
5/31/2025,WH-JKT01,LOT-0642,1498
5/31/2025,WH-JKT01,LOT-0830,1457
5/31/2025,WH-JKT01,LOT-0780,375
5/31/2025,WH-JKT01,LOT-0338,301
5/31/2025,WH-JKT01,LOT-0112,743
5/31/2025,WH-JKT01,LOT-0761,1897
5/31/2025,WH-JKT01,LOT-0869,1066
5/31/2025,WH-JKT01,LOT-0399,1948
5/31/2025,WH-JKT01,LOT-0553,1058
5/31/2025,WH-JKT01,LOT-0223,1820
5/31/2025,WH-JKT01,LOT-0214,585
5/31/2025,WH-JKT01,LOT-0160,517
5/31/2025,WH-JKT01,LOT-0743,2339
5/31/2025,WH-JKT01,LOT-0688,2009
5/31/2025,WH-JKT01,LOT-0058,172
5/31/2025,WH-JKT01,LOT-0491,1498
5/31/2025,WH-JKT01,LOT-0578,1184
5/31/2025,WH-JKT01,LOT-0334,1652
5/31/2025,WH-JKT01,LOT-1110,1685
5/31/2025,WH-JKT01,LOT-0219,538
5/31/2025,WH-JKT01,LOT-0134,1815
5/31/2025,WH-JKT01,LOT-0634,1512
5/31/2025,WH-JKT01,LOT-0385,2109
5/31/2025,WH-JKT01,LOT-1130,1294
5/31/2025,WH-JKT01,LOT-0414,1540
5/31/2025,WH-JKT01,LOT-0067,351
5/31/2025,WH-JKT01,LOT-0493,1702
5/31/2025,WH-JKT01,LOT-0552,2082
5/31/2025,WH-JKT01,LOT-0175,1853
5/31/2025,WH-JKT01,LOT-1168,1086
5/31/2025,WH-JKT01,LOT-1157,184
5/31/2025,WH-JKT01,LOT-0092,243
5/31/2025,WH-JKT01,LOT-1155,1012
5/31/2025,WH-JKT01,LOT-0991,2307
5/31/2025,WH-JKT01,LOT-0094,42
5/31/2025,WH-JKT01,LOT-0099,643
5/31/2025,WH-JKT01,LOT-0645,441
5/31/2025,WH-JKT01,LOT-0191,1200
5/31/2025,WH-JKT01,LOT-0633,1549
5/31/2025,WH-JKT01,LOT-0018,658
5/31/2025,WH-JKT01,LOT-0731,2345
5/31/2025,WH-JKT01,LOT-0579,1645
5/31/2025,WH-JKT01,LOT-0816,308
5/31/2025,WH-JKT01,LOT-1025,923
5/31/2025,WH-JKT01,LOT-0400,1600
5/31/2025,WH-JKT01,LOT-0801,1903
5/31/2025,WH-JKT01,LOT-0729,392
5/31/2025,WH-JKT01,LOT-0266,1439
5/31/2025,WH-JKT01,LOT-0200,1918
5/31/2025,WH-JKT01,LOT-0679,1928
5/31/2025,WH-JKT01,LOT-0835,2201
5/31/2025,WH-JKT01,LOT-1032,1914
5/31/2025,WH-JKT01,LOT-0207,456
5/31/2025,WH-JKT01,LOT-1029,361
5/31/2025,WH-JKT01,LOT-0308,748
5/31/2025,WH-JKT01,LOT-0049,453
5/31/2025,WH-JKT01,LOT-0783,1635
5/31/2025,WH-JKT01,LOT-0977,1784
5/31/2025,WH-JKT01,LOT-0077,827
5/31/2025,WH-JKT01,LOT-0595,1654
5/31/2025,WH-JKT01,LOT-0331,1356
5/31/2025,WH-JKT01,LOT-0311,274
5/31/2025,WH-JKT01,LOT-0949,1309
5/31/2025,WH-JKT01,LOT-0162,1412
5/31/2025,WH-JKT01,LOT-0192,2485
5/31/2025,WH-JKT01,LOT-0475,2001
5/31/2025,WH-JKT01,LOT-0442,880
5/31/2025,WH-JKT01,LOT-0289,1960
5/31/2025,WH-JKT01,LOT-0330,478
5/31/2025,WH-JKT01,LOT-1058,1150
5/31/2025,WH-JKT01,LOT-1072,1871
5/31/2025,WH-JKT01,LOT-0700,166
5/31/2025,WH-JKT01,LOT-0917,2242
5/31/2025,WH-SBY01,LOT-0963,377
5/31/2025,WH-SBY01,LOT-0299,77
5/31/2025,WH-SBY01,LOT-0438,1694
5/31/2025,WH-SBY01,LOT-0656,434
5/31/2025,WH-SBY01,LOT-1164,2043
5/31/2025,WH-SBY01,LOT-0065,2241
5/31/2025,WH-SBY01,LOT-0779,418
5/31/2025,WH-SBY01,LOT-0128,1829
5/31/2025,WH-SBY01,LOT-0741,2071
5/31/2025,WH-SBY01,LOT-0881,2390
5/31/2025,WH-SBY01,LOT-0970,143
5/31/2025,WH-SBY01,LOT-0111,1197
5/31/2025,WH-SBY01,LOT-0434,1732
5/31/2025,WH-SBY01,LOT-0047,877
5/31/2025,WH-SBY01,LOT-0867,922
5/31/2025,WH-SBY01,LOT-0553,1872
5/31/2025,WH-SBY01,LOT-0517,2269
5/31/2025,WH-SBY01,LOT-0361,1570
5/31/2025,WH-SBY01,LOT-0172,478
5/31/2025,WH-SBY01,LOT-0291,811
5/31/2025,WH-SBY01,LOT-0142,1933
5/31/2025,WH-SBY01,LOT-0561,519
5/31/2025,WH-SBY01,LOT-0830,1446
5/31/2025,WH-SBY01,LOT-0168,1910
5/31/2025,WH-SBY01,LOT-0611,1701
5/31/2025,WH-SBY01,LOT-0925,1631
5/31/2025,WH-SBY01,LOT-0860,41
5/31/2025,WH-SBY01,LOT-1075,1544
5/31/2025,WH-SBY01,LOT-0439,927
5/31/2025,WH-SBY01,LOT-0532,2088
5/31/2025,WH-SBY01,LOT-0377,1171
5/31/2025,WH-SBY01,LOT-0190,1106
5/31/2025,WH-SBY01,LOT-0878,1093
5/31/2025,WH-SBY01,LOT-0701,1269
5/31/2025,WH-SBY01,LOT-0609,1708
5/31/2025,WH-SBY01,LOT-0337,999
5/31/2025,WH-SBY01,LOT-0407,27
5/31/2025,WH-SBY01,LOT-0716,1708
5/31/2025,WH-SBY01,LOT-0859,143
5/31/2025,WH-SBY01,LOT-0987,73
5/31/2025,WH-SBY01,LOT-0974,117
5/31/2025,WH-SBY01,LOT-1097,638
5/31/2025,WH-SBY01,LOT-0330,1543
5/31/2025,WH-SBY01,LOT-0895,2135
5/31/2025,WH-SBY01,LOT-0727,2467
5/31/2025,WH-SBY01,LOT-1169,1310
5/31/2025,WH-SBY01,LOT-0797,1382
5/31/2025,WH-SBY01,LOT-0021,708
5/31/2025,WH-SBY01,LOT-1149,2353
5/31/2025,WH-SBY01,LOT-0160,1771
5/31/2025,WH-SBY01,LOT-1185,1000
5/31/2025,WH-SBY01,LOT-0297,2286
5/31/2025,WH-SBY01,LOT-0664,1613
5/31/2025,WH-SBY01,LOT-0649,799
5/31/2025,WH-SBY01,LOT-0030,1621
5/31/2025,WH-SBY01,LOT-0309,221
5/31/2025,WH-SBY01,LOT-0940,2376
5/31/2025,WH-SBY01,LOT-0303,1767
5/31/2025,WH-SBY01,LOT-1023,537
5/31/2025,WH-SBY01,LOT-0233,1609
5/31/2025,WH-SBY01,LOT-0833,721
5/31/2025,WH-SBY01,LOT-0539,1661
5/31/2025,WH-SBY01,LOT-1067,1313
5/31/2025,WH-SBY01,LOT-0008,2128
5/31/2025,WH-SBY01,LOT-0923,658
5/31/2025,WH-SBY01,LOT-0258,1801
5/31/2025,WH-SBY01,LOT-0921,956
5/31/2025,WH-SBY01,LOT-0200,417
5/31/2025,WH-SBY01,LOT-0075,527
5/31/2025,WH-SBY01,LOT-0448,2075
5/31/2025,WH-SBY01,LOT-0385,494
5/31/2025,WH-SBY01,LOT-0861,2373
5/31/2025,WH-SBY01,LOT-1119,1615
5/31/2025,WH-SBY01,LOT-0341,1075
5/31/2025,WH-SBY01,LOT-0774,2274
5/31/2025,WH-SBY01,LOT-0443,661
5/31/2025,WH-SBY01,LOT-0713,1330
5/31/2025,WH-SBY01,LOT-0430,844
5/31/2025,WH-SBY01,LOT-0392,391
5/31/2025,WH-SBY01,LOT-1182,392
5/31/2025,WH-SBY01,LOT-0759,115
5/31/2025,WH-SBY01,LOT-0746,1801
5/31/2025,WH-SBY01,LOT-0034,57
5/31/2025,WH-SBY01,LOT-0619,2440
5/31/2025,WH-SBY01,LOT-0629,636
5/31/2025,WH-SBY01,LOT-1029,123
5/31/2025,WH-SBY01,LOT-0256,2236
5/31/2025,WH-SBY01,LOT-0934,332
5/31/2025,WH-SBY01,LOT-0848,2352
5/31/2025,WH-SBY01,LOT-0841,1576
5/31/2025,WH-SBY01,LOT-0721,113
5/31/2025,WH-SBY01,LOT-0722,544
5/31/2025,WH-SBY01,LOT-1111,1868
5/31/2025,WH-SBY01,LOT-0873,1476
5/31/2025,WH-SBY01,LOT-1072,774
5/31/2025,WH-SBY01,LOT-0688,991
5/31/2025,WH-SBY01,LOT-0765,918
5/31/2025,WH-SBY01,LOT-0363,1226
5/31/2025,WH-SBY01,LOT-1133,803
5/31/2025,WH-SBY01,LOT-0334,2203
5/31/2025,WH-SBY01,LOT-1112,1014
5/31/2025,WH-SBY01,LOT-0893,1558
5/31/2025,WH-SBY01,LOT-0782,1076
5/31/2025,WH-SBY01,LOT-0584,221
5/31/2025,WH-SBY01,LOT-0896,1136
5/31/2025,WH-SBY01,LOT-0581,349
5/31/2025,WH-SBY01,LOT-0204,598
5/31/2025,WH-SBY01,LOT-0180,104
5/31/2025,WH-SBY01,LOT-0213,2383
5/31/2025,WH-BDG01,LOT-0228,132
5/31/2025,WH-BDG01,LOT-0941,479
5/31/2025,WH-BDG01,LOT-0252,746
5/31/2025,WH-BDG01,LOT-0220,1331
5/31/2025,WH-BDG01,LOT-0291,1768
5/31/2025,WH-BDG01,LOT-0579,771
5/31/2025,WH-BDG01,LOT-0537,1475
5/31/2025,WH-BDG01,LOT-0370,1014
5/31/2025,WH-BDG01,LOT-0191,307
5/31/2025,WH-BDG01,LOT-0159,891
5/31/2025,WH-BDG01,LOT-1013,1532
5/31/2025,WH-BDG01,LOT-0741,1533
5/31/2025,WH-BDG01,LOT-0426,604
5/31/2025,WH-BDG01,LOT-0801,1297
5/31/2025,WH-BDG01,LOT-0207,510
5/31/2025,WH-BDG01,LOT-1006,49
5/31/2025,WH-BDG01,LOT-0045,1314
5/31/2025,WH-BDG01,LOT-0848,54
5/31/2025,WH-BDG01,LOT-0151,1357
5/31/2025,WH-BDG01,LOT-0997,885
5/31/2025,WH-BDG01,LOT-0157,1916
5/31/2025,WH-BDG01,LOT-0431,2334
5/31/2025,WH-BDG01,LOT-0860,1327
5/31/2025,WH-BDG01,LOT-0769,962
5/31/2025,WH-BDG01,LOT-0643,2310
5/31/2025,WH-BDG01,LOT-0924,281
5/31/2025,WH-BDG01,LOT-0330,1589
5/31/2025,WH-BDG01,LOT-0369,1171
5/31/2025,WH-BDG01,LOT-0612,2474
5/31/2025,WH-BDG01,LOT-0021,879
5/31/2025,WH-BDG01,LOT-0366,2169
5/31/2025,WH-BDG01,LOT-1162,900
5/31/2025,WH-BDG01,LOT-0065,431
5/31/2025,WH-BDG01,LOT-0241,2307
5/31/2025,WH-BDG01,LOT-0703,1148
5/31/2025,WH-BDG01,LOT-0711,2499
5/31/2025,WH-BDG01,LOT-0992,316
5/31/2025,WH-BDG01,LOT-1120,2360
5/31/2025,WH-BDG01,LOT-0011,1737
5/31/2025,WH-BDG01,LOT-0325,1792
5/31/2025,WH-BDG01,LOT-1069,1311
5/31/2025,WH-BDG01,LOT-0522,1321
5/31/2025,WH-BDG01,LOT-0250,821
5/31/2025,WH-BDG01,LOT-0395,817
5/31/2025,WH-BDG01,LOT-0061,213
5/31/2025,WH-BDG01,LOT-1098,2033
5/31/2025,WH-BDG01,LOT-0048,2052
5/31/2025,WH-BDG01,LOT-1061,201
5/31/2025,WH-BDG01,LOT-1049,1134
5/31/2025,WH-BDG01,LOT-0313,1735
5/31/2025,WH-BDG01,LOT-0443,498
5/31/2025,WH-BDG01,LOT-0748,518
5/31/2025,WH-BDG01,LOT-0236,1864
5/31/2025,WH-BDG01,LOT-0445,710
5/31/2025,WH-BDG01,LOT-0671,2473
5/31/2025,WH-BDG01,LOT-0284,1348
5/31/2025,WH-BDG01,LOT-0451,2431
5/31/2025,WH-BDG01,LOT-0171,1578
5/31/2025,WH-BDG01,LOT-0260,978
5/31/2025,WH-BDG01,LOT-0549,2370
5/31/2025,WH-BDG01,LOT-0561,97
5/31/2025,WH-BDG01,LOT-0987,1177
5/31/2025,WH-BDG01,LOT-0409,83
5/31/2025,WH-BDG01,LOT-0189,2368
5/31/2025,WH-BDG01,LOT-0714,29
5/31/2025,WH-BDG01,LOT-1130,1901
5/31/2025,WH-BDG01,LOT-0603,1174
5/31/2025,WH-BDG01,LOT-0957,546
5/31/2025,WH-BDG01,LOT-1016,1659
5/31/2025,WH-BDG01,LOT-0894,161
5/31/2025,WH-BDG01,LOT-1050,2195
5/31/2025,WH-BDG01,LOT-0820,2170
5/31/2025,WH-BDG01,LOT-0396,170
5/31/2025,WH-BDG01,LOT-0513,1391
5/31/2025,WH-BDG01,LOT-0355,76
5/31/2025,WH-BDG01,LOT-0406,294
5/31/2025,WH-BDG01,LOT-0576,1934
5/31/2025,WH-BDG01,LOT-0805,399
5/31/2025,WH-BDG01,LOT-0211,1710
5/31/2025,WH-BDG01,LOT-1196,1242
5/31/2025,WH-BDG01,LOT-0639,1135
5/31/2025,WH-BDG01,LOT-0340,1309
5/31/2025,WH-BDG01,LOT-0422,1426
5/31/2025,WH-BDG01,LOT-1000,1649
5/31/2025,WH-BDG01,LOT-0888,336
5/31/2025,WH-BDG01,LOT-0914,2289
5/31/2025,WH-BDG01,LOT-0868,1292
5/31/2025,WH-BDG01,LOT-0557,2032
5/31/2025,WH-BDG01,LOT-0653,202
5/31/2025,WH-BDG01,LOT-0221,1621
5/31/2025,WH-BDG01,LOT-0785,1232
5/31/2025,WH-BDG01,LOT-0880,1871
5/31/2025,WH-BDG01,LOT-0410,2030
5/31/2025,WH-BDG01,LOT-0723,507
5/31/2025,WH-BDG01,LOT-0766,1541
5/31/2025,WH-BDG01,LOT-0132,430
5/31/2025,WH-BDG01,LOT-0921,129
5/31/2025,WH-BDG01,LOT-0343,927
5/31/2025,WH-BDG01,LOT-0070,205
5/31/2025,WH-BDG01,LOT-1048,52
5/31/2025,WH-BDG01,LOT-0519,578
5/31/2025,WH-BDG01,LOT-0840,440
5/31/2025,WH-BDG01,LOT-0602,1332
5/31/2025,WH-BDG01,LOT-1087,1794
5/31/2025,WH-BDG01,LOT-0722,937
5/31/2025,WH-BDG01,LOT-0816,707
5/31/2025,WH-SMG01,LOT-0392,1817
5/31/2025,WH-SMG01,LOT-0756,1126
5/31/2025,WH-SMG01,LOT-1101,1524
5/31/2025,WH-SMG01,LOT-0011,410
5/31/2025,WH-SMG01,LOT-0108,211
5/31/2025,WH-SMG01,LOT-0532,1576
5/31/2025,WH-SMG01,LOT-0089,1740
5/31/2025,WH-SMG01,LOT-0227,804
5/31/2025,WH-SMG01,LOT-0099,1214
5/31/2025,WH-SMG01,LOT-0624,785
5/31/2025,WH-SMG01,LOT-0154,1659
5/31/2025,WH-SMG01,LOT-0541,733
5/31/2025,WH-SMG01,LOT-0675,2443
5/31/2025,WH-SMG01,LOT-0778,1140
5/31/2025,WH-SMG01,LOT-0553,2179
5/31/2025,WH-SMG01,LOT-0349,2498
5/31/2025,WH-SMG01,LOT-0283,2031
5/31/2025,WH-SMG01,LOT-1195,2134
5/31/2025,WH-SMG01,LOT-0944,1785
5/31/2025,WH-SMG01,LOT-0246,457
5/31/2025,WH-SMG01,LOT-0259,214
5/31/2025,WH-SMG01,LOT-0654,1029
5/31/2025,WH-SMG01,LOT-0304,464
5/31/2025,WH-SMG01,LOT-1197,909
5/31/2025,WH-SMG01,LOT-0847,481
5/31/2025,WH-SMG01,LOT-0916,227
5/31/2025,WH-SMG01,LOT-0251,156
5/31/2025,WH-SMG01,LOT-1069,2366
5/31/2025,WH-SMG01,LOT-1081,1100
5/31/2025,WH-SMG01,LOT-0493,987
5/31/2025,WH-SMG01,LOT-1184,279
5/31/2025,WH-SMG01,LOT-0979,2189
5/31/2025,WH-SMG01,LOT-1004,423
5/31/2025,WH-SMG01,LOT-0575,1138
5/31/2025,WH-SMG01,LOT-0660,937
5/31/2025,WH-SMG01,LOT-0989,1667
5/31/2025,WH-SMG01,LOT-0463,1615
5/31/2025,WH-SMG01,LOT-0189,1619
5/31/2025,WH-SMG01,LOT-0607,424
5/31/2025,WH-SMG01,LOT-0170,910
5/31/2025,WH-SMG01,LOT-0723,1108
5/31/2025,WH-SMG01,LOT-1144,2038
5/31/2025,WH-SMG01,LOT-0497,852
5/31/2025,WH-SMG01,LOT-0422,710
5/31/2025,WH-SMG01,LOT-0160,843
5/31/2025,WH-SMG01,LOT-1013,1433
5/31/2025,WH-SMG01,LOT-0124,1189
5/31/2025,WH-SMG01,LOT-0436,2452
5/31/2025,WH-SMG01,LOT-0027,1189
5/31/2025,WH-SMG01,LOT-0443,22
5/31/2025,WH-SMG01,LOT-0959,396
5/31/2025,WH-SMG01,LOT-0789,768
5/31/2025,WH-SMG01,LOT-0385,2071
5/31/2025,WH-SMG01,LOT-0999,1962
5/31/2025,WH-SMG01,LOT-0215,1260
5/31/2025,WH-SMG01,LOT-0698,987
5/31/2025,WH-SMG01,LOT-0428,707
5/31/2025,WH-SMG01,LOT-1053,1300
5/31/2025,WH-SMG01,LOT-0642,294
5/31/2025,WH-SMG01,LOT-0639,692
5/31/2025,WH-SMG01,LOT-0930,777
5/31/2025,WH-SMG01,LOT-0316,1370
5/31/2025,WH-SMG01,LOT-1034,1874
5/31/2025,WH-SMG01,LOT-0217,590
5/31/2025,WH-SMG01,LOT-0267,62
5/31/2025,WH-SMG01,LOT-0449,1953
5/31/2025,WH-SMG01,LOT-0745,1762
5/31/2025,WH-SMG01,LOT-0790,1378
5/31/2025,WH-SMG01,LOT-0927,95
5/31/2025,WH-SMG01,LOT-1052,737
5/31/2025,WH-SMG01,LOT-0416,1090
5/31/2025,WH-SMG01,LOT-0820,325
5/31/2025,WH-SMG01,LOT-0141,709
5/31/2025,WH-SMG01,LOT-0570,49
5/31/2025,WH-SMG01,LOT-0867,2443
5/31/2025,WH-SMG01,LOT-0337,1452
5/31/2025,WH-SMG01,LOT-0630,1950
5/31/2025,WH-SMG01,LOT-1183,2398
5/31/2025,WH-SMG01,LOT-0210,14
5/31/2025,WH-SMG01,LOT-0302,2010
5/31/2025,WH-SMG01,LOT-0945,1023
5/31/2025,WH-SMG01,LOT-0220,1945
5/31/2025,WH-SMG01,LOT-0226,458
5/31/2025,WH-SMG01,LOT-0034,195
5/31/2025,WH-SMG01,LOT-0384,81
5/31/2025,WH-SMG01,LOT-0547,2333
5/31/2025,WH-SMG01,LOT-0059,1200
5/31/2025,WH-SMG01,LOT-0976,945
5/31/2025,WH-SMG01,LOT-1088,2161
5/31/2025,WH-SMG01,LOT-0928,2070
5/31/2025,WH-SMG01,LOT-0721,695
5/31/2025,WH-SMG01,LOT-0544,610
5/31/2025,WH-SMG01,LOT-0243,394
5/31/2025,WH-SMG01,LOT-1128,419
5/31/2025,WH-SMG01,LOT-0173,1257
5/31/2025,WH-SMG01,LOT-0726,1384
5/31/2025,WH-SMG01,LOT-0884,1863
5/31/2025,WH-SMG01,LOT-0435,2019
5/31/2025,WH-SMG01,LOT-0309,1446
5/31/2025,WH-SMG01,LOT-0813,2245
5/31/2025,WH-SMG01,LOT-1029,1064
5/31/2025,WH-SMG01,LOT-0883,2002
5/31/2025,WH-SMG01,LOT-1041,1048
5/31/2025,WH-SMG01,LOT-0684,1502
5/31/2025,WH-SMG01,LOT-0109,1889
5/31/2025,WH-BKS01,LOT-0723,1080
5/31/2025,WH-BKS01,LOT-0617,1247
5/31/2025,WH-BKS01,LOT-0684,2455
5/31/2025,WH-BKS01,LOT-1061,1282
5/31/2025,WH-BKS01,LOT-0992,719
5/31/2025,WH-BKS01,LOT-0231,2319
5/31/2025,WH-BKS01,LOT-0553,1795
5/31/2025,WH-BKS01,LOT-1064,1330
5/31/2025,WH-BKS01,LOT-0043,2378
5/31/2025,WH-BKS01,LOT-0303,580
5/31/2025,WH-BKS01,LOT-0841,827
5/31/2025,WH-BKS01,LOT-0452,1034
5/31/2025,WH-BKS01,LOT-0291,565
5/31/2025,WH-BKS01,LOT-0732,1715
5/31/2025,WH-BKS01,LOT-1020,2280
5/31/2025,WH-BKS01,LOT-0064,827
5/31/2025,WH-BKS01,LOT-0501,1243
5/31/2025,WH-BKS01,LOT-1183,1259
5/31/2025,WH-BKS01,LOT-0883,360
5/31/2025,WH-BKS01,LOT-0737,1227
5/31/2025,WH-BKS01,LOT-0423,2331
5/31/2025,WH-BKS01,LOT-0183,1898
5/31/2025,WH-BKS01,LOT-0397,2245
5/31/2025,WH-BKS01,LOT-0774,761
5/31/2025,WH-BKS01,LOT-0222,1549
5/31/2025,WH-BKS01,LOT-0561,1799
5/31/2025,WH-BKS01,LOT-1116,403
5/31/2025,WH-BKS01,LOT-0921,577
5/31/2025,WH-BKS01,LOT-1080,2166
5/31/2025,WH-BKS01,LOT-0359,1820
5/31/2025,WH-BKS01,LOT-0544,1293
5/31/2025,WH-BKS01,LOT-0715,2073
5/31/2025,WH-BKS01,LOT-0679,1474
5/31/2025,WH-BKS01,LOT-0801,1928
5/31/2025,WH-BKS01,LOT-0855,1460
5/31/2025,WH-BKS01,LOT-0566,1761
5/31/2025,WH-BKS01,LOT-0634,1920
5/31/2025,WH-BKS01,LOT-0391,1732
5/31/2025,WH-BKS01,LOT-0085,1690
5/31/2025,WH-BKS01,LOT-1187,1899
5/31/2025,WH-BKS01,LOT-1066,123
5/31/2025,WH-BKS01,LOT-0704,2299
5/31/2025,WH-BKS01,LOT-0252,118
5/31/2025,WH-BKS01,LOT-0888,1734
5/31/2025,WH-BKS01,LOT-0932,372
5/31/2025,WH-BKS01,LOT-1161,585
5/31/2025,WH-BKS01,LOT-0711,1248
5/31/2025,WH-BKS01,LOT-0591,1003
5/31/2025,WH-BKS01,LOT-0226,2387
5/31/2025,WH-BKS01,LOT-0018,2107
5/31/2025,WH-BKS01,LOT-1022,1538
5/31/2025,WH-BKS01,LOT-0302,531
5/31/2025,WH-BKS01,LOT-0956,2235
5/31/2025,WH-BKS01,LOT-0308,2326
5/31/2025,WH-BKS01,LOT-1072,1211
5/31/2025,WH-BKS01,LOT-0594,229
5/31/2025,WH-BKS01,LOT-1144,1618
5/31/2025,WH-BKS01,LOT-0334,525
5/31/2025,WH-BKS01,LOT-0622,1660
5/31/2025,WH-BKS01,LOT-0998,34
5/31/2025,WH-BKS01,LOT-0133,1905
5/31/2025,WH-BKS01,LOT-0604,2131
5/31/2025,WH-BKS01,LOT-0032,1895
5/31/2025,WH-BKS01,LOT-0930,232
5/31/2025,WH-BKS01,LOT-0084,356
5/31/2025,WH-BKS01,LOT-0446,234
5/31/2025,WH-BKS01,LOT-0580,1116
5/31/2025,WH-BKS01,LOT-0253,448
5/31/2025,WH-BKS01,LOT-0109,1375
5/31/2025,WH-BKS01,LOT-1001,2444
5/31/2025,WH-BKS01,LOT-0627,408
5/31/2025,WH-BKS01,LOT-0011,1200
5/31/2025,WH-BKS01,LOT-0882,2326
5/31/2025,WH-BKS01,LOT-0722,1982
5/31/2025,WH-BKS01,LOT-0002,1367
5/31/2025,WH-BKS01,LOT-0103,259
5/31/2025,WH-BKS01,LOT-0515,507
5/31/2025,WH-BKS01,LOT-0283,2404
5/31/2025,WH-BKS01,LOT-0718,2102
5/31/2025,WH-BKS01,LOT-0581,227
5/31/2025,WH-BKS01,LOT-1029,849
5/31/2025,WH-BKS01,LOT-1149,2124
5/31/2025,WH-BKS01,LOT-0318,600
5/31/2025,WH-BKS01,LOT-0177,2312
5/31/2025,WH-BKS01,LOT-0555,2038
5/31/2025,WH-BKS01,LOT-0293,568
5/31/2025,WH-BKS01,LOT-0403,925
5/31/2025,WH-BKS01,LOT-0885,643
5/31/2025,WH-BKS01,LOT-1199,1242
5/31/2025,WH-BKS01,LOT-0166,1283
5/31/2025,WH-BKS01,LOT-0596,36
5/31/2025,WH-BKS01,LOT-0449,1996
5/31/2025,WH-BKS01,LOT-0066,832
5/31/2025,WH-BKS01,LOT-0970,479
5/31/2025,WH-BKS01,LOT-0727,285
5/31/2025,WH-BKS01,LOT-0510,10
5/31/2025,WH-BKS01,LOT-0792,636
5/31/2025,WH-BKS01,LOT-0866,2483
5/31/2025,WH-BKS01,LOT-0818,505
5/31/2025,WH-BKS01,LOT-0201,2139
5/31/2025,WH-TNG01,LOT-0507,1583
5/31/2025,WH-TNG01,LOT-0419,1730
5/31/2025,WH-TNG01,LOT-0213,273
5/31/2025,WH-TNG01,LOT-0971,263
5/31/2025,WH-TNG01,LOT-0051,1035
5/31/2025,WH-TNG01,LOT-1036,478
5/31/2025,WH-TNG01,LOT-0909,163
5/31/2025,WH-TNG01,LOT-0801,308
5/31/2025,WH-TNG01,LOT-0114,1818
5/31/2025,WH-TNG01,LOT-0250,1543
5/31/2025,WH-TNG01,LOT-0615,2494
5/31/2025,WH-TNG01,LOT-0829,130
5/31/2025,WH-TNG01,LOT-0991,722
5/31/2025,WH-TNG01,LOT-0377,1325
5/31/2025,WH-TNG01,LOT-0482,450
5/31/2025,WH-TNG01,LOT-1120,1851
5/31/2025,WH-TNG01,LOT-0534,1556
5/31/2025,WH-TNG01,LOT-0900,555
5/31/2025,WH-TNG01,LOT-0253,2360
5/31/2025,WH-TNG01,LOT-0886,2289
5/31/2025,WH-TNG01,LOT-0300,828
5/31/2025,WH-TNG01,LOT-0045,811
5/31/2025,WH-TNG01,LOT-0379,1044
5/31/2025,WH-TNG01,LOT-0291,2021
5/31/2025,WH-TNG01,LOT-0493,1802
5/31/2025,WH-TNG01,LOT-0350,1181
5/31/2025,WH-TNG01,LOT-1048,933
5/31/2025,WH-TNG01,LOT-0411,834
5/31/2025,WH-TNG01,LOT-0976,673
5/31/2025,WH-TNG01,LOT-0984,1787
5/31/2025,WH-TNG01,LOT-0594,2174
5/31/2025,WH-TNG01,LOT-0593,797
5/31/2025,WH-TNG01,LOT-0205,362
5/31/2025,WH-TNG01,LOT-1010,2394
5/31/2025,WH-TNG01,LOT-0753,109
5/31/2025,WH-TNG01,LOT-0564,404
5/31/2025,WH-TNG01,LOT-0802,843
5/31/2025,WH-TNG01,LOT-0791,146
5/31/2025,WH-TNG01,LOT-0220,585
5/31/2025,WH-TNG01,LOT-0951,31
5/31/2025,WH-TNG01,LOT-0854,1482
5/31/2025,WH-TNG01,LOT-0871,1681
5/31/2025,WH-TNG01,LOT-0304,2337
5/31/2025,WH-TNG01,LOT-0058,2248
5/31/2025,WH-TNG01,LOT-0581,304
5/31/2025,WH-TNG01,LOT-0937,1405
5/31/2025,WH-TNG01,LOT-0247,769
5/31/2025,WH-TNG01,LOT-1156,2173
5/31/2025,WH-TNG01,LOT-0798,2042
5/31/2025,WH-TNG01,LOT-0023,788
5/31/2025,WH-TNG01,LOT-1189,859
5/31/2025,WH-TNG01,LOT-0621,2346
5/31/2025,WH-TNG01,LOT-0070,1950
5/31/2025,WH-TNG01,LOT-0911,2061
5/31/2025,WH-TNG01,LOT-0088,1452
5/31/2025,WH-TNG01,LOT-0727,1470
5/31/2025,WH-TNG01,LOT-0286,2298
5/31/2025,WH-TNG01,LOT-0959,574
5/31/2025,WH-TNG01,LOT-0939,285
5/31/2025,WH-TNG01,LOT-0568,1807
5/31/2025,WH-TNG01,LOT-0019,1761
5/31/2025,WH-TNG01,LOT-0325,1550
5/31/2025,WH-TNG01,LOT-0733,300
5/31/2025,WH-TNG01,LOT-1026,2341
5/31/2025,WH-TNG01,LOT-1031,330
5/31/2025,WH-TNG01,LOT-0432,530
5/31/2025,WH-TNG01,LOT-0715,2128
5/31/2025,WH-TNG01,LOT-1076,1231
5/31/2025,WH-TNG01,LOT-0800,423
5/31/2025,WH-TNG01,LOT-1051,493
5/31/2025,WH-TNG01,LOT-0129,2052
5/31/2025,WH-TNG01,LOT-0358,954
5/31/2025,WH-TNG01,LOT-0311,220
5/31/2025,WH-TNG01,LOT-0721,2473
5/31/2025,WH-TNG01,LOT-1154,2224
5/31/2025,WH-TNG01,LOT-0695,1365
5/31/2025,WH-TNG01,LOT-0942,102
5/31/2025,WH-TNG01,LOT-0287,927
5/31/2025,WH-TNG01,LOT-0571,1197
5/31/2025,WH-TNG01,LOT-0807,1039
5/31/2025,WH-TNG01,LOT-0140,1609
5/31/2025,WH-TNG01,LOT-0772,1475
5/31/2025,WH-TNG01,LOT-0967,288
5/31/2025,WH-TNG01,LOT-0370,656
5/31/2025,WH-TNG01,LOT-1180,1189
5/31/2025,WH-TNG01,LOT-1039,316
5/31/2025,WH-TNG01,LOT-1077,2198
5/31/2025,WH-TNG01,LOT-0531,2366
5/31/2025,WH-TNG01,LOT-0266,998
5/31/2025,WH-TNG01,LOT-0664,2130
5/31/2025,WH-TNG01,LOT-1190,2058
5/31/2025,WH-TNG01,LOT-0713,1288
5/31/2025,WH-TNG01,LOT-1198,1645
5/31/2025,WH-TNG01,LOT-0827,242
5/31/2025,WH-TNG01,LOT-0139,2246
5/31/2025,WH-TNG01,LOT-0093,464
5/31/2025,WH-TNG01,LOT-0061,2397
5/31/2025,WH-TNG01,LOT-0326,1939
5/31/2025,WH-TNG01,LOT-0475,1087
5/31/2025,WH-TNG01,LOT-0198,132
5/31/2025,WH-TNG01,LOT-0218,142
5/31/2025,WH-TNG01,LOT-1023,1394
5/31/2025,WH-TNG01,LOT-0663,1736
5/31/2025,WH-TNG01,LOT-0485,1078
5/31/2025,WH-TNG01,LOT-0216,831
5/31/2025,WH-TNG01,LOT-0357,1380
5/31/2025,WH-BPR01,LOT-0122,1599
5/31/2025,WH-BPR01,LOT-0286,1187
5/31/2025,WH-BPR01,LOT-0419,2200
5/31/2025,WH-BPR01,LOT-1121,1908
5/31/2025,WH-BPR01,LOT-0676,1746
5/31/2025,WH-BPR01,LOT-0128,2355
5/31/2025,WH-BPR01,LOT-0483,2337
5/31/2025,WH-BPR01,LOT-1011,2135
5/31/2025,WH-BPR01,LOT-0150,1075
5/31/2025,WH-BPR01,LOT-1155,675
5/31/2025,WH-BPR01,LOT-0073,1571
5/31/2025,WH-BPR01,LOT-0709,1924
5/31/2025,WH-BPR01,LOT-0145,985
5/31/2025,WH-BPR01,LOT-0853,550
5/31/2025,WH-BPR01,LOT-0166,72
5/31/2025,WH-BPR01,LOT-1130,1159
5/31/2025,WH-BPR01,LOT-0981,1133
5/31/2025,WH-BPR01,LOT-0266,360
5/31/2025,WH-BPR01,LOT-0555,1033
5/31/2025,WH-BPR01,LOT-0086,2233
5/31/2025,WH-BPR01,LOT-0214,1221
5/31/2025,WH-BPR01,LOT-1018,1392
5/31/2025,WH-BPR01,LOT-1040,2349
5/31/2025,WH-BPR01,LOT-0462,1626
5/31/2025,WH-BPR01,LOT-0718,168
5/31/2025,WH-BPR01,LOT-0884,1133
5/31/2025,WH-BPR01,LOT-0979,1491
5/31/2025,WH-BPR01,LOT-0622,1110
5/31/2025,WH-BPR01,LOT-0467,1036
5/31/2025,WH-BPR01,LOT-0044,2500
5/31/2025,WH-BPR01,LOT-0114,60
5/31/2025,WH-BPR01,LOT-0054,519
5/31/2025,WH-BPR01,LOT-0402,1267
5/31/2025,WH-BPR01,LOT-1095,2338
5/31/2025,WH-BPR01,LOT-0777,1324
5/31/2025,WH-BPR01,LOT-0038,1093
5/31/2025,WH-BPR01,LOT-1132,742
5/31/2025,WH-BPR01,LOT-0988,1827
5/31/2025,WH-BPR01,LOT-0107,1905
5/31/2025,WH-BPR01,LOT-0793,80
5/31/2025,WH-BPR01,LOT-0773,1811
5/31/2025,WH-BPR01,LOT-0257,46
5/31/2025,WH-BPR01,LOT-0881,1920
5/31/2025,WH-BPR01,LOT-0875,161
5/31/2025,WH-BPR01,LOT-1126,1479
5/31/2025,WH-BPR01,LOT-0283,1976
5/31/2025,WH-BPR01,LOT-0237,2289
5/31/2025,WH-BPR01,LOT-0897,902
5/31/2025,WH-BPR01,LOT-0242,1683
5/31/2025,WH-BPR01,LOT-0754,249
5/31/2025,WH-BPR01,LOT-0721,2383
5/31/2025,WH-BPR01,LOT-0397,335
5/31/2025,WH-BPR01,LOT-0703,1142
5/31/2025,WH-BPR01,LOT-0895,2268
5/31/2025,WH-BPR01,LOT-0119,1296
5/31/2025,WH-BPR01,LOT-0488,272
5/31/2025,WH-BPR01,LOT-0476,1814
5/31/2025,WH-BPR01,LOT-0189,746
5/31/2025,WH-BPR01,LOT-0021,1066
5/31/2025,WH-BPR01,LOT-0466,1141
5/31/2025,WH-BPR01,LOT-0846,1073
5/31/2025,WH-BPR01,LOT-1099,2037
5/31/2025,WH-BPR01,LOT-1164,531
5/31/2025,WH-BPR01,LOT-0094,941
5/31/2025,WH-BPR01,LOT-0031,724
5/31/2025,WH-BPR01,LOT-0512,611
5/31/2025,WH-BPR01,LOT-0117,213
5/31/2025,WH-BPR01,LOT-0157,963
5/31/2025,WH-BPR01,LOT-0260,478
5/31/2025,WH-BPR01,LOT-0899,167
5/31/2025,WH-BPR01,LOT-0370,764
5/31/2025,WH-BPR01,LOT-0579,2085
5/31/2025,WH-BPR01,LOT-0090,1813
5/31/2025,WH-BPR01,LOT-0644,2385
5/31/2025,WH-BPR01,LOT-0717,1309
5/31/2025,WH-BPR01,LOT-0501,181
5/31/2025,WH-BPR01,LOT-0599,2276
5/31/2025,WH-BPR01,LOT-0815,943
5/31/2025,WH-BPR01,LOT-0251,259
5/31/2025,WH-BPR01,LOT-0158,1071
5/31/2025,WH-BPR01,LOT-0513,1064
5/31/2025,WH-BPR01,LOT-1114,76
5/31/2025,WH-BPR01,LOT-0422,1457
5/31/2025,WH-BPR01,LOT-1014,2223
5/31/2025,WH-BPR01,LOT-0732,193
5/31/2025,WH-BPR01,LOT-0452,2469
5/31/2025,WH-BPR01,LOT-0909,971
5/31/2025,WH-BPR01,LOT-0620,1442
5/31/2025,WH-BPR01,LOT-0752,457
5/31/2025,WH-BPR01,LOT-0600,327
5/31/2025,WH-BPR01,LOT-1079,2086
5/31/2025,WH-BPR01,LOT-0548,1827
5/31/2025,WH-BPR01,LOT-0654,473
5/31/2025,WH-BPR01,LOT-1109,2103
5/31/2025,WH-BPR01,LOT-1032,327
5/31/2025,WH-BPR01,LOT-0111,980
5/31/2025,WH-BPR01,LOT-0710,845
5/31/2025,WH-BPR01,LOT-0842,1344
5/31/2025,WH-BPR01,LOT-0996,2346
5/31/2025,WH-BPR01,LOT-0573,1531
5/31/2025,WH-BPR01,LOT-0161,1713
5/31/2025,WH-BPR01,LOT-0417,302
5/31/2025,WH-BPR01,LOT-0281,1756
5/31/2025,WH-BPR01,LOT-1067,1169
5/31/2025,WH-BPR01,LOT-0473,596
5/31/2025,WH-BPR01,LOT-0625,111
5/31/2025,WH-BPR01,LOT-1133,1347
5/31/2025,WH-BPR01,LOT-0432,2496
5/31/2025,WH-BPR01,LOT-0252,1485
5/31/2025,WH-BPR01,LOT-0763,1382
5/31/2025,WH-BPR01,LOT-0291,1681
5/31/2025,WH-BPR01,LOT-0074,1544
5/31/2025,WH-BPR01,LOT-0482,1937
5/31/2025,WH-BPR01,LOT-0902,1214
5/31/2025,WH-BPR01,LOT-0930,137
5/31/2025,WH-BPR01,LOT-0234,666
5/31/2025,WH-BPR01,LOT-1022,1518
5/31/2025,WH-BPR01,LOT-0070,192
5/31/2025,WH-BPR01,LOT-0554,1201
5/31/2025,WH-BPR01,LOT-0570,624
5/31/2025,WH-BPR01,LOT-0787,2431
5/31/2025,WH-BPR01,LOT-0616,114
5/31/2025,WH-BPR01,LOT-0174,445
5/31/2025,WH-BPR01,LOT-0123,876
5/31/2025,WH-BPR01,LOT-0572,1292
5/31/2025,WH-BPR01,LOT-1015,2102
5/31/2025,WH-BPR01,LOT-0039,2091
5/31/2025,WH-BPR01,LOT-0784,2391
5/31/2025,WH-BPR01,LOT-0788,1419
5/31/2025,WH-BPR01,LOT-0910,890
5/31/2025,WH-BPR01,LOT-0091,1561
5/31/2025,WH-BPR01,LOT-0460,2396
5/31/2025,WH-BPR01,LOT-0378,143
5/31/2025,WH-BPR01,LOT-0883,624
5/31/2025,WH-BPR01,LOT-1091,1570
5/31/2025,WH-BPR01,LOT-0108,331
5/31/2025,WH-BPR01,LOT-0065,326
5/31/2025,WH-BPR01,LOT-1110,929
5/31/2025,WH-BPR01,LOT-0713,2325
5/31/2025,WH-BPR01,LOT-0689,2072
5/31/2025,WH-BPR01,LOT-0538,2362
5/31/2025,WH-BPR01,LOT-0444,2255
5/31/2025,WH-BPR01,LOT-0057,1722
5/31/2025,WH-BPR01,LOT-0699,2217
5/31/2025,WH-BPR01,LOT-0889,506
5/31/2025,WH-BPR01,LOT-0876,2171
5/31/2025,WH-BPR01,LOT-0224,220
5/31/2025,WH-BPR01,LOT-1134,2496
5/31/2025,WH-MLG01,LOT-1075,2003
5/31/2025,WH-MLG01,LOT-1066,1807
5/31/2025,WH-MLG01,LOT-0904,926
5/31/2025,WH-MLG01,LOT-0650,703
5/31/2025,WH-MLG01,LOT-0552,1191
5/31/2025,WH-MLG01,LOT-0400,1072
5/31/2025,WH-MLG01,LOT-1179,2492
5/31/2025,WH-MLG01,LOT-0601,444
5/31/2025,WH-MLG01,LOT-0500,958
5/31/2025,WH-MLG01,LOT-0674,1151
5/31/2025,WH-MLG01,LOT-0498,587
5/31/2025,WH-MLG01,LOT-0742,403
5/31/2025,WH-MLG01,LOT-0473,857
5/31/2025,WH-MLG01,LOT-0934,2271
5/31/2025,WH-MLG01,LOT-0645,2093
5/31/2025,WH-MLG01,LOT-0237,701
5/31/2025,WH-MLG01,LOT-0494,122
5/31/2025,WH-MLG01,LOT-0912,2461
5/31/2025,WH-MLG01,LOT-0840,172
5/31/2025,WH-MLG01,LOT-0164,2221
5/31/2025,WH-MLG01,LOT-0721,2213
5/31/2025,WH-MLG01,LOT-1148,809
5/31/2025,WH-MLG01,LOT-1036,37
5/31/2025,WH-MLG01,LOT-0157,2010
5/31/2025,WH-MLG01,LOT-0992,115
5/31/2025,WH-MLG01,LOT-0472,1523
5/31/2025,WH-MLG01,LOT-0920,842
5/31/2025,WH-MLG01,LOT-0858,1164
5/31/2025,WH-MLG01,LOT-0471,2349
5/31/2025,WH-MLG01,LOT-1167,1756
5/31/2025,WH-MLG01,LOT-0257,1832
5/31/2025,WH-MLG01,LOT-1102,2143
5/31/2025,WH-MLG01,LOT-0502,526
5/31/2025,WH-MLG01,LOT-0835,1868
5/31/2025,WH-MLG01,LOT-1198,1218
5/31/2025,WH-MLG01,LOT-0283,458
5/31/2025,WH-MLG01,LOT-0534,501
5/31/2025,WH-MLG01,LOT-0588,1830
5/31/2025,WH-MLG01,LOT-0700,1780
5/31/2025,WH-MLG01,LOT-0643,2030
5/31/2025,WH-MLG01,LOT-0242,1087
5/31/2025,WH-MLG01,LOT-0167,365
5/31/2025,WH-MLG01,LOT-0837,570
5/31/2025,WH-MLG01,LOT-0863,1150
5/31/2025,WH-MLG01,LOT-1035,487
5/31/2025,WH-MLG01,LOT-0304,1458
5/31/2025,WH-MLG01,LOT-1180,333
5/31/2025,WH-MLG01,LOT-1013,921
5/31/2025,WH-MLG01,LOT-0406,314
5/31/2025,WH-MLG01,LOT-0369,1349
5/31/2025,WH-MLG01,LOT-0930,651
5/31/2025,WH-MLG01,LOT-0032,2086
5/31/2025,WH-MLG01,LOT-0342,1383
5/31/2025,WH-MLG01,LOT-0248,1140
5/31/2025,WH-MLG01,LOT-0540,1867
5/31/2025,WH-MLG01,LOT-1136,2110
5/31/2025,WH-MLG01,LOT-0963,313
5/31/2025,WH-MLG01,LOT-0207,1299
5/31/2025,WH-MLG01,LOT-0259,167
5/31/2025,WH-MLG01,LOT-0070,1785
5/31/2025,WH-MLG01,LOT-0884,421
5/31/2025,WH-MLG01,LOT-0050,2145
5/31/2025,WH-MLG01,LOT-0150,1310
5/31/2025,WH-MLG01,LOT-0272,789
5/31/2025,WH-MLG01,LOT-1055,2296
5/31/2025,WH-MLG01,LOT-1085,155
5/31/2025,WH-MLG01,LOT-0795,42
5/31/2025,WH-MLG01,LOT-0865,1017
5/31/2025,WH-MLG01,LOT-0726,570
5/31/2025,WH-MLG01,LOT-0262,2411
5/31/2025,WH-MLG01,LOT-0824,1550
5/31/2025,WH-MLG01,LOT-1141,911
5/31/2025,WH-MLG01,LOT-0495,811
5/31/2025,WH-MLG01,LOT-0244,1096
5/31/2025,WH-MLG01,LOT-0690,1935
5/31/2025,WH-MLG01,LOT-0221,630
5/31/2025,WH-MLG01,LOT-0093,1994
5/31/2025,WH-MLG01,LOT-0152,776
5/31/2025,WH-MLG01,LOT-0727,2044
5/31/2025,WH-MLG01,LOT-0838,1167
5/31/2025,WH-MLG01,LOT-0922,549
5/31/2025,WH-MLG01,LOT-0893,823
5/31/2025,WH-MLG01,LOT-0593,373
5/31/2025,WH-MLG01,LOT-0978,2124
5/31/2025,WH-MLG01,LOT-0276,887
5/31/2025,WH-MLG01,LOT-0376,23
5/31/2025,WH-MLG01,LOT-1044,1788
5/31/2025,WH-MLG01,LOT-0172,285
5/31/2025,WH-MLG01,LOT-0312,2019
5/31/2025,WH-MLG01,LOT-0016,2294
5/31/2025,WH-MLG01,LOT-0758,864
5/31/2025,WH-MLG01,LOT-0929,739
5/31/2025,WH-MLG01,LOT-0777,168
5/31/2025,WH-MLG01,LOT-0657,1722
5/31/2025,WH-MLG01,LOT-0899,1087
5/31/2025,WH-MLG01,LOT-0362,1567
5/31/2025,WH-MLG01,LOT-1042,2401
5/31/2025,WH-MLG01,LOT-0573,971
5/31/2025,WH-MLG01,LOT-0199,1438
5/31/2025,WH-MLG01,LOT-0476,1993
5/31/2025,WH-MLG01,LOT-0609,2182
5/31/2025,WH-MLG01,LOT-1011,747
5/31/2025,WH-MLG01,LOT-0699,1239
5/31/2025,WH-MLG01,LOT-0099,959
5/31/2025,WH-MLG01,LOT-1156,1206
5/31/2025,WH-MLG01,LOT-1061,1996
5/31/2025,WH-MLG01,LOT-1076,2017
5/31/2025,WH-MLG01,LOT-1188,1616
5/31/2025,WH-MLG01,LOT-1041,2458
5/31/2025,WH-MLG01,LOT-0874,1472
5/31/2025,WH-MLG01,LOT-0585,2235
5/31/2025,WH-MLG01,LOT-0662,1980
5/31/2025,WH-MLG01,LOT-0787,1220
5/31/2025,WH-MLG01,LOT-0653,405
5/31/2025,WH-MLG01,LOT-0366,906
5/31/2025,WH-MLG01,LOT-0294,470
5/31/2025,WH-MLG01,LOT-0086,1186
5/31/2025,WH-MLG01,LOT-0432,1728
5/31/2025,WH-MLG01,LOT-0882,1841
5/31/2025,WH-MLG01,LOT-1064,1342
5/31/2025,WH-MLG01,LOT-0570,1023
5/31/2025,WH-MLG01,LOT-1178,1750
5/31/2025,WH-MLG01,LOT-0644,484
5/31/2025,WH-MLG01,LOT-0204,731
5/31/2025,WH-MLG01,LOT-0712,1913
5/31/2025,WH-MLG01,LOT-0584,1316
5/31/2025,WH-MLG01,LOT-0340,475
5/31/2025,WH-MLG01,LOT-0243,1433
5/31/2025,WH-MLG01,LOT-0590,1640
5/31/2025,WH-MLG01,LOT-0561,534
5/31/2025,WH-SLO01,LOT-0991,2330
5/31/2025,WH-SLO01,LOT-1002,962
5/31/2025,WH-SLO01,LOT-0844,251
5/31/2025,WH-SLO01,LOT-0481,2031
5/31/2025,WH-SLO01,LOT-0060,1042
5/31/2025,WH-SLO01,LOT-0596,1696
5/31/2025,WH-SLO01,LOT-0549,1285
5/31/2025,WH-SLO01,LOT-1040,1393
5/31/2025,WH-SLO01,LOT-0441,626
5/31/2025,WH-SLO01,LOT-0838,159
5/31/2025,WH-SLO01,LOT-0125,1326
5/31/2025,WH-SLO01,LOT-1152,2325
5/31/2025,WH-SLO01,LOT-0662,2462
5/31/2025,WH-SLO01,LOT-0536,1675
5/31/2025,WH-SLO01,LOT-0651,32
5/31/2025,WH-SLO01,LOT-0843,1108
5/31/2025,WH-SLO01,LOT-0802,866
5/31/2025,WH-SLO01,LOT-0906,2313
5/31/2025,WH-SLO01,LOT-0871,2011
5/31/2025,WH-SLO01,LOT-0817,2244
5/31/2025,WH-SLO01,LOT-0534,2057
5/31/2025,WH-SLO01,LOT-0112,1292
5/31/2025,WH-SLO01,LOT-0550,975
5/31/2025,WH-SLO01,LOT-0995,1328
5/31/2025,WH-SLO01,LOT-0449,1899
5/31/2025,WH-SLO01,LOT-0696,1988
5/31/2025,WH-SLO01,LOT-0094,2117
5/31/2025,WH-SLO01,LOT-0632,2282
5/31/2025,WH-SLO01,LOT-0917,343
5/31/2025,WH-SLO01,LOT-0840,440
5/31/2025,WH-SLO01,LOT-0454,1753
5/31/2025,WH-SLO01,LOT-1173,327
5/31/2025,WH-SLO01,LOT-0342,1548
5/31/2025,WH-SLO01,LOT-1098,531
5/31/2025,WH-SLO01,LOT-0423,65
5/31/2025,WH-SLO01,LOT-0226,673
5/31/2025,WH-SLO01,LOT-0676,2139
5/31/2025,WH-SLO01,LOT-0265,507
5/31/2025,WH-SLO01,LOT-1106,690
5/31/2025,WH-SLO01,LOT-0041,818
5/31/2025,WH-SLO01,LOT-0044,1802
5/31/2025,WH-SLO01,LOT-0777,475
5/31/2025,WH-SLO01,LOT-0185,169
5/31/2025,WH-SLO01,LOT-0683,1747
5/31/2025,WH-SLO01,LOT-0723,2038
5/31/2025,WH-SLO01,LOT-1133,709
5/31/2025,WH-SLO01,LOT-0130,2158
5/31/2025,WH-SLO01,LOT-0101,2005
5/31/2025,WH-SLO01,LOT-1063,582
5/31/2025,WH-SLO01,LOT-0432,2250
5/31/2025,WH-SLO01,LOT-0742,1722
5/31/2025,WH-SLO01,LOT-1097,1645
5/31/2025,WH-SLO01,LOT-0407,47
5/31/2025,WH-SLO01,LOT-0322,1225
5/31/2025,WH-SLO01,LOT-0811,491
5/31/2025,WH-SLO01,LOT-0470,1793
5/31/2025,WH-SLO01,LOT-0595,1215
5/31/2025,WH-SLO01,LOT-0331,1120
5/31/2025,WH-SLO01,LOT-0766,2150
5/31/2025,WH-SLO01,LOT-0679,1330
5/31/2025,WH-SLO01,LOT-0847,1532
5/31/2025,WH-SLO01,LOT-0442,2319
5/31/2025,WH-SLO01,LOT-0510,689
5/31/2025,WH-SLO01,LOT-0028,589
5/31/2025,WH-SLO01,LOT-0074,1198
5/31/2025,WH-SLO01,LOT-0042,2153
5/31/2025,WH-SLO01,LOT-1079,847
5/31/2025,WH-SLO01,LOT-0210,1530
5/31/2025,WH-SLO01,LOT-1028,2137
5/31/2025,WH-SLO01,LOT-0815,2486
5/31/2025,WH-SLO01,LOT-0994,1039
5/31/2025,WH-SLO01,LOT-0087,1943
5/31/2025,WH-SLO01,LOT-0580,1905
5/31/2025,WH-SLO01,LOT-0618,872
5/31/2025,WH-SLO01,LOT-0050,1362
5/31/2025,WH-SLO01,LOT-0472,564
5/31/2025,WH-SLO01,LOT-0507,682
5/31/2025,WH-SLO01,LOT-0070,2157
5/31/2025,WH-SLO01,LOT-0558,1950
5/31/2025,WH-SLO01,LOT-0254,50
5/31/2025,WH-SLO01,LOT-0774,1311
5/31/2025,WH-SLO01,LOT-0821,1715
5/31/2025,WH-SLO01,LOT-0269,744
5/31/2025,WH-SLO01,LOT-0553,625
5/31/2025,WH-SLO01,LOT-0174,1937
5/31/2025,WH-SLO01,LOT-0157,284
5/31/2025,WH-SLO01,LOT-0152,32
5/31/2025,WH-SLO01,LOT-1034,1287
5/31/2025,WH-SLO01,LOT-0851,778
5/31/2025,WH-SLO01,LOT-0031,826
5/31/2025,WH-SLO01,LOT-1110,394
5/31/2025,WH-SLO01,LOT-0311,2212
5/31/2025,WH-SLO01,LOT-0196,1888
5/31/2025,WH-SLO01,LOT-0398,1365
5/31/2025,WH-SLO01,LOT-0640,397
5/31/2025,WH-SLO01,LOT-0663,260
5/31/2025,WH-SLO01,LOT-1050,1929
5/31/2025,WH-SLO01,LOT-0048,2444
5/31/2025,WH-SLO01,LOT-0619,650
5/31/2025,WH-SLO01,LOT-0562,283
5/31/2025,WH-SLO01,LOT-0940,1445
5/31/2025,WH-SLO01,LOT-0416,2300
5/31/2025,WH-SLO01,LOT-0205,935
5/31/2025,WH-SLO01,LOT-0542,1422
5/31/2025,WH-SLO01,LOT-1181,67
5/31/2025,WH-SLO01,LOT-0966,799
5/31/2025,WH-SLO01,LOT-0772,1134
5/31/2025,WH-SLO01,LOT-0597,1174
5/31/2025,WH-SLO01,LOT-0880,1755
5/31/2025,WH-SLO01,LOT-0191,2403
5/31/2025,WH-SLO01,LOT-0456,1262
5/31/2025,WH-SLO01,LOT-0833,1514
5/31/2025,WH-SLO01,LOT-1149,1661
5/31/2025,WH-SLO01,LOT-0571,1053
5/31/2025,WH-SLO01,LOT-0990,2308
5/31/2025,WH-SLO01,LOT-0583,2226
5/31/2025,WH-SLO01,LOT-1093,839
5/31/2025,WH-SLO01,LOT-1038,327
5/31/2025,WH-SLO01,LOT-0501,2437
5/31/2025,WH-SLO01,LOT-0784,634
5/31/2025,WH-SLO01,LOT-0036,431
5/31/2025,WH-SLO01,LOT-1018,896
5/31/2025,WH-SLO01,LOT-0807,1156
5/31/2025,WH-SLO01,LOT-0764,740
5/31/2025,WH-SLO01,LOT-1120,1086
5/31/2025,WH-SLO01,LOT-0222,2318
5/31/2025,WH-SLO01,LOT-0927,429
5/31/2025,WH-SLO01,LOT-0459,528
5/31/2025,WH-SLO01,LOT-1184,2149
5/31/2025,WH-SLO01,LOT-0051,2415
5/31/2025,WH-SLO01,LOT-0814,1578
5/31/2025,WH-SLO01,LOT-0476,1362
5/31/2025,WH-SLO01,LOT-0916,2367
5/31/2025,WH-SLO01,LOT-0758,2435
5/31/2025,WH-SLO01,LOT-0977,2487
5/31/2025,WH-SLO01,LOT-1154,1145
5/31/2025,WH-SLO01,LOT-0224,1949
5/31/2025,WH-SLO01,LOT-0637,867
5/31/2025,WH-SLO01,LOT-0681,698
5/31/2025,WH-SLO01,LOT-0295,20
5/31/2025,WH-SLO01,LOT-0172,959
5/31/2025,WH-SLO01,LOT-0347,896
5/31/2025,WH-SLO01,LOT-0426,384
5/31/2025,WH-SLO01,LOT-1004,610
5/31/2025,WH-SLO01,LOT-0512,597
5/31/2025,WH-SLO01,LOT-0290,685
5/31/2025,WH-SLO01,LOT-0826,1957
5/31/2025,WH-SLO01,LOT-0970,11
5/31/2025,WH-SLO01,LOT-1072,1334
5/31/2025,WH-YOG01,LOT-0107,276
5/31/2025,WH-YOG01,LOT-0281,800
5/31/2025,WH-YOG01,LOT-1048,2064
5/31/2025,WH-YOG01,LOT-0901,614
5/31/2025,WH-YOG01,LOT-0872,1102
5/31/2025,WH-YOG01,LOT-0967,353
5/31/2025,WH-YOG01,LOT-0670,716
5/31/2025,WH-YOG01,LOT-0620,1826
5/31/2025,WH-YOG01,LOT-1025,192
5/31/2025,WH-YOG01,LOT-0241,1138
5/31/2025,WH-YOG01,LOT-0494,823
5/31/2025,WH-YOG01,LOT-1148,2080
5/31/2025,WH-YOG01,LOT-0806,1686
5/31/2025,WH-YOG01,LOT-0773,718
5/31/2025,WH-YOG01,LOT-0790,23
5/31/2025,WH-YOG01,LOT-0972,1284
5/31/2025,WH-YOG01,LOT-0728,1131
5/31/2025,WH-YOG01,LOT-0639,2306
5/31/2025,WH-YOG01,LOT-1070,1446
5/31/2025,WH-YOG01,LOT-0650,492
5/31/2025,WH-YOG01,LOT-1087,1408
5/31/2025,WH-YOG01,LOT-0161,1919
5/31/2025,WH-YOG01,LOT-0439,2337
5/31/2025,WH-YOG01,LOT-0341,362
5/31/2025,WH-YOG01,LOT-0569,2329
5/31/2025,WH-YOG01,LOT-0293,1906
5/31/2025,WH-YOG01,LOT-0896,371
5/31/2025,WH-YOG01,LOT-0905,486
5/31/2025,WH-YOG01,LOT-1004,380
5/31/2025,WH-YOG01,LOT-0514,757
5/31/2025,WH-YOG01,LOT-0247,363
5/31/2025,WH-YOG01,LOT-1143,770
5/31/2025,WH-YOG01,LOT-0892,1310
5/31/2025,WH-YOG01,LOT-0714,2431
5/31/2025,WH-YOG01,LOT-0365,92
5/31/2025,WH-YOG01,LOT-0052,703
5/31/2025,WH-YOG01,LOT-0749,52
5/31/2025,WH-YOG01,LOT-0955,900
5/31/2025,WH-YOG01,LOT-0709,1544
5/31/2025,WH-YOG01,LOT-0869,1895
5/31/2025,WH-YOG01,LOT-0438,342
5/31/2025,WH-YOG01,LOT-1147,1020
5/31/2025,WH-YOG01,LOT-0392,1270
5/31/2025,WH-YOG01,LOT-0784,792
5/31/2025,WH-YOG01,LOT-0767,553
5/31/2025,WH-YOG01,LOT-0367,1281
5/31/2025,WH-YOG01,LOT-0022,228
5/31/2025,WH-YOG01,LOT-0402,1563
5/31/2025,WH-YOG01,LOT-0906,1185
5/31/2025,WH-YOG01,LOT-0740,739
5/31/2025,WH-YOG01,LOT-1078,1152
5/31/2025,WH-YOG01,LOT-0400,585
5/31/2025,WH-YOG01,LOT-0012,2324
5/31/2025,WH-YOG01,LOT-0636,1302
5/31/2025,WH-YOG01,LOT-0673,1705
5/31/2025,WH-YOG01,LOT-0193,935
5/31/2025,WH-YOG01,LOT-0756,781
5/31/2025,WH-YOG01,LOT-0520,1127
5/31/2025,WH-YOG01,LOT-1030,826
5/31/2025,WH-YOG01,LOT-0027,735
5/31/2025,WH-YOG01,LOT-0560,1218
5/31/2025,WH-YOG01,LOT-0069,1072
5/31/2025,WH-YOG01,LOT-0564,1810
5/31/2025,WH-YOG01,LOT-0981,1093
5/31/2025,WH-YOG01,LOT-0816,388
5/31/2025,WH-YOG01,LOT-0090,2016
5/31/2025,WH-YOG01,LOT-0519,1464
5/31/2025,WH-YOG01,LOT-0562,2380
5/31/2025,WH-YOG01,LOT-0118,1499
5/31/2025,WH-YOG01,LOT-1172,1438
5/31/2025,WH-YOG01,LOT-0063,2152
5/31/2025,WH-YOG01,LOT-0965,1851
5/31/2025,WH-YOG01,LOT-0931,708
5/31/2025,WH-YOG01,LOT-1005,160
5/31/2025,WH-YOG01,LOT-0356,2407
5/31/2025,WH-YOG01,LOT-0970,1589
5/31/2025,WH-YOG01,LOT-1118,647
5/31/2025,WH-YOG01,LOT-0213,2213
5/31/2025,WH-YOG01,LOT-0079,2339
5/31/2025,WH-YOG01,LOT-0757,872
5/31/2025,WH-YOG01,LOT-0060,1787
5/31/2025,WH-YOG01,LOT-0314,1430
5/31/2025,WH-YOG01,LOT-0363,1192
5/31/2025,WH-YOG01,LOT-0270,859
5/31/2025,WH-YOG01,LOT-0170,1411
5/31/2025,WH-YOG01,LOT-0860,2073
5/31/2025,WH-YOG01,LOT-0245,2269
5/31/2025,WH-YOG01,LOT-0115,1111
5/31/2025,WH-YOG01,LOT-0909,381
5/31/2025,WH-YOG01,LOT-0128,2112
5/31/2025,WH-YOG01,LOT-0644,873
5/31/2025,WH-YOG01,LOT-0200,1067
5/31/2025,WH-YOG01,LOT-1115,903
5/31/2025,WH-YOG01,LOT-0398,1925
5/31/2025,WH-YOG01,LOT-0035,1078
5/31/2025,WH-YOG01,LOT-0682,138
5/31/2025,WH-YOG01,LOT-0649,482
5/31/2025,WH-YOG01,LOT-0347,2127
5/31/2025,WH-YOG01,LOT-0751,773
5/31/2025,WH-YOG01,LOT-1058,1956
5/31/2025,WH-YOG01,LOT-0030,582
5/31/2025,WH-YOG01,LOT-0826,1923
5/31/2025,WH-YOG01,LOT-0853,2413
5/31/2025,WH-YOG01,LOT-0126,1332
6/30/2025,WH-JKT01,LOT-1155,1246
6/30/2025,WH-JKT01,LOT-0774,1793
6/30/2025,WH-JKT01,LOT-0070,390
6/30/2025,WH-JKT01,LOT-0661,1400
6/30/2025,WH-JKT01,LOT-0215,1583
6/30/2025,WH-JKT01,LOT-0735,746
6/30/2025,WH-JKT01,LOT-0017,1753
6/30/2025,WH-JKT01,LOT-0326,627
6/30/2025,WH-JKT01,LOT-0864,1177
6/30/2025,WH-JKT01,LOT-0974,1284
6/30/2025,WH-JKT01,LOT-0686,1594
6/30/2025,WH-JKT01,LOT-0690,1978
6/30/2025,WH-JKT01,LOT-0206,152
6/30/2025,WH-JKT01,LOT-0384,1079
6/30/2025,WH-JKT01,LOT-0734,1737
6/30/2025,WH-JKT01,LOT-0628,745
6/30/2025,WH-JKT01,LOT-0334,679
6/30/2025,WH-JKT01,LOT-0957,1641
6/30/2025,WH-JKT01,LOT-1120,2129
6/30/2025,WH-JKT01,LOT-0382,445
6/30/2025,WH-JKT01,LOT-0045,1914
6/30/2025,WH-JKT01,LOT-0900,348
6/30/2025,WH-JKT01,LOT-0935,1428
6/30/2025,WH-JKT01,LOT-1180,425
6/30/2025,WH-JKT01,LOT-0891,1666
6/30/2025,WH-JKT01,LOT-0818,60
6/30/2025,WH-JKT01,LOT-0970,668
6/30/2025,WH-JKT01,LOT-0499,1316
6/30/2025,WH-JKT01,LOT-0518,537
6/30/2025,WH-JKT01,LOT-0765,2363
6/30/2025,WH-JKT01,LOT-0692,2086
6/30/2025,WH-JKT01,LOT-0989,1582
6/30/2025,WH-JKT01,LOT-0822,1872
6/30/2025,WH-JKT01,LOT-0615,57
6/30/2025,WH-JKT01,LOT-0083,2001
6/30/2025,WH-JKT01,LOT-0480,1655
6/30/2025,WH-JKT01,LOT-1039,1740
6/30/2025,WH-JKT01,LOT-0221,233
6/30/2025,WH-JKT01,LOT-0863,1250
6/30/2025,WH-JKT01,LOT-0873,1750
6/30/2025,WH-JKT01,LOT-0552,1069
6/30/2025,WH-JKT01,LOT-1183,484
6/30/2025,WH-JKT01,LOT-0821,2482
6/30/2025,WH-JKT01,LOT-0059,1854
6/30/2025,WH-JKT01,LOT-0336,2066
6/30/2025,WH-JKT01,LOT-1049,1537
6/30/2025,WH-JKT01,LOT-0341,1949
6/30/2025,WH-JKT01,LOT-0616,1382
6/30/2025,WH-JKT01,LOT-1074,2201
6/30/2025,WH-JKT01,LOT-0407,1504
6/30/2025,WH-JKT01,LOT-1164,467
6/30/2025,WH-JKT01,LOT-0286,742
6/30/2025,WH-JKT01,LOT-0267,1746
6/30/2025,WH-JKT01,LOT-0683,2187
6/30/2025,WH-JKT01,LOT-0111,1580
6/30/2025,WH-JKT01,LOT-0186,337
6/30/2025,WH-JKT01,LOT-0634,625
6/30/2025,WH-JKT01,LOT-0290,38
6/30/2025,WH-JKT01,LOT-0709,1390
6/30/2025,WH-JKT01,LOT-0940,2427
6/30/2025,WH-JKT01,LOT-0811,1066
6/30/2025,WH-JKT01,LOT-0339,819
6/30/2025,WH-JKT01,LOT-0944,2119
6/30/2025,WH-JKT01,LOT-0002,1873
6/30/2025,WH-JKT01,LOT-0303,1791
6/30/2025,WH-JKT01,LOT-0411,208
6/30/2025,WH-JKT01,LOT-0353,1913
6/30/2025,WH-JKT01,LOT-0618,1163
6/30/2025,WH-JKT01,LOT-0630,173
6/30/2025,WH-JKT01,LOT-0165,507
6/30/2025,WH-JKT01,LOT-0379,2015
6/30/2025,WH-JKT01,LOT-0484,1895
6/30/2025,WH-JKT01,LOT-0417,1513
6/30/2025,WH-JKT01,LOT-0895,215
6/30/2025,WH-JKT01,LOT-0185,2464
6/30/2025,WH-JKT01,LOT-0502,1522
6/30/2025,WH-JKT01,LOT-0316,1043
6/30/2025,WH-JKT01,LOT-1138,1753
6/30/2025,WH-JKT01,LOT-0767,1392
6/30/2025,WH-JKT01,LOT-0011,1223
6/30/2025,WH-JKT01,LOT-0978,106
6/30/2025,WH-JKT01,LOT-0327,2233
6/30/2025,WH-JKT01,LOT-0706,1104
6/30/2025,WH-JKT01,LOT-0205,742
6/30/2025,WH-JKT01,LOT-0965,1211
6/30/2025,WH-JKT01,LOT-1127,1471
6/30/2025,WH-JKT01,LOT-0808,1718
6/30/2025,WH-JKT01,LOT-0436,81
6/30/2025,WH-JKT01,LOT-0968,1839
6/30/2025,WH-JKT01,LOT-0771,1339
6/30/2025,WH-JKT01,LOT-0950,1229
6/30/2025,WH-JKT01,LOT-0498,155
6/30/2025,WH-JKT01,LOT-0197,2450
6/30/2025,WH-JKT01,LOT-0794,467
6/30/2025,WH-JKT01,LOT-0264,1473
6/30/2025,WH-JKT01,LOT-0652,159
6/30/2025,WH-JKT01,LOT-0274,2186
6/30/2025,WH-JKT01,LOT-0819,1632
6/30/2025,WH-JKT01,LOT-0670,1028
6/30/2025,WH-JKT01,LOT-0580,727
6/30/2025,WH-JKT01,LOT-0870,354
6/30/2025,WH-JKT01,LOT-0807,2201
6/30/2025,WH-JKT01,LOT-1094,397
6/30/2025,WH-JKT01,LOT-0147,526
6/30/2025,WH-JKT01,LOT-0711,602
6/30/2025,WH-JKT01,LOT-1001,2031
6/30/2025,WH-JKT01,LOT-0056,1775
6/30/2025,WH-JKT01,LOT-0455,1135
6/30/2025,WH-JKT01,LOT-0365,1424
6/30/2025,WH-JKT01,LOT-0482,1886
6/30/2025,WH-JKT01,LOT-0756,1009
6/30/2025,WH-JKT01,LOT-0742,2154
6/30/2025,WH-JKT01,LOT-0697,2340
6/30/2025,WH-JKT01,LOT-1027,1887
6/30/2025,WH-JKT01,LOT-0004,176
6/30/2025,WH-JKT01,LOT-0816,323
6/30/2025,WH-JKT01,LOT-0159,1347
6/30/2025,WH-JKT01,LOT-0472,1536
6/30/2025,WH-JKT01,LOT-0283,166
6/30/2025,WH-JKT01,LOT-1024,611
6/30/2025,WH-JKT01,LOT-0385,424
6/30/2025,WH-JKT01,LOT-0091,1574
6/30/2025,WH-JKT01,LOT-0433,2109
6/30/2025,WH-SBY01,LOT-0162,2071
6/30/2025,WH-SBY01,LOT-0692,339
6/30/2025,WH-SBY01,LOT-0619,2465
6/30/2025,WH-SBY01,LOT-0866,2347
6/30/2025,WH-SBY01,LOT-0821,1684
6/30/2025,WH-SBY01,LOT-0046,103
6/30/2025,WH-SBY01,LOT-0377,1341
6/30/2025,WH-SBY01,LOT-0527,1033
6/30/2025,WH-SBY01,LOT-0163,691
6/30/2025,WH-SBY01,LOT-0888,2341
6/30/2025,WH-SBY01,LOT-0239,1942
6/30/2025,WH-SBY01,LOT-0393,382
6/30/2025,WH-SBY01,LOT-1170,1526
6/30/2025,WH-SBY01,LOT-0535,103
6/30/2025,WH-SBY01,LOT-0621,2473
6/30/2025,WH-SBY01,LOT-1053,1604
6/30/2025,WH-SBY01,LOT-1105,2271
6/30/2025,WH-SBY01,LOT-0500,2104
6/30/2025,WH-SBY01,LOT-0101,800
6/30/2025,WH-SBY01,LOT-0767,671
6/30/2025,WH-SBY01,LOT-1175,1885
6/30/2025,WH-SBY01,LOT-0969,1521
6/30/2025,WH-SBY01,LOT-0441,990
6/30/2025,WH-SBY01,LOT-0895,727
6/30/2025,WH-SBY01,LOT-0563,1944
6/30/2025,WH-SBY01,LOT-0381,828
6/30/2025,WH-SBY01,LOT-0567,1331
6/30/2025,WH-SBY01,LOT-1028,553
6/30/2025,WH-SBY01,LOT-0094,1210
6/30/2025,WH-SBY01,LOT-0817,275
6/30/2025,WH-SBY01,LOT-0372,136
6/30/2025,WH-SBY01,LOT-0584,857
6/30/2025,WH-SBY01,LOT-0559,2375
6/30/2025,WH-SBY01,LOT-0011,1898
6/30/2025,WH-SBY01,LOT-0834,1890
6/30/2025,WH-SBY01,LOT-0425,1013
6/30/2025,WH-SBY01,LOT-0039,2480
6/30/2025,WH-SBY01,LOT-0849,1827
6/30/2025,WH-SBY01,LOT-0266,1000
6/30/2025,WH-SBY01,LOT-0547,734
6/30/2025,WH-SBY01,LOT-0948,1899
6/30/2025,WH-SBY01,LOT-0652,2058
6/30/2025,WH-SBY01,LOT-0199,465
6/30/2025,WH-SBY01,LOT-0454,2484
6/30/2025,WH-SBY01,LOT-0461,1366
6/30/2025,WH-SBY01,LOT-0038,662
6/30/2025,WH-SBY01,LOT-0665,1012
6/30/2025,WH-SBY01,LOT-0453,1903
6/30/2025,WH-SBY01,LOT-0131,296
6/30/2025,WH-SBY01,LOT-0590,38
6/30/2025,WH-SBY01,LOT-0944,142
6/30/2025,WH-SBY01,LOT-0862,1674
6/30/2025,WH-SBY01,LOT-0674,2138
6/30/2025,WH-SBY01,LOT-1109,1935
6/30/2025,WH-SBY01,LOT-0797,1588
6/30/2025,WH-SBY01,LOT-0975,298
6/30/2025,WH-SBY01,LOT-1143,1718
6/30/2025,WH-SBY01,LOT-0026,1075
6/30/2025,WH-SBY01,LOT-0703,2210
6/30/2025,WH-SBY01,LOT-0698,505
6/30/2025,WH-SBY01,LOT-0655,2496
6/30/2025,WH-SBY01,LOT-0710,2197
6/30/2025,WH-SBY01,LOT-0911,107
6/30/2025,WH-SBY01,LOT-0311,1806
6/30/2025,WH-SBY01,LOT-0947,1979
6/30/2025,WH-SBY01,LOT-1022,254
6/30/2025,WH-SBY01,LOT-0432,1209
6/30/2025,WH-SBY01,LOT-1091,1641
6/30/2025,WH-SBY01,LOT-0349,173
6/30/2025,WH-SBY01,LOT-0799,1498
6/30/2025,WH-SBY01,LOT-0524,1646
6/30/2025,WH-SBY01,LOT-0826,2105
6/30/2025,WH-SBY01,LOT-0067,1812
6/30/2025,WH-SBY01,LOT-1171,1765
6/30/2025,WH-SBY01,LOT-0161,518
6/30/2025,WH-SBY01,LOT-0997,434
6/30/2025,WH-SBY01,LOT-1150,607
6/30/2025,WH-SBY01,LOT-0708,1085
6/30/2025,WH-SBY01,LOT-0171,2384
6/30/2025,WH-SBY01,LOT-0426,467
6/30/2025,WH-SBY01,LOT-1085,702
6/30/2025,WH-SBY01,LOT-0757,1511
6/30/2025,WH-SBY01,LOT-0623,1701
6/30/2025,WH-SBY01,LOT-0598,1401
6/30/2025,WH-SBY01,LOT-0646,591
6/30/2025,WH-SBY01,LOT-0925,1005
6/30/2025,WH-SBY01,LOT-0958,1986
6/30/2025,WH-SBY01,LOT-0061,870
6/30/2025,WH-SBY01,LOT-0320,1093
6/30/2025,WH-SBY01,LOT-1198,407
6/30/2025,WH-SBY01,LOT-0342,1361
6/30/2025,WH-SBY01,LOT-0721,313
6/30/2025,WH-SBY01,LOT-1157,1886
6/30/2025,WH-SBY01,LOT-0884,2023
6/30/2025,WH-SBY01,LOT-0851,1012
6/30/2025,WH-SBY01,LOT-0048,1074
6/30/2025,WH-SBY01,LOT-0582,1412
6/30/2025,WH-SBY01,LOT-1140,1219
6/30/2025,WH-SBY01,LOT-1006,1831
6/30/2025,WH-SBY01,LOT-0481,1364
6/30/2025,WH-SBY01,LOT-0769,1854
6/30/2025,WH-SBY01,LOT-1101,1066
6/30/2025,WH-SBY01,LOT-0270,2337
6/30/2025,WH-SBY01,LOT-0776,1137
6/30/2025,WH-SBY01,LOT-0253,2444
6/30/2025,WH-SBY01,LOT-0811,156
6/30/2025,WH-SBY01,LOT-0448,583
6/30/2025,WH-SBY01,LOT-0433,616
6/30/2025,WH-SBY01,LOT-0227,2147
6/30/2025,WH-SBY01,LOT-1169,1191
6/30/2025,WH-SBY01,LOT-0593,116
6/30/2025,WH-SBY01,LOT-0366,915
6/30/2025,WH-SBY01,LOT-0326,1529
6/30/2025,WH-SBY01,LOT-0822,2318
6/30/2025,WH-SBY01,LOT-1127,1495
6/30/2025,WH-SBY01,LOT-0837,1202
6/30/2025,WH-SBY01,LOT-0446,1266
6/30/2025,WH-SBY01,LOT-0857,658
6/30/2025,WH-SBY01,LOT-0572,2335
6/30/2025,WH-SBY01,LOT-0744,1258
6/30/2025,WH-SBY01,LOT-0217,1956
6/30/2025,WH-SBY01,LOT-0651,1811
6/30/2025,WH-SBY01,LOT-1029,1217
6/30/2025,WH-SBY01,LOT-1097,642
6/30/2025,WH-SBY01,LOT-0804,536
6/30/2025,WH-SBY01,LOT-0462,610
6/30/2025,WH-SBY01,LOT-0828,2498
6/30/2025,WH-SBY01,LOT-1014,1207
6/30/2025,WH-SBY01,LOT-0951,1583
6/30/2025,WH-SBY01,LOT-0587,1063
6/30/2025,WH-SBY01,LOT-0921,943
6/30/2025,WH-SBY01,LOT-0322,124
6/30/2025,WH-SBY01,LOT-0364,876
6/30/2025,WH-SBY01,LOT-0820,2398
6/30/2025,WH-SBY01,LOT-0591,1250
6/30/2025,WH-SBY01,LOT-0007,617
6/30/2025,WH-SBY01,LOT-0685,2403
6/30/2025,WH-SBY01,LOT-0353,59
6/30/2025,WH-SBY01,LOT-0202,1072
6/30/2025,WH-SBY01,LOT-0786,1501
6/30/2025,WH-SBY01,LOT-1189,2093
6/30/2025,WH-SBY01,LOT-0841,2126
6/30/2025,WH-SBY01,LOT-0387,1672
6/30/2025,WH-SBY01,LOT-0060,1963
6/30/2025,WH-SBY01,LOT-0460,707
6/30/2025,WH-SBY01,LOT-0284,1419
6/30/2025,WH-BDG01,LOT-0320,1239
6/30/2025,WH-BDG01,LOT-1027,871
6/30/2025,WH-BDG01,LOT-0644,2348
6/30/2025,WH-BDG01,LOT-1072,643
6/30/2025,WH-BDG01,LOT-0767,1336
6/30/2025,WH-BDG01,LOT-0775,650
6/30/2025,WH-BDG01,LOT-0994,796
6/30/2025,WH-BDG01,LOT-0347,1632
6/30/2025,WH-BDG01,LOT-1076,713
6/30/2025,WH-BDG01,LOT-0988,656
6/30/2025,WH-BDG01,LOT-0360,653
6/30/2025,WH-BDG01,LOT-0992,1343
6/30/2025,WH-BDG01,LOT-0778,2125
6/30/2025,WH-BDG01,LOT-0030,1950
6/30/2025,WH-BDG01,LOT-0133,2448
6/30/2025,WH-BDG01,LOT-0702,1717
6/30/2025,WH-BDG01,LOT-0461,1113
6/30/2025,WH-BDG01,LOT-0634,946
6/30/2025,WH-BDG01,LOT-0423,1086
6/30/2025,WH-BDG01,LOT-0460,1943
6/30/2025,WH-BDG01,LOT-0308,1253
6/30/2025,WH-BDG01,LOT-0570,1528
6/30/2025,WH-BDG01,LOT-0245,603
6/30/2025,WH-BDG01,LOT-0404,1264
6/30/2025,WH-BDG01,LOT-0731,1376
6/30/2025,WH-BDG01,LOT-1022,1459
6/30/2025,WH-BDG01,LOT-0941,1301
6/30/2025,WH-BDG01,LOT-1167,1852
6/30/2025,WH-BDG01,LOT-0025,1271
6/30/2025,WH-BDG01,LOT-1074,1752
6/30/2025,WH-BDG01,LOT-0468,2317
6/30/2025,WH-BDG01,LOT-0415,1621
6/30/2025,WH-BDG01,LOT-0745,1718
6/30/2025,WH-BDG01,LOT-0068,33
6/30/2025,WH-BDG01,LOT-0817,1665
6/30/2025,WH-BDG01,LOT-0203,236
6/30/2025,WH-BDG01,LOT-0675,1684
6/30/2025,WH-BDG01,LOT-1040,1458
6/30/2025,WH-BDG01,LOT-0138,583
6/30/2025,WH-BDG01,LOT-0556,1881
6/30/2025,WH-BDG01,LOT-1134,1133
6/30/2025,WH-BDG01,LOT-1096,89
6/30/2025,WH-BDG01,LOT-1102,838
6/30/2025,WH-BDG01,LOT-0163,864
6/30/2025,WH-BDG01,LOT-0115,1058
6/30/2025,WH-BDG01,LOT-0915,1217
6/30/2025,WH-BDG01,LOT-1161,1539
6/30/2025,WH-BDG01,LOT-1071,106
6/30/2025,WH-BDG01,LOT-0508,1328
6/30/2025,WH-BDG01,LOT-0502,1761
6/30/2025,WH-BDG01,LOT-0525,1576
6/30/2025,WH-BDG01,LOT-0375,1344
6/30/2025,WH-BDG01,LOT-0935,2295
6/30/2025,WH-BDG01,LOT-0364,2303
6/30/2025,WH-BDG01,LOT-0083,826
6/30/2025,WH-BDG01,LOT-0545,890
6/30/2025,WH-BDG01,LOT-1131,2070
6/30/2025,WH-BDG01,LOT-0569,1812
6/30/2025,WH-BDG01,LOT-0188,1132
6/30/2025,WH-BDG01,LOT-0390,447
6/30/2025,WH-BDG01,LOT-0131,314
6/30/2025,WH-BDG01,LOT-0272,1005
6/30/2025,WH-BDG01,LOT-0621,667
6/30/2025,WH-BDG01,LOT-0125,1343
6/30/2025,WH-BDG01,LOT-0426,1974
6/30/2025,WH-BDG01,LOT-0467,2438
6/30/2025,WH-BDG01,LOT-0500,1934
6/30/2025,WH-BDG01,LOT-1200,198
6/30/2025,WH-BDG01,LOT-1191,1607
6/30/2025,WH-BDG01,LOT-0978,2004
6/30/2025,WH-BDG01,LOT-0951,1033
6/30/2025,WH-BDG01,LOT-0202,1157
6/30/2025,WH-BDG01,LOT-1100,2495
6/30/2025,WH-BDG01,LOT-0105,2410
6/30/2025,WH-BDG01,LOT-0654,1546
6/30/2025,WH-BDG01,LOT-0150,252
6/30/2025,WH-BDG01,LOT-0403,425
6/30/2025,WH-BDG01,LOT-0980,239
6/30/2025,WH-BDG01,LOT-0239,1413
6/30/2025,WH-BDG01,LOT-0906,1140
6/30/2025,WH-BDG01,LOT-0171,2213
6/30/2025,WH-BDG01,LOT-0975,1523
6/30/2025,WH-BDG01,LOT-0405,1804
6/30/2025,WH-BDG01,LOT-0205,1174
6/30/2025,WH-BDG01,LOT-1111,464
6/30/2025,WH-BDG01,LOT-0441,1942
6/30/2025,WH-BDG01,LOT-0998,560
6/30/2025,WH-BDG01,LOT-0615,313
6/30/2025,WH-BDG01,LOT-1166,1339
6/30/2025,WH-BDG01,LOT-0020,1704
6/30/2025,WH-BDG01,LOT-1192,631
6/30/2025,WH-BDG01,LOT-0881,626
6/30/2025,WH-BDG01,LOT-0229,2425
6/30/2025,WH-BDG01,LOT-0907,1234
6/30/2025,WH-BDG01,LOT-0399,2361
6/30/2025,WH-BDG01,LOT-0002,829
6/30/2025,WH-BDG01,LOT-0516,2311
6/30/2025,WH-BDG01,LOT-0834,370
6/30/2025,WH-BDG01,LOT-0555,1805
6/30/2025,WH-BDG01,LOT-1009,1014
6/30/2025,WH-BDG01,LOT-0362,1352
6/30/2025,WH-BDG01,LOT-0674,2355
6/30/2025,WH-BDG01,LOT-1039,2248
6/30/2025,WH-BDG01,LOT-0990,1077
6/30/2025,WH-BDG01,LOT-1054,2290
6/30/2025,WH-BDG01,LOT-0582,2185
6/30/2025,WH-BDG01,LOT-0614,1203
6/30/2025,WH-BDG01,LOT-0542,99
6/30/2025,WH-BDG01,LOT-1090,585
6/30/2025,WH-BDG01,LOT-0510,288
6/30/2025,WH-BDG01,LOT-0699,1295
6/30/2025,WH-BDG01,LOT-0564,1489
6/30/2025,WH-BDG01,LOT-1150,1836
6/30/2025,WH-BDG01,LOT-1031,889
6/30/2025,WH-BDG01,LOT-0633,764
6/30/2025,WH-BDG01,LOT-0902,1325
6/30/2025,WH-BDG01,LOT-0374,1928
6/30/2025,WH-BDG01,LOT-0999,942
6/30/2025,WH-BDG01,LOT-0014,1897
6/30/2025,WH-BDG01,LOT-1044,1493
6/30/2025,WH-BDG01,LOT-0964,1374
6/30/2025,WH-BDG01,LOT-1016,825
6/30/2025,WH-BDG01,LOT-0335,1070
6/30/2025,WH-BDG01,LOT-0367,1055
6/30/2025,WH-BDG01,LOT-0135,2482
6/30/2025,WH-BDG01,LOT-0885,104
6/30/2025,WH-BDG01,LOT-0624,584
6/30/2025,WH-BDG01,LOT-0194,498
6/30/2025,WH-BDG01,LOT-0908,1692
6/30/2025,WH-BDG01,LOT-1104,1760
6/30/2025,WH-BDG01,LOT-0397,1633
6/30/2025,WH-BDG01,LOT-0223,2002
6/30/2025,WH-BDG01,LOT-0475,206
6/30/2025,WH-BDG01,LOT-0437,2174
6/30/2025,WH-BDG01,LOT-0630,256
6/30/2025,WH-BDG01,LOT-1028,2108
6/30/2025,WH-BDG01,LOT-0626,1539
6/30/2025,WH-BDG01,LOT-0656,76
6/30/2025,WH-BDG01,LOT-1087,2327
6/30/2025,WH-BDG01,LOT-0967,1800
6/30/2025,WH-BDG01,LOT-0211,141
6/30/2025,WH-SMG01,LOT-0670,1135
6/30/2025,WH-SMG01,LOT-1104,1334
6/30/2025,WH-SMG01,LOT-1008,195
6/30/2025,WH-SMG01,LOT-0579,586
6/30/2025,WH-SMG01,LOT-1178,1029
6/30/2025,WH-SMG01,LOT-0684,736
6/30/2025,WH-SMG01,LOT-0138,2322
6/30/2025,WH-SMG01,LOT-0155,47
6/30/2025,WH-SMG01,LOT-1158,534
6/30/2025,WH-SMG01,LOT-0189,2134
6/30/2025,WH-SMG01,LOT-1144,647
6/30/2025,WH-SMG01,LOT-0231,584
6/30/2025,WH-SMG01,LOT-1090,1934
6/30/2025,WH-SMG01,LOT-0325,169
6/30/2025,WH-SMG01,LOT-1052,260
6/30/2025,WH-SMG01,LOT-0180,2452
6/30/2025,WH-SMG01,LOT-1176,869
6/30/2025,WH-SMG01,LOT-0960,1210
6/30/2025,WH-SMG01,LOT-0391,1532
6/30/2025,WH-SMG01,LOT-0150,1709
6/30/2025,WH-SMG01,LOT-0883,655
6/30/2025,WH-SMG01,LOT-0568,1727
6/30/2025,WH-SMG01,LOT-0954,716
6/30/2025,WH-SMG01,LOT-0925,725
6/30/2025,WH-SMG01,LOT-0312,2134
6/30/2025,WH-SMG01,LOT-0677,630
6/30/2025,WH-SMG01,LOT-0373,753
6/30/2025,WH-SMG01,LOT-1179,1505
6/30/2025,WH-SMG01,LOT-0696,458
6/30/2025,WH-SMG01,LOT-0930,675
6/30/2025,WH-SMG01,LOT-1081,132
6/30/2025,WH-SMG01,LOT-0886,2047
6/30/2025,WH-SMG01,LOT-0044,845
6/30/2025,WH-SMG01,LOT-0823,1263
6/30/2025,WH-SMG01,LOT-0602,1663
6/30/2025,WH-SMG01,LOT-0014,1538
6/30/2025,WH-SMG01,LOT-0799,1096
6/30/2025,WH-SMG01,LOT-0039,1325
6/30/2025,WH-SMG01,LOT-0018,126
6/30/2025,WH-SMG01,LOT-0462,115
6/30/2025,WH-SMG01,LOT-0661,1368
6/30/2025,WH-SMG01,LOT-0875,126
6/30/2025,WH-SMG01,LOT-0309,1937
6/30/2025,WH-SMG01,LOT-0531,150
6/30/2025,WH-SMG01,LOT-0457,601
6/30/2025,WH-SMG01,LOT-1197,1679
6/30/2025,WH-SMG01,LOT-0669,200
6/30/2025,WH-SMG01,LOT-1091,2219
6/30/2025,WH-SMG01,LOT-0938,1554
6/30/2025,WH-SMG01,LOT-0411,2461
6/30/2025,WH-SMG01,LOT-1177,2161
6/30/2025,WH-SMG01,LOT-0727,705
6/30/2025,WH-SMG01,LOT-1182,657
6/30/2025,WH-SMG01,LOT-0313,420
6/30/2025,WH-SMG01,LOT-0387,71
6/30/2025,WH-SMG01,LOT-0304,1438
6/30/2025,WH-SMG01,LOT-0423,922
6/30/2025,WH-SMG01,LOT-0632,387
6/30/2025,WH-SMG01,LOT-0372,1729
6/30/2025,WH-SMG01,LOT-0207,281
6/30/2025,WH-SMG01,LOT-0054,470
6/30/2025,WH-SMG01,LOT-1093,1958
6/30/2025,WH-SMG01,LOT-0081,1912
6/30/2025,WH-SMG01,LOT-0261,1710
6/30/2025,WH-SMG01,LOT-1107,2208
6/30/2025,WH-SMG01,LOT-0714,1813
6/30/2025,WH-SMG01,LOT-0142,560
6/30/2025,WH-SMG01,LOT-0671,2480
6/30/2025,WH-SMG01,LOT-0646,12
6/30/2025,WH-SMG01,LOT-0472,1285
6/30/2025,WH-SMG01,LOT-0428,1960
6/30/2025,WH-SMG01,LOT-0414,1933
6/30/2025,WH-SMG01,LOT-0621,1062
6/30/2025,WH-SMG01,LOT-0335,535
6/30/2025,WH-SMG01,LOT-0869,1332
6/30/2025,WH-SMG01,LOT-0556,2221
6/30/2025,WH-SMG01,LOT-0478,1507
6/30/2025,WH-SMG01,LOT-0445,404
6/30/2025,WH-SMG01,LOT-0728,1967
6/30/2025,WH-SMG01,LOT-0056,2028
6/30/2025,WH-SMG01,LOT-0282,2349
6/30/2025,WH-SMG01,LOT-0901,813
6/30/2025,WH-SMG01,LOT-0253,525
6/30/2025,WH-SMG01,LOT-0769,908
6/30/2025,WH-SMG01,LOT-0053,2118
6/30/2025,WH-SMG01,LOT-0910,541
6/30/2025,WH-SMG01,LOT-0780,594
6/30/2025,WH-SMG01,LOT-0101,933
6/30/2025,WH-SMG01,LOT-0916,346
6/30/2025,WH-SMG01,LOT-0899,398
6/30/2025,WH-SMG01,LOT-0818,1664
6/30/2025,WH-SMG01,LOT-0407,1166
6/30/2025,WH-SMG01,LOT-0422,441
6/30/2025,WH-SMG01,LOT-0256,1033
6/30/2025,WH-SMG01,LOT-0191,936
6/30/2025,WH-SMG01,LOT-0359,1036
6/30/2025,WH-SMG01,LOT-1038,766
6/30/2025,WH-SMG01,LOT-1185,1243
6/30/2025,WH-SMG01,LOT-1058,1356
6/30/2025,WH-SMG01,LOT-0250,1902
6/30/2025,WH-SMG01,LOT-0334,2429
6/30/2025,WH-SMG01,LOT-0430,2139
6/30/2025,WH-SMG01,LOT-0247,2127
6/30/2025,WH-SMG01,LOT-1002,2374
6/30/2025,WH-SMG01,LOT-0734,1102
6/30/2025,WH-SMG01,LOT-0649,549
6/30/2025,WH-SMG01,LOT-0851,1353
6/30/2025,WH-SMG01,LOT-0392,1738
6/30/2025,WH-SMG01,LOT-0431,1545
6/30/2025,WH-SMG01,LOT-0186,604
6/30/2025,WH-SMG01,LOT-1039,2383
6/30/2025,WH-SMG01,LOT-0737,150
6/30/2025,WH-SMG01,LOT-0979,1587
6/30/2025,WH-SMG01,LOT-0523,206
6/30/2025,WH-SMG01,LOT-1042,820
6/30/2025,WH-SMG01,LOT-0230,756
6/30/2025,WH-SMG01,LOT-0936,68
6/30/2025,WH-SMG01,LOT-0034,595
6/30/2025,WH-SMG01,LOT-0015,149
6/30/2025,WH-SMG01,LOT-0779,984
6/30/2025,WH-SMG01,LOT-0861,673
6/30/2025,WH-SMG01,LOT-0820,1635
6/30/2025,WH-SMG01,LOT-0205,1331
6/30/2025,WH-SMG01,LOT-0739,57
6/30/2025,WH-SMG01,LOT-0635,2353
6/30/2025,WH-SMG01,LOT-0134,1979
6/30/2025,WH-SMG01,LOT-0890,1991
6/30/2025,WH-SMG01,LOT-0616,1418
6/30/2025,WH-SMG01,LOT-0470,779
6/30/2025,WH-SMG01,LOT-0173,2374
6/30/2025,WH-SMG01,LOT-0966,1671
6/30/2025,WH-SMG01,LOT-0033,1861
6/30/2025,WH-BKS01,LOT-0929,1284
6/30/2025,WH-BKS01,LOT-0539,2157
6/30/2025,WH-BKS01,LOT-1118,430
6/30/2025,WH-BKS01,LOT-0901,2461
6/30/2025,WH-BKS01,LOT-0242,1939
6/30/2025,WH-BKS01,LOT-0573,961
6/30/2025,WH-BKS01,LOT-1054,1805
6/30/2025,WH-BKS01,LOT-0691,1233
6/30/2025,WH-BKS01,LOT-0382,521
6/30/2025,WH-BKS01,LOT-0523,2226
6/30/2025,WH-BKS01,LOT-0699,1871
6/30/2025,WH-BKS01,LOT-0999,639
6/30/2025,WH-BKS01,LOT-1125,298
6/30/2025,WH-BKS01,LOT-0935,1408
6/30/2025,WH-BKS01,LOT-0198,1124
6/30/2025,WH-BKS01,LOT-0702,177
6/30/2025,WH-BKS01,LOT-1064,1572
6/30/2025,WH-BKS01,LOT-0130,1056
6/30/2025,WH-BKS01,LOT-0749,472
6/30/2025,WH-BKS01,LOT-0874,1920
6/30/2025,WH-BKS01,LOT-0053,1754
6/30/2025,WH-BKS01,LOT-1113,2406
6/30/2025,WH-BKS01,LOT-0259,699
6/30/2025,WH-BKS01,LOT-0194,2005
6/30/2025,WH-BKS01,LOT-0466,1202
6/30/2025,WH-BKS01,LOT-0937,930
6/30/2025,WH-BKS01,LOT-0228,2151
6/30/2025,WH-BKS01,LOT-0247,432
6/30/2025,WH-BKS01,LOT-1128,372
6/30/2025,WH-BKS01,LOT-0606,2481
6/30/2025,WH-BKS01,LOT-0712,2463
6/30/2025,WH-BKS01,LOT-0629,1495
6/30/2025,WH-BKS01,LOT-0927,998
6/30/2025,WH-BKS01,LOT-0894,2035
6/30/2025,WH-BKS01,LOT-1134,1781
6/30/2025,WH-BKS01,LOT-0170,1737
6/30/2025,WH-BKS01,LOT-1034,242
6/30/2025,WH-BKS01,LOT-0374,440
6/30/2025,WH-BKS01,LOT-0815,1157
6/30/2025,WH-BKS01,LOT-1047,1139
6/30/2025,WH-BKS01,LOT-0400,1040
6/30/2025,WH-BKS01,LOT-0291,2090
6/30/2025,WH-BKS01,LOT-0455,1356
6/30/2025,WH-BKS01,LOT-0035,1728
6/30/2025,WH-BKS01,LOT-0407,1039
6/30/2025,WH-BKS01,LOT-0725,1470
6/30/2025,WH-BKS01,LOT-1077,350
6/30/2025,WH-BKS01,LOT-0311,62
6/30/2025,WH-BKS01,LOT-1153,424
6/30/2025,WH-BKS01,LOT-1087,1998
6/30/2025,WH-BKS01,LOT-1076,1004
6/30/2025,WH-BKS01,LOT-0097,2409
6/30/2025,WH-BKS01,LOT-1092,2037
6/30/2025,WH-BKS01,LOT-0743,916
6/30/2025,WH-BKS01,LOT-1105,2431
6/30/2025,WH-BKS01,LOT-0472,1786
6/30/2025,WH-BKS01,LOT-1088,1098
6/30/2025,WH-BKS01,LOT-0342,435
6/30/2025,WH-BKS01,LOT-0767,2008
6/30/2025,WH-BKS01,LOT-0326,2306
6/30/2025,WH-BKS01,LOT-0206,2494
6/30/2025,WH-BKS01,LOT-0340,2326
6/30/2025,WH-BKS01,LOT-0464,1549
6/30/2025,WH-BKS01,LOT-0312,2494
6/30/2025,WH-BKS01,LOT-1108,2135
6/30/2025,WH-BKS01,LOT-0869,1577
6/30/2025,WH-BKS01,LOT-0415,182
6/30/2025,WH-BKS01,LOT-0571,2474
6/30/2025,WH-BKS01,LOT-0101,451
6/30/2025,WH-BKS01,LOT-0821,2428
6/30/2025,WH-BKS01,LOT-0608,413
6/30/2025,WH-BKS01,LOT-0799,2367
6/30/2025,WH-BKS01,LOT-1069,398
6/30/2025,WH-BKS01,LOT-0863,491
6/30/2025,WH-BKS01,LOT-0976,987
6/30/2025,WH-BKS01,LOT-0959,1487
6/30/2025,WH-BKS01,LOT-0660,2386
6/30/2025,WH-BKS01,LOT-0279,2483
6/30/2025,WH-BKS01,LOT-0615,1737
6/30/2025,WH-BKS01,LOT-0001,1622
6/30/2025,WH-BKS01,LOT-0154,173
6/30/2025,WH-BKS01,LOT-0515,1432
6/30/2025,WH-BKS01,LOT-1139,1813
6/30/2025,WH-BKS01,LOT-0639,1897
6/30/2025,WH-BKS01,LOT-0428,2358
6/30/2025,WH-BKS01,LOT-0137,2151
6/30/2025,WH-BKS01,LOT-0122,162
6/30/2025,WH-BKS01,LOT-0841,1643
6/30/2025,WH-BKS01,LOT-0288,1778
6/30/2025,WH-BKS01,LOT-0295,115
6/30/2025,WH-BKS01,LOT-0985,894
6/30/2025,WH-BKS01,LOT-0329,2332
6/30/2025,WH-BKS01,LOT-0497,750
6/30/2025,WH-BKS01,LOT-0802,108
6/30/2025,WH-BKS01,LOT-0327,1357
6/30/2025,WH-BKS01,LOT-0859,414
6/30/2025,WH-BKS01,LOT-0801,1207
6/30/2025,WH-BKS01,LOT-0397,1698
6/30/2025,WH-BKS01,LOT-0510,126
6/30/2025,WH-BKS01,LOT-0718,1880
6/30/2025,WH-BKS01,LOT-0145,1048
6/30/2025,WH-BKS01,LOT-0566,1478
6/30/2025,WH-BKS01,LOT-0823,1419
6/30/2025,WH-BKS01,LOT-0253,1453
6/30/2025,WH-BKS01,LOT-1200,1028
6/30/2025,WH-BKS01,LOT-0422,1143
6/30/2025,WH-BKS01,LOT-0909,1836
6/30/2025,WH-BKS01,LOT-0292,205
6/30/2025,WH-BKS01,LOT-0565,1339
6/30/2025,WH-BKS01,LOT-0671,1886
6/30/2025,WH-BKS01,LOT-0023,1087
6/30/2025,WH-BKS01,LOT-0241,667
6/30/2025,WH-BKS01,LOT-1067,867
6/30/2025,WH-TNG01,LOT-1121,122
6/30/2025,WH-TNG01,LOT-0660,2458
6/30/2025,WH-TNG01,LOT-0822,2020
6/30/2025,WH-TNG01,LOT-0714,1774
6/30/2025,WH-TNG01,LOT-0353,556
6/30/2025,WH-TNG01,LOT-1024,1633
6/30/2025,WH-TNG01,LOT-0183,891
6/30/2025,WH-TNG01,LOT-0684,1861
6/30/2025,WH-TNG01,LOT-0721,1279
6/30/2025,WH-TNG01,LOT-1103,2215
6/30/2025,WH-TNG01,LOT-0467,1257
6/30/2025,WH-TNG01,LOT-0649,1363
6/30/2025,WH-TNG01,LOT-0627,962
6/30/2025,WH-TNG01,LOT-0208,2344
6/30/2025,WH-TNG01,LOT-0186,2090
6/30/2025,WH-TNG01,LOT-0832,1677
6/30/2025,WH-TNG01,LOT-0641,600
6/30/2025,WH-TNG01,LOT-1019,2220
6/30/2025,WH-TNG01,LOT-0382,2413
6/30/2025,WH-TNG01,LOT-0784,1298
6/30/2025,WH-TNG01,LOT-0415,37
6/30/2025,WH-TNG01,LOT-0543,226
6/30/2025,WH-TNG01,LOT-0995,1477
6/30/2025,WH-TNG01,LOT-0719,2416
6/30/2025,WH-TNG01,LOT-0691,500
6/30/2025,WH-TNG01,LOT-0897,300
6/30/2025,WH-TNG01,LOT-0741,270
6/30/2025,WH-TNG01,LOT-0327,2179
6/30/2025,WH-TNG01,LOT-0346,1704
6/30/2025,WH-TNG01,LOT-0662,670
6/30/2025,WH-TNG01,LOT-0033,807
6/30/2025,WH-TNG01,LOT-0229,1029
6/30/2025,WH-TNG01,LOT-0389,2473
6/30/2025,WH-TNG01,LOT-1192,744
6/30/2025,WH-TNG01,LOT-0636,752
6/30/2025,WH-TNG01,LOT-1037,130
6/30/2025,WH-TNG01,LOT-1148,2037
6/30/2025,WH-TNG01,LOT-0607,499
6/30/2025,WH-TNG01,LOT-1147,1369
6/30/2025,WH-TNG01,LOT-0365,374
6/30/2025,WH-TNG01,LOT-0816,395
6/30/2025,WH-TNG01,LOT-0156,1662
6/30/2025,WH-TNG01,LOT-0407,2361
6/30/2025,WH-TNG01,LOT-0192,1596
6/30/2025,WH-TNG01,LOT-0829,1679
6/30/2025,WH-TNG01,LOT-0540,1571
6/30/2025,WH-TNG01,LOT-0299,1953
6/30/2025,WH-TNG01,LOT-0697,577
6/30/2025,WH-TNG01,LOT-1092,1416
6/30/2025,WH-TNG01,LOT-0725,759
6/30/2025,WH-TNG01,LOT-0813,402
6/30/2025,WH-TNG01,LOT-0273,1284
6/30/2025,WH-TNG01,LOT-0789,1464
6/30/2025,WH-TNG01,LOT-0213,736
6/30/2025,WH-TNG01,LOT-0602,1772
6/30/2025,WH-TNG01,LOT-1168,1042
6/30/2025,WH-TNG01,LOT-0169,2056
6/30/2025,WH-TNG01,LOT-0664,381
6/30/2025,WH-TNG01,LOT-0461,765
6/30/2025,WH-TNG01,LOT-0907,1077
6/30/2025,WH-TNG01,LOT-0084,1654
6/30/2025,WH-TNG01,LOT-0504,831
6/30/2025,WH-TNG01,LOT-1123,938
6/30/2025,WH-TNG01,LOT-0318,1448
6/30/2025,WH-TNG01,LOT-0561,344
6/30/2025,WH-TNG01,LOT-0054,1401
6/30/2025,WH-TNG01,LOT-1013,1860
6/30/2025,WH-TNG01,LOT-0460,395
6/30/2025,WH-TNG01,LOT-0449,2155
6/30/2025,WH-TNG01,LOT-0503,1065
6/30/2025,WH-TNG01,LOT-0463,93
6/30/2025,WH-TNG01,LOT-0902,2492
6/30/2025,WH-TNG01,LOT-0443,259
6/30/2025,WH-TNG01,LOT-0298,2291
6/30/2025,WH-TNG01,LOT-0026,252
6/30/2025,WH-TNG01,LOT-0608,1538
6/30/2025,WH-TNG01,LOT-0500,401
6/30/2025,WH-TNG01,LOT-0043,700
6/30/2025,WH-TNG01,LOT-0990,17
6/30/2025,WH-TNG01,LOT-0899,2177
6/30/2025,WH-TNG01,LOT-0849,61
6/30/2025,WH-TNG01,LOT-1140,29
6/30/2025,WH-TNG01,LOT-1129,1348
6/30/2025,WH-TNG01,LOT-1164,1585
6/30/2025,WH-TNG01,LOT-0394,1264
6/30/2025,WH-TNG01,LOT-0845,123
6/30/2025,WH-TNG01,LOT-1063,2336
6/30/2025,WH-TNG01,LOT-1190,2317
6/30/2025,WH-TNG01,LOT-0819,1545
6/30/2025,WH-TNG01,LOT-1179,294
6/30/2025,WH-TNG01,LOT-0793,716
6/30/2025,WH-TNG01,LOT-0536,782
6/30/2025,WH-TNG01,LOT-0746,2050
6/30/2025,WH-TNG01,LOT-0884,754
6/30/2025,WH-TNG01,LOT-0759,2202
6/30/2025,WH-TNG01,LOT-0747,904
6/30/2025,WH-TNG01,LOT-0481,1424
6/30/2025,WH-TNG01,LOT-0656,407
6/30/2025,WH-TNG01,LOT-1107,643
6/30/2025,WH-TNG01,LOT-0732,2466
6/30/2025,WH-TNG01,LOT-0158,1542
6/30/2025,WH-TNG01,LOT-0276,2361
6/30/2025,WH-TNG01,LOT-0659,734
6/30/2025,WH-TNG01,LOT-0506,1815
6/30/2025,WH-TNG01,LOT-1186,737
6/30/2025,WH-TNG01,LOT-0264,2088
6/30/2025,WH-TNG01,LOT-0198,619
6/30/2025,WH-TNG01,LOT-1040,1833
6/30/2025,WH-TNG01,LOT-0975,134
6/30/2025,WH-TNG01,LOT-1097,168
6/30/2025,WH-TNG01,LOT-0643,2211
6/30/2025,WH-TNG01,LOT-0215,502
6/30/2025,WH-TNG01,LOT-1135,1286
6/30/2025,WH-TNG01,LOT-0459,1203
6/30/2025,WH-TNG01,LOT-0953,451
6/30/2025,WH-TNG01,LOT-0552,1439
6/30/2025,WH-TNG01,LOT-1177,748
6/30/2025,WH-TNG01,LOT-0109,2427
6/30/2025,WH-TNG01,LOT-0943,2133
6/30/2025,WH-TNG01,LOT-0894,695
6/30/2025,WH-TNG01,LOT-0133,418
6/30/2025,WH-TNG01,LOT-0351,2048
6/30/2025,WH-TNG01,LOT-0046,801
6/30/2025,WH-TNG01,LOT-0919,2481
6/30/2025,WH-TNG01,LOT-1145,645
6/30/2025,WH-TNG01,LOT-0118,1391
6/30/2025,WH-TNG01,LOT-0712,1872
6/30/2025,WH-TNG01,LOT-0977,2254
6/30/2025,WH-TNG01,LOT-0303,1602
6/30/2025,WH-TNG01,LOT-0131,1844
6/30/2025,WH-TNG01,LOT-0726,486
6/30/2025,WH-TNG01,LOT-0134,2281
6/30/2025,WH-TNG01,LOT-0566,278
6/30/2025,WH-TNG01,LOT-1167,1395
6/30/2025,WH-TNG01,LOT-0517,1018
6/30/2025,WH-BPR01,LOT-0290,1183
6/30/2025,WH-BPR01,LOT-0491,1176
6/30/2025,WH-BPR01,LOT-1006,2345
6/30/2025,WH-BPR01,LOT-0386,1081
6/30/2025,WH-BPR01,LOT-0828,454
6/30/2025,WH-BPR01,LOT-0086,499
6/30/2025,WH-BPR01,LOT-0734,1627
6/30/2025,WH-BPR01,LOT-0121,837
6/30/2025,WH-BPR01,LOT-0984,364
6/30/2025,WH-BPR01,LOT-0203,2282
6/30/2025,WH-BPR01,LOT-1065,2049
6/30/2025,WH-BPR01,LOT-0187,832
6/30/2025,WH-BPR01,LOT-0657,530
6/30/2025,WH-BPR01,LOT-1080,2132
6/30/2025,WH-BPR01,LOT-1154,156
6/30/2025,WH-BPR01,LOT-1178,1930
6/30/2025,WH-BPR01,LOT-1090,1971
6/30/2025,WH-BPR01,LOT-1069,457
6/30/2025,WH-BPR01,LOT-0808,466
6/30/2025,WH-BPR01,LOT-1119,946
6/30/2025,WH-BPR01,LOT-0412,165
6/30/2025,WH-BPR01,LOT-0579,1599
6/30/2025,WH-BPR01,LOT-0278,765
6/30/2025,WH-BPR01,LOT-0918,352
6/30/2025,WH-BPR01,LOT-0406,286
6/30/2025,WH-BPR01,LOT-0600,1000
6/30/2025,WH-BPR01,LOT-0874,1795
6/30/2025,WH-BPR01,LOT-0892,1529
6/30/2025,WH-BPR01,LOT-0773,1804
6/30/2025,WH-BPR01,LOT-0169,594
6/30/2025,WH-BPR01,LOT-1005,1820
6/30/2025,WH-BPR01,LOT-0049,2455
6/30/2025,WH-BPR01,LOT-1007,178
6/30/2025,WH-BPR01,LOT-0214,2072
6/30/2025,WH-BPR01,LOT-0659,784
6/30/2025,WH-BPR01,LOT-1150,871
6/30/2025,WH-BPR01,LOT-0992,1312
6/30/2025,WH-BPR01,LOT-0797,189
6/30/2025,WH-BPR01,LOT-0627,2339
6/30/2025,WH-BPR01,LOT-1020,68
6/30/2025,WH-BPR01,LOT-0589,635
6/30/2025,WH-BPR01,LOT-0113,1408
6/30/2025,WH-BPR01,LOT-1081,1037
6/30/2025,WH-BPR01,LOT-0183,728
6/30/2025,WH-BPR01,LOT-0629,1444
6/30/2025,WH-BPR01,LOT-1170,1902
6/30/2025,WH-BPR01,LOT-1112,831
6/30/2025,WH-BPR01,LOT-0356,241
6/30/2025,WH-BPR01,LOT-0643,1612
6/30/2025,WH-BPR01,LOT-0099,1566
6/30/2025,WH-BPR01,LOT-1095,637
6/30/2025,WH-BPR01,LOT-0058,1205
6/30/2025,WH-BPR01,LOT-0097,2080
6/30/2025,WH-BPR01,LOT-0621,270
6/30/2025,WH-BPR01,LOT-0789,932
6/30/2025,WH-BPR01,LOT-0721,763
6/30/2025,WH-BPR01,LOT-1102,806
6/30/2025,WH-BPR01,LOT-0108,1385
6/30/2025,WH-BPR01,LOT-0889,1807
6/30/2025,WH-BPR01,LOT-1042,113
6/30/2025,WH-BPR01,LOT-1074,1814
6/30/2025,WH-BPR01,LOT-0366,294
6/30/2025,WH-BPR01,LOT-0760,1016
6/30/2025,WH-BPR01,LOT-0092,2474
6/30/2025,WH-BPR01,LOT-0440,2174
6/30/2025,WH-BPR01,LOT-0937,1188
6/30/2025,WH-BPR01,LOT-0381,2290
6/30/2025,WH-BPR01,LOT-0454,669
6/30/2025,WH-BPR01,LOT-0656,597
6/30/2025,WH-BPR01,LOT-0150,2251
6/30/2025,WH-BPR01,LOT-0417,1310
6/30/2025,WH-BPR01,LOT-1015,242
6/30/2025,WH-BPR01,LOT-0424,466
6/30/2025,WH-BPR01,LOT-0032,276
6/30/2025,WH-BPR01,LOT-0093,1689
6/30/2025,WH-BPR01,LOT-0782,2131
6/30/2025,WH-BPR01,LOT-0422,2198
6/30/2025,WH-BPR01,LOT-0239,81
6/30/2025,WH-BPR01,LOT-0595,705
6/30/2025,WH-BPR01,LOT-0010,1327
6/30/2025,WH-BPR01,LOT-0493,1527
6/30/2025,WH-BPR01,LOT-0678,167
6/30/2025,WH-BPR01,LOT-0363,597
6/30/2025,WH-BPR01,LOT-0799,435
6/30/2025,WH-BPR01,LOT-0468,967
6/30/2025,WH-BPR01,LOT-0762,34
6/30/2025,WH-BPR01,LOT-0824,1571
6/30/2025,WH-BPR01,LOT-0320,24
6/30/2025,WH-BPR01,LOT-0291,2314
6/30/2025,WH-BPR01,LOT-0505,249
6/30/2025,WH-BPR01,LOT-0529,1597
6/30/2025,WH-BPR01,LOT-0866,2332
6/30/2025,WH-BPR01,LOT-1169,500
6/30/2025,WH-BPR01,LOT-0635,929
6/30/2025,WH-BPR01,LOT-0420,154
6/30/2025,WH-BPR01,LOT-0559,2318
6/30/2025,WH-BPR01,LOT-0839,2244
6/30/2025,WH-BPR01,LOT-0021,312
6/30/2025,WH-BPR01,LOT-0852,91
6/30/2025,WH-BPR01,LOT-0848,1961
6/30/2025,WH-BPR01,LOT-0570,2350
6/30/2025,WH-BPR01,LOT-0389,1591
6/30/2025,WH-BPR01,LOT-1000,1166
6/30/2025,WH-BPR01,LOT-0520,1594
6/30/2025,WH-BPR01,LOT-0022,1851
6/30/2025,WH-BPR01,LOT-0810,983
6/30/2025,WH-BPR01,LOT-0920,2019
6/30/2025,WH-BPR01,LOT-0264,1034
6/30/2025,WH-BPR01,LOT-0457,1423
6/30/2025,WH-BPR01,LOT-0145,1873
6/30/2025,WH-BPR01,LOT-0235,1972
6/30/2025,WH-BPR01,LOT-0237,637
6/30/2025,WH-BPR01,LOT-0326,1870
6/30/2025,WH-BPR01,LOT-1001,2207
6/30/2025,WH-BPR01,LOT-0137,1485
6/30/2025,WH-BPR01,LOT-0376,926
6/30/2025,WH-BPR01,LOT-1100,601
6/30/2025,WH-BPR01,LOT-0671,1184
6/30/2025,WH-BPR01,LOT-0343,724
6/30/2025,WH-BPR01,LOT-0526,1601
6/30/2025,WH-BPR01,LOT-0816,1063
6/30/2025,WH-BPR01,LOT-0584,666
6/30/2025,WH-BPR01,LOT-1099,1517
6/30/2025,WH-MLG01,LOT-0043,1505
6/30/2025,WH-MLG01,LOT-0885,1045
6/30/2025,WH-MLG01,LOT-0615,796
6/30/2025,WH-MLG01,LOT-0295,2112
6/30/2025,WH-MLG01,LOT-0088,1157
6/30/2025,WH-MLG01,LOT-0942,2141
6/30/2025,WH-MLG01,LOT-0841,106
6/30/2025,WH-MLG01,LOT-1109,2015
6/30/2025,WH-MLG01,LOT-0465,1314
6/30/2025,WH-MLG01,LOT-0824,693
6/30/2025,WH-MLG01,LOT-0257,223
6/30/2025,WH-MLG01,LOT-0723,988
6/30/2025,WH-MLG01,LOT-0427,1265
6/30/2025,WH-MLG01,LOT-0832,1087
6/30/2025,WH-MLG01,LOT-0863,1848
6/30/2025,WH-MLG01,LOT-0856,1783
6/30/2025,WH-MLG01,LOT-0944,1392
6/30/2025,WH-MLG01,LOT-0927,175
6/30/2025,WH-MLG01,LOT-0910,1127
6/30/2025,WH-MLG01,LOT-0796,1886
6/30/2025,WH-MLG01,LOT-0950,338
6/30/2025,WH-MLG01,LOT-0745,1373
6/30/2025,WH-MLG01,LOT-0692,2268
6/30/2025,WH-MLG01,LOT-0668,138
6/30/2025,WH-MLG01,LOT-0817,545
6/30/2025,WH-MLG01,LOT-0273,53
6/30/2025,WH-MLG01,LOT-1086,2359
6/30/2025,WH-MLG01,LOT-0422,88
6/30/2025,WH-MLG01,LOT-0504,1249
6/30/2025,WH-MLG01,LOT-0445,1569
6/30/2025,WH-MLG01,LOT-0392,827
6/30/2025,WH-MLG01,LOT-1165,1935
6/30/2025,WH-MLG01,LOT-0399,1566
6/30/2025,WH-MLG01,LOT-0949,1600
6/30/2025,WH-MLG01,LOT-1123,157
6/30/2025,WH-MLG01,LOT-0837,1117
6/30/2025,WH-MLG01,LOT-0768,1546
6/30/2025,WH-MLG01,LOT-0629,1384
6/30/2025,WH-MLG01,LOT-0438,1512
6/30/2025,WH-MLG01,LOT-0805,2109
6/30/2025,WH-MLG01,LOT-0290,1748
6/30/2025,WH-MLG01,LOT-0964,1677
6/30/2025,WH-MLG01,LOT-0223,1411
6/30/2025,WH-MLG01,LOT-1112,552
6/30/2025,WH-MLG01,LOT-0616,1428
6/30/2025,WH-MLG01,LOT-0845,1081
6/30/2025,WH-MLG01,LOT-0105,2272
6/30/2025,WH-MLG01,LOT-0409,800
6/30/2025,WH-MLG01,LOT-1130,2012
6/30/2025,WH-MLG01,LOT-0321,1163
6/30/2025,WH-MLG01,LOT-0788,1102
6/30/2025,WH-MLG01,LOT-1060,351
6/30/2025,WH-MLG01,LOT-0370,1852
6/30/2025,WH-MLG01,LOT-0908,357
6/30/2025,WH-MLG01,LOT-0049,1315
6/30/2025,WH-MLG01,LOT-0423,2094
6/30/2025,WH-MLG01,LOT-0791,474
6/30/2025,WH-MLG01,LOT-1163,104
6/30/2025,WH-MLG01,LOT-0353,536
6/30/2025,WH-MLG01,LOT-0560,448
6/30/2025,WH-MLG01,LOT-1154,1005
6/30/2025,WH-MLG01,LOT-0320,314
6/30/2025,WH-MLG01,LOT-1178,735
6/30/2025,WH-MLG01,LOT-0406,1539
6/30/2025,WH-MLG01,LOT-0309,276
6/30/2025,WH-MLG01,LOT-0843,640
6/30/2025,WH-MLG01,LOT-0649,2352
6/30/2025,WH-MLG01,LOT-0960,980
6/30/2025,WH-MLG01,LOT-0268,367
6/30/2025,WH-MLG01,LOT-0997,318
6/30/2025,WH-MLG01,LOT-0648,49
6/30/2025,WH-MLG01,LOT-1087,65
6/30/2025,WH-MLG01,LOT-0073,1407
6/30/2025,WH-MLG01,LOT-0199,298
6/30/2025,WH-MLG01,LOT-0134,649
6/30/2025,WH-MLG01,LOT-0176,2396
6/30/2025,WH-MLG01,LOT-0044,1897
6/30/2025,WH-MLG01,LOT-0018,1365
6/30/2025,WH-MLG01,LOT-0109,443
6/30/2025,WH-MLG01,LOT-0679,509
6/30/2025,WH-MLG01,LOT-0185,240
6/30/2025,WH-MLG01,LOT-0642,578
6/30/2025,WH-MLG01,LOT-0731,827
6/30/2025,WH-MLG01,LOT-0416,342
6/30/2025,WH-MLG01,LOT-0437,770
6/30/2025,WH-MLG01,LOT-0630,385
6/30/2025,WH-MLG01,LOT-0136,385
6/30/2025,WH-MLG01,LOT-0744,25
6/30/2025,WH-MLG01,LOT-0647,1783
6/30/2025,WH-MLG01,LOT-1195,964
6/30/2025,WH-MLG01,LOT-0915,871
6/30/2025,WH-MLG01,LOT-0973,214
6/30/2025,WH-MLG01,LOT-0694,335
6/30/2025,WH-MLG01,LOT-0359,1594
6/30/2025,WH-MLG01,LOT-0594,1322
6/30/2025,WH-MLG01,LOT-0622,2178
6/30/2025,WH-MLG01,LOT-0208,799
6/30/2025,WH-MLG01,LOT-1151,1959
6/30/2025,WH-MLG01,LOT-0328,818
6/30/2025,WH-MLG01,LOT-0312,2038
6/30/2025,WH-MLG01,LOT-0335,2489
6/30/2025,WH-MLG01,LOT-0851,772
6/30/2025,WH-MLG01,LOT-0243,1931
6/30/2025,WH-MLG01,LOT-1091,1189
6/30/2025,WH-MLG01,LOT-0840,2434
6/30/2025,WH-MLG01,LOT-0325,260
6/30/2025,WH-MLG01,LOT-1132,1822
6/30/2025,WH-MLG01,LOT-0962,767
6/30/2025,WH-MLG01,LOT-0576,2089
6/30/2025,WH-MLG01,LOT-0511,35
6/30/2025,WH-MLG01,LOT-0233,335
6/30/2025,WH-MLG01,LOT-0301,730
6/30/2025,WH-MLG01,LOT-0912,819
6/30/2025,WH-MLG01,LOT-0081,1088
6/30/2025,WH-MLG01,LOT-0278,599
6/30/2025,WH-MLG01,LOT-0781,2230
6/30/2025,WH-MLG01,LOT-0969,2366
6/30/2025,WH-MLG01,LOT-0777,785
6/30/2025,WH-MLG01,LOT-0977,517
6/30/2025,WH-MLG01,LOT-0350,320
6/30/2025,WH-MLG01,LOT-0041,780
6/30/2025,WH-MLG01,LOT-0743,776
6/30/2025,WH-MLG01,LOT-0904,1326
6/30/2025,WH-MLG01,LOT-1198,942
6/30/2025,WH-MLG01,LOT-1172,675
6/30/2025,WH-MLG01,LOT-0373,1626
6/30/2025,WH-MLG01,LOT-0917,2436
6/30/2025,WH-MLG01,LOT-1008,1225
6/30/2025,WH-MLG01,LOT-1161,2473
6/30/2025,WH-MLG01,LOT-0705,1698
6/30/2025,WH-MLG01,LOT-0696,2085
6/30/2025,WH-MLG01,LOT-0175,1179
6/30/2025,WH-MLG01,LOT-0758,903
6/30/2025,WH-MLG01,LOT-0142,1757
6/30/2025,WH-MLG01,LOT-0363,1037
6/30/2025,WH-MLG01,LOT-0277,1422
6/30/2025,WH-MLG01,LOT-0807,996
6/30/2025,WH-MLG01,LOT-0307,2183
6/30/2025,WH-MLG01,LOT-0228,38
6/30/2025,WH-MLG01,LOT-0404,1040
6/30/2025,WH-MLG01,LOT-0657,1162
6/30/2025,WH-MLG01,LOT-0599,670
6/30/2025,WH-MLG01,LOT-0171,274
6/30/2025,WH-MLG01,LOT-0727,262
6/30/2025,WH-MLG01,LOT-1014,267
6/30/2025,WH-MLG01,LOT-0033,2033
6/30/2025,WH-MLG01,LOT-0347,1419
6/30/2025,WH-SLO01,LOT-0124,1950
6/30/2025,WH-SLO01,LOT-0881,1020
6/30/2025,WH-SLO01,LOT-0164,924
6/30/2025,WH-SLO01,LOT-0914,22
6/30/2025,WH-SLO01,LOT-0025,1350
6/30/2025,WH-SLO01,LOT-0181,1468
6/30/2025,WH-SLO01,LOT-0653,1986
6/30/2025,WH-SLO01,LOT-0741,2311
6/30/2025,WH-SLO01,LOT-0135,608
6/30/2025,WH-SLO01,LOT-1166,1127
6/30/2025,WH-SLO01,LOT-0538,1320
6/30/2025,WH-SLO01,LOT-0654,1995
6/30/2025,WH-SLO01,LOT-0924,1296
6/30/2025,WH-SLO01,LOT-0734,2487
6/30/2025,WH-SLO01,LOT-0984,2206
6/30/2025,WH-SLO01,LOT-0759,829
6/30/2025,WH-SLO01,LOT-1024,780
6/30/2025,WH-SLO01,LOT-0615,2457
6/30/2025,WH-SLO01,LOT-1002,2488
6/30/2025,WH-SLO01,LOT-0642,503
6/30/2025,WH-SLO01,LOT-1119,1220
6/30/2025,WH-SLO01,LOT-0390,258
6/30/2025,WH-SLO01,LOT-0468,808
6/30/2025,WH-SLO01,LOT-0350,2154
6/30/2025,WH-SLO01,LOT-0088,2074
6/30/2025,WH-SLO01,LOT-0723,1166
6/30/2025,WH-SLO01,LOT-0840,1026
6/30/2025,WH-SLO01,LOT-0953,1550
6/30/2025,WH-SLO01,LOT-0946,1742
6/30/2025,WH-SLO01,LOT-0665,54
6/30/2025,WH-SLO01,LOT-0826,1231
6/30/2025,WH-SLO01,LOT-0950,1079
6/30/2025,WH-SLO01,LOT-0952,846
6/30/2025,WH-SLO01,LOT-0927,600
6/30/2025,WH-SLO01,LOT-0313,1222
6/30/2025,WH-SLO01,LOT-0291,113
6/30/2025,WH-SLO01,LOT-0790,128
6/30/2025,WH-SLO01,LOT-0860,1736
6/30/2025,WH-SLO01,LOT-0051,332
6/30/2025,WH-SLO01,LOT-0286,1519
6/30/2025,WH-SLO01,LOT-0649,1914
6/30/2025,WH-SLO01,LOT-0782,614
6/30/2025,WH-SLO01,LOT-0306,1839
6/30/2025,WH-SLO01,LOT-0819,1574
6/30/2025,WH-SLO01,LOT-0749,2284
6/30/2025,WH-SLO01,LOT-0029,652
6/30/2025,WH-SLO01,LOT-0890,2442
6/30/2025,WH-SLO01,LOT-0354,1829
6/30/2025,WH-SLO01,LOT-0310,1296
6/30/2025,WH-SLO01,LOT-0377,451
6/30/2025,WH-SLO01,LOT-0445,1130
6/30/2025,WH-SLO01,LOT-0195,1877
6/30/2025,WH-SLO01,LOT-0034,1140
6/30/2025,WH-SLO01,LOT-0802,820
6/30/2025,WH-SLO01,LOT-0968,2494
6/30/2025,WH-SLO01,LOT-0307,1866
6/30/2025,WH-SLO01,LOT-0555,1176
6/30/2025,WH-SLO01,LOT-0691,677
6/30/2025,WH-SLO01,LOT-0406,2412
6/30/2025,WH-SLO01,LOT-0045,536
6/30/2025,WH-SLO01,LOT-1019,1332
6/30/2025,WH-SLO01,LOT-0804,79
6/30/2025,WH-SLO01,LOT-0325,517
6/30/2025,WH-SLO01,LOT-0622,224
6/30/2025,WH-SLO01,LOT-1126,1347
6/30/2025,WH-SLO01,LOT-0569,2273
6/30/2025,WH-SLO01,LOT-0467,1964
6/30/2025,WH-SLO01,LOT-0997,1520
6/30/2025,WH-SLO01,LOT-1023,590
6/30/2025,WH-SLO01,LOT-0887,1301
6/30/2025,WH-SLO01,LOT-0892,1546
6/30/2025,WH-SLO01,LOT-0328,2263
6/30/2025,WH-SLO01,LOT-0999,114
6/30/2025,WH-SLO01,LOT-0123,1788
6/30/2025,WH-SLO01,LOT-0724,1336
6/30/2025,WH-SLO01,LOT-0218,1630
6/30/2025,WH-SLO01,LOT-0138,739
6/30/2025,WH-SLO01,LOT-0663,1347
6/30/2025,WH-SLO01,LOT-0977,151
6/30/2025,WH-SLO01,LOT-0593,1168
6/30/2025,WH-SLO01,LOT-0290,1337
6/30/2025,WH-SLO01,LOT-0482,2326
6/30/2025,WH-SLO01,LOT-1063,2338
6/30/2025,WH-SLO01,LOT-1013,171
6/30/2025,WH-SLO01,LOT-0444,2105
6/30/2025,WH-SLO01,LOT-0853,238
6/30/2025,WH-SLO01,LOT-1005,550
6/30/2025,WH-SLO01,LOT-0027,2044
6/30/2025,WH-SLO01,LOT-0631,271
6/30/2025,WH-SLO01,LOT-0694,288
6/30/2025,WH-SLO01,LOT-0637,583
6/30/2025,WH-SLO01,LOT-0879,630
6/30/2025,WH-SLO01,LOT-0250,428
6/30/2025,WH-SLO01,LOT-0266,2151
6/30/2025,WH-SLO01,LOT-1085,679
6/30/2025,WH-SLO01,LOT-0578,972
6/30/2025,WH-SLO01,LOT-0699,386
6/30/2025,WH-SLO01,LOT-0765,1485
6/30/2025,WH-SLO01,LOT-0263,1472
6/30/2025,WH-SLO01,LOT-0757,1395
6/30/2025,WH-SLO01,LOT-1158,342
6/30/2025,WH-SLO01,LOT-0970,1700
6/30/2025,WH-SLO01,LOT-0130,1417
6/30/2025,WH-SLO01,LOT-0037,294
6/30/2025,WH-SLO01,LOT-0916,2027
6/30/2025,WH-SLO01,LOT-0758,1650
6/30/2025,WH-SLO01,LOT-0855,2242
6/30/2025,WH-SLO01,LOT-0505,264
6/30/2025,WH-SLO01,LOT-0429,2159
6/30/2025,WH-SLO01,LOT-0669,1715
6/30/2025,WH-SLO01,LOT-0479,1631
6/30/2025,WH-SLO01,LOT-0641,644
6/30/2025,WH-SLO01,LOT-0976,2255
6/30/2025,WH-SLO01,LOT-0575,376
6/30/2025,WH-SLO01,LOT-1137,858
6/30/2025,WH-SLO01,LOT-0698,1847
6/30/2025,WH-SLO01,LOT-1183,661
6/30/2025,WH-SLO01,LOT-0679,482
6/30/2025,WH-SLO01,LOT-0399,1078
6/30/2025,WH-SLO01,LOT-0261,941
6/30/2025,WH-SLO01,LOT-0660,990
6/30/2025,WH-SLO01,LOT-1173,241
6/30/2025,WH-SLO01,LOT-0469,2294
6/30/2025,WH-SLO01,LOT-0486,109
6/30/2025,WH-SLO01,LOT-0511,224
6/30/2025,WH-SLO01,LOT-1001,933
6/30/2025,WH-SLO01,LOT-1154,1970
6/30/2025,WH-SLO01,LOT-0963,183
6/30/2025,WH-SLO01,LOT-0040,182
6/30/2025,WH-SLO01,LOT-1047,907
6/30/2025,WH-SLO01,LOT-0196,962
6/30/2025,WH-SLO01,LOT-0787,635
6/30/2025,WH-SLO01,LOT-0304,573
6/30/2025,WH-SLO01,LOT-0659,2060
6/30/2025,WH-SLO01,LOT-0167,1318
6/30/2025,WH-SLO01,LOT-1084,1332
6/30/2025,WH-SLO01,LOT-1006,1597
6/30/2025,WH-SLO01,LOT-0948,1631
6/30/2025,WH-SLO01,LOT-0545,88
6/30/2025,WH-SLO01,LOT-0921,2099
6/30/2025,WH-SLO01,LOT-0798,1196
6/30/2025,WH-SLO01,LOT-0396,2026
6/30/2025,WH-SLO01,LOT-0566,106
6/30/2025,WH-SLO01,LOT-0294,1709
6/30/2025,WH-SLO01,LOT-0746,2262
6/30/2025,WH-SLO01,LOT-0121,288
6/30/2025,WH-YOG01,LOT-0410,725
6/30/2025,WH-YOG01,LOT-0074,68
6/30/2025,WH-YOG01,LOT-0428,471
6/30/2025,WH-YOG01,LOT-0471,362
6/30/2025,WH-YOG01,LOT-1194,971
6/30/2025,WH-YOG01,LOT-1007,1874
6/30/2025,WH-YOG01,LOT-0015,2384
6/30/2025,WH-YOG01,LOT-0716,2293
6/30/2025,WH-YOG01,LOT-0166,1128
6/30/2025,WH-YOG01,LOT-1192,1116
6/30/2025,WH-YOG01,LOT-0754,102
6/30/2025,WH-YOG01,LOT-1043,2316
6/30/2025,WH-YOG01,LOT-0337,1974
6/30/2025,WH-YOG01,LOT-0814,269
6/30/2025,WH-YOG01,LOT-0436,637
6/30/2025,WH-YOG01,LOT-0312,892
6/30/2025,WH-YOG01,LOT-1099,276
6/30/2025,WH-YOG01,LOT-0016,1638
6/30/2025,WH-YOG01,LOT-0577,1555
6/30/2025,WH-YOG01,LOT-0545,132
6/30/2025,WH-YOG01,LOT-1140,162
6/30/2025,WH-YOG01,LOT-0767,2047
6/30/2025,WH-YOG01,LOT-1047,1781
6/30/2025,WH-YOG01,LOT-0796,1917
6/30/2025,WH-YOG01,LOT-0328,1699
6/30/2025,WH-YOG01,LOT-0413,726
6/30/2025,WH-YOG01,LOT-0525,64
6/30/2025,WH-YOG01,LOT-0686,2372
6/30/2025,WH-YOG01,LOT-0401,190
6/30/2025,WH-YOG01,LOT-0670,268
6/30/2025,WH-YOG01,LOT-0534,1160
6/30/2025,WH-YOG01,LOT-0805,1163
6/30/2025,WH-YOG01,LOT-0245,1972
6/30/2025,WH-YOG01,LOT-0585,840
6/30/2025,WH-YOG01,LOT-0925,1104
6/30/2025,WH-YOG01,LOT-0060,109
6/30/2025,WH-YOG01,LOT-0913,1123
6/30/2025,WH-YOG01,LOT-1049,780
6/30/2025,WH-YOG01,LOT-0831,971
6/30/2025,WH-YOG01,LOT-0420,1844
6/30/2025,WH-YOG01,LOT-0379,17
6/30/2025,WH-YOG01,LOT-0231,190
6/30/2025,WH-YOG01,LOT-0086,2316
6/30/2025,WH-YOG01,LOT-0794,1793
6/30/2025,WH-YOG01,LOT-0219,2299
6/30/2025,WH-YOG01,LOT-0422,2011
6/30/2025,WH-YOG01,LOT-1168,958
6/30/2025,WH-YOG01,LOT-0612,203
6/30/2025,WH-YOG01,LOT-0439,1183
6/30/2025,WH-YOG01,LOT-0622,1501
6/30/2025,WH-YOG01,LOT-0740,372
6/30/2025,WH-YOG01,LOT-0950,2459
6/30/2025,WH-YOG01,LOT-0112,1514
6/30/2025,WH-YOG01,LOT-1161,1878
6/30/2025,WH-YOG01,LOT-0517,1945
6/30/2025,WH-YOG01,LOT-0445,2240
6/30/2025,WH-YOG01,LOT-0049,681
6/30/2025,WH-YOG01,LOT-0635,1538
6/30/2025,WH-YOG01,LOT-0026,1530
6/30/2025,WH-YOG01,LOT-0444,2266
6/30/2025,WH-YOG01,LOT-0371,2224
6/30/2025,WH-YOG01,LOT-0684,606
6/30/2025,WH-YOG01,LOT-0423,1323
6/30/2025,WH-YOG01,LOT-1024,1430
6/30/2025,WH-YOG01,LOT-0671,1677
6/30/2025,WH-YOG01,LOT-0938,722
6/30/2025,WH-YOG01,LOT-0801,2386
6/30/2025,WH-YOG01,LOT-0339,1655
6/30/2025,WH-YOG01,LOT-0984,1534
6/30/2025,WH-YOG01,LOT-1149,1924
6/30/2025,WH-YOG01,LOT-0509,1433
6/30/2025,WH-YOG01,LOT-0160,1207
6/30/2025,WH-YOG01,LOT-0220,614
6/30/2025,WH-YOG01,LOT-0001,2035
6/30/2025,WH-YOG01,LOT-0064,2231
6/30/2025,WH-YOG01,LOT-0103,1680
6/30/2025,WH-YOG01,LOT-0023,1485
6/30/2025,WH-YOG01,LOT-0562,1778
6/30/2025,WH-YOG01,LOT-0912,364
6/30/2025,WH-YOG01,LOT-0782,2476
6/30/2025,WH-YOG01,LOT-1164,1047
6/30/2025,WH-YOG01,LOT-0327,573
6/30/2025,WH-YOG01,LOT-0200,1373
6/30/2025,WH-YOG01,LOT-0110,1479
6/30/2025,WH-YOG01,LOT-0441,1921
6/30/2025,WH-YOG01,LOT-0391,1856
6/30/2025,WH-YOG01,LOT-0867,2218
6/30/2025,WH-YOG01,LOT-0764,682
6/30/2025,WH-YOG01,LOT-0156,185
6/30/2025,WH-YOG01,LOT-0574,1416
6/30/2025,WH-YOG01,LOT-0856,2084
6/30/2025,WH-YOG01,LOT-0046,604
6/30/2025,WH-YOG01,LOT-0610,2462
6/30/2025,WH-YOG01,LOT-0072,1409
6/30/2025,WH-YOG01,LOT-0246,2222
6/30/2025,WH-YOG01,LOT-0619,663
6/30/2025,WH-YOG01,LOT-0291,2359
6/30/2025,WH-YOG01,LOT-0539,581
6/30/2025,WH-YOG01,LOT-0936,853
6/30/2025,WH-YOG01,LOT-0247,1633
6/30/2025,WH-YOG01,LOT-0063,344
6/30/2025,WH-YOG01,LOT-0976,1726
7/31/2025,WH-JKT01,LOT-1027,1830
7/31/2025,WH-JKT01,LOT-1115,293
7/31/2025,WH-JKT01,LOT-0086,2066
7/31/2025,WH-JKT01,LOT-1065,752
7/31/2025,WH-JKT01,LOT-0213,1907
7/31/2025,WH-JKT01,LOT-1179,1135
7/31/2025,WH-JKT01,LOT-0009,2324
7/31/2025,WH-JKT01,LOT-0522,1599
7/31/2025,WH-JKT01,LOT-1128,2204
7/31/2025,WH-JKT01,LOT-0338,209
7/31/2025,WH-JKT01,LOT-0465,1047
7/31/2025,WH-JKT01,LOT-0686,2408
7/31/2025,WH-JKT01,LOT-1002,491
7/31/2025,WH-JKT01,LOT-0240,2126
7/31/2025,WH-JKT01,LOT-0667,2021
7/31/2025,WH-JKT01,LOT-0765,722
7/31/2025,WH-JKT01,LOT-1124,1860
7/31/2025,WH-JKT01,LOT-0809,1211
7/31/2025,WH-JKT01,LOT-1072,676
7/31/2025,WH-JKT01,LOT-0805,173
7/31/2025,WH-JKT01,LOT-0449,1199
7/31/2025,WH-JKT01,LOT-1182,2472
7/31/2025,WH-JKT01,LOT-0720,1367
7/31/2025,WH-JKT01,LOT-0836,1757
7/31/2025,WH-JKT01,LOT-0218,459
7/31/2025,WH-JKT01,LOT-0463,644
7/31/2025,WH-JKT01,LOT-0930,324
7/31/2025,WH-JKT01,LOT-0319,825
7/31/2025,WH-JKT01,LOT-0386,1984
7/31/2025,WH-JKT01,LOT-0002,2001
7/31/2025,WH-JKT01,LOT-1034,1030
7/31/2025,WH-JKT01,LOT-0221,33
7/31/2025,WH-JKT01,LOT-1015,1596
7/31/2025,WH-JKT01,LOT-0296,733
7/31/2025,WH-JKT01,LOT-0148,1553
7/31/2025,WH-JKT01,LOT-0628,189
7/31/2025,WH-JKT01,LOT-0496,1248
7/31/2025,WH-JKT01,LOT-0832,758
7/31/2025,WH-JKT01,LOT-0621,925
7/31/2025,WH-JKT01,LOT-0429,1402
7/31/2025,WH-JKT01,LOT-1110,2400
7/31/2025,WH-JKT01,LOT-0198,2030
7/31/2025,WH-JKT01,LOT-0392,946
7/31/2025,WH-JKT01,LOT-0049,1831
7/31/2025,WH-JKT01,LOT-0034,485
7/31/2025,WH-JKT01,LOT-0064,425
7/31/2025,WH-JKT01,LOT-0606,683
7/31/2025,WH-JKT01,LOT-0248,580
7/31/2025,WH-JKT01,LOT-0425,550
7/31/2025,WH-JKT01,LOT-0381,2488
7/31/2025,WH-JKT01,LOT-0147,2315
7/31/2025,WH-JKT01,LOT-0138,106
7/31/2025,WH-JKT01,LOT-0520,1804
7/31/2025,WH-JKT01,LOT-0927,2042
7/31/2025,WH-JKT01,LOT-0244,1511
7/31/2025,WH-JKT01,LOT-0865,1771
7/31/2025,WH-JKT01,LOT-0733,94
7/31/2025,WH-JKT01,LOT-0826,2161
7/31/2025,WH-JKT01,LOT-0022,1518
7/31/2025,WH-JKT01,LOT-0615,2236
7/31/2025,WH-JKT01,LOT-0703,445
7/31/2025,WH-JKT01,LOT-0795,1724
7/31/2025,WH-JKT01,LOT-0768,1950
7/31/2025,WH-JKT01,LOT-0427,147
7/31/2025,WH-JKT01,LOT-0623,1152
7/31/2025,WH-JKT01,LOT-0878,1797
7/31/2025,WH-JKT01,LOT-0980,2292
7/31/2025,WH-JKT01,LOT-1007,1739
7/31/2025,WH-JKT01,LOT-0065,284
7/31/2025,WH-JKT01,LOT-1024,276
7/31/2025,WH-JKT01,LOT-0655,367
7/31/2025,WH-JKT01,LOT-0524,1086
7/31/2025,WH-JKT01,LOT-0970,1474
7/31/2025,WH-JKT01,LOT-0786,1954
7/31/2025,WH-JKT01,LOT-1104,1653
7/31/2025,WH-JKT01,LOT-0201,2087
7/31/2025,WH-JKT01,LOT-0866,1006
7/31/2025,WH-JKT01,LOT-0719,573
7/31/2025,WH-JKT01,LOT-1005,505
7/31/2025,WH-JKT01,LOT-0056,108
7/31/2025,WH-JKT01,LOT-0779,673
7/31/2025,WH-JKT01,LOT-0080,363
7/31/2025,WH-JKT01,LOT-0999,2346
7/31/2025,WH-JKT01,LOT-0178,775
7/31/2025,WH-JKT01,LOT-0973,814
7/31/2025,WH-JKT01,LOT-0517,1837
7/31/2025,WH-JKT01,LOT-1114,2246
7/31/2025,WH-JKT01,LOT-0189,1539
7/31/2025,WH-JKT01,LOT-0170,2292
7/31/2025,WH-JKT01,LOT-0503,1087
7/31/2025,WH-JKT01,LOT-0193,1967
7/31/2025,WH-JKT01,LOT-0932,283
7/31/2025,WH-JKT01,LOT-0778,769
7/31/2025,WH-JKT01,LOT-0691,2394
7/31/2025,WH-JKT01,LOT-0495,1702
7/31/2025,WH-JKT01,LOT-0962,484
7/31/2025,WH-JKT01,LOT-0071,2302
7/31/2025,WH-JKT01,LOT-0662,172
7/31/2025,WH-JKT01,LOT-0635,961
7/31/2025,WH-JKT01,LOT-1132,839
7/31/2025,WH-JKT01,LOT-0925,613
7/31/2025,WH-JKT01,LOT-0444,1240
7/31/2025,WH-JKT01,LOT-0841,555
7/31/2025,WH-JKT01,LOT-0195,1610
7/31/2025,WH-JKT01,LOT-0263,55
7/31/2025,WH-JKT01,LOT-0058,1533
7/31/2025,WH-JKT01,LOT-1037,255
7/31/2025,WH-SBY01,LOT-0025,2211
7/31/2025,WH-SBY01,LOT-0231,1408
7/31/2025,WH-SBY01,LOT-1075,609
7/31/2025,WH-SBY01,LOT-0545,1053
7/31/2025,WH-SBY01,LOT-1200,2492
7/31/2025,WH-SBY01,LOT-1087,305
7/31/2025,WH-SBY01,LOT-0019,1044
7/31/2025,WH-SBY01,LOT-0622,519
7/31/2025,WH-SBY01,LOT-0281,1552
7/31/2025,WH-SBY01,LOT-0655,2265
7/31/2025,WH-SBY01,LOT-0500,1620
7/31/2025,WH-SBY01,LOT-0984,23
7/31/2025,WH-SBY01,LOT-0438,282
7/31/2025,WH-SBY01,LOT-0387,783
7/31/2025,WH-SBY01,LOT-0973,1053
7/31/2025,WH-SBY01,LOT-0980,2037
7/31/2025,WH-SBY01,LOT-0981,1872
7/31/2025,WH-SBY01,LOT-0439,2265
7/31/2025,WH-SBY01,LOT-0203,2400
7/31/2025,WH-SBY01,LOT-0354,1144
7/31/2025,WH-SBY01,LOT-0795,2103
7/31/2025,WH-SBY01,LOT-1133,2334
7/31/2025,WH-SBY01,LOT-1109,1732
7/31/2025,WH-SBY01,LOT-0146,825
7/31/2025,WH-SBY01,LOT-0300,1098
7/31/2025,WH-SBY01,LOT-0261,218
7/31/2025,WH-SBY01,LOT-1045,1761
7/31/2025,WH-SBY01,LOT-0298,2015
7/31/2025,WH-SBY01,LOT-0140,2448
7/31/2025,WH-SBY01,LOT-0979,452
7/31/2025,WH-SBY01,LOT-1052,1961
7/31/2025,WH-SBY01,LOT-0149,1800
7/31/2025,WH-SBY01,LOT-1160,1594
7/31/2025,WH-SBY01,LOT-0338,1292
7/31/2025,WH-SBY01,LOT-0506,499
7/31/2025,WH-SBY01,LOT-0847,582
7/31/2025,WH-SBY01,LOT-0741,751
7/31/2025,WH-SBY01,LOT-0462,513
7/31/2025,WH-SBY01,LOT-0538,1490
7/31/2025,WH-SBY01,LOT-0833,233
7/31/2025,WH-SBY01,LOT-0123,178
7/31/2025,WH-SBY01,LOT-0885,297
7/31/2025,WH-SBY01,LOT-0088,1146
7/31/2025,WH-SBY01,LOT-0657,450
7/31/2025,WH-SBY01,LOT-0809,2256
7/31/2025,WH-SBY01,LOT-0057,2202
7/31/2025,WH-SBY01,LOT-0395,1109
7/31/2025,WH-SBY01,LOT-0766,531
7/31/2025,WH-SBY01,LOT-0801,402
7/31/2025,WH-SBY01,LOT-0922,1743
7/31/2025,WH-SBY01,LOT-0461,849
7/31/2025,WH-SBY01,LOT-0982,173
7/31/2025,WH-SBY01,LOT-1044,2330
7/31/2025,WH-SBY01,LOT-0323,255
7/31/2025,WH-SBY01,LOT-0495,50
7/31/2025,WH-SBY01,LOT-1068,466
7/31/2025,WH-SBY01,LOT-0590,1392
7/31/2025,WH-SBY01,LOT-1019,1145
7/31/2025,WH-SBY01,LOT-0154,1174
7/31/2025,WH-SBY01,LOT-0887,1770
7/31/2025,WH-SBY01,LOT-0064,995
7/31/2025,WH-SBY01,LOT-0855,954
7/31/2025,WH-SBY01,LOT-0136,912
7/31/2025,WH-SBY01,LOT-1151,2482
7/31/2025,WH-SBY01,LOT-0174,2347
7/31/2025,WH-SBY01,LOT-0299,1102
7/31/2025,WH-SBY01,LOT-0082,2273
7/31/2025,WH-SBY01,LOT-0757,1458
7/31/2025,WH-SBY01,LOT-0569,978
7/31/2025,WH-SBY01,LOT-0806,631
7/31/2025,WH-SBY01,LOT-0576,104
7/31/2025,WH-SBY01,LOT-0952,2277
7/31/2025,WH-SBY01,LOT-0700,2402
7/31/2025,WH-SBY01,LOT-1097,1307
7/31/2025,WH-SBY01,LOT-0670,910
7/31/2025,WH-SBY01,LOT-0632,713
7/31/2025,WH-SBY01,LOT-0963,1579
7/31/2025,WH-SBY01,LOT-1048,842
7/31/2025,WH-SBY01,LOT-0999,2228
7/31/2025,WH-SBY01,LOT-0791,81
7/31/2025,WH-SBY01,LOT-1148,666
7/31/2025,WH-SBY01,LOT-1176,383
7/31/2025,WH-SBY01,LOT-0282,2349
7/31/2025,WH-SBY01,LOT-0962,1114
7/31/2025,WH-SBY01,LOT-0691,2001
7/31/2025,WH-SBY01,LOT-0187,520
7/31/2025,WH-SBY01,LOT-1003,401
7/31/2025,WH-SBY01,LOT-0702,1018
7/31/2025,WH-SBY01,LOT-1092,1674
7/31/2025,WH-SBY01,LOT-1059,915
7/31/2025,WH-SBY01,LOT-0129,1001
7/31/2025,WH-SBY01,LOT-0516,1892
7/31/2025,WH-SBY01,LOT-0550,688
7/31/2025,WH-SBY01,LOT-0556,720
7/31/2025,WH-SBY01,LOT-0592,912
7/31/2025,WH-SBY01,LOT-0467,1154
7/31/2025,WH-SBY01,LOT-0642,449
7/31/2025,WH-SBY01,LOT-0664,22
7/31/2025,WH-SBY01,LOT-0491,988
7/31/2025,WH-SBY01,LOT-0392,1273
7/31/2025,WH-SBY01,LOT-0714,1792
7/31/2025,WH-SBY01,LOT-0628,2384
7/31/2025,WH-SBY01,LOT-0393,2466
7/31/2025,WH-SBY01,LOT-0687,1593
7/31/2025,WH-SBY01,LOT-1061,1837
7/31/2025,WH-SBY01,LOT-0843,884
7/31/2025,WH-SBY01,LOT-0571,961
7/31/2025,WH-SBY01,LOT-0541,421
7/31/2025,WH-SBY01,LOT-0869,345
7/31/2025,WH-SBY01,LOT-0386,1683
7/31/2025,WH-SBY01,LOT-0286,1829
7/31/2025,WH-SBY01,LOT-0605,1822
7/31/2025,WH-SBY01,LOT-0390,625
7/31/2025,WH-SBY01,LOT-1112,1584
7/31/2025,WH-SBY01,LOT-0658,1567
7/31/2025,WH-SBY01,LOT-0419,104
7/31/2025,WH-SBY01,LOT-0948,2227
7/31/2025,WH-SBY01,LOT-1192,1122
7/31/2025,WH-SBY01,LOT-1066,850
7/31/2025,WH-SBY01,LOT-0356,2023
7/31/2025,WH-SBY01,LOT-0241,1798
7/31/2025,WH-SBY01,LOT-0597,2156
7/31/2025,WH-SBY01,LOT-0422,1412
7/31/2025,WH-SBY01,LOT-0375,1329
7/31/2025,WH-SBY01,LOT-1018,94
7/31/2025,WH-SBY01,LOT-0768,2054
7/31/2025,WH-SBY01,LOT-0504,2088
7/31/2025,WH-SBY01,LOT-0803,1598
7/31/2025,WH-SBY01,LOT-0992,1821
7/31/2025,WH-SBY01,LOT-0555,2494
7/31/2025,WH-SBY01,LOT-1164,851
7/31/2025,WH-SBY01,LOT-0941,1537
7/31/2025,WH-BDG01,LOT-0159,208
7/31/2025,WH-BDG01,LOT-0774,1931
7/31/2025,WH-BDG01,LOT-0345,648
7/31/2025,WH-BDG01,LOT-0828,551
7/31/2025,WH-BDG01,LOT-0425,1000
7/31/2025,WH-BDG01,LOT-0447,1514
7/31/2025,WH-BDG01,LOT-0644,2360
7/31/2025,WH-BDG01,LOT-0724,1153
7/31/2025,WH-BDG01,LOT-0830,1904
7/31/2025,WH-BDG01,LOT-0562,1016
7/31/2025,WH-BDG01,LOT-0510,1873
7/31/2025,WH-BDG01,LOT-0596,727
7/31/2025,WH-BDG01,LOT-0473,460
7/31/2025,WH-BDG01,LOT-0778,1026
7/31/2025,WH-BDG01,LOT-0962,673
7/31/2025,WH-BDG01,LOT-0050,2492
7/31/2025,WH-BDG01,LOT-1154,183
7/31/2025,WH-BDG01,LOT-0500,284
7/31/2025,WH-BDG01,LOT-0133,1555
7/31/2025,WH-BDG01,LOT-0927,566
7/31/2025,WH-BDG01,LOT-0045,12
7/31/2025,WH-BDG01,LOT-0797,1186
7/31/2025,WH-BDG01,LOT-1171,1897
7/31/2025,WH-BDG01,LOT-0707,2176
7/31/2025,WH-BDG01,LOT-0737,2016
7/31/2025,WH-BDG01,LOT-0781,1627
7/31/2025,WH-BDG01,LOT-0042,2264
7/31/2025,WH-BDG01,LOT-1006,2227
7/31/2025,WH-BDG01,LOT-0894,1664
7/31/2025,WH-BDG01,LOT-0913,2160
7/31/2025,WH-BDG01,LOT-0869,1921
7/31/2025,WH-BDG01,LOT-0184,2138
7/31/2025,WH-BDG01,LOT-0896,1459
7/31/2025,WH-BDG01,LOT-0523,2490
7/31/2025,WH-BDG01,LOT-0714,2375
7/31/2025,WH-BDG01,LOT-0469,1669
7/31/2025,WH-BDG01,LOT-0552,1039
7/31/2025,WH-BDG01,LOT-0751,2154
7/31/2025,WH-BDG01,LOT-0533,1679
7/31/2025,WH-BDG01,LOT-0981,693
7/31/2025,WH-BDG01,LOT-0324,2070
7/31/2025,WH-BDG01,LOT-0346,2056
7/31/2025,WH-BDG01,LOT-0449,527
7/31/2025,WH-BDG01,LOT-1200,159
7/31/2025,WH-BDG01,LOT-1060,857
7/31/2025,WH-BDG01,LOT-1088,310
7/31/2025,WH-BDG01,LOT-0401,2466
7/31/2025,WH-BDG01,LOT-0075,1515
7/31/2025,WH-BDG01,LOT-0782,1232
7/31/2025,WH-BDG01,LOT-0747,483
7/31/2025,WH-BDG01,LOT-0099,2485
7/31/2025,WH-BDG01,LOT-0185,1699
7/31/2025,WH-BDG01,LOT-0326,1577
7/31/2025,WH-BDG01,LOT-0190,1549
7/31/2025,WH-BDG01,LOT-1133,1236
7/31/2025,WH-BDG01,LOT-0103,1540
7/31/2025,WH-BDG01,LOT-0513,107
7/31/2025,WH-BDG01,LOT-0163,1298
7/31/2025,WH-BDG01,LOT-1076,2005
7/31/2025,WH-BDG01,LOT-0928,823
7/31/2025,WH-BDG01,LOT-0306,75
7/31/2025,WH-BDG01,LOT-0601,892
7/31/2025,WH-BDG01,LOT-0291,1793
7/31/2025,WH-BDG01,LOT-0893,612
7/31/2025,WH-BDG01,LOT-0571,1852
7/31/2025,WH-BDG01,LOT-0381,2428
7/31/2025,WH-BDG01,LOT-0470,582
7/31/2025,WH-BDG01,LOT-0839,1246
7/31/2025,WH-BDG01,LOT-0639,1633
7/31/2025,WH-BDG01,LOT-0342,1011
7/31/2025,WH-BDG01,LOT-1067,592
7/31/2025,WH-BDG01,LOT-0137,77
7/31/2025,WH-BDG01,LOT-0475,940
7/31/2025,WH-BDG01,LOT-0189,1808
7/31/2025,WH-BDG01,LOT-0107,1045
7/31/2025,WH-BDG01,LOT-1173,2003
7/31/2025,WH-BDG01,LOT-0361,1645
7/31/2025,WH-BDG01,LOT-0591,1920
7/31/2025,WH-BDG01,LOT-1123,1915
7/31/2025,WH-BDG01,LOT-0964,1531
7/31/2025,WH-BDG01,LOT-0867,848
7/31/2025,WH-BDG01,LOT-0344,1907
7/31/2025,WH-BDG01,LOT-0484,544
7/31/2025,WH-BDG01,LOT-0036,1713
7/31/2025,WH-BDG01,LOT-0158,220
7/31/2025,WH-BDG01,LOT-0138,1015
7/31/2025,WH-BDG01,LOT-0208,606
7/31/2025,WH-BDG01,LOT-0367,424
7/31/2025,WH-BDG01,LOT-1094,1220
7/31/2025,WH-BDG01,LOT-0255,1542
7/31/2025,WH-BDG01,LOT-0948,227
7/31/2025,WH-BDG01,LOT-1134,1445
7/31/2025,WH-BDG01,LOT-0756,1915
7/31/2025,WH-BDG01,LOT-0313,1593
7/31/2025,WH-BDG01,LOT-1093,1785
7/31/2025,WH-BDG01,LOT-0383,329
7/31/2025,WH-BDG01,LOT-0504,2460
7/31/2025,WH-BDG01,LOT-0018,1214
7/31/2025,WH-BDG01,LOT-0667,1463
7/31/2025,WH-BDG01,LOT-0352,2109
7/31/2025,WH-BDG01,LOT-0558,2269
7/31/2025,WH-BDG01,LOT-1052,1964
7/31/2025,WH-BDG01,LOT-0043,175
7/31/2025,WH-BDG01,LOT-1026,1973
7/31/2025,WH-BDG01,LOT-1034,287
7/31/2025,WH-BDG01,LOT-0117,1453
7/31/2025,WH-BDG01,LOT-0807,1367
7/31/2025,WH-BDG01,LOT-0277,802
7/31/2025,WH-BDG01,LOT-0343,1281
7/31/2025,WH-SMG01,LOT-0340,1271
7/31/2025,WH-SMG01,LOT-0023,975
7/31/2025,WH-SMG01,LOT-0208,2002
7/31/2025,WH-SMG01,LOT-0299,2024
7/31/2025,WH-SMG01,LOT-1151,1633
7/31/2025,WH-SMG01,LOT-0553,2420
7/31/2025,WH-SMG01,LOT-0123,886
7/31/2025,WH-SMG01,LOT-0051,1670
7/31/2025,WH-SMG01,LOT-1044,1771
7/31/2025,WH-SMG01,LOT-0448,973
7/31/2025,WH-SMG01,LOT-1068,1183
7/31/2025,WH-SMG01,LOT-0761,1006
7/31/2025,WH-SMG01,LOT-0050,685
7/31/2025,WH-SMG01,LOT-0919,1386
7/31/2025,WH-SMG01,LOT-0827,662
7/31/2025,WH-SMG01,LOT-0685,2459
7/31/2025,WH-SMG01,LOT-0943,1349
7/31/2025,WH-SMG01,LOT-0711,2440
7/31/2025,WH-SMG01,LOT-0669,1553
7/31/2025,WH-SMG01,LOT-0584,349
7/31/2025,WH-SMG01,LOT-0754,422
7/31/2025,WH-SMG01,LOT-0105,346
7/31/2025,WH-SMG01,LOT-1059,347
7/31/2025,WH-SMG01,LOT-1200,44
7/31/2025,WH-SMG01,LOT-0253,624
7/31/2025,WH-SMG01,LOT-0898,2223
7/31/2025,WH-SMG01,LOT-0999,1765
7/31/2025,WH-SMG01,LOT-0888,2027
7/31/2025,WH-SMG01,LOT-1053,388
7/31/2025,WH-SMG01,LOT-0075,632
7/31/2025,WH-SMG01,LOT-1123,220
7/31/2025,WH-SMG01,LOT-1160,18
7/31/2025,WH-SMG01,LOT-1037,1940
7/31/2025,WH-SMG01,LOT-0138,737
7/31/2025,WH-SMG01,LOT-0315,143
7/31/2025,WH-SMG01,LOT-0774,556
7/31/2025,WH-SMG01,LOT-0677,1203
7/31/2025,WH-SMG01,LOT-0901,1512
7/31/2025,WH-SMG01,LOT-0548,1473
7/31/2025,WH-SMG01,LOT-0295,2352
7/31/2025,WH-SMG01,LOT-0292,368
7/31/2025,WH-SMG01,LOT-0403,175
7/31/2025,WH-SMG01,LOT-0191,686
7/31/2025,WH-SMG01,LOT-0787,1278
7/31/2025,WH-SMG01,LOT-0565,1362
7/31/2025,WH-SMG01,LOT-0808,419
7/31/2025,WH-SMG01,LOT-0452,169
7/31/2025,WH-SMG01,LOT-0086,2397
7/31/2025,WH-SMG01,LOT-0091,347
7/31/2025,WH-SMG01,LOT-0621,171
7/31/2025,WH-SMG01,LOT-0025,10
7/31/2025,WH-SMG01,LOT-0273,797
7/31/2025,WH-SMG01,LOT-0399,706
7/31/2025,WH-SMG01,LOT-0857,1610
7/31/2025,WH-SMG01,LOT-1166,2018
7/31/2025,WH-SMG01,LOT-0397,450
7/31/2025,WH-SMG01,LOT-0856,1104
7/31/2025,WH-SMG01,LOT-0311,2440
7/31/2025,WH-SMG01,LOT-0875,1203
7/31/2025,WH-SMG01,LOT-1121,2164
7/31/2025,WH-SMG01,LOT-1164,303
7/31/2025,WH-SMG01,LOT-0523,1175
7/31/2025,WH-SMG01,LOT-0432,577
7/31/2025,WH-SMG01,LOT-0002,276
7/31/2025,WH-SMG01,LOT-0136,1903
7/31/2025,WH-SMG01,LOT-0335,2492
7/31/2025,WH-SMG01,LOT-0077,1074
7/31/2025,WH-SMG01,LOT-0544,654
7/31/2025,WH-SMG01,LOT-0989,2118
7/31/2025,WH-SMG01,LOT-0449,403
7/31/2025,WH-SMG01,LOT-0960,2043
7/31/2025,WH-SMG01,LOT-1011,2494
7/31/2025,WH-SMG01,LOT-0234,926
7/31/2025,WH-SMG01,LOT-0164,1172
7/31/2025,WH-SMG01,LOT-0942,141
7/31/2025,WH-SMG01,LOT-0702,1621
7/31/2025,WH-SMG01,LOT-0763,1397
7/31/2025,WH-SMG01,LOT-0961,676
7/31/2025,WH-SMG01,LOT-0529,1946
7/31/2025,WH-SMG01,LOT-1182,1863
7/31/2025,WH-SMG01,LOT-1144,1479
7/31/2025,WH-SMG01,LOT-0678,2094
7/31/2025,WH-SMG01,LOT-1079,1265
7/31/2025,WH-SMG01,LOT-0319,1212
7/31/2025,WH-SMG01,LOT-1066,1652
7/31/2025,WH-SMG01,LOT-0572,1722
7/31/2025,WH-SMG01,LOT-0503,973
7/31/2025,WH-SMG01,LOT-0464,1276
7/31/2025,WH-SMG01,LOT-0046,1347
7/31/2025,WH-SMG01,LOT-0889,872
7/31/2025,WH-SMG01,LOT-0990,995
7/31/2025,WH-SMG01,LOT-0558,1899
7/31/2025,WH-SMG01,LOT-0673,619
7/31/2025,WH-SMG01,LOT-1043,645
7/31/2025,WH-SMG01,LOT-0616,160
7/31/2025,WH-SMG01,LOT-1022,335
7/31/2025,WH-SMG01,LOT-0829,250
7/31/2025,WH-SMG01,LOT-0106,2417
7/31/2025,WH-SMG01,LOT-0528,492
7/31/2025,WH-SMG01,LOT-0219,614
7/31/2025,WH-SMG01,LOT-0304,451
7/31/2025,WH-SMG01,LOT-1137,1848
7/31/2025,WH-SMG01,LOT-0458,526
7/31/2025,WH-SMG01,LOT-0510,621
7/31/2025,WH-SMG01,LOT-0951,310
7/31/2025,WH-SMG01,LOT-0314,1167
7/31/2025,WH-SMG01,LOT-0202,1372
7/31/2025,WH-SMG01,LOT-1111,1320
7/31/2025,WH-SMG01,LOT-1036,2382
7/31/2025,WH-SMG01,LOT-0744,989
7/31/2025,WH-SMG01,LOT-0846,1982
7/31/2025,WH-SMG01,LOT-0819,1793
7/31/2025,WH-SMG01,LOT-0859,1688
7/31/2025,WH-SMG01,LOT-1161,512
7/31/2025,WH-SMG01,LOT-0679,2271
7/31/2025,WH-SMG01,LOT-0613,2417
7/31/2025,WH-SMG01,LOT-0167,1249
7/31/2025,WH-SMG01,LOT-0497,869
7/31/2025,WH-SMG01,LOT-0333,1948
7/31/2025,WH-SMG01,LOT-0986,148
7/31/2025,WH-SMG01,LOT-0643,1501
7/31/2025,WH-SMG01,LOT-0117,651
7/31/2025,WH-SMG01,LOT-0893,1610
7/31/2025,WH-SMG01,LOT-0832,794
7/31/2025,WH-SMG01,LOT-0886,1423
7/31/2025,WH-SMG01,LOT-0316,280
7/31/2025,WH-SMG01,LOT-0849,210
7/31/2025,WH-SMG01,LOT-0970,138
7/31/2025,WH-SMG01,LOT-0063,1042
7/31/2025,WH-SMG01,LOT-0684,1605
7/31/2025,WH-SMG01,LOT-0759,774
7/31/2025,WH-SMG01,LOT-0243,2048
7/31/2025,WH-BKS01,LOT-0815,322
7/31/2025,WH-BKS01,LOT-0663,647
7/31/2025,WH-BKS01,LOT-0921,507
7/31/2025,WH-BKS01,LOT-0273,23
7/31/2025,WH-BKS01,LOT-0670,991
7/31/2025,WH-BKS01,LOT-0865,280
7/31/2025,WH-BKS01,LOT-0645,1116
7/31/2025,WH-BKS01,LOT-1161,743
7/31/2025,WH-BKS01,LOT-0377,474
7/31/2025,WH-BKS01,LOT-0016,1858
7/31/2025,WH-BKS01,LOT-0337,1392
7/31/2025,WH-BKS01,LOT-0514,507
7/31/2025,WH-BKS01,LOT-0852,2059
7/31/2025,WH-BKS01,LOT-0191,2199
7/31/2025,WH-BKS01,LOT-0998,1915
7/31/2025,WH-BKS01,LOT-0686,2102
7/31/2025,WH-BKS01,LOT-0304,510
7/31/2025,WH-BKS01,LOT-0087,1981
7/31/2025,WH-BKS01,LOT-0288,1149
7/31/2025,WH-BKS01,LOT-0492,351
7/31/2025,WH-BKS01,LOT-1051,1469
7/31/2025,WH-BKS01,LOT-1015,386
7/31/2025,WH-BKS01,LOT-0570,1456
7/31/2025,WH-BKS01,LOT-0415,732
7/31/2025,WH-BKS01,LOT-0370,1598
7/31/2025,WH-BKS01,LOT-0856,785
7/31/2025,WH-BKS01,LOT-0079,2243
7/31/2025,WH-BKS01,LOT-0019,1035
7/31/2025,WH-BKS01,LOT-0739,84
7/31/2025,WH-BKS01,LOT-0703,363
7/31/2025,WH-BKS01,LOT-0764,269
7/31/2025,WH-BKS01,LOT-0691,674
7/31/2025,WH-BKS01,LOT-0006,607
7/31/2025,WH-BKS01,LOT-0215,1411
7/31/2025,WH-BKS01,LOT-0989,666
7/31/2025,WH-BKS01,LOT-1027,2148
7/31/2025,WH-BKS01,LOT-0414,2200
7/31/2025,WH-BKS01,LOT-0433,805
7/31/2025,WH-BKS01,LOT-0303,1970
7/31/2025,WH-BKS01,LOT-0681,1449
7/31/2025,WH-BKS01,LOT-1035,132
7/31/2025,WH-BKS01,LOT-0561,1403
7/31/2025,WH-BKS01,LOT-1088,1604
7/31/2025,WH-BKS01,LOT-0801,1781
7/31/2025,WH-BKS01,LOT-1083,434
7/31/2025,WH-BKS01,LOT-0403,2108
7/31/2025,WH-BKS01,LOT-0891,1658
7/31/2025,WH-BKS01,LOT-0081,879
7/31/2025,WH-BKS01,LOT-0932,696
7/31/2025,WH-BKS01,LOT-1121,788
7/31/2025,WH-BKS01,LOT-0595,1990
7/31/2025,WH-BKS01,LOT-1104,2411
7/31/2025,WH-BKS01,LOT-0935,284
7/31/2025,WH-BKS01,LOT-0092,938
7/31/2025,WH-BKS01,LOT-0583,2034
7/31/2025,WH-BKS01,LOT-0682,2293
7/31/2025,WH-BKS01,LOT-0037,1885
7/31/2025,WH-BKS01,LOT-0835,1596
7/31/2025,WH-BKS01,LOT-0129,1329
7/31/2025,WH-BKS01,LOT-0972,1520
7/31/2025,WH-BKS01,LOT-0855,825
7/31/2025,WH-BKS01,LOT-0950,181
7/31/2025,WH-BKS01,LOT-1172,159
7/31/2025,WH-BKS01,LOT-0473,1865
7/31/2025,WH-BKS01,LOT-0646,780
7/31/2025,WH-BKS01,LOT-0457,25
7/31/2025,WH-BKS01,LOT-0543,2348
7/31/2025,WH-BKS01,LOT-0615,1465
7/31/2025,WH-BKS01,LOT-0080,80
7/31/2025,WH-BKS01,LOT-0470,1535
7/31/2025,WH-BKS01,LOT-1187,1397
7/31/2025,WH-BKS01,LOT-0521,1712
7/31/2025,WH-BKS01,LOT-0809,40
7/31/2025,WH-BKS01,LOT-0544,1300
7/31/2025,WH-BKS01,LOT-0009,1908
7/31/2025,WH-BKS01,LOT-1087,359
7/31/2025,WH-BKS01,LOT-0084,559
7/31/2025,WH-BKS01,LOT-0455,403
7/31/2025,WH-BKS01,LOT-0490,2445
7/31/2025,WH-BKS01,LOT-0814,2142
7/31/2025,WH-BKS01,LOT-0005,2309
7/31/2025,WH-BKS01,LOT-0881,487
7/31/2025,WH-BKS01,LOT-0098,2438
7/31/2025,WH-BKS01,LOT-0156,566
7/31/2025,WH-BKS01,LOT-1097,1949
7/31/2025,WH-BKS01,LOT-1120,2034
7/31/2025,WH-BKS01,LOT-0854,2277
7/31/2025,WH-BKS01,LOT-0034,2269
7/31/2025,WH-BKS01,LOT-1028,1405
7/31/2025,WH-BKS01,LOT-0628,500
7/31/2025,WH-BKS01,LOT-0105,143
7/31/2025,WH-BKS01,LOT-1018,1308
7/31/2025,WH-BKS01,LOT-1189,1017
7/31/2025,WH-BKS01,LOT-0438,1288
7/31/2025,WH-BKS01,LOT-1094,2209
7/31/2025,WH-BKS01,LOT-1132,1753
7/31/2025,WH-BKS01,LOT-0589,1211
7/31/2025,WH-BKS01,LOT-0238,169
7/31/2025,WH-BKS01,LOT-0481,446
7/31/2025,WH-BKS01,LOT-0797,234
7/31/2025,WH-BKS01,LOT-1149,1239
7/31/2025,WH-BKS01,LOT-0673,570
7/31/2025,WH-BKS01,LOT-0363,1067
7/31/2025,WH-BKS01,LOT-1117,1564
7/31/2025,WH-BKS01,LOT-0411,636
7/31/2025,WH-BKS01,LOT-0030,1159
7/31/2025,WH-BKS01,LOT-0880,1402
7/31/2025,WH-BKS01,LOT-0164,1697
7/31/2025,WH-BKS01,LOT-0674,314
7/31/2025,WH-BKS01,LOT-0503,2184
7/31/2025,WH-BKS01,LOT-0983,1500
7/31/2025,WH-BKS01,LOT-0043,317
7/31/2025,WH-BKS01,LOT-0204,2050
7/31/2025,WH-BKS01,LOT-0266,1273
7/31/2025,WH-BKS01,LOT-0529,1238
7/31/2025,WH-BKS01,LOT-0347,1676
7/31/2025,WH-BKS01,LOT-0599,103
7/31/2025,WH-BKS01,LOT-0527,117
7/31/2025,WH-BKS01,LOT-0332,1177
7/31/2025,WH-BKS01,LOT-0874,1352
7/31/2025,WH-BKS01,LOT-0418,766
7/31/2025,WH-BKS01,LOT-0336,391
7/31/2025,WH-BKS01,LOT-0741,572
7/31/2025,WH-BKS01,LOT-0200,2160
7/31/2025,WH-BKS01,LOT-0592,2479
7/31/2025,WH-BKS01,LOT-0634,2465
7/31/2025,WH-BKS01,LOT-1111,420
7/31/2025,WH-BKS01,LOT-1124,1494
7/31/2025,WH-BKS01,LOT-0141,474
7/31/2025,WH-TNG01,LOT-0542,870
7/31/2025,WH-TNG01,LOT-0684,463
7/31/2025,WH-TNG01,LOT-0652,66
7/31/2025,WH-TNG01,LOT-0254,1703
7/31/2025,WH-TNG01,LOT-0375,448
7/31/2025,WH-TNG01,LOT-1181,1408
7/31/2025,WH-TNG01,LOT-0435,855
7/31/2025,WH-TNG01,LOT-1193,1841
7/31/2025,WH-TNG01,LOT-0162,601
7/31/2025,WH-TNG01,LOT-0475,612
7/31/2025,WH-TNG01,LOT-0101,514
7/31/2025,WH-TNG01,LOT-0567,1520
7/31/2025,WH-TNG01,LOT-0638,1341
7/31/2025,WH-TNG01,LOT-1127,1693
7/31/2025,WH-TNG01,LOT-1109,1561
7/31/2025,WH-TNG01,LOT-0164,2135
7/31/2025,WH-TNG01,LOT-1125,1136
7/31/2025,WH-TNG01,LOT-1183,1826
7/31/2025,WH-TNG01,LOT-1119,835
7/31/2025,WH-TNG01,LOT-0609,607
7/31/2025,WH-TNG01,LOT-1132,856
7/31/2025,WH-TNG01,LOT-0610,1604
7/31/2025,WH-TNG01,LOT-0206,1456
7/31/2025,WH-TNG01,LOT-0827,780
7/31/2025,WH-TNG01,LOT-0084,1004
7/31/2025,WH-TNG01,LOT-0639,2016
7/31/2025,WH-TNG01,LOT-0861,2012
7/31/2025,WH-TNG01,LOT-0191,1131
7/31/2025,WH-TNG01,LOT-0683,1801
7/31/2025,WH-TNG01,LOT-0552,210
7/31/2025,WH-TNG01,LOT-0107,1042
7/31/2025,WH-TNG01,LOT-0281,22
7/31/2025,WH-TNG01,LOT-0141,1784
7/31/2025,WH-TNG01,LOT-0194,1908
7/31/2025,WH-TNG01,LOT-0009,659
7/31/2025,WH-TNG01,LOT-0219,261
7/31/2025,WH-TNG01,LOT-0977,254
7/31/2025,WH-TNG01,LOT-0088,1889
7/31/2025,WH-TNG01,LOT-0961,2157
7/31/2025,WH-TNG01,LOT-0740,1194
7/31/2025,WH-TNG01,LOT-0832,844
7/31/2025,WH-TNG01,LOT-1110,1703
7/31/2025,WH-TNG01,LOT-0326,462
7/31/2025,WH-TNG01,LOT-1150,1186
7/31/2025,WH-TNG01,LOT-0508,586
7/31/2025,WH-TNG01,LOT-0168,1170
7/31/2025,WH-TNG01,LOT-0685,1154
7/31/2025,WH-TNG01,LOT-0345,735
7/31/2025,WH-TNG01,LOT-0380,1755
7/31/2025,WH-TNG01,LOT-1166,66
7/31/2025,WH-TNG01,LOT-0213,1948
7/31/2025,WH-TNG01,LOT-0035,2179
7/31/2025,WH-TNG01,LOT-0964,277
7/31/2025,WH-TNG01,LOT-0448,2412
7/31/2025,WH-TNG01,LOT-0260,1871
7/31/2025,WH-TNG01,LOT-0347,1434
7/31/2025,WH-TNG01,LOT-1044,1251
7/31/2025,WH-TNG01,LOT-0489,928
7/31/2025,WH-TNG01,LOT-0836,1850
7/31/2025,WH-TNG01,LOT-0011,832
7/31/2025,WH-TNG01,LOT-1072,1138
7/31/2025,WH-TNG01,LOT-0560,1963
7/31/2025,WH-TNG01,LOT-1182,1609
7/31/2025,WH-TNG01,LOT-0385,1114
7/31/2025,WH-TNG01,LOT-1009,667
7/31/2025,WH-TNG01,LOT-1122,1977
7/31/2025,WH-TNG01,LOT-0488,913
7/31/2025,WH-TNG01,LOT-0122,1804
7/31/2025,WH-TNG01,LOT-0881,556
7/31/2025,WH-TNG01,LOT-0433,80
7/31/2025,WH-TNG01,LOT-0796,970
7/31/2025,WH-TNG01,LOT-0395,2000
7/31/2025,WH-TNG01,LOT-1081,1585
7/31/2025,WH-TNG01,LOT-0600,906
7/31/2025,WH-TNG01,LOT-0706,2269
7/31/2025,WH-TNG01,LOT-0279,2097
7/31/2025,WH-TNG01,LOT-0829,602
7/31/2025,WH-TNG01,LOT-0843,459
7/31/2025,WH-TNG01,LOT-1185,1106
7/31/2025,WH-TNG01,LOT-0590,1528
7/31/2025,WH-TNG01,LOT-0511,2148
7/31/2025,WH-TNG01,LOT-0256,1053
7/31/2025,WH-TNG01,LOT-0523,414
7/31/2025,WH-TNG01,LOT-1020,1123
7/31/2025,WH-TNG01,LOT-0003,2125
7/31/2025,WH-TNG01,LOT-0235,1280
7/31/2025,WH-TNG01,LOT-0831,1663
7/31/2025,WH-TNG01,LOT-0392,93
7/31/2025,WH-TNG01,LOT-0519,267
7/31/2025,WH-TNG01,LOT-0263,2333
7/31/2025,WH-TNG01,LOT-0378,448
7/31/2025,WH-TNG01,LOT-1189,998
7/31/2025,WH-TNG01,LOT-0246,1168
7/31/2025,WH-TNG01,LOT-0510,1042
7/31/2025,WH-TNG01,LOT-0272,1010
7/31/2025,WH-TNG01,LOT-0083,2287
7/31/2025,WH-TNG01,LOT-0473,2362
7/31/2025,WH-TNG01,LOT-0512,2180
7/31/2025,WH-TNG01,LOT-0096,759
7/31/2025,WH-TNG01,LOT-0148,2045
7/31/2025,WH-TNG01,LOT-0809,2174
7/31/2025,WH-TNG01,LOT-0273,23
7/31/2025,WH-TNG01,LOT-0447,620
7/31/2025,WH-TNG01,LOT-0231,90
7/31/2025,WH-TNG01,LOT-1177,1350
7/31/2025,WH-TNG01,LOT-0006,2278
7/31/2025,WH-BPR01,LOT-1164,1731
7/31/2025,WH-BPR01,LOT-0699,454
7/31/2025,WH-BPR01,LOT-0003,357
7/31/2025,WH-BPR01,LOT-0986,655
7/31/2025,WH-BPR01,LOT-0397,877
7/31/2025,WH-BPR01,LOT-0384,309
7/31/2025,WH-BPR01,LOT-0223,639
7/31/2025,WH-BPR01,LOT-0628,1710
7/31/2025,WH-BPR01,LOT-0871,454
7/31/2025,WH-BPR01,LOT-0515,1790
7/31/2025,WH-BPR01,LOT-0557,949
7/31/2025,WH-BPR01,LOT-0409,690
7/31/2025,WH-BPR01,LOT-0824,1100
7/31/2025,WH-BPR01,LOT-1158,2140
7/31/2025,WH-BPR01,LOT-1156,2283
7/31/2025,WH-BPR01,LOT-0731,2184
7/31/2025,WH-BPR01,LOT-0197,2433
7/31/2025,WH-BPR01,LOT-0779,2408
7/31/2025,WH-BPR01,LOT-0967,1361
7/31/2025,WH-BPR01,LOT-0402,1865
7/31/2025,WH-BPR01,LOT-0502,654
7/31/2025,WH-BPR01,LOT-0666,2444
7/31/2025,WH-BPR01,LOT-0094,2192
7/31/2025,WH-BPR01,LOT-0689,2333
7/31/2025,WH-BPR01,LOT-0966,893
7/31/2025,WH-BPR01,LOT-0494,1849
7/31/2025,WH-BPR01,LOT-1091,1750
7/31/2025,WH-BPR01,LOT-0683,715
7/31/2025,WH-BPR01,LOT-1010,1833
7/31/2025,WH-BPR01,LOT-0467,1153
7/31/2025,WH-BPR01,LOT-0883,1303
7/31/2025,WH-BPR01,LOT-1152,1075
7/31/2025,WH-BPR01,LOT-0034,2493
7/31/2025,WH-BPR01,LOT-0157,887
7/31/2025,WH-BPR01,LOT-0212,92
7/31/2025,WH-BPR01,LOT-0281,813
7/31/2025,WH-BPR01,LOT-0474,1672
7/31/2025,WH-BPR01,LOT-0842,1220
7/31/2025,WH-BPR01,LOT-0090,1548
7/31/2025,WH-BPR01,LOT-0420,2203
7/31/2025,WH-BPR01,LOT-0957,1914
7/31/2025,WH-BPR01,LOT-0845,382
7/31/2025,WH-BPR01,LOT-1096,2391
7/31/2025,WH-BPR01,LOT-0149,482
7/31/2025,WH-BPR01,LOT-0211,529
7/31/2025,WH-BPR01,LOT-1124,230
7/31/2025,WH-BPR01,LOT-0904,951
7/31/2025,WH-BPR01,LOT-0278,2195
7/31/2025,WH-BPR01,LOT-0453,473
7/31/2025,WH-BPR01,LOT-0440,2304
7/31/2025,WH-BPR01,LOT-0448,1973
7/31/2025,WH-BPR01,LOT-0760,1626
7/31/2025,WH-BPR01,LOT-0199,2388
7/31/2025,WH-BPR01,LOT-0075,563
7/31/2025,WH-BPR01,LOT-0526,226
7/31/2025,WH-BPR01,LOT-0024,2131
7/31/2025,WH-BPR01,LOT-0838,746
7/31/2025,WH-BPR01,LOT-0247,2217
7/31/2025,WH-BPR01,LOT-0575,959
7/31/2025,WH-BPR01,LOT-0922,527
7/31/2025,WH-BPR01,LOT-0429,995
7/31/2025,WH-BPR01,LOT-0192,217
7/31/2025,WH-BPR01,LOT-0698,2092
7/31/2025,WH-BPR01,LOT-0485,2495
7/31/2025,WH-BPR01,LOT-0244,2236
7/31/2025,WH-BPR01,LOT-0513,313
7/31/2025,WH-BPR01,LOT-1100,999
7/31/2025,WH-BPR01,LOT-0091,2217
7/31/2025,WH-BPR01,LOT-0975,2272
7/31/2025,WH-BPR01,LOT-0568,352
7/31/2025,WH-BPR01,LOT-1109,1399
7/31/2025,WH-BPR01,LOT-0343,2160
7/31/2025,WH-BPR01,LOT-0014,2211
7/31/2025,WH-BPR01,LOT-1003,393
7/31/2025,WH-BPR01,LOT-0444,1073
7/31/2025,WH-BPR01,LOT-0844,1079
7/31/2025,WH-BPR01,LOT-0678,1370
7/31/2025,WH-BPR01,LOT-0205,2258
7/31/2025,WH-BPR01,LOT-0182,567
7/31/2025,WH-BPR01,LOT-1032,740
7/31/2025,WH-BPR01,LOT-1194,190
7/31/2025,WH-BPR01,LOT-0470,1761
7/31/2025,WH-BPR01,LOT-1179,2019
7/31/2025,WH-BPR01,LOT-0569,850
7/31/2025,WH-BPR01,LOT-0001,582
7/31/2025,WH-BPR01,LOT-0875,913
7/31/2025,WH-BPR01,LOT-0715,376
7/31/2025,WH-BPR01,LOT-0927,2131
7/31/2025,WH-BPR01,LOT-1140,615
7/31/2025,WH-BPR01,LOT-0337,1821
7/31/2025,WH-BPR01,LOT-0056,302
7/31/2025,WH-BPR01,LOT-0200,1739
7/31/2025,WH-BPR01,LOT-1171,2249
7/31/2025,WH-BPR01,LOT-0044,338
7/31/2025,WH-BPR01,LOT-0564,1328
7/31/2025,WH-BPR01,LOT-0395,1897
7/31/2025,WH-BPR01,LOT-0353,684
7/31/2025,WH-BPR01,LOT-0322,1141
7/31/2025,WH-BPR01,LOT-0480,1393
7/31/2025,WH-BPR01,LOT-0093,132
7/31/2025,WH-BPR01,LOT-0368,145
7/31/2025,WH-BPR01,LOT-0405,57
7/31/2025,WH-BPR01,LOT-0272,121
7/31/2025,WH-BPR01,LOT-0605,109
7/31/2025,WH-BPR01,LOT-0944,134
7/31/2025,WH-BPR01,LOT-0126,352
7/31/2025,WH-BPR01,LOT-0921,1330
7/31/2025,WH-BPR01,LOT-0463,685
7/31/2025,WH-BPR01,LOT-0276,2409
7/31/2025,WH-BPR01,LOT-0065,342
7/31/2025,WH-BPR01,LOT-0242,348
7/31/2025,WH-BPR01,LOT-0419,789
7/31/2025,WH-BPR01,LOT-0751,1979
7/31/2025,WH-BPR01,LOT-0614,412
7/31/2025,WH-BPR01,LOT-0885,1808
7/31/2025,WH-BPR01,LOT-0316,2217
7/31/2025,WH-BPR01,LOT-0130,1531
7/31/2025,WH-BPR01,LOT-0326,244
7/31/2025,WH-BPR01,LOT-0971,2487
7/31/2025,WH-BPR01,LOT-0775,115
7/31/2025,WH-BPR01,LOT-0016,623
7/31/2025,WH-BPR01,LOT-0351,1457
7/31/2025,WH-BPR01,LOT-0768,1291
7/31/2025,WH-BPR01,LOT-0072,1562
7/31/2025,WH-BPR01,LOT-1092,481
7/31/2025,WH-BPR01,LOT-0359,2074
7/31/2025,WH-MLG01,LOT-0594,1694
7/31/2025,WH-MLG01,LOT-0599,1156
7/31/2025,WH-MLG01,LOT-0535,1200
7/31/2025,WH-MLG01,LOT-0327,2111
7/31/2025,WH-MLG01,LOT-0175,2368
7/31/2025,WH-MLG01,LOT-1118,2182
7/31/2025,WH-MLG01,LOT-0303,2079
7/31/2025,WH-MLG01,LOT-1181,102
7/31/2025,WH-MLG01,LOT-1106,935
7/31/2025,WH-MLG01,LOT-0977,456
7/31/2025,WH-MLG01,LOT-0589,1518
7/31/2025,WH-MLG01,LOT-1006,998
7/31/2025,WH-MLG01,LOT-1070,2287
7/31/2025,WH-MLG01,LOT-0157,2061
7/31/2025,WH-MLG01,LOT-0309,2134
7/31/2025,WH-MLG01,LOT-0360,740
7/31/2025,WH-MLG01,LOT-0592,1138
7/31/2025,WH-MLG01,LOT-1027,1368
7/31/2025,WH-MLG01,LOT-0087,559
7/31/2025,WH-MLG01,LOT-0644,1917
7/31/2025,WH-MLG01,LOT-0778,262
7/31/2025,WH-MLG01,LOT-0961,1402
7/31/2025,WH-MLG01,LOT-0083,163
7/31/2025,WH-MLG01,LOT-1039,1196
7/31/2025,WH-MLG01,LOT-0891,245
7/31/2025,WH-MLG01,LOT-0958,1203
7/31/2025,WH-MLG01,LOT-0054,988
7/31/2025,WH-MLG01,LOT-0091,848
7/31/2025,WH-MLG01,LOT-0101,895
7/31/2025,WH-MLG01,LOT-0006,865
7/31/2025,WH-MLG01,LOT-0536,1464
7/31/2025,WH-MLG01,LOT-0504,805
7/31/2025,WH-MLG01,LOT-0774,2165
7/31/2025,WH-MLG01,LOT-0708,1065
7/31/2025,WH-MLG01,LOT-0700,2414
7/31/2025,WH-MLG01,LOT-0182,1300
7/31/2025,WH-MLG01,LOT-0741,510
7/31/2025,WH-MLG01,LOT-1057,1626
7/31/2025,WH-MLG01,LOT-0564,918
7/31/2025,WH-MLG01,LOT-1086,589
7/31/2025,WH-MLG01,LOT-0308,428
7/31/2025,WH-MLG01,LOT-0830,378
7/31/2025,WH-MLG01,LOT-1154,397
7/31/2025,WH-MLG01,LOT-0252,2467
7/31/2025,WH-MLG01,LOT-0483,1872
7/31/2025,WH-MLG01,LOT-0846,2165
7/31/2025,WH-MLG01,LOT-0306,1920
7/31/2025,WH-MLG01,LOT-0552,516
7/31/2025,WH-MLG01,LOT-1048,2239
7/31/2025,WH-MLG01,LOT-0467,207
7/31/2025,WH-MLG01,LOT-0659,2494
7/31/2025,WH-MLG01,LOT-0757,823
7/31/2025,WH-MLG01,LOT-0750,997
7/31/2025,WH-MLG01,LOT-0636,2440
7/31/2025,WH-MLG01,LOT-0349,384
7/31/2025,WH-MLG01,LOT-1182,820
7/31/2025,WH-MLG01,LOT-0769,2027
7/31/2025,WH-MLG01,LOT-0086,897
7/31/2025,WH-MLG01,LOT-1132,561
7/31/2025,WH-MLG01,LOT-0081,1668
7/31/2025,WH-MLG01,LOT-0963,1333
7/31/2025,WH-MLG01,LOT-0109,934
7/31/2025,WH-MLG01,LOT-0833,170
7/31/2025,WH-MLG01,LOT-0426,1675
7/31/2025,WH-MLG01,LOT-0493,152
7/31/2025,WH-MLG01,LOT-0841,324
7/31/2025,WH-MLG01,LOT-1144,353
7/31/2025,WH-MLG01,LOT-0943,2078
7/31/2025,WH-MLG01,LOT-0728,2044
7/31/2025,WH-MLG01,LOT-0035,1351
7/31/2025,WH-MLG01,LOT-1077,1604
7/31/2025,WH-MLG01,LOT-0379,400
7/31/2025,WH-MLG01,LOT-0258,1901
7/31/2025,WH-MLG01,LOT-0133,2060
7/31/2025,WH-MLG01,LOT-0125,1677
7/31/2025,WH-MLG01,LOT-0549,2273
7/31/2025,WH-MLG01,LOT-0097,2158
7/31/2025,WH-MLG01,LOT-0251,44
7/31/2025,WH-MLG01,LOT-0803,53
7/31/2025,WH-MLG01,LOT-0518,767
7/31/2025,WH-MLG01,LOT-1083,864
7/31/2025,WH-MLG01,LOT-0255,118
7/31/2025,WH-MLG01,LOT-1139,130
7/31/2025,WH-MLG01,LOT-1084,2410
7/31/2025,WH-MLG01,LOT-0011,447
7/31/2025,WH-MLG01,LOT-0530,1380
7/31/2025,WH-MLG01,LOT-0364,1709
7/31/2025,WH-MLG01,LOT-1122,468
7/31/2025,WH-MLG01,LOT-0971,2261
7/31/2025,WH-MLG01,LOT-1021,533
7/31/2025,WH-MLG01,LOT-0510,2456
7/31/2025,WH-MLG01,LOT-0398,2155
7/31/2025,WH-MLG01,LOT-0775,63
7/31/2025,WH-MLG01,LOT-0385,1011
7/31/2025,WH-MLG01,LOT-0132,1555
7/31/2025,WH-MLG01,LOT-0819,1377
7/31/2025,WH-MLG01,LOT-0497,1944
7/31/2025,WH-MLG01,LOT-0318,2047
7/31/2025,WH-MLG01,LOT-0135,1090
7/31/2025,WH-MLG01,LOT-0290,1171
7/31/2025,WH-MLG01,LOT-0820,2451
7/31/2025,WH-MLG01,LOT-0605,500
7/31/2025,WH-MLG01,LOT-0350,1711
7/31/2025,WH-MLG01,LOT-1069,22
7/31/2025,WH-MLG01,LOT-1171,885
7/31/2025,WH-MLG01,LOT-0630,1614
7/31/2025,WH-MLG01,LOT-0835,1516
7/31/2025,WH-MLG01,LOT-0610,1426
7/31/2025,WH-MLG01,LOT-0325,558
7/31/2025,WH-MLG01,LOT-0043,247
7/31/2025,WH-MLG01,LOT-0498,322
7/31/2025,WH-MLG01,LOT-0860,1284
7/31/2025,WH-MLG01,LOT-0268,2482
7/31/2025,WH-MLG01,LOT-0755,300
7/31/2025,WH-MLG01,LOT-0883,514
7/31/2025,WH-MLG01,LOT-0439,2164
7/31/2025,WH-MLG01,LOT-0214,2365
7/31/2025,WH-MLG01,LOT-0635,1184
7/31/2025,WH-MLG01,LOT-0516,455
7/31/2025,WH-MLG01,LOT-0169,2218
7/31/2025,WH-MLG01,LOT-0947,1207
7/31/2025,WH-MLG01,LOT-0084,935
7/31/2025,WH-MLG01,LOT-0800,957
7/31/2025,WH-MLG01,LOT-0598,1636
7/31/2025,WH-MLG01,LOT-0799,2180
7/31/2025,WH-MLG01,LOT-0321,1965
7/31/2025,WH-MLG01,LOT-0727,1414
7/31/2025,WH-MLG01,LOT-0766,118
7/31/2025,WH-MLG01,LOT-0596,2412
7/31/2025,WH-MLG01,LOT-0383,580
7/31/2025,WH-MLG01,LOT-0826,1678
7/31/2025,WH-MLG01,LOT-0470,807
7/31/2025,WH-MLG01,LOT-0756,708
7/31/2025,WH-MLG01,LOT-0697,655
7/31/2025,WH-MLG01,LOT-1114,893
7/31/2025,WH-MLG01,LOT-0602,2494
7/31/2025,WH-MLG01,LOT-0393,2475
7/31/2025,WH-MLG01,LOT-0048,2081
7/31/2025,WH-MLG01,LOT-0174,615
7/31/2025,WH-MLG01,LOT-0773,311
7/31/2025,WH-MLG01,LOT-0631,993
7/31/2025,WH-SLO01,LOT-0564,806
7/31/2025,WH-SLO01,LOT-0687,727
7/31/2025,WH-SLO01,LOT-0692,789
7/31/2025,WH-SLO01,LOT-0857,453
7/31/2025,WH-SLO01,LOT-0158,767
7/31/2025,WH-SLO01,LOT-0189,923
7/31/2025,WH-SLO01,LOT-0523,1215
7/31/2025,WH-SLO01,LOT-0075,588
7/31/2025,WH-SLO01,LOT-0603,1770
7/31/2025,WH-SLO01,LOT-0267,1665
7/31/2025,WH-SLO01,LOT-1065,2319
7/31/2025,WH-SLO01,LOT-1098,2303
7/31/2025,WH-SLO01,LOT-0835,234
7/31/2025,WH-SLO01,LOT-0088,1680
7/31/2025,WH-SLO01,LOT-0752,104
7/31/2025,WH-SLO01,LOT-0044,2295
7/31/2025,WH-SLO01,LOT-0487,1947
7/31/2025,WH-SLO01,LOT-1009,644
7/31/2025,WH-SLO01,LOT-0810,1640
7/31/2025,WH-SLO01,LOT-0878,492
7/31/2025,WH-SLO01,LOT-0892,1882
7/31/2025,WH-SLO01,LOT-0095,1720
7/31/2025,WH-SLO01,LOT-1064,135
7/31/2025,WH-SLO01,LOT-0197,1820
7/31/2025,WH-SLO01,LOT-0239,722
7/31/2025,WH-SLO01,LOT-0264,894
7/31/2025,WH-SLO01,LOT-0874,1277
7/31/2025,WH-SLO01,LOT-0037,2310
7/31/2025,WH-SLO01,LOT-0087,944
7/31/2025,WH-SLO01,LOT-0396,2139
7/31/2025,WH-SLO01,LOT-0114,2495
7/31/2025,WH-SLO01,LOT-1066,912
7/31/2025,WH-SLO01,LOT-0417,1344
7/31/2025,WH-SLO01,LOT-0740,2477
7/31/2025,WH-SLO01,LOT-0800,1491
7/31/2025,WH-SLO01,LOT-0815,1009
7/31/2025,WH-SLO01,LOT-0182,2140
7/31/2025,WH-SLO01,LOT-0056,577
7/31/2025,WH-SLO01,LOT-0792,2308
7/31/2025,WH-SLO01,LOT-0316,81
7/31/2025,WH-SLO01,LOT-0934,1176
7/31/2025,WH-SLO01,LOT-0149,22
7/31/2025,WH-SLO01,LOT-0657,1421
7/31/2025,WH-SLO01,LOT-0436,1679
7/31/2025,WH-SLO01,LOT-0205,492
7/31/2025,WH-SLO01,LOT-0360,593
7/31/2025,WH-SLO01,LOT-0448,2329
7/31/2025,WH-SLO01,LOT-0521,1788
7/31/2025,WH-SLO01,LOT-0698,1408
7/31/2025,WH-SLO01,LOT-0729,132
7/31/2025,WH-SLO01,LOT-0107,2259
7/31/2025,WH-SLO01,LOT-0881,613
7/31/2025,WH-SLO01,LOT-1043,1673
7/31/2025,WH-SLO01,LOT-1127,2428
7/31/2025,WH-SLO01,LOT-0376,1479
7/31/2025,WH-SLO01,LOT-0894,2240
7/31/2025,WH-SLO01,LOT-1172,610
7/31/2025,WH-SLO01,LOT-0223,1788
7/31/2025,WH-SLO01,LOT-0995,1099
7/31/2025,WH-SLO01,LOT-0994,392
7/31/2025,WH-SLO01,LOT-0870,2265
7/31/2025,WH-SLO01,LOT-1150,1576
7/31/2025,WH-SLO01,LOT-0293,2356
7/31/2025,WH-SLO01,LOT-0432,1559
7/31/2025,WH-SLO01,LOT-1075,1421
7/31/2025,WH-SLO01,LOT-0541,1676
7/31/2025,WH-SLO01,LOT-0595,308
7/31/2025,WH-SLO01,LOT-0083,897
7/31/2025,WH-SLO01,LOT-0238,71
7/31/2025,WH-SLO01,LOT-0496,2311
7/31/2025,WH-SLO01,LOT-0623,1983
7/31/2025,WH-SLO01,LOT-1136,1754
7/31/2025,WH-SLO01,LOT-0011,412
7/31/2025,WH-SLO01,LOT-1081,606
7/31/2025,WH-SLO01,LOT-0917,789
7/31/2025,WH-SLO01,LOT-0398,2174
7/31/2025,WH-SLO01,LOT-0702,1294
7/31/2025,WH-SLO01,LOT-0612,2350
7/31/2025,WH-SLO01,LOT-0977,1389
7/31/2025,WH-SLO01,LOT-1083,502
7/31/2025,WH-SLO01,LOT-0280,1041
7/31/2025,WH-SLO01,LOT-0435,796
7/31/2025,WH-SLO01,LOT-0479,1103
7/31/2025,WH-SLO01,LOT-0767,1642
7/31/2025,WH-SLO01,LOT-0255,2227
7/31/2025,WH-SLO01,LOT-0110,620
7/31/2025,WH-SLO01,LOT-0210,995
7/31/2025,WH-SLO01,LOT-0759,2416
7/31/2025,WH-SLO01,LOT-0925,1282
7/31/2025,WH-SLO01,LOT-0098,2094
7/31/2025,WH-SLO01,LOT-1040,1123
7/31/2025,WH-SLO01,LOT-0755,176
7/31/2025,WH-SLO01,LOT-1157,130
7/31/2025,WH-SLO01,LOT-1190,682
7/31/2025,WH-SLO01,LOT-0133,1969
7/31/2025,WH-SLO01,LOT-0593,926
7/31/2025,WH-SLO01,LOT-0586,14
7/31/2025,WH-SLO01,LOT-1176,36
7/31/2025,WH-SLO01,LOT-0373,2114
7/31/2025,WH-SLO01,LOT-0033,1788
7/31/2025,WH-SLO01,LOT-0928,2469
7/31/2025,WH-SLO01,LOT-1194,1610
7/31/2025,WH-SLO01,LOT-0340,1604
7/31/2025,WH-SLO01,LOT-0826,266
7/31/2025,WH-SLO01,LOT-1174,235
7/31/2025,WH-SLO01,LOT-0862,488
7/31/2025,WH-SLO01,LOT-1173,1595
7/31/2025,WH-SLO01,LOT-0770,2073
7/31/2025,WH-SLO01,LOT-0608,837
7/31/2025,WH-SLO01,LOT-1132,317
7/31/2025,WH-SLO01,LOT-0935,342
7/31/2025,WH-SLO01,LOT-0184,801
7/31/2025,WH-SLO01,LOT-1070,1381
7/31/2025,WH-SLO01,LOT-0606,114
7/31/2025,WH-SLO01,LOT-0298,206
7/31/2025,WH-SLO01,LOT-1097,281
7/31/2025,WH-SLO01,LOT-0750,1546
7/31/2025,WH-SLO01,LOT-1187,2171
7/31/2025,WH-SLO01,LOT-0787,239
7/31/2025,WH-SLO01,LOT-1165,1153
7/31/2025,WH-SLO01,LOT-0509,338
7/31/2025,WH-SLO01,LOT-0301,1210
7/31/2025,WH-SLO01,LOT-0677,2494
7/31/2025,WH-SLO01,LOT-1158,309
7/31/2025,WH-SLO01,LOT-0211,1326
7/31/2025,WH-SLO01,LOT-1025,232
7/31/2025,WH-SLO01,LOT-0635,1866
7/31/2025,WH-SLO01,LOT-1167,1680
7/31/2025,WH-YOG01,LOT-0363,1867
7/31/2025,WH-YOG01,LOT-1069,1969
7/31/2025,WH-YOG01,LOT-0402,260
7/31/2025,WH-YOG01,LOT-1193,1659
7/31/2025,WH-YOG01,LOT-0908,2043
7/31/2025,WH-YOG01,LOT-0843,976
7/31/2025,WH-YOG01,LOT-0295,1669
7/31/2025,WH-YOG01,LOT-0104,2132
7/31/2025,WH-YOG01,LOT-0755,610
7/31/2025,WH-YOG01,LOT-0452,73
7/31/2025,WH-YOG01,LOT-0574,1505
7/31/2025,WH-YOG01,LOT-0554,19
7/31/2025,WH-YOG01,LOT-0035,1550
7/31/2025,WH-YOG01,LOT-1015,2224
7/31/2025,WH-YOG01,LOT-0903,598
7/31/2025,WH-YOG01,LOT-0907,355
7/31/2025,WH-YOG01,LOT-0577,710
7/31/2025,WH-YOG01,LOT-0801,749
7/31/2025,WH-YOG01,LOT-0333,927
7/31/2025,WH-YOG01,LOT-0120,1440
7/31/2025,WH-YOG01,LOT-0920,1353
7/31/2025,WH-YOG01,LOT-0287,662
7/31/2025,WH-YOG01,LOT-0826,363
7/31/2025,WH-YOG01,LOT-0844,1621
7/31/2025,WH-YOG01,LOT-0267,1509
7/31/2025,WH-YOG01,LOT-0281,70
7/31/2025,WH-YOG01,LOT-0706,1382
7/31/2025,WH-YOG01,LOT-0040,2218
7/31/2025,WH-YOG01,LOT-1138,1842
7/31/2025,WH-YOG01,LOT-0189,439
7/31/2025,WH-YOG01,LOT-1008,1095
7/31/2025,WH-YOG01,LOT-0972,1668
7/31/2025,WH-YOG01,LOT-0788,2342
7/31/2025,WH-YOG01,LOT-0098,625
7/31/2025,WH-YOG01,LOT-0330,308
7/31/2025,WH-YOG01,LOT-1158,2151
7/31/2025,WH-YOG01,LOT-0137,723
7/31/2025,WH-YOG01,LOT-0540,307
7/31/2025,WH-YOG01,LOT-0047,2347
7/31/2025,WH-YOG01,LOT-0814,578
7/31/2025,WH-YOG01,LOT-1074,1350
7/31/2025,WH-YOG01,LOT-1093,2335
7/31/2025,WH-YOG01,LOT-0539,1639
7/31/2025,WH-YOG01,LOT-0138,1880
7/31/2025,WH-YOG01,LOT-0400,2443
7/31/2025,WH-YOG01,LOT-0407,171
7/31/2025,WH-YOG01,LOT-0416,2293
7/31/2025,WH-YOG01,LOT-0930,2429
7/31/2025,WH-YOG01,LOT-0476,2198
7/31/2025,WH-YOG01,LOT-0183,1109
7/31/2025,WH-YOG01,LOT-0272,973
7/31/2025,WH-YOG01,LOT-0644,1771
7/31/2025,WH-YOG01,LOT-0733,2229
7/31/2025,WH-YOG01,LOT-0351,1192
7/31/2025,WH-YOG01,LOT-0415,2249
7/31/2025,WH-YOG01,LOT-0707,76
7/31/2025,WH-YOG01,LOT-0822,658
7/31/2025,WH-YOG01,LOT-0223,529
7/31/2025,WH-YOG01,LOT-0957,164
7/31/2025,WH-YOG01,LOT-1116,1365
7/31/2025,WH-YOG01,LOT-0163,148
7/31/2025,WH-YOG01,LOT-0951,2488
7/31/2025,WH-YOG01,LOT-0022,951
7/31/2025,WH-YOG01,LOT-0420,2231
7/31/2025,WH-YOG01,LOT-0337,1784
7/31/2025,WH-YOG01,LOT-0209,2460
7/31/2025,WH-YOG01,LOT-0161,1037
7/31/2025,WH-YOG01,LOT-0335,2088
7/31/2025,WH-YOG01,LOT-0001,1205
7/31/2025,WH-YOG01,LOT-0778,542
7/31/2025,WH-YOG01,LOT-0231,1231
7/31/2025,WH-YOG01,LOT-0449,2490
7/31/2025,WH-YOG01,LOT-0865,1393
7/31/2025,WH-YOG01,LOT-0488,2107
7/31/2025,WH-YOG01,LOT-1052,2277
7/31/2025,WH-YOG01,LOT-0651,280
7/31/2025,WH-YOG01,LOT-0958,354
7/31/2025,WH-YOG01,LOT-1016,1171
7/31/2025,WH-YOG01,LOT-1119,1430
7/31/2025,WH-YOG01,LOT-1175,1860
7/31/2025,WH-YOG01,LOT-0771,2245
7/31/2025,WH-YOG01,LOT-0249,2088
7/31/2025,WH-YOG01,LOT-0390,1885
7/31/2025,WH-YOG01,LOT-0447,156
7/31/2025,WH-YOG01,LOT-0917,1817
7/31/2025,WH-YOG01,LOT-0153,385
7/31/2025,WH-YOG01,LOT-1117,1472
7/31/2025,WH-YOG01,LOT-0608,743
7/31/2025,WH-YOG01,LOT-0629,973
7/31/2025,WH-YOG01,LOT-0542,2238
7/31/2025,WH-YOG01,LOT-0101,1655
7/31/2025,WH-YOG01,LOT-0346,1843
7/31/2025,WH-YOG01,LOT-1186,1609
7/31/2025,WH-YOG01,LOT-0662,1966
7/31/2025,WH-YOG01,LOT-0289,812
7/31/2025,WH-YOG01,LOT-0811,2218
7/31/2025,WH-YOG01,LOT-0603,774
7/31/2025,WH-YOG01,LOT-1046,117
7/31/2025,WH-YOG01,LOT-0089,1861
7/31/2025,WH-YOG01,LOT-0194,1135
7/31/2025,WH-YOG01,LOT-0884,1568
7/31/2025,WH-YOG01,LOT-0565,329
7/31/2025,WH-YOG01,LOT-0584,270
7/31/2025,WH-YOG01,LOT-0109,1899
7/31/2025,WH-YOG01,LOT-0485,2037
7/31/2025,WH-YOG01,LOT-0926,2189
7/31/2025,WH-YOG01,LOT-0513,2027
7/31/2025,WH-YOG01,LOT-0816,1584
7/31/2025,WH-YOG01,LOT-0964,2229
7/31/2025,WH-YOG01,LOT-1095,624
7/31/2025,WH-YOG01,LOT-0222,2363
7/31/2025,WH-YOG01,LOT-0291,1797
7/31/2025,WH-YOG01,LOT-0949,2081
7/31/2025,WH-YOG01,LOT-1024,2046
7/31/2025,WH-YOG01,LOT-0349,640
7/31/2025,WH-YOG01,LOT-0383,540
7/31/2025,WH-YOG01,LOT-0154,1321
7/31/2025,WH-YOG01,LOT-0029,2124
7/31/2025,WH-YOG01,LOT-0331,2372
7/31/2025,WH-YOG01,LOT-1007,813
7/31/2025,WH-YOG01,LOT-1099,2033
7/31/2025,WH-YOG01,LOT-0374,166
7/31/2025,WH-YOG01,LOT-0210,2189
7/31/2025,WH-YOG01,LOT-0397,1313
7/31/2025,WH-YOG01,LOT-0535,2157
7/31/2025,WH-YOG01,LOT-1064,12
7/31/2025,WH-YOG01,LOT-0860,1642
7/31/2025,WH-YOG01,LOT-0352,772
7/31/2025,WH-YOG01,LOT-1173,982
7/31/2025,WH-YOG01,LOT-0697,1520
7/31/2025,WH-YOG01,LOT-0897,222
7/31/2025,WH-YOG01,LOT-0479,1113
7/31/2025,WH-YOG01,LOT-0873,132
7/31/2025,WH-YOG01,LOT-0475,1486
7/31/2025,WH-YOG01,LOT-1105,1608
7/31/2025,WH-YOG01,LOT-0498,1570
7/31/2025,WH-YOG01,LOT-0236,1369
7/31/2025,WH-YOG01,LOT-1056,1880
7/31/2025,WH-YOG01,LOT-1114,2341
7/31/2025,WH-YOG01,LOT-0653,166
7/31/2025,WH-YOG01,LOT-0837,135
7/31/2025,WH-YOG01,LOT-0060,521
7/31/2025,WH-YOG01,LOT-0694,697
7/31/2025,WH-YOG01,LOT-0469,1155
7/31/2025,WH-YOG01,LOT-0921,2229
7/31/2025,WH-YOG01,LOT-1010,730
7/31/2025,WH-YOG01,LOT-0878,1413
7/31/2025,WH-YOG01,LOT-0825,1544
7/31/2025,WH-YOG01,LOT-0244,1109
8/31/2025,WH-JKT01,LOT-0374,2309
8/31/2025,WH-JKT01,LOT-1073,256
8/31/2025,WH-JKT01,LOT-0806,2488
8/31/2025,WH-JKT01,LOT-0944,549
8/31/2025,WH-JKT01,LOT-0808,1967
8/31/2025,WH-JKT01,LOT-0402,37
8/31/2025,WH-JKT01,LOT-0288,1122
8/31/2025,WH-JKT01,LOT-0723,1488
8/31/2025,WH-JKT01,LOT-0603,541
8/31/2025,WH-JKT01,LOT-0381,972
8/31/2025,WH-JKT01,LOT-0506,2116
8/31/2025,WH-JKT01,LOT-0273,2167
8/31/2025,WH-JKT01,LOT-1091,2294
8/31/2025,WH-JKT01,LOT-1180,1436
8/31/2025,WH-JKT01,LOT-0552,1657
8/31/2025,WH-JKT01,LOT-0802,676
8/31/2025,WH-JKT01,LOT-0456,570
8/31/2025,WH-JKT01,LOT-0399,1365
8/31/2025,WH-JKT01,LOT-1119,2293
8/31/2025,WH-JKT01,LOT-1173,1763
8/31/2025,WH-JKT01,LOT-0212,1714
8/31/2025,WH-JKT01,LOT-0697,249
8/31/2025,WH-JKT01,LOT-0830,1338
8/31/2025,WH-JKT01,LOT-0337,2400
8/31/2025,WH-JKT01,LOT-0534,2084
8/31/2025,WH-JKT01,LOT-0164,1711
8/31/2025,WH-JKT01,LOT-0672,1852
8/31/2025,WH-JKT01,LOT-0383,2217
8/31/2025,WH-JKT01,LOT-1092,1821
8/31/2025,WH-JKT01,LOT-0692,1154
8/31/2025,WH-JKT01,LOT-0990,1233
8/31/2025,WH-JKT01,LOT-0365,696
8/31/2025,WH-JKT01,LOT-0704,576
8/31/2025,WH-JKT01,LOT-0797,2028
8/31/2025,WH-JKT01,LOT-0344,1393
8/31/2025,WH-JKT01,LOT-1179,2099
8/31/2025,WH-JKT01,LOT-0352,1391
8/31/2025,WH-JKT01,LOT-0827,1155
8/31/2025,WH-JKT01,LOT-0454,2227
8/31/2025,WH-JKT01,LOT-1085,1400
8/31/2025,WH-JKT01,LOT-0758,2419
8/31/2025,WH-JKT01,LOT-0210,1738
8/31/2025,WH-JKT01,LOT-0458,1499
8/31/2025,WH-JKT01,LOT-1034,1309
8/31/2025,WH-JKT01,LOT-0218,1189
8/31/2025,WH-JKT01,LOT-1147,738
8/31/2025,WH-JKT01,LOT-0757,2066
8/31/2025,WH-JKT01,LOT-0750,537
8/31/2025,WH-JKT01,LOT-0053,1257
8/31/2025,WH-JKT01,LOT-1003,496
8/31/2025,WH-JKT01,LOT-1063,349
8/31/2025,WH-JKT01,LOT-0539,1763
8/31/2025,WH-JKT01,LOT-0792,1371
8/31/2025,WH-JKT01,LOT-1145,114
8/31/2025,WH-JKT01,LOT-0665,567
8/31/2025,WH-JKT01,LOT-0033,35
8/31/2025,WH-JKT01,LOT-0657,171
8/31/2025,WH-JKT01,LOT-0999,185
8/31/2025,WH-JKT01,LOT-0589,648
8/31/2025,WH-JKT01,LOT-0536,1266
8/31/2025,WH-JKT01,LOT-0460,1535
8/31/2025,WH-JKT01,LOT-0016,950
8/31/2025,WH-JKT01,LOT-0398,2411
8/31/2025,WH-JKT01,LOT-0628,960
8/31/2025,WH-JKT01,LOT-0246,307
8/31/2025,WH-JKT01,LOT-1050,978
8/31/2025,WH-JKT01,LOT-1182,547
8/31/2025,WH-JKT01,LOT-0153,484
8/31/2025,WH-JKT01,LOT-0232,1345
8/31/2025,WH-JKT01,LOT-0986,1309
8/31/2025,WH-JKT01,LOT-0992,293
8/31/2025,WH-JKT01,LOT-0338,863
8/31/2025,WH-JKT01,LOT-0097,32
8/31/2025,WH-JKT01,LOT-0408,1337
8/31/2025,WH-JKT01,LOT-1069,1402
8/31/2025,WH-JKT01,LOT-0684,1978
8/31/2025,WH-JKT01,LOT-1192,148
8/31/2025,WH-JKT01,LOT-0484,2147
8/31/2025,WH-JKT01,LOT-0078,845
8/31/2025,WH-JKT01,LOT-0177,1753
8/31/2025,WH-JKT01,LOT-0746,2285
8/31/2025,WH-JKT01,LOT-0431,756
8/31/2025,WH-JKT01,LOT-0630,421
8/31/2025,WH-JKT01,LOT-0181,1172
8/31/2025,WH-JKT01,LOT-0667,1252
8/31/2025,WH-JKT01,LOT-0602,1174
8/31/2025,WH-JKT01,LOT-0930,2139
8/31/2025,WH-JKT01,LOT-0221,2159
8/31/2025,WH-JKT01,LOT-0670,1579
8/31/2025,WH-JKT01,LOT-0415,1590
8/31/2025,WH-JKT01,LOT-0220,2412
8/31/2025,WH-JKT01,LOT-0444,2019
8/31/2025,WH-JKT01,LOT-0356,600
8/31/2025,WH-JKT01,LOT-0440,2056
8/31/2025,WH-JKT01,LOT-0860,919
8/31/2025,WH-JKT01,LOT-0975,1742
8/31/2025,WH-JKT01,LOT-1075,1849
8/31/2025,WH-JKT01,LOT-0200,1816
8/31/2025,WH-JKT01,LOT-0488,1208
8/31/2025,WH-JKT01,LOT-0873,1702
8/31/2025,WH-JKT01,LOT-0917,623
8/31/2025,WH-JKT01,LOT-0650,36
8/31/2025,WH-JKT01,LOT-0094,541
8/31/2025,WH-JKT01,LOT-0545,1510
8/31/2025,WH-JKT01,LOT-0307,2120
8/31/2025,WH-JKT01,LOT-0224,696
8/31/2025,WH-JKT01,LOT-0581,1520
8/31/2025,WH-JKT01,LOT-0179,1189
8/31/2025,WH-JKT01,LOT-0073,866
8/31/2025,WH-JKT01,LOT-0725,295
8/31/2025,WH-JKT01,LOT-0364,2163
8/31/2025,WH-JKT01,LOT-0936,904
8/31/2025,WH-JKT01,LOT-0785,718
8/31/2025,WH-JKT01,LOT-1084,2235
8/31/2025,WH-JKT01,LOT-0250,443
8/31/2025,WH-JKT01,LOT-0969,557
8/31/2025,WH-SBY01,LOT-0129,1049
8/31/2025,WH-SBY01,LOT-0259,2375
8/31/2025,WH-SBY01,LOT-0410,2050
8/31/2025,WH-SBY01,LOT-0294,487
8/31/2025,WH-SBY01,LOT-0015,749
8/31/2025,WH-SBY01,LOT-0625,1840
8/31/2025,WH-SBY01,LOT-0190,2482
8/31/2025,WH-SBY01,LOT-0121,2394
8/31/2025,WH-SBY01,LOT-0773,1807
8/31/2025,WH-SBY01,LOT-0017,21
8/31/2025,WH-SBY01,LOT-0185,775
8/31/2025,WH-SBY01,LOT-1065,2348
8/31/2025,WH-SBY01,LOT-0502,724
8/31/2025,WH-SBY01,LOT-0851,1812
8/31/2025,WH-SBY01,LOT-0538,296
8/31/2025,WH-SBY01,LOT-1003,673
8/31/2025,WH-SBY01,LOT-0328,237
8/31/2025,WH-SBY01,LOT-0418,1366
8/31/2025,WH-SBY01,LOT-1133,1019
8/31/2025,WH-SBY01,LOT-0949,2450
8/31/2025,WH-SBY01,LOT-0707,1929
8/31/2025,WH-SBY01,LOT-0050,2168
8/31/2025,WH-SBY01,LOT-1091,2048
8/31/2025,WH-SBY01,LOT-0339,470
8/31/2025,WH-SBY01,LOT-0966,887
8/31/2025,WH-SBY01,LOT-0828,2018
8/31/2025,WH-SBY01,LOT-1063,1348
8/31/2025,WH-SBY01,LOT-0179,576
8/31/2025,WH-SBY01,LOT-0934,2383
8/31/2025,WH-SBY01,LOT-0363,2296
8/31/2025,WH-SBY01,LOT-0371,2135
8/31/2025,WH-SBY01,LOT-0717,1005
8/31/2025,WH-SBY01,LOT-0984,545
8/31/2025,WH-SBY01,LOT-0951,621
8/31/2025,WH-SBY01,LOT-0658,125
8/31/2025,WH-SBY01,LOT-0534,413
8/31/2025,WH-SBY01,LOT-0744,561
8/31/2025,WH-SBY01,LOT-1152,1502
8/31/2025,WH-SBY01,LOT-0545,1636
8/31/2025,WH-SBY01,LOT-0991,232
8/31/2025,WH-SBY01,LOT-0278,2254
8/31/2025,WH-SBY01,LOT-0777,781
8/31/2025,WH-SBY01,LOT-0317,719
8/31/2025,WH-SBY01,LOT-1170,164
8/31/2025,WH-SBY01,LOT-0067,192
8/31/2025,WH-SBY01,LOT-0667,1096
8/31/2025,WH-SBY01,LOT-0292,2280
8/31/2025,WH-SBY01,LOT-1047,2012
8/31/2025,WH-SBY01,LOT-0929,2494
8/31/2025,WH-SBY01,LOT-0784,1917
8/31/2025,WH-SBY01,LOT-1135,2134
8/31/2025,WH-SBY01,LOT-0494,2072
8/31/2025,WH-SBY01,LOT-0210,2082
8/31/2025,WH-SBY01,LOT-0804,2340
8/31/2025,WH-SBY01,LOT-0109,1805
8/31/2025,WH-SBY01,LOT-1126,1440
8/31/2025,WH-SBY01,LOT-0373,872
8/31/2025,WH-SBY01,LOT-0901,1534
8/31/2025,WH-SBY01,LOT-0248,2116
8/31/2025,WH-SBY01,LOT-0961,1473
8/31/2025,WH-SBY01,LOT-0360,766
8/31/2025,WH-SBY01,LOT-0130,979
8/31/2025,WH-SBY01,LOT-0937,2201
8/31/2025,WH-SBY01,LOT-0441,1625
8/31/2025,WH-SBY01,LOT-0407,259
8/31/2025,WH-SBY01,LOT-0908,175
8/31/2025,WH-SBY01,LOT-0445,837
8/31/2025,WH-SBY01,LOT-1157,81
8/31/2025,WH-SBY01,LOT-1194,1149
8/31/2025,WH-SBY01,LOT-0382,1247
8/31/2025,WH-SBY01,LOT-0060,977
8/31/2025,WH-SBY01,LOT-0668,1598
8/31/2025,WH-SBY01,LOT-0354,345
8/31/2025,WH-SBY01,LOT-0318,2355
8/31/2025,WH-SBY01,LOT-1181,2360
8/31/2025,WH-SBY01,LOT-1161,1323
8/31/2025,WH-SBY01,LOT-0439,458
8/31/2025,WH-SBY01,LOT-0844,1895
8/31/2025,WH-SBY01,LOT-0351,282
8/31/2025,WH-SBY01,LOT-0207,1430
8/31/2025,WH-SBY01,LOT-0875,677
8/31/2025,WH-SBY01,LOT-0670,870
8/31/2025,WH-SBY01,LOT-1199,2346
8/31/2025,WH-SBY01,LOT-0155,393
8/31/2025,WH-SBY01,LOT-0621,103
8/31/2025,WH-SBY01,LOT-0484,621
8/31/2025,WH-SBY01,LOT-1128,2374
8/31/2025,WH-SBY01,LOT-0295,695
8/31/2025,WH-SBY01,LOT-0485,2413
8/31/2025,WH-SBY01,LOT-0342,1436
8/31/2025,WH-SBY01,LOT-0666,108
8/31/2025,WH-SBY01,LOT-0745,388
8/31/2025,WH-SBY01,LOT-0501,1250
8/31/2025,WH-SBY01,LOT-1183,824
8/31/2025,WH-SBY01,LOT-1107,1967
8/31/2025,WH-SBY01,LOT-0417,1145
8/31/2025,WH-SBY01,LOT-0656,2104
8/31/2025,WH-SBY01,LOT-1139,799
8/31/2025,WH-SBY01,LOT-0631,242
8/31/2025,WH-SBY01,LOT-0547,814
8/31/2025,WH-SBY01,LOT-0856,30
8/31/2025,WH-SBY01,LOT-0251,2371
8/31/2025,WH-SBY01,LOT-1002,1712
8/31/2025,WH-SBY01,LOT-1010,1935
8/31/2025,WH-SBY01,LOT-0449,348
8/31/2025,WH-SBY01,LOT-0331,871
8/31/2025,WH-SBY01,LOT-0806,2440
8/31/2025,WH-SBY01,LOT-0594,2057
8/31/2025,WH-SBY01,LOT-0507,390
8/31/2025,WH-SBY01,LOT-0041,481
8/31/2025,WH-SBY01,LOT-0682,604
8/31/2025,WH-SBY01,LOT-0535,1639
8/31/2025,WH-BDG01,LOT-0310,1740
8/31/2025,WH-BDG01,LOT-0311,514
8/31/2025,WH-BDG01,LOT-0237,1492
8/31/2025,WH-BDG01,LOT-0425,673
8/31/2025,WH-BDG01,LOT-0323,1973
8/31/2025,WH-BDG01,LOT-0242,955
8/31/2025,WH-BDG01,LOT-0943,2293
8/31/2025,WH-BDG01,LOT-0840,2036
8/31/2025,WH-BDG01,LOT-0956,1148
8/31/2025,WH-BDG01,LOT-0286,257
8/31/2025,WH-BDG01,LOT-0110,691
8/31/2025,WH-BDG01,LOT-0236,2463
8/31/2025,WH-BDG01,LOT-0183,261
8/31/2025,WH-BDG01,LOT-0238,1824
8/31/2025,WH-BDG01,LOT-0231,359
8/31/2025,WH-BDG01,LOT-0784,1776
8/31/2025,WH-BDG01,LOT-0825,1755
8/31/2025,WH-BDG01,LOT-0215,2429
8/31/2025,WH-BDG01,LOT-0266,101
8/31/2025,WH-BDG01,LOT-0371,1698
8/31/2025,WH-BDG01,LOT-0086,944
8/31/2025,WH-BDG01,LOT-0248,542
8/31/2025,WH-BDG01,LOT-0066,528
8/31/2025,WH-BDG01,LOT-0915,1162
8/31/2025,WH-BDG01,LOT-0279,2185
8/31/2025,WH-BDG01,LOT-0703,448
8/31/2025,WH-BDG01,LOT-1084,1412
8/31/2025,WH-BDG01,LOT-0897,1318
8/31/2025,WH-BDG01,LOT-0510,1079
8/31/2025,WH-BDG01,LOT-0406,659
8/31/2025,WH-BDG01,LOT-0439,41
8/31/2025,WH-BDG01,LOT-0076,918
8/31/2025,WH-BDG01,LOT-0602,1179
8/31/2025,WH-BDG01,LOT-1172,142
8/31/2025,WH-BDG01,LOT-0395,1032
8/31/2025,WH-BDG01,LOT-0884,250
8/31/2025,WH-BDG01,LOT-0779,520
8/31/2025,WH-BDG01,LOT-0691,79
8/31/2025,WH-BDG01,LOT-0427,1497
8/31/2025,WH-BDG01,LOT-1099,1671
8/31/2025,WH-BDG01,LOT-0028,2043
8/31/2025,WH-BDG01,LOT-0367,2321
8/31/2025,WH-BDG01,LOT-0933,1859
8/31/2025,WH-BDG01,LOT-0618,1519
8/31/2025,WH-BDG01,LOT-1067,1743
8/31/2025,WH-BDG01,LOT-0213,1272
8/31/2025,WH-BDG01,LOT-0307,275
8/31/2025,WH-BDG01,LOT-0578,1529
8/31/2025,WH-BDG01,LOT-0361,1823
8/31/2025,WH-BDG01,LOT-0206,2427
8/31/2025,WH-BDG01,LOT-0185,1435
8/31/2025,WH-BDG01,LOT-0583,1533
8/31/2025,WH-BDG01,LOT-0047,1177
8/31/2025,WH-BDG01,LOT-1144,1751
8/31/2025,WH-BDG01,LOT-0809,716
8/31/2025,WH-BDG01,LOT-1075,1018
8/31/2025,WH-BDG01,LOT-0288,1039
8/31/2025,WH-BDG01,LOT-0018,1974
8/31/2025,WH-BDG01,LOT-1181,445
8/31/2025,WH-BDG01,LOT-0669,570
8/31/2025,WH-BDG01,LOT-0276,1038
8/31/2025,WH-BDG01,LOT-0308,1901
8/31/2025,WH-BDG01,LOT-0588,1788
8/31/2025,WH-BDG01,LOT-0770,21
8/31/2025,WH-BDG01,LOT-0264,462
8/31/2025,WH-BDG01,LOT-0036,190
8/31/2025,WH-BDG01,LOT-0397,2283
8/31/2025,WH-BDG01,LOT-0752,253
8/31/2025,WH-BDG01,LOT-0717,495
8/31/2025,WH-BDG01,LOT-0780,2116
8/31/2025,WH-BDG01,LOT-0136,512
8/31/2025,WH-BDG01,LOT-0003,168
8/31/2025,WH-BDG01,LOT-0440,858
8/31/2025,WH-BDG01,LOT-1166,119
8/31/2025,WH-BDG01,LOT-0708,1699
8/31/2025,WH-BDG01,LOT-0263,2278
8/31/2025,WH-BDG01,LOT-1195,951
8/31/2025,WH-BDG01,LOT-1017,421
8/31/2025,WH-BDG01,LOT-0035,1850
8/31/2025,WH-BDG01,LOT-0200,1642
8/31/2025,WH-BDG01,LOT-0469,1141
8/31/2025,WH-BDG01,LOT-0930,378
8/31/2025,WH-BDG01,LOT-0243,2012
8/31/2025,WH-BDG01,LOT-0291,673
8/31/2025,WH-BDG01,LOT-0565,1745
8/31/2025,WH-BDG01,LOT-0391,2124
8/31/2025,WH-BDG01,LOT-0869,184
8/31/2025,WH-BDG01,LOT-0736,2239
8/31/2025,WH-BDG01,LOT-1126,63
8/31/2025,WH-BDG01,LOT-1106,2127
8/31/2025,WH-BDG01,LOT-0751,409
8/31/2025,WH-BDG01,LOT-0794,1510
8/31/2025,WH-BDG01,LOT-0629,1844
8/31/2025,WH-BDG01,LOT-0267,449
8/31/2025,WH-BDG01,LOT-0435,616
8/31/2025,WH-BDG01,LOT-0056,2437
8/31/2025,WH-BDG01,LOT-0532,134
8/31/2025,WH-BDG01,LOT-0154,453
8/31/2025,WH-BDG01,LOT-0320,1413
8/31/2025,WH-BDG01,LOT-0053,259
8/31/2025,WH-BDG01,LOT-0289,1908
8/31/2025,WH-BDG01,LOT-0987,355
8/31/2025,WH-BDG01,LOT-0111,810
8/31/2025,WH-SMG01,LOT-0087,70
8/31/2025,WH-SMG01,LOT-0837,284
8/31/2025,WH-SMG01,LOT-0928,1091
8/31/2025,WH-SMG01,LOT-0209,686
8/31/2025,WH-SMG01,LOT-0505,1774
8/31/2025,WH-SMG01,LOT-0111,581
8/31/2025,WH-SMG01,LOT-0947,117
8/31/2025,WH-SMG01,LOT-0470,887
8/31/2025,WH-SMG01,LOT-0681,1923
8/31/2025,WH-SMG01,LOT-0164,218
8/31/2025,WH-SMG01,LOT-0098,2121
8/31/2025,WH-SMG01,LOT-0590,1897
8/31/2025,WH-SMG01,LOT-0740,2224
8/31/2025,WH-SMG01,LOT-1087,712
8/31/2025,WH-SMG01,LOT-0565,442
8/31/2025,WH-SMG01,LOT-1008,374
8/31/2025,WH-SMG01,LOT-0615,1692
8/31/2025,WH-SMG01,LOT-0409,234
8/31/2025,WH-SMG01,LOT-0821,658
8/31/2025,WH-SMG01,LOT-0359,122
8/31/2025,WH-SMG01,LOT-0234,1072
8/31/2025,WH-SMG01,LOT-0403,399
8/31/2025,WH-SMG01,LOT-0051,2245
8/31/2025,WH-SMG01,LOT-0036,352
8/31/2025,WH-SMG01,LOT-1158,973
8/31/2025,WH-SMG01,LOT-0892,1522
8/31/2025,WH-SMG01,LOT-0373,2351
8/31/2025,WH-SMG01,LOT-0715,2111
8/31/2025,WH-SMG01,LOT-1089,2449
8/31/2025,WH-SMG01,LOT-1082,2076
8/31/2025,WH-SMG01,LOT-0728,2404
8/31/2025,WH-SMG01,LOT-0916,1847
8/31/2025,WH-SMG01,LOT-0873,610
8/31/2025,WH-SMG01,LOT-0880,468
8/31/2025,WH-SMG01,LOT-0520,352
8/31/2025,WH-SMG01,LOT-1017,1830
8/31/2025,WH-SMG01,LOT-0061,101
8/31/2025,WH-SMG01,LOT-0419,2211
8/31/2025,WH-SMG01,LOT-0247,2072
8/31/2025,WH-SMG01,LOT-1150,2417
8/31/2025,WH-SMG01,LOT-0012,1196
8/31/2025,WH-SMG01,LOT-0684,2091
8/31/2025,WH-SMG01,LOT-0408,135
8/31/2025,WH-SMG01,LOT-0411,299
8/31/2025,WH-SMG01,LOT-0825,2248
8/31/2025,WH-SMG01,LOT-0321,1644
8/31/2025,WH-SMG01,LOT-0901,1075
8/31/2025,WH-SMG01,LOT-0521,1255
8/31/2025,WH-SMG01,LOT-0896,2201
8/31/2025,WH-SMG01,LOT-0807,576
8/31/2025,WH-SMG01,LOT-0895,668
8/31/2025,WH-SMG01,LOT-0305,502
8/31/2025,WH-SMG01,LOT-0162,1858
8/31/2025,WH-SMG01,LOT-0724,1468
8/31/2025,WH-SMG01,LOT-1199,2147
8/31/2025,WH-SMG01,LOT-0132,2111
8/31/2025,WH-SMG01,LOT-1075,964
8/31/2025,WH-SMG01,LOT-0493,2349
8/31/2025,WH-SMG01,LOT-0284,1813
8/31/2025,WH-SMG01,LOT-0973,2086
8/31/2025,WH-SMG01,LOT-0039,1541
8/31/2025,WH-SMG01,LOT-0066,1802
8/31/2025,WH-SMG01,LOT-0118,57
8/31/2025,WH-SMG01,LOT-0545,2218
8/31/2025,WH-SMG01,LOT-0826,716
8/31/2025,WH-SMG01,LOT-0850,262
8/31/2025,WH-SMG01,LOT-0872,115
8/31/2025,WH-SMG01,LOT-0206,1072
8/31/2025,WH-SMG01,LOT-0637,2222
8/31/2025,WH-SMG01,LOT-0677,201
8/31/2025,WH-SMG01,LOT-0052,1725
8/31/2025,WH-SMG01,LOT-0139,1952
8/31/2025,WH-SMG01,LOT-0239,1321
8/31/2025,WH-SMG01,LOT-0104,1948
8/31/2025,WH-SMG01,LOT-0995,393
8/31/2025,WH-SMG01,LOT-0958,746
8/31/2025,WH-SMG01,LOT-0255,783
8/31/2025,WH-SMG01,LOT-0517,1567
8/31/2025,WH-SMG01,LOT-0077,2317
8/31/2025,WH-SMG01,LOT-0041,358
8/31/2025,WH-SMG01,LOT-0538,1236
8/31/2025,WH-SMG01,LOT-1200,2449
8/31/2025,WH-SMG01,LOT-0484,1661
8/31/2025,WH-SMG01,LOT-1114,384
8/31/2025,WH-SMG01,LOT-1131,354
8/31/2025,WH-SMG01,LOT-0140,656
8/31/2025,WH-SMG01,LOT-1153,2102
8/31/2025,WH-SMG01,LOT-0553,2056
8/31/2025,WH-SMG01,LOT-1176,2428
8/31/2025,WH-SMG01,LOT-0007,1117
8/31/2025,WH-SMG01,LOT-0646,687
8/31/2025,WH-SMG01,LOT-0511,2467
8/31/2025,WH-SMG01,LOT-0135,1744
8/31/2025,WH-SMG01,LOT-0649,2302
8/31/2025,WH-SMG01,LOT-0353,2077
8/31/2025,WH-SMG01,LOT-0524,626
8/31/2025,WH-SMG01,LOT-1028,1907
8/31/2025,WH-SMG01,LOT-0078,1616
8/31/2025,WH-SMG01,LOT-0610,2379
8/31/2025,WH-SMG01,LOT-1018,1964
8/31/2025,WH-SMG01,LOT-0809,214
8/31/2025,WH-SMG01,LOT-1084,1104
8/31/2025,WH-SMG01,LOT-1010,186
8/31/2025,WH-SMG01,LOT-0459,2421
8/31/2025,WH-SMG01,LOT-0134,1462
8/31/2025,WH-SMG01,LOT-0407,949
8/31/2025,WH-SMG01,LOT-0949,492
8/31/2025,WH-SMG01,LOT-0900,1069
8/31/2025,WH-SMG01,LOT-0783,372
8/31/2025,WH-SMG01,LOT-1140,2389
8/31/2025,WH-SMG01,LOT-0600,1744
8/31/2025,WH-SMG01,LOT-0210,470
8/31/2025,WH-SMG01,LOT-0842,1462
8/31/2025,WH-SMG01,LOT-0204,1759
8/31/2025,WH-SMG01,LOT-0443,190
8/31/2025,WH-SMG01,LOT-0994,2034
8/31/2025,WH-SMG01,LOT-0588,2270
8/31/2025,WH-SMG01,LOT-0101,1026
8/31/2025,WH-SMG01,LOT-0983,735
8/31/2025,WH-SMG01,LOT-1170,2006
8/31/2025,WH-SMG01,LOT-0546,1173
8/31/2025,WH-SMG01,LOT-0509,2275
8/31/2025,WH-SMG01,LOT-0478,2296
8/31/2025,WH-SMG01,LOT-0357,928
8/31/2025,WH-SMG01,LOT-0661,1375
8/31/2025,WH-SMG01,LOT-0375,1555
8/31/2025,WH-SMG01,LOT-0432,1460
8/31/2025,WH-SMG01,LOT-1056,448
8/31/2025,WH-SMG01,LOT-0593,1895
8/31/2025,WH-SMG01,LOT-1194,2389
8/31/2025,WH-SMG01,LOT-1165,1640
8/31/2025,WH-SMG01,LOT-0914,754
8/31/2025,WH-BKS01,LOT-0093,2127
8/31/2025,WH-BKS01,LOT-0864,438
8/31/2025,WH-BKS01,LOT-0580,937
8/31/2025,WH-BKS01,LOT-0771,1347
8/31/2025,WH-BKS01,LOT-0786,766
8/31/2025,WH-BKS01,LOT-1120,1625
8/31/2025,WH-BKS01,LOT-0510,1552
8/31/2025,WH-BKS01,LOT-0543,1095
8/31/2025,WH-BKS01,LOT-0880,2246
8/31/2025,WH-BKS01,LOT-0053,1739
8/31/2025,WH-BKS01,LOT-0545,2215
8/31/2025,WH-BKS01,LOT-0928,1029
8/31/2025,WH-BKS01,LOT-1048,2392
8/31/2025,WH-BKS01,LOT-0640,1631
8/31/2025,WH-BKS01,LOT-0311,2260
8/31/2025,WH-BKS01,LOT-0133,1813
8/31/2025,WH-BKS01,LOT-0910,1286
8/31/2025,WH-BKS01,LOT-0024,2085
8/31/2025,WH-BKS01,LOT-0314,1571
8/31/2025,WH-BKS01,LOT-1149,2333
8/31/2025,WH-BKS01,LOT-0693,1289
8/31/2025,WH-BKS01,LOT-0210,379
8/31/2025,WH-BKS01,LOT-0791,1350
8/31/2025,WH-BKS01,LOT-0292,1403
8/31/2025,WH-BKS01,LOT-0328,2419
8/31/2025,WH-BKS01,LOT-0729,1079
8/31/2025,WH-BKS01,LOT-1188,1294
8/31/2025,WH-BKS01,LOT-0498,211
8/31/2025,WH-BKS01,LOT-0833,463
8/31/2025,WH-BKS01,LOT-0564,518
8/31/2025,WH-BKS01,LOT-1112,562
8/31/2025,WH-BKS01,LOT-0257,2463
8/31/2025,WH-BKS01,LOT-0001,749
8/31/2025,WH-BKS01,LOT-1030,249
8/31/2025,WH-BKS01,LOT-1176,1966
8/31/2025,WH-BKS01,LOT-0455,1489
8/31/2025,WH-BKS01,LOT-1095,1019
8/31/2025,WH-BKS01,LOT-0820,1572
8/31/2025,WH-BKS01,LOT-1091,192
8/31/2025,WH-BKS01,LOT-1028,1448
8/31/2025,WH-BKS01,LOT-0467,474
8/31/2025,WH-BKS01,LOT-0085,298
8/31/2025,WH-BKS01,LOT-0893,1953
8/31/2025,WH-BKS01,LOT-0282,331
8/31/2025,WH-BKS01,LOT-0530,1740
8/31/2025,WH-BKS01,LOT-0810,263
8/31/2025,WH-BKS01,LOT-0983,940
8/31/2025,WH-BKS01,LOT-0310,2451
8/31/2025,WH-BKS01,LOT-1080,2212
8/31/2025,WH-BKS01,LOT-0912,2284
8/31/2025,WH-BKS01,LOT-1180,1627
8/31/2025,WH-BKS01,LOT-0140,858
8/31/2025,WH-BKS01,LOT-0871,1735
8/31/2025,WH-BKS01,LOT-0046,1297
8/31/2025,WH-BKS01,LOT-0130,1028
8/31/2025,WH-BKS01,LOT-0183,1692
8/31/2025,WH-BKS01,LOT-0615,525
8/31/2025,WH-BKS01,LOT-0152,419
8/31/2025,WH-BKS01,LOT-0440,2118
8/31/2025,WH-BKS01,LOT-0232,2382
8/31/2025,WH-BKS01,LOT-0509,1074
8/31/2025,WH-BKS01,LOT-0733,1352
8/31/2025,WH-BKS01,LOT-0335,1535
8/31/2025,WH-BKS01,LOT-0419,2465
8/31/2025,WH-BKS01,LOT-0835,238
8/31/2025,WH-BKS01,LOT-0222,1562
8/31/2025,WH-BKS01,LOT-0477,1998
8/31/2025,WH-BKS01,LOT-0437,41
8/31/2025,WH-BKS01,LOT-0974,211
8/31/2025,WH-BKS01,LOT-0700,111
8/31/2025,WH-BKS01,LOT-0383,2443
8/31/2025,WH-BKS01,LOT-0090,2354
8/31/2025,WH-BKS01,LOT-0522,1243
8/31/2025,WH-BKS01,LOT-0658,566
8/31/2025,WH-BKS01,LOT-1140,1233
8/31/2025,WH-BKS01,LOT-1047,2182
8/31/2025,WH-BKS01,LOT-0194,2387
8/31/2025,WH-BKS01,LOT-0821,1034
8/31/2025,WH-BKS01,LOT-0681,742
8/31/2025,WH-BKS01,LOT-0045,202
8/31/2025,WH-BKS01,LOT-0340,1211
8/31/2025,WH-BKS01,LOT-0738,1551
8/31/2025,WH-BKS01,LOT-0571,1546
8/31/2025,WH-BKS01,LOT-0619,1132
8/31/2025,WH-BKS01,LOT-1015,2290
8/31/2025,WH-BKS01,LOT-0297,1791
8/31/2025,WH-BKS01,LOT-0537,1776
8/31/2025,WH-BKS01,LOT-0256,2047
8/31/2025,WH-BKS01,LOT-0200,1691
8/31/2025,WH-BKS01,LOT-0879,214
8/31/2025,WH-BKS01,LOT-0652,1348
8/31/2025,WH-BKS01,LOT-0065,1795
8/31/2025,WH-BKS01,LOT-0396,1083
8/31/2025,WH-BKS01,LOT-0593,672
8/31/2025,WH-BKS01,LOT-0561,68
8/31/2025,WH-BKS01,LOT-0058,1282
8/31/2025,WH-BKS01,LOT-1162,1299
8/31/2025,WH-BKS01,LOT-0853,1745
8/31/2025,WH-BKS01,LOT-0824,1501
8/31/2025,WH-BKS01,LOT-0963,2017
8/31/2025,WH-BKS01,LOT-0992,1824
8/31/2025,WH-BKS01,LOT-0134,1402
8/31/2025,WH-BKS01,LOT-1057,2211
8/31/2025,WH-BKS01,LOT-0260,129
8/31/2025,WH-BKS01,LOT-1103,2349
8/31/2025,WH-BKS01,LOT-1174,1855
8/31/2025,WH-BKS01,LOT-0086,1273
8/31/2025,WH-BKS01,LOT-1109,1316
8/31/2025,WH-BKS01,LOT-0006,914
8/31/2025,WH-BKS01,LOT-0946,797
8/31/2025,WH-BKS01,LOT-1129,2084
8/31/2025,WH-BKS01,LOT-0298,128
8/31/2025,WH-BKS01,LOT-0199,1751
8/31/2025,WH-BKS01,LOT-0557,545
8/31/2025,WH-BKS01,LOT-0164,1003
8/31/2025,WH-BKS01,LOT-0907,1523
8/31/2025,WH-BKS01,LOT-0555,1067
8/31/2025,WH-BKS01,LOT-0848,1666
8/31/2025,WH-TNG01,LOT-0268,1004
8/31/2025,WH-TNG01,LOT-0378,1212
8/31/2025,WH-TNG01,LOT-0858,691
8/31/2025,WH-TNG01,LOT-0690,2014
8/31/2025,WH-TNG01,LOT-0593,705
8/31/2025,WH-TNG01,LOT-0111,135
8/31/2025,WH-TNG01,LOT-0223,794
8/31/2025,WH-TNG01,LOT-0813,2283
8/31/2025,WH-TNG01,LOT-0685,2217
8/31/2025,WH-TNG01,LOT-0711,1564
8/31/2025,WH-TNG01,LOT-0469,705
8/31/2025,WH-TNG01,LOT-0110,308
8/31/2025,WH-TNG01,LOT-0019,1954
8/31/2025,WH-TNG01,LOT-0872,1458
8/31/2025,WH-TNG01,LOT-0329,61
8/31/2025,WH-TNG01,LOT-0383,2233
8/31/2025,WH-TNG01,LOT-0243,258
8/31/2025,WH-TNG01,LOT-0359,285
8/31/2025,WH-TNG01,LOT-0312,2495
8/31/2025,WH-TNG01,LOT-0603,1595
8/31/2025,WH-TNG01,LOT-0371,1021
8/31/2025,WH-TNG01,LOT-0926,180
8/31/2025,WH-TNG01,LOT-0877,1054
8/31/2025,WH-TNG01,LOT-0980,1357
8/31/2025,WH-TNG01,LOT-0971,806
8/31/2025,WH-TNG01,LOT-0637,145
8/31/2025,WH-TNG01,LOT-0822,1593
8/31/2025,WH-TNG01,LOT-0276,950
8/31/2025,WH-TNG01,LOT-0648,1341
8/31/2025,WH-TNG01,LOT-0138,2243
8/31/2025,WH-TNG01,LOT-0800,2070
8/31/2025,WH-TNG01,LOT-0057,603
8/31/2025,WH-TNG01,LOT-0213,1102
8/31/2025,WH-TNG01,LOT-0162,949
8/31/2025,WH-TNG01,LOT-0363,1365
8/31/2025,WH-TNG01,LOT-0576,950
8/31/2025,WH-TNG01,LOT-0205,1261
8/31/2025,WH-TNG01,LOT-0190,58
8/31/2025,WH-TNG01,LOT-0763,156
8/31/2025,WH-TNG01,LOT-1031,435
8/31/2025,WH-TNG01,LOT-0515,2118
8/31/2025,WH-TNG01,LOT-1093,293
8/31/2025,WH-TNG01,LOT-1059,1633
8/31/2025,WH-TNG01,LOT-0796,1814
8/31/2025,WH-TNG01,LOT-0123,1952
8/31/2025,WH-TNG01,LOT-0013,2079
8/31/2025,WH-TNG01,LOT-1100,1183
8/31/2025,WH-TNG01,LOT-0031,2116
8/31/2025,WH-TNG01,LOT-0222,284
8/31/2025,WH-TNG01,LOT-0972,1750
8/31/2025,WH-TNG01,LOT-1058,1424
8/31/2025,WH-TNG01,LOT-0812,715
8/31/2025,WH-TNG01,LOT-0986,1152
8/31/2025,WH-TNG01,LOT-1013,1050
8/31/2025,WH-TNG01,LOT-1145,1051
8/31/2025,WH-TNG01,LOT-0262,1482
8/31/2025,WH-TNG01,LOT-0402,1081
8/31/2025,WH-TNG01,LOT-0163,1082
8/31/2025,WH-TNG01,LOT-0355,1761
8/31/2025,WH-TNG01,LOT-1184,229
8/31/2025,WH-TNG01,LOT-0734,2187
8/31/2025,WH-TNG01,LOT-0910,871
8/31/2025,WH-TNG01,LOT-0028,2201
8/31/2025,WH-TNG01,LOT-0560,1491
8/31/2025,WH-TNG01,LOT-0914,280
8/31/2025,WH-TNG01,LOT-0277,1956
8/31/2025,WH-TNG01,LOT-0837,2478
8/31/2025,WH-TNG01,LOT-0539,900
8/31/2025,WH-TNG01,LOT-0337,1854
8/31/2025,WH-TNG01,LOT-0871,2272
8/31/2025,WH-TNG01,LOT-0156,448
8/31/2025,WH-TNG01,LOT-0302,73
8/31/2025,WH-TNG01,LOT-0228,1322
8/31/2025,WH-TNG01,LOT-0338,996
8/31/2025,WH-TNG01,LOT-0418,2450
8/31/2025,WH-TNG01,LOT-1083,515
8/31/2025,WH-TNG01,LOT-0981,612
8/31/2025,WH-TNG01,LOT-0701,2208
8/31/2025,WH-TNG01,LOT-0467,1879
8/31/2025,WH-TNG01,LOT-0881,2067
8/31/2025,WH-TNG01,LOT-0709,2109
8/31/2025,WH-TNG01,LOT-0791,1056
8/31/2025,WH-TNG01,LOT-1091,2217
8/31/2025,WH-TNG01,LOT-0099,1591
8/31/2025,WH-TNG01,LOT-0945,2336
8/31/2025,WH-TNG01,LOT-1135,2382
8/31/2025,WH-TNG01,LOT-0718,1753
8/31/2025,WH-TNG01,LOT-0346,2411
8/31/2025,WH-TNG01,LOT-0755,2171
8/31/2025,WH-TNG01,LOT-0543,2117
8/31/2025,WH-TNG01,LOT-1053,644
8/31/2025,WH-TNG01,LOT-0635,2462
8/31/2025,WH-TNG01,LOT-0253,259
8/31/2025,WH-TNG01,LOT-1142,1263
8/31/2025,WH-TNG01,LOT-0477,1298
8/31/2025,WH-TNG01,LOT-1032,1981
8/31/2025,WH-TNG01,LOT-0665,2380
8/31/2025,WH-TNG01,LOT-0519,554
8/31/2025,WH-TNG01,LOT-0742,1973
8/31/2025,WH-TNG01,LOT-0550,438
8/31/2025,WH-TNG01,LOT-0097,1133
8/31/2025,WH-TNG01,LOT-0065,1850
8/31/2025,WH-TNG01,LOT-0880,573
8/31/2025,WH-TNG01,LOT-0522,1049
8/31/2025,WH-TNG01,LOT-0626,1553
8/31/2025,WH-TNG01,LOT-0753,962
8/31/2025,WH-TNG01,LOT-0585,159
8/31/2025,WH-TNG01,LOT-0957,376
8/31/2025,WH-TNG01,LOT-0694,2460
8/31/2025,WH-TNG01,LOT-0299,2223
8/31/2025,WH-TNG01,LOT-0404,1571
8/31/2025,WH-TNG01,LOT-0158,1044
8/31/2025,WH-TNG01,LOT-0229,726
8/31/2025,WH-TNG01,LOT-0287,1106
8/31/2025,WH-TNG01,LOT-0397,551
8/31/2025,WH-TNG01,LOT-0316,844
8/31/2025,WH-TNG01,LOT-0917,2290
8/31/2025,WH-TNG01,LOT-1101,937
8/31/2025,WH-TNG01,LOT-1007,2436
8/31/2025,WH-TNG01,LOT-0174,1851
8/31/2025,WH-TNG01,LOT-0924,676
8/31/2025,WH-TNG01,LOT-0898,2145
8/31/2025,WH-TNG01,LOT-0816,974
8/31/2025,WH-TNG01,LOT-0423,985
8/31/2025,WH-BPR01,LOT-0212,2327
8/31/2025,WH-BPR01,LOT-0310,494
8/31/2025,WH-BPR01,LOT-0231,1945
8/31/2025,WH-BPR01,LOT-1126,2177
8/31/2025,WH-BPR01,LOT-1024,1997
8/31/2025,WH-BPR01,LOT-0062,307
8/31/2025,WH-BPR01,LOT-0803,1501
8/31/2025,WH-BPR01,LOT-0322,135
8/31/2025,WH-BPR01,LOT-1161,1529
8/31/2025,WH-BPR01,LOT-0431,2432
8/31/2025,WH-BPR01,LOT-0354,1766
8/31/2025,WH-BPR01,LOT-1059,749
8/31/2025,WH-BPR01,LOT-1055,1496
8/31/2025,WH-BPR01,LOT-0102,1867
8/31/2025,WH-BPR01,LOT-1184,327
8/31/2025,WH-BPR01,LOT-1141,2342
8/31/2025,WH-BPR01,LOT-0435,1871
8/31/2025,WH-BPR01,LOT-0344,1554
8/31/2025,WH-BPR01,LOT-0299,105
8/31/2025,WH-BPR01,LOT-0249,2445
8/31/2025,WH-BPR01,LOT-0092,979
8/31/2025,WH-BPR01,LOT-0240,528
8/31/2025,WH-BPR01,LOT-0031,101
8/31/2025,WH-BPR01,LOT-0380,366
8/31/2025,WH-BPR01,LOT-0472,553
8/31/2025,WH-BPR01,LOT-0360,1777
8/31/2025,WH-BPR01,LOT-0005,1478
8/31/2025,WH-BPR01,LOT-0034,1871
8/31/2025,WH-BPR01,LOT-0130,2148
8/31/2025,WH-BPR01,LOT-1070,2374
8/31/2025,WH-BPR01,LOT-0791,2299
8/31/2025,WH-BPR01,LOT-0945,775
8/31/2025,WH-BPR01,LOT-0889,1567
8/31/2025,WH-BPR01,LOT-0778,70
8/31/2025,WH-BPR01,LOT-0235,1249
8/31/2025,WH-BPR01,LOT-0093,332
8/31/2025,WH-BPR01,LOT-1041,2276
8/31/2025,WH-BPR01,LOT-1144,33
8/31/2025,WH-BPR01,LOT-0985,2351
8/31/2025,WH-BPR01,LOT-0792,1519
8/31/2025,WH-BPR01,LOT-0250,580
8/31/2025,WH-BPR01,LOT-0023,308
8/31/2025,WH-BPR01,LOT-1122,1898
8/31/2025,WH-BPR01,LOT-0172,1489
8/31/2025,WH-BPR01,LOT-0606,1384
8/31/2025,WH-BPR01,LOT-0388,2100
8/31/2025,WH-BPR01,LOT-0764,1297
8/31/2025,WH-BPR01,LOT-0786,492
8/31/2025,WH-BPR01,LOT-0191,1896
8/31/2025,WH-BPR01,LOT-0592,2003
8/31/2025,WH-BPR01,LOT-0127,1881
8/31/2025,WH-BPR01,LOT-0482,1201
8/31/2025,WH-BPR01,LOT-1133,379
8/31/2025,WH-BPR01,LOT-0593,575
8/31/2025,WH-BPR01,LOT-0654,2009
8/31/2025,WH-BPR01,LOT-0500,1225
8/31/2025,WH-BPR01,LOT-0175,1587
8/31/2025,WH-BPR01,LOT-1046,2476
8/31/2025,WH-BPR01,LOT-0098,767
8/31/2025,WH-BPR01,LOT-0989,315
8/31/2025,WH-BPR01,LOT-0566,405
8/31/2025,WH-BPR01,LOT-0863,2229
8/31/2025,WH-BPR01,LOT-1128,2268
8/31/2025,WH-BPR01,LOT-0284,602
8/31/2025,WH-BPR01,LOT-0400,1158
8/31/2025,WH-BPR01,LOT-0645,386
8/31/2025,WH-BPR01,LOT-0634,2435
8/31/2025,WH-BPR01,LOT-0837,1659
8/31/2025,WH-BPR01,LOT-0648,574
8/31/2025,WH-BPR01,LOT-0201,1794
8/31/2025,WH-BPR01,LOT-0072,1100
8/31/2025,WH-BPR01,LOT-0008,735
8/31/2025,WH-BPR01,LOT-0407,676
8/31/2025,WH-BPR01,LOT-0035,587
8/31/2025,WH-BPR01,LOT-0937,2480
8/31/2025,WH-BPR01,LOT-0828,1965
8/31/2025,WH-BPR01,LOT-0374,1379
8/31/2025,WH-BPR01,LOT-0758,2108
8/31/2025,WH-BPR01,LOT-0572,2416
8/31/2025,WH-BPR01,LOT-0675,314
8/31/2025,WH-BPR01,LOT-0777,1850
8/31/2025,WH-BPR01,LOT-0897,228
8/31/2025,WH-BPR01,LOT-0153,1092
8/31/2025,WH-BPR01,LOT-0679,1510
8/31/2025,WH-BPR01,LOT-0041,1101
8/31/2025,WH-BPR01,LOT-0095,550
8/31/2025,WH-BPR01,LOT-0893,441
8/31/2025,WH-BPR01,LOT-0887,2277
8/31/2025,WH-BPR01,LOT-0799,1429
8/31/2025,WH-BPR01,LOT-0865,1212
8/31/2025,WH-BPR01,LOT-0551,1537
8/31/2025,WH-BPR01,LOT-0189,2001
8/31/2025,WH-BPR01,LOT-0152,195
8/31/2025,WH-BPR01,LOT-0027,1316
8/31/2025,WH-BPR01,LOT-0805,1792
8/31/2025,WH-BPR01,LOT-0760,2081
8/31/2025,WH-BPR01,LOT-0613,527
8/31/2025,WH-BPR01,LOT-0178,21
8/31/2025,WH-BPR01,LOT-0185,2377
8/31/2025,WH-BPR01,LOT-0461,589
8/31/2025,WH-BPR01,LOT-0578,527
8/31/2025,WH-BPR01,LOT-0004,1513
8/31/2025,WH-BPR01,LOT-0916,2045
8/31/2025,WH-BPR01,LOT-1110,10
8/31/2025,WH-BPR01,LOT-0664,2363
8/31/2025,WH-BPR01,LOT-0206,83
8/31/2025,WH-BPR01,LOT-0817,213
8/31/2025,WH-BPR01,LOT-0962,269
8/31/2025,WH-BPR01,LOT-0086,1645
8/31/2025,WH-BPR01,LOT-1071,909
8/31/2025,WH-BPR01,LOT-0753,1411
8/31/2025,WH-BPR01,LOT-1151,1689
8/31/2025,WH-BPR01,LOT-0399,1136
8/31/2025,WH-BPR01,LOT-0881,226
8/31/2025,WH-BPR01,LOT-0860,1891
8/31/2025,WH-BPR01,LOT-1123,713
8/31/2025,WH-BPR01,LOT-0415,875
8/31/2025,WH-BPR01,LOT-0603,567
8/31/2025,WH-BPR01,LOT-1135,1150
8/31/2025,WH-BPR01,LOT-0289,1935
8/31/2025,WH-BPR01,LOT-0774,737
8/31/2025,WH-BPR01,LOT-1095,2070
8/31/2025,WH-BPR01,LOT-1163,677
8/31/2025,WH-BPR01,LOT-1157,2303
8/31/2025,WH-BPR01,LOT-0830,1353
8/31/2025,WH-BPR01,LOT-0327,1156
8/31/2025,WH-BPR01,LOT-0796,30
8/31/2025,WH-BPR01,LOT-0941,249
8/31/2025,WH-BPR01,LOT-0032,374
8/31/2025,WH-BPR01,LOT-1082,1998
8/31/2025,WH-BPR01,LOT-0480,2140
8/31/2025,WH-BPR01,LOT-1106,2126
8/31/2025,WH-BPR01,LOT-0888,758
8/31/2025,WH-BPR01,LOT-1143,669
8/31/2025,WH-BPR01,LOT-1138,1082
8/31/2025,WH-BPR01,LOT-1066,1863
8/31/2025,WH-MLG01,LOT-0185,1312
8/31/2025,WH-MLG01,LOT-0280,943
8/31/2025,WH-MLG01,LOT-0860,1577
8/31/2025,WH-MLG01,LOT-0149,1230
8/31/2025,WH-MLG01,LOT-0798,1672
8/31/2025,WH-MLG01,LOT-1111,574
8/31/2025,WH-MLG01,LOT-0765,2222
8/31/2025,WH-MLG01,LOT-0013,204
8/31/2025,WH-MLG01,LOT-0987,1365
8/31/2025,WH-MLG01,LOT-0135,1378
8/31/2025,WH-MLG01,LOT-0121,227
8/31/2025,WH-MLG01,LOT-0720,1834
8/31/2025,WH-MLG01,LOT-1152,1829
8/31/2025,WH-MLG01,LOT-0188,1143
8/31/2025,WH-MLG01,LOT-0238,215
8/31/2025,WH-MLG01,LOT-1177,1621
8/31/2025,WH-MLG01,LOT-0762,1484
8/31/2025,WH-MLG01,LOT-0003,1849
8/31/2025,WH-MLG01,LOT-0365,1384
8/31/2025,WH-MLG01,LOT-0950,1453
8/31/2025,WH-MLG01,LOT-0224,337
8/31/2025,WH-MLG01,LOT-0177,1501
8/31/2025,WH-MLG01,LOT-0646,1636
8/31/2025,WH-MLG01,LOT-0381,663
8/31/2025,WH-MLG01,LOT-0876,853
8/31/2025,WH-MLG01,LOT-0166,2322
8/31/2025,WH-MLG01,LOT-0090,758
8/31/2025,WH-MLG01,LOT-0743,49
8/31/2025,WH-MLG01,LOT-0466,2443
8/31/2025,WH-MLG01,LOT-0903,149
8/31/2025,WH-MLG01,LOT-0110,2225
8/31/2025,WH-MLG01,LOT-1167,1375
8/31/2025,WH-MLG01,LOT-0279,1339
8/31/2025,WH-MLG01,LOT-0409,448
8/31/2025,WH-MLG01,LOT-0068,184
8/31/2025,WH-MLG01,LOT-0947,2030
8/31/2025,WH-MLG01,LOT-0146,1277
8/31/2025,WH-MLG01,LOT-0882,122
8/31/2025,WH-MLG01,LOT-0643,2467
8/31/2025,WH-MLG01,LOT-0031,426
8/31/2025,WH-MLG01,LOT-0010,966
8/31/2025,WH-MLG01,LOT-0991,418
8/31/2025,WH-MLG01,LOT-0526,351
8/31/2025,WH-MLG01,LOT-0178,420
8/31/2025,WH-MLG01,LOT-1033,1905
8/31/2025,WH-MLG01,LOT-1176,2088
8/31/2025,WH-MLG01,LOT-0640,1598
8/31/2025,WH-MLG01,LOT-1151,398
8/31/2025,WH-MLG01,LOT-0671,2471
8/31/2025,WH-MLG01,LOT-0601,88
8/31/2025,WH-MLG01,LOT-0465,592
8/31/2025,WH-MLG01,LOT-0289,1355
8/31/2025,WH-MLG01,LOT-1163,1218
8/31/2025,WH-MLG01,LOT-1069,1833
8/31/2025,WH-MLG01,LOT-0960,1603
8/31/2025,WH-MLG01,LOT-0847,231
8/31/2025,WH-MLG01,LOT-1138,735
8/31/2025,WH-MLG01,LOT-1174,698
8/31/2025,WH-MLG01,LOT-0437,107
8/31/2025,WH-MLG01,LOT-0845,1673
8/31/2025,WH-MLG01,LOT-0706,1529
8/31/2025,WH-MLG01,LOT-0270,967
8/31/2025,WH-MLG01,LOT-0527,1300
8/31/2025,WH-MLG01,LOT-0572,1107
8/31/2025,WH-MLG01,LOT-0968,350
8/31/2025,WH-MLG01,LOT-0237,735
8/31/2025,WH-MLG01,LOT-0181,12
8/31/2025,WH-MLG01,LOT-1055,348
8/31/2025,WH-MLG01,LOT-0290,563
8/31/2025,WH-MLG01,LOT-0972,756
8/31/2025,WH-MLG01,LOT-0415,1802
8/31/2025,WH-MLG01,LOT-0637,1295
8/31/2025,WH-MLG01,LOT-1103,2327
8/31/2025,WH-MLG01,LOT-0170,1473
8/31/2025,WH-MLG01,LOT-0145,253
8/31/2025,WH-MLG01,LOT-0073,53
8/31/2025,WH-MLG01,LOT-0529,656
8/31/2025,WH-MLG01,LOT-0681,1720
8/31/2025,WH-MLG01,LOT-0093,217
8/31/2025,WH-MLG01,LOT-0315,333
8/31/2025,WH-MLG01,LOT-0721,1318
8/31/2025,WH-MLG01,LOT-1150,464
8/31/2025,WH-MLG01,LOT-0826,1391
8/31/2025,WH-MLG01,LOT-0455,888
8/31/2025,WH-MLG01,LOT-0376,759
8/31/2025,WH-MLG01,LOT-0141,1431
8/31/2025,WH-MLG01,LOT-0608,2419
8/31/2025,WH-MLG01,LOT-0738,1073
8/31/2025,WH-MLG01,LOT-0897,1812
8/31/2025,WH-MLG01,LOT-0525,1401
8/31/2025,WH-MLG01,LOT-1074,141
8/31/2025,WH-MLG01,LOT-0496,1804
8/31/2025,WH-MLG01,LOT-0691,1167
8/31/2025,WH-MLG01,LOT-0311,189
8/31/2025,WH-MLG01,LOT-0862,2026
8/31/2025,WH-MLG01,LOT-1086,419
8/31/2025,WH-MLG01,LOT-0124,1824
8/31/2025,WH-MLG01,LOT-0831,793
8/31/2025,WH-MLG01,LOT-0560,538
8/31/2025,WH-MLG01,LOT-1118,1909
8/31/2025,WH-MLG01,LOT-0892,2446
8/31/2025,WH-MLG01,LOT-0080,2265
8/31/2025,WH-MLG01,LOT-0880,212
8/31/2025,WH-MLG01,LOT-0918,1459
8/31/2025,WH-MLG01,LOT-0397,2426
8/31/2025,WH-MLG01,LOT-1123,1509
8/31/2025,WH-MLG01,LOT-0449,124
8/31/2025,WH-MLG01,LOT-0515,954
8/31/2025,WH-MLG01,LOT-0614,279
8/31/2025,WH-MLG01,LOT-1110,207
8/31/2025,WH-MLG01,LOT-1031,49
8/31/2025,WH-MLG01,LOT-0400,1618
8/31/2025,WH-MLG01,LOT-1121,1189
8/31/2025,WH-MLG01,LOT-0622,895
8/31/2025,WH-MLG01,LOT-0363,1255
8/31/2025,WH-SLO01,LOT-0025,1525
8/31/2025,WH-SLO01,LOT-0417,1458
8/31/2025,WH-SLO01,LOT-1186,2142
8/31/2025,WH-SLO01,LOT-0243,774
8/31/2025,WH-SLO01,LOT-0007,328
8/31/2025,WH-SLO01,LOT-0569,1057
8/31/2025,WH-SLO01,LOT-0714,1902
8/31/2025,WH-SLO01,LOT-0259,1907
8/31/2025,WH-SLO01,LOT-0065,111
8/31/2025,WH-SLO01,LOT-0440,2450
8/31/2025,WH-SLO01,LOT-0878,526
8/31/2025,WH-SLO01,LOT-0094,14
8/31/2025,WH-SLO01,LOT-1038,1832
8/31/2025,WH-SLO01,LOT-0583,479
8/31/2025,WH-SLO01,LOT-0132,382
8/31/2025,WH-SLO01,LOT-0148,1420
8/31/2025,WH-SLO01,LOT-1112,673
8/31/2025,WH-SLO01,LOT-0615,934
8/31/2025,WH-SLO01,LOT-0193,2265
8/31/2025,WH-SLO01,LOT-0454,35
8/31/2025,WH-SLO01,LOT-0690,751
8/31/2025,WH-SLO01,LOT-0357,784
8/31/2025,WH-SLO01,LOT-1118,1777
8/31/2025,WH-SLO01,LOT-0736,699
8/31/2025,WH-SLO01,LOT-0709,415
8/31/2025,WH-SLO01,LOT-0499,2500
8/31/2025,WH-SLO01,LOT-0766,710
8/31/2025,WH-SLO01,LOT-1162,286
8/31/2025,WH-SLO01,LOT-0698,1454
8/31/2025,WH-SLO01,LOT-0301,2158
8/31/2025,WH-SLO01,LOT-0741,519
8/31/2025,WH-SLO01,LOT-0795,2149
8/31/2025,WH-SLO01,LOT-0145,2356
8/31/2025,WH-SLO01,LOT-0069,2012
8/31/2025,WH-SLO01,LOT-0122,27
8/31/2025,WH-SLO01,LOT-0835,1509
8/31/2025,WH-SLO01,LOT-0998,2326
8/31/2025,WH-SLO01,LOT-1167,396
8/31/2025,WH-SLO01,LOT-1183,1786
8/31/2025,WH-SLO01,LOT-0027,445
8/31/2025,WH-SLO01,LOT-0040,469
8/31/2025,WH-SLO01,LOT-0815,2070
8/31/2025,WH-SLO01,LOT-1170,1798
8/31/2025,WH-SLO01,LOT-1122,876
8/31/2025,WH-SLO01,LOT-0121,2203
8/31/2025,WH-SLO01,LOT-0151,1531
8/31/2025,WH-SLO01,LOT-1120,1371
8/31/2025,WH-SLO01,LOT-0793,2263
8/31/2025,WH-SLO01,LOT-0900,2265
8/31/2025,WH-SLO01,LOT-0978,344
8/31/2025,WH-SLO01,LOT-0539,2420
8/31/2025,WH-SLO01,LOT-0091,1291
8/31/2025,WH-SLO01,LOT-0495,2340
8/31/2025,WH-SLO01,LOT-0981,1909
8/31/2025,WH-SLO01,LOT-1026,1936
8/31/2025,WH-SLO01,LOT-0547,695
8/31/2025,WH-SLO01,LOT-0257,395
8/31/2025,WH-SLO01,LOT-0447,1573
8/31/2025,WH-SLO01,LOT-0397,2287
8/31/2025,WH-SLO01,LOT-1168,2126
8/31/2025,WH-SLO01,LOT-0592,192
8/31/2025,WH-SLO01,LOT-0629,216
8/31/2025,WH-SLO01,LOT-1190,1401
8/31/2025,WH-SLO01,LOT-0768,978
8/31/2025,WH-SLO01,LOT-0461,1970
8/31/2025,WH-SLO01,LOT-0043,2201
8/31/2025,WH-SLO01,LOT-0006,2483
8/31/2025,WH-SLO01,LOT-0805,894
8/31/2025,WH-SLO01,LOT-1006,285
8/31/2025,WH-SLO01,LOT-0939,2252
8/31/2025,WH-SLO01,LOT-0773,1547
8/31/2025,WH-SLO01,LOT-0322,643
8/31/2025,WH-SLO01,LOT-0685,2092
8/31/2025,WH-SLO01,LOT-0672,2393
8/31/2025,WH-SLO01,LOT-0017,1974
8/31/2025,WH-SLO01,LOT-0330,716
8/31/2025,WH-SLO01,LOT-0713,2095
8/31/2025,WH-SLO01,LOT-0023,1140
8/31/2025,WH-SLO01,LOT-0150,1368
8/31/2025,WH-SLO01,LOT-1011,1283
8/31/2025,WH-SLO01,LOT-0436,228
8/31/2025,WH-SLO01,LOT-0778,403
8/31/2025,WH-SLO01,LOT-0642,2114
8/31/2025,WH-SLO01,LOT-0523,575
8/31/2025,WH-SLO01,LOT-0267,698
8/31/2025,WH-SLO01,LOT-0802,1962
8/31/2025,WH-SLO01,LOT-0377,675
8/31/2025,WH-SLO01,LOT-0586,14
8/31/2025,WH-SLO01,LOT-0217,231
8/31/2025,WH-SLO01,LOT-0941,737
8/31/2025,WH-SLO01,LOT-1101,2267
8/31/2025,WH-SLO01,LOT-0522,885
8/31/2025,WH-SLO01,LOT-1193,1216
8/31/2025,WH-SLO01,LOT-0126,2208
8/31/2025,WH-SLO01,LOT-0383,532
8/31/2025,WH-SLO01,LOT-1173,946
8/31/2025,WH-SLO01,LOT-0307,564
8/31/2025,WH-SLO01,LOT-0449,646
8/31/2025,WH-SLO01,LOT-0631,252
8/31/2025,WH-SLO01,LOT-0678,1042
8/31/2025,WH-SLO01,LOT-0196,373
8/31/2025,WH-SLO01,LOT-0143,1146
8/31/2025,WH-SLO01,LOT-0032,1151
8/31/2025,WH-SLO01,LOT-0066,2005
8/31/2025,WH-SLO01,LOT-1171,1151
8/31/2025,WH-SLO01,LOT-0082,875
8/31/2025,WH-SLO01,LOT-0864,549
8/31/2025,WH-SLO01,LOT-0096,2159
8/31/2025,WH-SLO01,LOT-0730,459
8/31/2025,WH-SLO01,LOT-0501,280
8/31/2025,WH-SLO01,LOT-0012,1736
8/31/2025,WH-SLO01,LOT-1108,1484
8/31/2025,WH-SLO01,LOT-1139,2374
8/31/2025,WH-SLO01,LOT-0848,2477
8/31/2025,WH-SLO01,LOT-1046,813
8/31/2025,WH-SLO01,LOT-0519,51
8/31/2025,WH-SLO01,LOT-0498,528
8/31/2025,WH-SLO01,LOT-0029,63
8/31/2025,WH-SLO01,LOT-0311,532
8/31/2025,WH-SLO01,LOT-0239,157
8/31/2025,WH-SLO01,LOT-0182,861
8/31/2025,WH-SLO01,LOT-0787,217
8/31/2025,WH-SLO01,LOT-0910,1144
8/31/2025,WH-SLO01,LOT-0451,621
8/31/2025,WH-SLO01,LOT-0279,907
8/31/2025,WH-SLO01,LOT-0014,547
8/31/2025,WH-SLO01,LOT-0577,544
8/31/2025,WH-SLO01,LOT-0686,1807
8/31/2025,WH-SLO01,LOT-0935,2049
8/31/2025,WH-SLO01,LOT-1153,1481
8/31/2025,WH-SLO01,LOT-1140,530
8/31/2025,WH-SLO01,LOT-1113,432
8/31/2025,WH-SLO01,LOT-0924,1008
8/31/2025,WH-SLO01,LOT-0663,1537
8/31/2025,WH-SLO01,LOT-1159,804
8/31/2025,WH-SLO01,LOT-0382,179
8/31/2025,WH-SLO01,LOT-0180,545
8/31/2025,WH-SLO01,LOT-0351,2071
8/31/2025,WH-SLO01,LOT-0868,393
8/31/2025,WH-SLO01,LOT-0639,1721
8/31/2025,WH-SLO01,LOT-0344,1384
8/31/2025,WH-SLO01,LOT-0810,202
8/31/2025,WH-SLO01,LOT-0473,1677
8/31/2025,WH-SLO01,LOT-0493,1048
8/31/2025,WH-SLO01,LOT-0859,1631
8/31/2025,WH-SLO01,LOT-0367,817
8/31/2025,WH-SLO01,LOT-0018,21
8/31/2025,WH-SLO01,LOT-0290,245
8/31/2025,WH-SLO01,LOT-0938,1420
8/31/2025,WH-YOG01,LOT-0473,2318
8/31/2025,WH-YOG01,LOT-0902,1110
8/31/2025,WH-YOG01,LOT-0936,2055
8/31/2025,WH-YOG01,LOT-0942,1365
8/31/2025,WH-YOG01,LOT-0729,1867
8/31/2025,WH-YOG01,LOT-0815,1654
8/31/2025,WH-YOG01,LOT-1198,2413
8/31/2025,WH-YOG01,LOT-0197,1108
8/31/2025,WH-YOG01,LOT-1101,1384
8/31/2025,WH-YOG01,LOT-0460,826
8/31/2025,WH-YOG01,LOT-0271,1486
8/31/2025,WH-YOG01,LOT-0146,992
8/31/2025,WH-YOG01,LOT-0047,1798
8/31/2025,WH-YOG01,LOT-0332,1528
8/31/2025,WH-YOG01,LOT-0184,2321
8/31/2025,WH-YOG01,LOT-0852,1944
8/31/2025,WH-YOG01,LOT-0152,1119
8/31/2025,WH-YOG01,LOT-0962,1619
8/31/2025,WH-YOG01,LOT-0612,1593
8/31/2025,WH-YOG01,LOT-0775,2445
8/31/2025,WH-YOG01,LOT-0084,2069
8/31/2025,WH-YOG01,LOT-0326,1575
8/31/2025,WH-YOG01,LOT-1193,270
8/31/2025,WH-YOG01,LOT-1088,1774
8/31/2025,WH-YOG01,LOT-0447,864
8/31/2025,WH-YOG01,LOT-0245,1158
8/31/2025,WH-YOG01,LOT-0060,528
8/31/2025,WH-YOG01,LOT-0540,333
8/31/2025,WH-YOG01,LOT-0508,735
8/31/2025,WH-YOG01,LOT-1109,1415
8/31/2025,WH-YOG01,LOT-0566,1179
8/31/2025,WH-YOG01,LOT-0137,1525
8/31/2025,WH-YOG01,LOT-0793,100
8/31/2025,WH-YOG01,LOT-0803,2203
8/31/2025,WH-YOG01,LOT-0333,42
8/31/2025,WH-YOG01,LOT-0309,2355
8/31/2025,WH-YOG01,LOT-1163,1370
8/31/2025,WH-YOG01,LOT-0167,1264
8/31/2025,WH-YOG01,LOT-0416,2090
8/31/2025,WH-YOG01,LOT-0243,368
8/31/2025,WH-YOG01,LOT-0860,1409
8/31/2025,WH-YOG01,LOT-0998,769
8/31/2025,WH-YOG01,LOT-0029,1644
8/31/2025,WH-YOG01,LOT-1027,2450
8/31/2025,WH-YOG01,LOT-0115,594
8/31/2025,WH-YOG01,LOT-0752,1333
8/31/2025,WH-YOG01,LOT-0832,1530
8/31/2025,WH-YOG01,LOT-1142,2368
8/31/2025,WH-YOG01,LOT-0755,1571
8/31/2025,WH-YOG01,LOT-0856,1636
8/31/2025,WH-YOG01,LOT-0806,1247
8/31/2025,WH-YOG01,LOT-0944,1839
8/31/2025,WH-YOG01,LOT-0785,754
8/31/2025,WH-YOG01,LOT-0479,472
8/31/2025,WH-YOG01,LOT-0807,991
8/31/2025,WH-YOG01,LOT-0314,65
8/31/2025,WH-YOG01,LOT-0173,1866
8/31/2025,WH-YOG01,LOT-1169,1141
8/31/2025,WH-YOG01,LOT-1049,569
8/31/2025,WH-YOG01,LOT-0742,991
8/31/2025,WH-YOG01,LOT-0741,1517
8/31/2025,WH-YOG01,LOT-0124,2420
8/31/2025,WH-YOG01,LOT-0621,496
8/31/2025,WH-YOG01,LOT-1191,1098
8/31/2025,WH-YOG01,LOT-0588,753
8/31/2025,WH-YOG01,LOT-0522,1586
8/31/2025,WH-YOG01,LOT-0616,511
8/31/2025,WH-YOG01,LOT-0075,1181
8/31/2025,WH-YOG01,LOT-0904,225
8/31/2025,WH-YOG01,LOT-0884,1094
8/31/2025,WH-YOG01,LOT-0802,2240
8/31/2025,WH-YOG01,LOT-0403,2400
8/31/2025,WH-YOG01,LOT-0628,810
8/31/2025,WH-YOG01,LOT-0387,1025
8/31/2025,WH-YOG01,LOT-0461,654
8/31/2025,WH-YOG01,LOT-0854,1711
8/31/2025,WH-YOG01,LOT-0705,486
8/31/2025,WH-YOG01,LOT-0018,1242
8/31/2025,WH-YOG01,LOT-0620,1307
8/31/2025,WH-YOG01,LOT-0772,1275
8/31/2025,WH-YOG01,LOT-0343,884
8/31/2025,WH-YOG01,LOT-0930,238
8/31/2025,WH-YOG01,LOT-0389,1864
8/31/2025,WH-YOG01,LOT-0266,2330
8/31/2025,WH-YOG01,LOT-0346,1700
8/31/2025,WH-YOG01,LOT-0790,911
8/31/2025,WH-YOG01,LOT-0276,1885
8/31/2025,WH-YOG01,LOT-0889,935
8/31/2025,WH-YOG01,LOT-0241,437
8/31/2025,WH-YOG01,LOT-0182,84
8/31/2025,WH-YOG01,LOT-0606,132
8/31/2025,WH-YOG01,LOT-0301,2197
8/31/2025,WH-YOG01,LOT-0524,509
8/31/2025,WH-YOG01,LOT-0444,2040
8/31/2025,WH-YOG01,LOT-0842,2184
8/31/2025,WH-YOG01,LOT-0282,1469
8/31/2025,WH-YOG01,LOT-0704,694
8/31/2025,WH-YOG01,LOT-1137,591
8/31/2025,WH-YOG01,LOT-0657,502
8/31/2025,WH-YOG01,LOT-0546,335
8/31/2025,WH-YOG01,LOT-0310,1518
8/31/2025,WH-YOG01,LOT-0208,2258
8/31/2025,WH-YOG01,LOT-1055,1839
8/31/2025,WH-YOG01,LOT-1052,388
8/31/2025,WH-YOG01,LOT-0081,2291
8/31/2025,WH-YOG01,LOT-1094,1160
8/31/2025,WH-YOG01,LOT-1010,1313
8/31/2025,WH-YOG01,LOT-0201,650
8/31/2025,WH-YOG01,LOT-0835,866
8/31/2025,WH-YOG01,LOT-0303,1495
8/31/2025,WH-YOG01,LOT-0492,1154
8/31/2025,WH-YOG01,LOT-0638,731
8/31/2025,WH-YOG01,LOT-0174,1783
8/31/2025,WH-YOG01,LOT-1170,2080
8/31/2025,WH-YOG01,LOT-0779,1896
8/31/2025,WH-YOG01,LOT-0452,1073
8/31/2025,WH-YOG01,LOT-0412,1103
8/31/2025,WH-YOG01,LOT-1147,2050
8/31/2025,WH-YOG01,LOT-0694,209
8/31/2025,WH-YOG01,LOT-0491,470
8/31/2025,WH-YOG01,LOT-0275,2046
8/31/2025,WH-YOG01,LOT-0577,804
8/31/2025,WH-YOG01,LOT-0383,680
8/31/2025,WH-YOG01,LOT-0749,113
8/31/2025,WH-YOG01,LOT-0118,2176
8/31/2025,WH-YOG01,LOT-0747,1693
8/31/2025,WH-YOG01,LOT-1089,1408
8/31/2025,WH-YOG01,LOT-0484,614
8/31/2025,WH-YOG01,LOT-0503,921
8/31/2025,WH-YOG01,LOT-0534,1831
8/31/2025,WH-YOG01,LOT-0415,1905
8/31/2025,WH-YOG01,LOT-0072,1865
8/31/2025,WH-YOG01,LOT-0494,550
8/31/2025,WH-YOG01,LOT-0159,2374
8/31/2025,WH-YOG01,LOT-0162,1771
8/31/2025,WH-YOG01,LOT-0750,1649
8/31/2025,WH-YOG01,LOT-1084,1336
8/31/2025,WH-YOG01,LOT-1023,1675
8/31/2025,WH-YOG01,LOT-0831,781
8/31/2025,WH-YOG01,LOT-0058,808
8/31/2025,WH-YOG01,LOT-0766,1927
8/31/2025,WH-YOG01,LOT-0547,23
8/31/2025,WH-YOG01,LOT-0758,466
8/31/2025,WH-YOG01,LOT-0957,1151
8/31/2025,WH-YOG01,LOT-0800,263
9/30/2025,WH-JKT01,LOT-0096,479
9/30/2025,WH-JKT01,LOT-0732,2187
9/30/2025,WH-JKT01,LOT-0313,237
9/30/2025,WH-JKT01,LOT-0900,1122
9/30/2025,WH-JKT01,LOT-1100,1635
9/30/2025,WH-JKT01,LOT-0129,2024
9/30/2025,WH-JKT01,LOT-0051,1139
9/30/2025,WH-JKT01,LOT-0753,438
9/30/2025,WH-JKT01,LOT-0667,977
9/30/2025,WH-JKT01,LOT-1064,35
9/30/2025,WH-JKT01,LOT-0094,1998
9/30/2025,WH-JKT01,LOT-0075,1301
9/30/2025,WH-JKT01,LOT-0052,948
9/30/2025,WH-JKT01,LOT-0312,2299
9/30/2025,WH-JKT01,LOT-0991,1258
9/30/2025,WH-JKT01,LOT-0365,509
9/30/2025,WH-JKT01,LOT-0263,2310
9/30/2025,WH-JKT01,LOT-0135,1336
9/30/2025,WH-JKT01,LOT-0634,618
9/30/2025,WH-JKT01,LOT-0382,65
9/30/2025,WH-JKT01,LOT-0655,303
9/30/2025,WH-JKT01,LOT-0949,910
9/30/2025,WH-JKT01,LOT-0400,1588
9/30/2025,WH-JKT01,LOT-0246,724
9/30/2025,WH-JKT01,LOT-0872,1653
9/30/2025,WH-JKT01,LOT-0055,244
9/30/2025,WH-JKT01,LOT-0617,2093
9/30/2025,WH-JKT01,LOT-0465,1184
9/30/2025,WH-JKT01,LOT-1175,1645
9/30/2025,WH-JKT01,LOT-0253,948
9/30/2025,WH-JKT01,LOT-0446,2348
9/30/2025,WH-JKT01,LOT-0816,1949
9/30/2025,WH-JKT01,LOT-1084,1506
9/30/2025,WH-JKT01,LOT-0178,1591
9/30/2025,WH-JKT01,LOT-1013,269
9/30/2025,WH-JKT01,LOT-0337,1295
9/30/2025,WH-JKT01,LOT-0072,1143
9/30/2025,WH-JKT01,LOT-0407,1960
9/30/2025,WH-JKT01,LOT-0250,194
9/30/2025,WH-JKT01,LOT-0406,1490
9/30/2025,WH-JKT01,LOT-0775,1314
9/30/2025,WH-JKT01,LOT-0709,1039
9/30/2025,WH-JKT01,LOT-0719,2339
9/30/2025,WH-JKT01,LOT-0316,307
9/30/2025,WH-JKT01,LOT-1062,723
9/30/2025,WH-JKT01,LOT-0801,285
9/30/2025,WH-JKT01,LOT-0361,1518
9/30/2025,WH-JKT01,LOT-1179,364
9/30/2025,WH-JKT01,LOT-0993,1763
9/30/2025,WH-JKT01,LOT-0505,1106
9/30/2025,WH-JKT01,LOT-0705,304
9/30/2025,WH-JKT01,LOT-0262,327
9/30/2025,WH-JKT01,LOT-0765,2329
9/30/2025,WH-JKT01,LOT-0722,1411
9/30/2025,WH-JKT01,LOT-0437,1361
9/30/2025,WH-JKT01,LOT-0481,1764
9/30/2025,WH-JKT01,LOT-0304,1122
9/30/2025,WH-JKT01,LOT-0347,79
9/30/2025,WH-JKT01,LOT-0309,2342
9/30/2025,WH-JKT01,LOT-0907,384
9/30/2025,WH-JKT01,LOT-0390,2370
9/30/2025,WH-JKT01,LOT-1070,1549
9/30/2025,WH-JKT01,LOT-0357,2436
9/30/2025,WH-JKT01,LOT-0003,876
9/30/2025,WH-JKT01,LOT-0589,2430
9/30/2025,WH-JKT01,LOT-0745,1324
9/30/2025,WH-JKT01,LOT-0971,1856
9/30/2025,WH-JKT01,LOT-0455,2251
9/30/2025,WH-JKT01,LOT-0726,2044
9/30/2025,WH-JKT01,LOT-0462,1475
9/30/2025,WH-JKT01,LOT-0265,767
9/30/2025,WH-JKT01,LOT-0867,256
9/30/2025,WH-JKT01,LOT-0875,1964
9/30/2025,WH-JKT01,LOT-0179,12
9/30/2025,WH-JKT01,LOT-1039,571
9/30/2025,WH-JKT01,LOT-0717,84
9/30/2025,WH-JKT01,LOT-0962,1048
9/30/2025,WH-JKT01,LOT-0814,701
9/30/2025,WH-JKT01,LOT-0188,1790
9/30/2025,WH-JKT01,LOT-0101,658
9/30/2025,WH-JKT01,LOT-1129,71
9/30/2025,WH-JKT01,LOT-0941,301
9/30/2025,WH-JKT01,LOT-1048,2042
9/30/2025,WH-JKT01,LOT-0384,403
9/30/2025,WH-JKT01,LOT-0797,566
9/30/2025,WH-JKT01,LOT-1020,377
9/30/2025,WH-JKT01,LOT-0248,623
9/30/2025,WH-JKT01,LOT-1036,1269
9/30/2025,WH-JKT01,LOT-0325,310
9/30/2025,WH-JKT01,LOT-0410,836
9/30/2025,WH-JKT01,LOT-0781,2351
9/30/2025,WH-JKT01,LOT-0080,1007
9/30/2025,WH-JKT01,LOT-0203,1771
9/30/2025,WH-JKT01,LOT-0029,1662
9/30/2025,WH-JKT01,LOT-1007,1905
9/30/2025,WH-JKT01,LOT-0256,2188
9/30/2025,WH-JKT01,LOT-0320,2330
9/30/2025,WH-JKT01,LOT-0812,1869
9/30/2025,WH-JKT01,LOT-0205,1672
9/30/2025,WH-JKT01,LOT-1134,158
9/30/2025,WH-JKT01,LOT-0456,2329
9/30/2025,WH-JKT01,LOT-1144,2153
9/30/2025,WH-JKT01,LOT-1148,1953
9/30/2025,WH-JKT01,LOT-0375,893
9/30/2025,WH-JKT01,LOT-0184,313
9/30/2025,WH-JKT01,LOT-1010,685
9/30/2025,WH-JKT01,LOT-0891,1756
9/30/2025,WH-JKT01,LOT-0537,2019
9/30/2025,WH-JKT01,LOT-1094,1991
9/30/2025,WH-JKT01,LOT-0529,957
9/30/2025,WH-JKT01,LOT-0825,337
9/30/2025,WH-JKT01,LOT-0980,2475
9/30/2025,WH-JKT01,LOT-0411,769
9/30/2025,WH-JKT01,LOT-0665,550
9/30/2025,WH-JKT01,LOT-0538,1803
9/30/2025,WH-JKT01,LOT-0269,1604
9/30/2025,WH-JKT01,LOT-0298,125
9/30/2025,WH-JKT01,LOT-0430,1895
9/30/2025,WH-JKT01,LOT-0444,1399
9/30/2025,WH-JKT01,LOT-0291,2372
9/30/2025,WH-JKT01,LOT-0331,2182
9/30/2025,WH-JKT01,LOT-1042,2200
9/30/2025,WH-JKT01,LOT-0035,1956
9/30/2025,WH-JKT01,LOT-0218,2241
9/30/2025,WH-JKT01,LOT-0599,1731
9/30/2025,WH-JKT01,LOT-0520,1453
9/30/2025,WH-JKT01,LOT-1160,981
9/30/2025,WH-JKT01,LOT-0378,861
9/30/2025,WH-JKT01,LOT-0366,2351
9/30/2025,WH-JKT01,LOT-0725,1274
9/30/2025,WH-JKT01,LOT-0830,841
9/30/2025,WH-JKT01,LOT-0118,482
9/30/2025,WH-JKT01,LOT-0773,2478
9/30/2025,WH-JKT01,LOT-0692,385
9/30/2025,WH-JKT01,LOT-0433,1575
9/30/2025,WH-JKT01,LOT-0762,1356
9/30/2025,WH-JKT01,LOT-0798,1274
9/30/2025,WH-JKT01,LOT-0497,781
9/30/2025,WH-JKT01,LOT-0981,136
9/30/2025,WH-JKT01,LOT-0502,2109
9/30/2025,WH-JKT01,LOT-0137,2378
9/30/2025,WH-SBY01,LOT-0686,434
9/30/2025,WH-SBY01,LOT-0373,42
9/30/2025,WH-SBY01,LOT-0478,2348
9/30/2025,WH-SBY01,LOT-0256,1834
9/30/2025,WH-SBY01,LOT-0297,538
9/30/2025,WH-SBY01,LOT-0094,260
9/30/2025,WH-SBY01,LOT-0325,719
9/30/2025,WH-SBY01,LOT-0248,481
9/30/2025,WH-SBY01,LOT-0142,1970
9/30/2025,WH-SBY01,LOT-0721,187
9/30/2025,WH-SBY01,LOT-0049,1971
9/30/2025,WH-SBY01,LOT-0715,1348
9/30/2025,WH-SBY01,LOT-0996,1244
9/30/2025,WH-SBY01,LOT-0775,2134
9/30/2025,WH-SBY01,LOT-0558,1434
9/30/2025,WH-SBY01,LOT-0580,799
9/30/2025,WH-SBY01,LOT-1154,1185
9/30/2025,WH-SBY01,LOT-0935,1700
9/30/2025,WH-SBY01,LOT-0582,1527
9/30/2025,WH-SBY01,LOT-0983,1389
9/30/2025,WH-SBY01,LOT-0015,1945
9/30/2025,WH-SBY01,LOT-0103,2408
9/30/2025,WH-SBY01,LOT-0003,550
9/30/2025,WH-SBY01,LOT-0288,524
9/30/2025,WH-SBY01,LOT-0862,162
9/30/2025,WH-SBY01,LOT-1150,1011
9/30/2025,WH-SBY01,LOT-0951,51
9/30/2025,WH-SBY01,LOT-0811,185
9/30/2025,WH-SBY01,LOT-0628,1246
9/30/2025,WH-SBY01,LOT-0634,1149
9/30/2025,WH-SBY01,LOT-1116,2331
9/30/2025,WH-SBY01,LOT-0892,1782
9/30/2025,WH-SBY01,LOT-1017,1256
9/30/2025,WH-SBY01,LOT-0822,1572
9/30/2025,WH-SBY01,LOT-0610,272
9/30/2025,WH-SBY01,LOT-1173,617
9/30/2025,WH-SBY01,LOT-0918,925
9/30/2025,WH-SBY01,LOT-0922,2330
9/30/2025,WH-SBY01,LOT-0183,233
9/30/2025,WH-SBY01,LOT-0860,122
9/30/2025,WH-SBY01,LOT-0413,589
9/30/2025,WH-SBY01,LOT-0790,1467
9/30/2025,WH-SBY01,LOT-0712,446
9/30/2025,WH-SBY01,LOT-0874,568
9/30/2025,WH-SBY01,LOT-0070,480
9/30/2025,WH-SBY01,LOT-0527,845
9/30/2025,WH-SBY01,LOT-0678,1900
9/30/2025,WH-SBY01,LOT-0068,1375
9/30/2025,WH-SBY01,LOT-0048,1621
9/30/2025,WH-SBY01,LOT-0833,1469
9/30/2025,WH-SBY01,LOT-0501,2175
9/30/2025,WH-SBY01,LOT-0723,2446
9/30/2025,WH-SBY01,LOT-0645,1614
9/30/2025,WH-SBY01,LOT-0452,789
9/30/2025,WH-SBY01,LOT-0964,1364
9/30/2025,WH-SBY01,LOT-0408,2395
9/30/2025,WH-SBY01,LOT-0078,1391
9/30/2025,WH-SBY01,LOT-0791,1940
9/30/2025,WH-SBY01,LOT-1158,19
9/30/2025,WH-SBY01,LOT-0382,2284
9/30/2025,WH-SBY01,LOT-0952,1772
9/30/2025,WH-SBY01,LOT-0904,333
9/30/2025,WH-SBY01,LOT-0162,2359
9/30/2025,WH-SBY01,LOT-0226,904
9/30/2025,WH-SBY01,LOT-1159,291
9/30/2025,WH-SBY01,LOT-0734,1079
9/30/2025,WH-SBY01,LOT-0282,1486
9/30/2025,WH-SBY01,LOT-1166,2273
9/30/2025,WH-SBY01,LOT-0779,1232
9/30/2025,WH-SBY01,LOT-0457,784
9/30/2025,WH-SBY01,LOT-0658,1072
9/30/2025,WH-SBY01,LOT-0422,1350
9/30/2025,WH-SBY01,LOT-0102,1634
9/30/2025,WH-SBY01,LOT-0760,1598
9/30/2025,WH-SBY01,LOT-0955,916
9/30/2025,WH-SBY01,LOT-0017,356
9/30/2025,WH-SBY01,LOT-0368,306
9/30/2025,WH-SBY01,LOT-0754,922
9/30/2025,WH-SBY01,LOT-0717,2230
9/30/2025,WH-SBY01,LOT-0331,2265
9/30/2025,WH-SBY01,LOT-1084,1529
9/30/2025,WH-SBY01,LOT-0330,206
9/30/2025,WH-SBY01,LOT-0948,848
9/30/2025,WH-SBY01,LOT-0847,1224
9/30/2025,WH-SBY01,LOT-0423,761
9/30/2025,WH-SBY01,LOT-0614,790
9/30/2025,WH-SBY01,LOT-0481,1678
9/30/2025,WH-SBY01,LOT-0161,655
9/30/2025,WH-SBY01,LOT-0644,565
9/30/2025,WH-SBY01,LOT-0594,147
9/30/2025,WH-SBY01,LOT-1075,1028
9/30/2025,WH-SBY01,LOT-1147,808
9/30/2025,WH-SBY01,LOT-1168,1279
9/30/2025,WH-SBY01,LOT-0687,1883
9/30/2025,WH-SBY01,LOT-0806,1209
9/30/2025,WH-SBY01,LOT-0577,760
9/30/2025,WH-SBY01,LOT-0848,1095
9/30/2025,WH-SBY01,LOT-0891,1675
9/30/2025,WH-SBY01,LOT-0508,861
9/30/2025,WH-SBY01,LOT-0612,451
9/30/2025,WH-SBY01,LOT-0677,86
9/30/2025,WH-SBY01,LOT-0537,1243
9/30/2025,WH-SBY01,LOT-0599,960
9/30/2025,WH-SBY01,LOT-0454,1856
9/30/2025,WH-SBY01,LOT-0630,2383
9/30/2025,WH-SBY01,LOT-0528,1712
9/30/2025,WH-SBY01,LOT-0150,2076
9/30/2025,WH-SBY01,LOT-0626,1633
9/30/2025,WH-SBY01,LOT-0249,2222
9/30/2025,WH-SBY01,LOT-1167,124
9/30/2025,WH-SBY01,LOT-0497,143
9/30/2025,WH-SBY01,LOT-0530,2271
9/30/2025,WH-SBY01,LOT-0565,1295
9/30/2025,WH-SBY01,LOT-1185,586
9/30/2025,WH-SBY01,LOT-0924,2340
9/30/2025,WH-SBY01,LOT-0584,1159
9/30/2025,WH-SBY01,LOT-0464,1572
9/30/2025,WH-SBY01,LOT-1178,2396
9/30/2025,WH-SBY01,LOT-0553,215
9/30/2025,WH-SBY01,LOT-0840,636
9/30/2025,WH-SBY01,LOT-0541,377
9/30/2025,WH-SBY01,LOT-0036,2005
9/30/2025,WH-SBY01,LOT-1077,1804
9/30/2025,WH-SBY01,LOT-0351,1181
9/30/2025,WH-SBY01,LOT-0300,273
9/30/2025,WH-SBY01,LOT-0460,1917
9/30/2025,WH-SBY01,LOT-0098,1089
9/30/2025,WH-SBY01,LOT-0673,781
9/30/2025,WH-SBY01,LOT-1026,163
9/30/2025,WH-SBY01,LOT-0861,1247
9/30/2025,WH-SBY01,LOT-0263,861
9/30/2025,WH-SBY01,LOT-0977,1314
9/30/2025,WH-SBY01,LOT-0448,249
9/30/2025,WH-SBY01,LOT-1179,645
9/30/2025,WH-SBY01,LOT-1092,945
9/30/2025,WH-SBY01,LOT-1070,2207
9/30/2025,WH-SBY01,LOT-1194,1511
9/30/2025,WH-SBY01,LOT-0205,202
9/30/2025,WH-SBY01,LOT-0511,679
9/30/2025,WH-SBY01,LOT-0323,673
9/30/2025,WH-BDG01,LOT-0575,181
9/30/2025,WH-BDG01,LOT-0865,975
9/30/2025,WH-BDG01,LOT-0801,1429
9/30/2025,WH-BDG01,LOT-0693,2274
9/30/2025,WH-BDG01,LOT-0372,1713
9/30/2025,WH-BDG01,LOT-0919,214
9/30/2025,WH-BDG01,LOT-0690,312
9/30/2025,WH-BDG01,LOT-0327,1871
9/30/2025,WH-BDG01,LOT-0408,212
9/30/2025,WH-BDG01,LOT-0412,1995
9/30/2025,WH-BDG01,LOT-0274,1203
9/30/2025,WH-BDG01,LOT-1066,157
9/30/2025,WH-BDG01,LOT-0314,933
9/30/2025,WH-BDG01,LOT-0479,2460
9/30/2025,WH-BDG01,LOT-0020,628
9/30/2025,WH-BDG01,LOT-0280,1453
9/30/2025,WH-BDG01,LOT-0034,434
9/30/2025,WH-BDG01,LOT-0276,2417
9/30/2025,WH-BDG01,LOT-0677,1041
9/30/2025,WH-BDG01,LOT-0822,1463
9/30/2025,WH-BDG01,LOT-1175,739
9/30/2025,WH-BDG01,LOT-0221,2460
9/30/2025,WH-BDG01,LOT-0442,1313
9/30/2025,WH-BDG01,LOT-0419,458
9/30/2025,WH-BDG01,LOT-0021,2033
9/30/2025,WH-BDG01,LOT-0471,427
9/30/2025,WH-BDG01,LOT-0045,717
9/30/2025,WH-BDG01,LOT-0450,728
9/30/2025,WH-BDG01,LOT-0405,592
9/30/2025,WH-BDG01,LOT-0520,2026
9/30/2025,WH-BDG01,LOT-0837,1598
9/30/2025,WH-BDG01,LOT-0960,1052
9/30/2025,WH-BDG01,LOT-0904,1033
9/30/2025,WH-BDG01,LOT-0139,912
9/30/2025,WH-BDG01,LOT-0252,2293
9/30/2025,WH-BDG01,LOT-0877,1871
9/30/2025,WH-BDG01,LOT-0935,754
9/30/2025,WH-BDG01,LOT-0748,679
9/30/2025,WH-BDG01,LOT-0022,97
9/30/2025,WH-BDG01,LOT-0897,1487
9/30/2025,WH-BDG01,LOT-0875,1194
9/30/2025,WH-BDG01,LOT-0291,622
9/30/2025,WH-BDG01,LOT-0980,601
9/30/2025,WH-BDG01,LOT-0712,472
9/30/2025,WH-BDG01,LOT-0646,1548
9/30/2025,WH-BDG01,LOT-0511,731
9/30/2025,WH-BDG01,LOT-0117,1553
9/30/2025,WH-BDG01,LOT-0356,1322
9/30/2025,WH-BDG01,LOT-0570,1077
9/30/2025,WH-BDG01,LOT-0759,2431
9/30/2025,WH-BDG01,LOT-0432,1576
9/30/2025,WH-BDG01,LOT-0115,797
9/30/2025,WH-BDG01,LOT-0161,809
9/30/2025,WH-BDG01,LOT-0355,16
9/30/2025,WH-BDG01,LOT-0473,2220
9/30/2025,WH-BDG01,LOT-1192,810
9/30/2025,WH-BDG01,LOT-1139,838
9/30/2025,WH-BDG01,LOT-0530,1197
9/30/2025,WH-BDG01,LOT-0999,1215
9/30/2025,WH-BDG01,LOT-0350,1247
9/30/2025,WH-BDG01,LOT-0482,1823
9/30/2025,WH-BDG01,LOT-0060,85
9/30/2025,WH-BDG01,LOT-0444,1258
9/30/2025,WH-BDG01,LOT-0555,2067
9/30/2025,WH-BDG01,LOT-0270,2134
9/30/2025,WH-BDG01,LOT-0096,2054
9/30/2025,WH-BDG01,LOT-0261,2093
9/30/2025,WH-BDG01,LOT-1107,2464
9/30/2025,WH-BDG01,LOT-0607,2386
9/30/2025,WH-BDG01,LOT-0939,1364
9/30/2025,WH-BDG01,LOT-0140,58
9/30/2025,WH-BDG01,LOT-1191,1119
9/30/2025,WH-BDG01,LOT-0187,1913
9/30/2025,WH-BDG01,LOT-0931,95
9/30/2025,WH-BDG01,LOT-0334,690
9/30/2025,WH-BDG01,LOT-0335,52
9/30/2025,WH-BDG01,LOT-0272,1542
9/30/2025,WH-BDG01,LOT-0600,1556
9/30/2025,WH-BDG01,LOT-0107,2088
9/30/2025,WH-BDG01,LOT-0765,1440
9/30/2025,WH-BDG01,LOT-0120,302
9/30/2025,WH-BDG01,LOT-0900,1292
9/30/2025,WH-BDG01,LOT-0848,786
9/30/2025,WH-BDG01,LOT-0531,1845
9/30/2025,WH-BDG01,LOT-1120,2045
9/30/2025,WH-BDG01,LOT-0948,1064
9/30/2025,WH-BDG01,LOT-0209,754
9/30/2025,WH-BDG01,LOT-0976,1637
9/30/2025,WH-BDG01,LOT-1015,1759
9/30/2025,WH-BDG01,LOT-0658,866
9/30/2025,WH-BDG01,LOT-0534,665
9/30/2025,WH-BDG01,LOT-0217,2458
9/30/2025,WH-BDG01,LOT-0375,1306
9/30/2025,WH-BDG01,LOT-0541,1706
9/30/2025,WH-BDG01,LOT-0103,965
9/30/2025,WH-BDG01,LOT-0792,1107
9/30/2025,WH-BDG01,LOT-0737,767
9/30/2025,WH-BDG01,LOT-1110,1862
9/30/2025,WH-BDG01,LOT-0466,2049
9/30/2025,WH-BDG01,LOT-1100,1952
9/30/2025,WH-BDG01,LOT-0903,1316
9/30/2025,WH-BDG01,LOT-0316,708
9/30/2025,WH-BDG01,LOT-0961,665
9/30/2025,WH-BDG01,LOT-0304,1479
9/30/2025,WH-BDG01,LOT-0696,2333
9/30/2025,WH-BDG01,LOT-1036,639
9/30/2025,WH-BDG01,LOT-0132,81
9/30/2025,WH-BDG01,LOT-0369,1723
9/30/2025,WH-BDG01,LOT-0319,339
9/30/2025,WH-BDG01,LOT-0649,1645
9/30/2025,WH-BDG01,LOT-0083,1440
9/30/2025,WH-BDG01,LOT-1198,2233
9/30/2025,WH-BDG01,LOT-0703,352
9/30/2025,WH-BDG01,LOT-0790,590
9/30/2025,WH-BDG01,LOT-0808,2486
9/30/2025,WH-BDG01,LOT-1094,558
9/30/2025,WH-BDG01,LOT-0578,123
9/30/2025,WH-BDG01,LOT-0522,1520
9/30/2025,WH-BDG01,LOT-1039,2355
9/30/2025,WH-BDG01,LOT-0302,655
9/30/2025,WH-BDG01,LOT-0507,628
9/30/2025,WH-BDG01,LOT-0995,2436
9/30/2025,WH-BDG01,LOT-0385,1180
9/30/2025,WH-BDG01,LOT-0925,489
9/30/2025,WH-BDG01,LOT-0157,302
9/30/2025,WH-BDG01,LOT-0382,1331
9/30/2025,WH-BDG01,LOT-0205,1691
9/30/2025,WH-BDG01,LOT-0267,904
9/30/2025,WH-BDG01,LOT-0174,182
9/30/2025,WH-BDG01,LOT-0177,631
9/30/2025,WH-BDG01,LOT-0097,2432
9/30/2025,WH-BDG01,LOT-0245,1311
9/30/2025,WH-BDG01,LOT-1088,1303
9/30/2025,WH-BDG01,LOT-0938,2392
9/30/2025,WH-BDG01,LOT-1052,1657
9/30/2025,WH-SMG01,LOT-0893,2114
9/30/2025,WH-SMG01,LOT-0501,825
9/30/2025,WH-SMG01,LOT-0949,464
9/30/2025,WH-SMG01,LOT-0316,2260
9/30/2025,WH-SMG01,LOT-0837,91
9/30/2025,WH-SMG01,LOT-0353,243
9/30/2025,WH-SMG01,LOT-0608,908
9/30/2025,WH-SMG01,LOT-0369,1779
9/30/2025,WH-SMG01,LOT-0088,1739
9/30/2025,WH-SMG01,LOT-0884,1688
9/30/2025,WH-SMG01,LOT-0773,95
9/30/2025,WH-SMG01,LOT-0156,698
9/30/2025,WH-SMG01,LOT-0687,18
9/30/2025,WH-SMG01,LOT-0531,265
9/30/2025,WH-SMG01,LOT-1054,32
9/30/2025,WH-SMG01,LOT-0056,1434
9/30/2025,WH-SMG01,LOT-1129,815
9/30/2025,WH-SMG01,LOT-0696,670
9/30/2025,WH-SMG01,LOT-0199,2218
9/30/2025,WH-SMG01,LOT-0399,1388
9/30/2025,WH-SMG01,LOT-0420,802
9/30/2025,WH-SMG01,LOT-0220,2238
9/30/2025,WH-SMG01,LOT-0457,1632
9/30/2025,WH-SMG01,LOT-1103,782
9/30/2025,WH-SMG01,LOT-0083,404
9/30/2025,WH-SMG01,LOT-0090,25
9/30/2025,WH-SMG01,LOT-0559,1327
9/30/2025,WH-SMG01,LOT-1176,200
9/30/2025,WH-SMG01,LOT-1095,1347
9/30/2025,WH-SMG01,LOT-0460,745
9/30/2025,WH-SMG01,LOT-0322,1116
9/30/2025,WH-SMG01,LOT-0132,1010
9/30/2025,WH-SMG01,LOT-0172,2178
9/30/2025,WH-SMG01,LOT-0363,972
9/30/2025,WH-SMG01,LOT-0311,2262
9/30/2025,WH-SMG01,LOT-0194,17
9/30/2025,WH-SMG01,LOT-0355,1465
9/30/2025,WH-SMG01,LOT-0157,2275
9/30/2025,WH-SMG01,LOT-0763,672
9/30/2025,WH-SMG01,LOT-0607,1721
9/30/2025,WH-SMG01,LOT-1048,710
9/30/2025,WH-SMG01,LOT-0231,2322
9/30/2025,WH-SMG01,LOT-0315,265
9/30/2025,WH-SMG01,LOT-0892,254
9/30/2025,WH-SMG01,LOT-1113,1857
9/30/2025,WH-SMG01,LOT-0855,1640
9/30/2025,WH-SMG01,LOT-1098,2197
9/30/2025,WH-SMG01,LOT-1023,1780
9/30/2025,WH-SMG01,LOT-0823,681
9/30/2025,WH-SMG01,LOT-0611,1883
9/30/2025,WH-SMG01,LOT-0018,1796
9/30/2025,WH-SMG01,LOT-0213,1009
9/30/2025,WH-SMG01,LOT-1194,940
9/30/2025,WH-SMG01,LOT-0225,736
9/30/2025,WH-SMG01,LOT-1088,2286
9/30/2025,WH-SMG01,LOT-0670,857
9/30/2025,WH-SMG01,LOT-0537,2064
9/30/2025,WH-SMG01,LOT-1140,1588
9/30/2025,WH-SMG01,LOT-1101,844
9/30/2025,WH-SMG01,LOT-0120,888
9/30/2025,WH-SMG01,LOT-0798,1991
9/30/2025,WH-SMG01,LOT-0634,1679
9/30/2025,WH-SMG01,LOT-0626,351
9/30/2025,WH-SMG01,LOT-0274,2081
9/30/2025,WH-SMG01,LOT-0002,1387
9/30/2025,WH-SMG01,LOT-0796,477
9/30/2025,WH-SMG01,LOT-0364,2231
9/30/2025,WH-SMG01,LOT-1168,1658
9/30/2025,WH-SMG01,LOT-1030,735
9/30/2025,WH-SMG01,LOT-1020,1638
9/30/2025,WH-SMG01,LOT-0906,1873
9/30/2025,WH-SMG01,LOT-1075,439
9/30/2025,WH-SMG01,LOT-0984,1025
9/30/2025,WH-SMG01,LOT-0643,1787
9/30/2025,WH-SMG01,LOT-1067,2271
9/30/2025,WH-SMG01,LOT-0671,1258
9/30/2025,WH-SMG01,LOT-0795,455
9/30/2025,WH-SMG01,LOT-0578,13
9/30/2025,WH-SMG01,LOT-0818,314
9/30/2025,WH-SMG01,LOT-0637,787
9/30/2025,WH-SMG01,LOT-0244,645
9/30/2025,WH-SMG01,LOT-0265,2081
9/30/2025,WH-SMG01,LOT-0446,652
9/30/2025,WH-SMG01,LOT-0370,833
9/30/2025,WH-SMG01,LOT-0229,934
9/30/2025,WH-SMG01,LOT-0289,634
9/30/2025,WH-SMG01,LOT-0894,416
9/30/2025,WH-SMG01,LOT-0297,2224
9/30/2025,WH-SMG01,LOT-0367,2091
9/30/2025,WH-SMG01,LOT-0154,926
9/30/2025,WH-SMG01,LOT-0396,1440
9/30/2025,WH-SMG01,LOT-0375,775
9/30/2025,WH-SMG01,LOT-0036,1898
9/30/2025,WH-SMG01,LOT-0131,2467
9/30/2025,WH-SMG01,LOT-0094,269
9/30/2025,WH-SMG01,LOT-0583,2174
9/30/2025,WH-SMG01,LOT-0335,1963
9/30/2025,WH-SMG01,LOT-0519,1342
9/30/2025,WH-SMG01,LOT-1090,91
9/30/2025,WH-SMG01,LOT-0445,1673
9/30/2025,WH-SMG01,LOT-0577,1985
9/30/2025,WH-SMG01,LOT-0995,2029
9/30/2025,WH-SMG01,LOT-1047,1589
9/30/2025,WH-SMG01,LOT-1164,399
9/30/2025,WH-SMG01,LOT-0230,187
9/30/2025,WH-SMG01,LOT-0185,1740
9/30/2025,WH-SMG01,LOT-0965,1526
9/30/2025,WH-SMG01,LOT-0915,2393
9/30/2025,WH-SMG01,LOT-0833,694
9/30/2025,WH-SMG01,LOT-0569,35
9/30/2025,WH-SMG01,LOT-1179,2214
9/30/2025,WH-SMG01,LOT-1079,2150
9/30/2025,WH-SMG01,LOT-0198,421
9/30/2025,WH-SMG01,LOT-0330,1101
9/30/2025,WH-BKS01,LOT-0154,2239
9/30/2025,WH-BKS01,LOT-0261,743
9/30/2025,WH-BKS01,LOT-0957,1118
9/30/2025,WH-BKS01,LOT-0911,2199
9/30/2025,WH-BKS01,LOT-0840,1044
9/30/2025,WH-BKS01,LOT-0240,1478
9/30/2025,WH-BKS01,LOT-0944,2140
9/30/2025,WH-BKS01,LOT-1031,437
9/30/2025,WH-BKS01,LOT-0227,917
9/30/2025,WH-BKS01,LOT-0722,12
9/30/2025,WH-BKS01,LOT-0859,2288
9/30/2025,WH-BKS01,LOT-1187,2220
9/30/2025,WH-BKS01,LOT-1093,2357
9/30/2025,WH-BKS01,LOT-0506,2285
9/30/2025,WH-BKS01,LOT-1109,788
9/30/2025,WH-BKS01,LOT-0613,178
9/30/2025,WH-BKS01,LOT-0717,1361
9/30/2025,WH-BKS01,LOT-1019,1986
9/30/2025,WH-BKS01,LOT-0365,1259
9/30/2025,WH-BKS01,LOT-0035,2225
9/30/2025,WH-BKS01,LOT-0309,2267
9/30/2025,WH-BKS01,LOT-0801,980
9/30/2025,WH-BKS01,LOT-0772,2447
9/30/2025,WH-BKS01,LOT-0755,1950
9/30/2025,WH-BKS01,LOT-0818,1082
9/30/2025,WH-BKS01,LOT-1094,444
9/30/2025,WH-BKS01,LOT-0788,2276
9/30/2025,WH-BKS01,LOT-0350,1433
9/30/2025,WH-BKS01,LOT-0725,1713
9/30/2025,WH-BKS01,LOT-1178,978
9/30/2025,WH-BKS01,LOT-0193,69
9/30/2025,WH-BKS01,LOT-0284,621
9/30/2025,WH-BKS01,LOT-0663,1841
9/30/2025,WH-BKS01,LOT-0918,1527
9/30/2025,WH-BKS01,LOT-0419,62
9/30/2025,WH-BKS01,LOT-0631,203
9/30/2025,WH-BKS01,LOT-1039,12
9/30/2025,WH-BKS01,LOT-1159,881
9/30/2025,WH-BKS01,LOT-0333,198
9/30/2025,WH-BKS01,LOT-0704,1422
9/30/2025,WH-BKS01,LOT-0668,1608
9/30/2025,WH-BKS01,LOT-0458,1661
9/30/2025,WH-BKS01,LOT-0559,427
9/30/2025,WH-BKS01,LOT-0892,2435
9/30/2025,WH-BKS01,LOT-0019,2453
9/30/2025,WH-BKS01,LOT-0611,1467
9/30/2025,WH-BKS01,LOT-0280,842
9/30/2025,WH-BKS01,LOT-0047,80
9/30/2025,WH-BKS01,LOT-0912,1474
9/30/2025,WH-BKS01,LOT-0550,1596
9/30/2025,WH-BKS01,LOT-0974,1209
9/30/2025,WH-BKS01,LOT-0293,407
9/30/2025,WH-BKS01,LOT-0844,2295
9/30/2025,WH-BKS01,LOT-0867,1079
9/30/2025,WH-BKS01,LOT-0624,2325
9/30/2025,WH-BKS01,LOT-0129,794
9/30/2025,WH-BKS01,LOT-0897,1805
9/30/2025,WH-BKS01,LOT-1176,2227
9/30/2025,WH-BKS01,LOT-0812,1215
9/30/2025,WH-BKS01,LOT-0993,1779
9/30/2025,WH-BKS01,LOT-0045,1848
9/30/2025,WH-BKS01,LOT-1152,2342
9/30/2025,WH-BKS01,LOT-0008,222
9/30/2025,WH-BKS01,LOT-1134,2068
9/30/2025,WH-BKS01,LOT-0937,1975
9/30/2025,WH-BKS01,LOT-0629,89
9/30/2025,WH-BKS01,LOT-1020,494
9/30/2025,WH-BKS01,LOT-0523,2184
9/30/2025,WH-BKS01,LOT-1146,1943
9/30/2025,WH-BKS01,LOT-0721,673
9/30/2025,WH-BKS01,LOT-1170,1707
9/30/2025,WH-BKS01,LOT-0583,153
9/30/2025,WH-BKS01,LOT-0831,137
9/30/2025,WH-BKS01,LOT-0565,472
9/30/2025,WH-BKS01,LOT-0155,845
9/30/2025,WH-BKS01,LOT-1043,1761
9/30/2025,WH-BKS01,LOT-0397,1535
9/30/2025,WH-BKS01,LOT-1033,513
9/30/2025,WH-BKS01,LOT-0620,204
9/30/2025,WH-BKS01,LOT-0231,955
9/30/2025,WH-BKS01,LOT-0842,1121
9/30/2025,WH-BKS01,LOT-0947,1220
9/30/2025,WH-BKS01,LOT-0497,1251
9/30/2025,WH-BKS01,LOT-0592,1042
9/30/2025,WH-BKS01,LOT-0939,548
9/30/2025,WH-BKS01,LOT-1063,2473
9/30/2025,WH-BKS01,LOT-0423,2448
9/30/2025,WH-BKS01,LOT-0817,187
9/30/2025,WH-BKS01,LOT-1191,1621
9/30/2025,WH-BKS01,LOT-1099,1992
9/30/2025,WH-BKS01,LOT-0219,1133
9/30/2025,WH-BKS01,LOT-0780,1414
9/30/2025,WH-BKS01,LOT-0600,1738
9/30/2025,WH-BKS01,LOT-1197,2298
9/30/2025,WH-BKS01,LOT-0058,1651
9/30/2025,WH-BKS01,LOT-0544,1542
9/30/2025,WH-BKS01,LOT-0594,685
9/30/2025,WH-BKS01,LOT-0648,1242
9/30/2025,WH-BKS01,LOT-0021,168
9/30/2025,WH-BKS01,LOT-0342,1557
9/30/2025,WH-BKS01,LOT-1055,590
9/30/2025,WH-BKS01,LOT-0808,526
9/30/2025,WH-BKS01,LOT-0670,488
9/30/2025,WH-BKS01,LOT-0351,1335
9/30/2025,WH-BKS01,LOT-0243,1419
9/30/2025,WH-BKS01,LOT-0065,2456
9/30/2025,WH-BKS01,LOT-0336,1796
9/30/2025,WH-BKS01,LOT-0286,1966
9/30/2025,WH-BKS01,LOT-0940,570
9/30/2025,WH-BKS01,LOT-0081,1301
9/30/2025,WH-BKS01,LOT-0813,1752
9/30/2025,WH-BKS01,LOT-0820,740
9/30/2025,WH-BKS01,LOT-1133,764
9/30/2025,WH-BKS01,LOT-0126,750
9/30/2025,WH-BKS01,LOT-0038,521
9/30/2025,WH-TNG01,LOT-0017,49
9/30/2025,WH-TNG01,LOT-0680,1178
9/30/2025,WH-TNG01,LOT-0484,2282
9/30/2025,WH-TNG01,LOT-0442,1790
9/30/2025,WH-TNG01,LOT-0604,763
9/30/2025,WH-TNG01,LOT-0901,1304
9/30/2025,WH-TNG01,LOT-0061,266
9/30/2025,WH-TNG01,LOT-0530,1293
9/30/2025,WH-TNG01,LOT-1022,753
9/30/2025,WH-TNG01,LOT-0630,510
9/30/2025,WH-TNG01,LOT-0984,1833
9/30/2025,WH-TNG01,LOT-0797,1262
9/30/2025,WH-TNG01,LOT-0622,1683
9/30/2025,WH-TNG01,LOT-1109,1348
9/30/2025,WH-TNG01,LOT-0591,881
9/30/2025,WH-TNG01,LOT-0667,1351
9/30/2025,WH-TNG01,LOT-0763,937
9/30/2025,WH-TNG01,LOT-0457,1986
9/30/2025,WH-TNG01,LOT-0896,2106
9/30/2025,WH-TNG01,LOT-0669,214
9/30/2025,WH-TNG01,LOT-0350,425
9/30/2025,WH-TNG01,LOT-0198,2106
9/30/2025,WH-TNG01,LOT-0475,2322
9/30/2025,WH-TNG01,LOT-1095,449
9/30/2025,WH-TNG01,LOT-0462,1469
9/30/2025,WH-TNG01,LOT-0641,1750
9/30/2025,WH-TNG01,LOT-0013,1969
9/30/2025,WH-TNG01,LOT-1002,780
9/30/2025,WH-TNG01,LOT-0168,1208
9/30/2025,WH-TNG01,LOT-0281,1153
9/30/2025,WH-TNG01,LOT-0589,1572
9/30/2025,WH-TNG01,LOT-0683,2043
9/30/2025,WH-TNG01,LOT-0713,368
9/30/2025,WH-TNG01,LOT-0447,1972
9/30/2025,WH-TNG01,LOT-0209,1823
9/30/2025,WH-TNG01,LOT-0341,1561
9/30/2025,WH-TNG01,LOT-0116,675
9/30/2025,WH-TNG01,LOT-0007,2436
9/30/2025,WH-TNG01,LOT-0511,1638
9/30/2025,WH-TNG01,LOT-0808,2421
9/30/2025,WH-TNG01,LOT-0262,277
9/30/2025,WH-TNG01,LOT-0379,1281
9/30/2025,WH-TNG01,LOT-0188,929
9/30/2025,WH-TNG01,LOT-0140,869
9/30/2025,WH-TNG01,LOT-0968,1632
9/30/2025,WH-TNG01,LOT-0486,569
9/30/2025,WH-TNG01,LOT-0294,2417
9/30/2025,WH-TNG01,LOT-0949,2486
9/30/2025,WH-TNG01,LOT-1014,2367
9/30/2025,WH-TNG01,LOT-0322,1062
9/30/2025,WH-TNG01,LOT-0872,1550
9/30/2025,WH-TNG01,LOT-0555,1771
9/30/2025,WH-TNG01,LOT-1098,1083
9/30/2025,WH-TNG01,LOT-1118,1408
9/30/2025,WH-TNG01,LOT-0505,225
9/30/2025,WH-TNG01,LOT-0710,2416
9/30/2025,WH-TNG01,LOT-1139,2365
9/30/2025,WH-TNG01,LOT-0658,2409
9/30/2025,WH-TNG01,LOT-1135,128
9/30/2025,WH-TNG01,LOT-0666,161
9/30/2025,WH-TNG01,LOT-0351,469
9/30/2025,WH-TNG01,LOT-0371,207
9/30/2025,WH-TNG01,LOT-1197,2190
9/30/2025,WH-TNG01,LOT-0626,2449
9/30/2025,WH-TNG01,LOT-0349,2279
9/30/2025,WH-TNG01,LOT-0287,1403
9/30/2025,WH-TNG01,LOT-0208,1974
9/30/2025,WH-TNG01,LOT-0832,943
9/30/2025,WH-TNG01,LOT-0237,2375
9/30/2025,WH-TNG01,LOT-1029,79
9/30/2025,WH-TNG01,LOT-0672,2186
9/30/2025,WH-TNG01,LOT-0755,968
9/30/2025,WH-TNG01,LOT-0173,1404
9/30/2025,WH-TNG01,LOT-0919,680
9/30/2025,WH-TNG01,LOT-0137,399
9/30/2025,WH-TNG01,LOT-0113,358
9/30/2025,WH-TNG01,LOT-0689,2223
9/30/2025,WH-TNG01,LOT-0107,2444
9/30/2025,WH-TNG01,LOT-1084,1687
9/30/2025,WH-TNG01,LOT-0097,2148
9/30/2025,WH-TNG01,LOT-0744,1199
9/30/2025,WH-TNG01,LOT-0632,1187
9/30/2025,WH-TNG01,LOT-0190,707
9/30/2025,WH-TNG01,LOT-0918,1217
9/30/2025,WH-TNG01,LOT-0931,1606
9/30/2025,WH-TNG01,LOT-0552,1144
9/30/2025,WH-TNG01,LOT-0966,2117
9/30/2025,WH-TNG01,LOT-0472,2126
9/30/2025,WH-TNG01,LOT-0750,1228
9/30/2025,WH-TNG01,LOT-0440,1885
9/30/2025,WH-TNG01,LOT-0731,2397
9/30/2025,WH-TNG01,LOT-0290,1528
9/30/2025,WH-TNG01,LOT-0610,1804
9/30/2025,WH-TNG01,LOT-0898,709
9/30/2025,WH-TNG01,LOT-0606,2308
9/30/2025,WH-TNG01,LOT-0230,1529
9/30/2025,WH-TNG01,LOT-0945,2018
9/30/2025,WH-TNG01,LOT-0244,1355
9/30/2025,WH-TNG01,LOT-0730,2348
9/30/2025,WH-TNG01,LOT-1190,1437
9/30/2025,WH-TNG01,LOT-0615,2139
9/30/2025,WH-TNG01,LOT-1170,527
9/30/2025,WH-TNG01,LOT-0941,2133
9/30/2025,WH-TNG01,LOT-0409,465
9/30/2025,WH-TNG01,LOT-0533,2436
9/30/2025,WH-TNG01,LOT-0593,220
9/30/2025,WH-TNG01,LOT-0417,743
9/30/2025,WH-TNG01,LOT-0076,597
9/30/2025,WH-TNG01,LOT-0474,302
9/30/2025,WH-TNG01,LOT-1001,1816
9/30/2025,WH-TNG01,LOT-1046,2401
9/30/2025,WH-TNG01,LOT-0063,1905
9/30/2025,WH-TNG01,LOT-0456,2216
9/30/2025,WH-TNG01,LOT-0400,313
9/30/2025,WH-TNG01,LOT-0256,573
9/30/2025,WH-TNG01,LOT-1086,1235
9/30/2025,WH-TNG01,LOT-0446,2176
9/30/2025,WH-TNG01,LOT-0863,2223
9/30/2025,WH-TNG01,LOT-0171,778
9/30/2025,WH-TNG01,LOT-0141,1860
9/30/2025,WH-TNG01,LOT-0412,345
9/30/2025,WH-TNG01,LOT-0491,1902
9/30/2025,WH-TNG01,LOT-1068,68
9/30/2025,WH-TNG01,LOT-0374,1354
9/30/2025,WH-TNG01,LOT-0875,2388
9/30/2025,WH-TNG01,LOT-0077,2177
9/30/2025,WH-TNG01,LOT-1051,1235
9/30/2025,WH-TNG01,LOT-0972,1085
9/30/2025,WH-TNG01,LOT-1037,1356
9/30/2025,WH-TNG01,LOT-1096,415
9/30/2025,WH-TNG01,LOT-0359,1099
9/30/2025,WH-TNG01,LOT-1141,854
9/30/2025,WH-TNG01,LOT-0723,1752
9/30/2025,WH-TNG01,LOT-0357,2043
9/30/2025,WH-TNG01,LOT-0983,664
9/30/2025,WH-TNG01,LOT-1113,2152
9/30/2025,WH-TNG01,LOT-0974,1612
9/30/2025,WH-TNG01,LOT-0403,2153
9/30/2025,WH-BPR01,LOT-0170,1377
9/30/2025,WH-BPR01,LOT-0374,2240
9/30/2025,WH-BPR01,LOT-0446,1327
9/30/2025,WH-BPR01,LOT-0061,1772
9/30/2025,WH-BPR01,LOT-0430,380
9/30/2025,WH-BPR01,LOT-1082,1512
9/30/2025,WH-BPR01,LOT-1030,1205
9/30/2025,WH-BPR01,LOT-0700,1854
9/30/2025,WH-BPR01,LOT-0890,1018
9/30/2025,WH-BPR01,LOT-1099,362
9/30/2025,WH-BPR01,LOT-0234,1379
9/30/2025,WH-BPR01,LOT-0168,1590
9/30/2025,WH-BPR01,LOT-1184,1548
9/30/2025,WH-BPR01,LOT-0504,990
9/30/2025,WH-BPR01,LOT-1007,2405
9/30/2025,WH-BPR01,LOT-1104,2006
9/30/2025,WH-BPR01,LOT-0164,2336
9/30/2025,WH-BPR01,LOT-0564,771
9/30/2025,WH-BPR01,LOT-0690,1472
9/30/2025,WH-BPR01,LOT-1181,1430
9/30/2025,WH-BPR01,LOT-0024,483
9/30/2025,WH-BPR01,LOT-0047,424
9/30/2025,WH-BPR01,LOT-1174,1565
9/30/2025,WH-BPR01,LOT-0342,1198
9/30/2025,WH-BPR01,LOT-0216,1018
9/30/2025,WH-BPR01,LOT-0912,1619
9/30/2025,WH-BPR01,LOT-0959,184
9/30/2025,WH-BPR01,LOT-1182,558
9/30/2025,WH-BPR01,LOT-0097,2091
9/30/2025,WH-BPR01,LOT-0759,992
9/30/2025,WH-BPR01,LOT-0647,1941
9/30/2025,WH-BPR01,LOT-0303,2001
9/30/2025,WH-BPR01,LOT-1148,754
9/30/2025,WH-BPR01,LOT-0871,1881
9/30/2025,WH-BPR01,LOT-0867,125
9/30/2025,WH-BPR01,LOT-1199,658
9/30/2025,WH-BPR01,LOT-0426,2241
9/30/2025,WH-BPR01,LOT-0453,2445
9/30/2025,WH-BPR01,LOT-0766,1737
9/30/2025,WH-BPR01,LOT-0184,1559
9/30/2025,WH-BPR01,LOT-0642,1688
9/30/2025,WH-BPR01,LOT-1034,29
9/30/2025,WH-BPR01,LOT-1103,1415
9/30/2025,WH-BPR01,LOT-0043,1031
9/30/2025,WH-BPR01,LOT-0952,1218
9/30/2025,WH-BPR01,LOT-0025,735
9/30/2025,WH-BPR01,LOT-0653,2144
9/30/2025,WH-BPR01,LOT-0400,346
9/30/2025,WH-BPR01,LOT-0260,1557
9/30/2025,WH-BPR01,LOT-0809,1054
9/30/2025,WH-BPR01,LOT-0041,1060
9/30/2025,WH-BPR01,LOT-0249,291
9/30/2025,WH-BPR01,LOT-0250,1698
9/30/2025,WH-BPR01,LOT-1179,323
9/30/2025,WH-BPR01,LOT-0494,153
9/30/2025,WH-BPR01,LOT-1198,439
9/30/2025,WH-BPR01,LOT-0022,1901
9/30/2025,WH-BPR01,LOT-0510,1334
9/30/2025,WH-BPR01,LOT-1091,848
9/30/2025,WH-BPR01,LOT-0258,1381
9/30/2025,WH-BPR01,LOT-1175,2203
9/30/2025,WH-BPR01,LOT-0972,1237
9/30/2025,WH-BPR01,LOT-0630,1687
9/30/2025,WH-BPR01,LOT-0276,1097
9/30/2025,WH-BPR01,LOT-0646,185
9/30/2025,WH-BPR01,LOT-0716,1539
9/30/2025,WH-BPR01,LOT-0499,519
9/30/2025,WH-BPR01,LOT-0874,163
9/30/2025,WH-BPR01,LOT-0087,783
9/30/2025,WH-BPR01,LOT-1176,2304
9/30/2025,WH-BPR01,LOT-0121,2249
9/30/2025,WH-BPR01,LOT-1088,15
9/30/2025,WH-BPR01,LOT-0672,564
9/30/2025,WH-BPR01,LOT-1096,2018
9/30/2025,WH-BPR01,LOT-0207,886
9/30/2025,WH-BPR01,LOT-1029,43
9/30/2025,WH-BPR01,LOT-0252,1091
9/30/2025,WH-BPR01,LOT-0088,594
9/30/2025,WH-BPR01,LOT-0581,2003
9/30/2025,WH-BPR01,LOT-0125,1729
9/30/2025,WH-BPR01,LOT-0278,864
9/30/2025,WH-BPR01,LOT-0614,1739
9/30/2025,WH-BPR01,LOT-0435,560
9/30/2025,WH-BPR01,LOT-0945,2095
9/30/2025,WH-BPR01,LOT-0424,429
9/30/2025,WH-BPR01,LOT-0821,1088
9/30/2025,WH-BPR01,LOT-0143,1071
9/30/2025,WH-BPR01,LOT-0703,1118
9/30/2025,WH-BPR01,LOT-1017,1866
9/30/2025,WH-BPR01,LOT-0422,485
9/30/2025,WH-BPR01,LOT-0777,2176
9/30/2025,WH-BPR01,LOT-0824,2381
9/30/2025,WH-BPR01,LOT-0287,951
9/30/2025,WH-BPR01,LOT-0901,2434
9/30/2025,WH-BPR01,LOT-0162,1308
9/30/2025,WH-BPR01,LOT-0445,875
9/30/2025,WH-BPR01,LOT-0715,98
9/30/2025,WH-BPR01,LOT-1044,2366
9/30/2025,WH-BPR01,LOT-0822,1696
9/30/2025,WH-BPR01,LOT-1164,2365
9/30/2025,WH-BPR01,LOT-0503,193
9/30/2025,WH-BPR01,LOT-0429,1723
9/30/2025,WH-BPR01,LOT-0724,2038
9/30/2025,WH-BPR01,LOT-0496,1657
9/30/2025,WH-BPR01,LOT-0124,1075
9/30/2025,WH-BPR01,LOT-0015,2495
9/30/2025,WH-MLG01,LOT-0008,1847
9/30/2025,WH-MLG01,LOT-1167,705
9/30/2025,WH-MLG01,LOT-0356,239
9/30/2025,WH-MLG01,LOT-0355,630
9/30/2025,WH-MLG01,LOT-1036,153
9/30/2025,WH-MLG01,LOT-1099,140
9/30/2025,WH-MLG01,LOT-0570,2445
9/30/2025,WH-MLG01,LOT-1043,1383
9/30/2025,WH-MLG01,LOT-0931,978
9/30/2025,WH-MLG01,LOT-0553,1611
9/30/2025,WH-MLG01,LOT-0656,1706
9/30/2025,WH-MLG01,LOT-0719,565
9/30/2025,WH-MLG01,LOT-0230,297
9/30/2025,WH-MLG01,LOT-0486,2349
9/30/2025,WH-MLG01,LOT-0674,1486
9/30/2025,WH-MLG01,LOT-1102,815
9/30/2025,WH-MLG01,LOT-0930,1686
9/30/2025,WH-MLG01,LOT-0279,2237
9/30/2025,WH-MLG01,LOT-1006,2399
9/30/2025,WH-MLG01,LOT-0253,137
9/30/2025,WH-MLG01,LOT-0929,50
9/30/2025,WH-MLG01,LOT-0545,1398
9/30/2025,WH-MLG01,LOT-0403,1914
9/30/2025,WH-MLG01,LOT-0044,1958
9/30/2025,WH-MLG01,LOT-0871,2487
9/30/2025,WH-MLG01,LOT-1133,1292
9/30/2025,WH-MLG01,LOT-1147,132
9/30/2025,WH-MLG01,LOT-0246,255
9/30/2025,WH-MLG01,LOT-0217,402
9/30/2025,WH-MLG01,LOT-0786,2037
9/30/2025,WH-MLG01,LOT-0555,1006
9/30/2025,WH-MLG01,LOT-0072,569
9/30/2025,WH-MLG01,LOT-0416,1376
9/30/2025,WH-MLG01,LOT-0625,2316
9/30/2025,WH-MLG01,LOT-0427,60
9/30/2025,WH-MLG01,LOT-1032,116
9/30/2025,WH-MLG01,LOT-1071,1899
9/30/2025,WH-MLG01,LOT-0134,895
9/30/2025,WH-MLG01,LOT-1039,1900
9/30/2025,WH-MLG01,LOT-1011,376
9/30/2025,WH-MLG01,LOT-0421,786
9/30/2025,WH-MLG01,LOT-1124,151
9/30/2025,WH-MLG01,LOT-0963,1859
9/30/2025,WH-MLG01,LOT-0908,713
9/30/2025,WH-MLG01,LOT-0736,666
9/30/2025,WH-MLG01,LOT-1049,393
9/30/2025,WH-MLG01,LOT-0456,457
9/30/2025,WH-MLG01,LOT-0480,846
9/30/2025,WH-MLG01,LOT-0440,2224
9/30/2025,WH-MLG01,LOT-0829,1569
9/30/2025,WH-MLG01,LOT-0582,2329
9/30/2025,WH-MLG01,LOT-0973,178
9/30/2025,WH-MLG01,LOT-0921,2096
9/30/2025,WH-MLG01,LOT-0029,1945
9/30/2025,WH-MLG01,LOT-0515,319
9/30/2025,WH-MLG01,LOT-0194,1606
9/30/2025,WH-MLG01,LOT-0477,2040
9/30/2025,WH-MLG01,LOT-0018,593
9/30/2025,WH-MLG01,LOT-0026,770
9/30/2025,WH-MLG01,LOT-0231,501
9/30/2025,WH-MLG01,LOT-0715,112
9/30/2025,WH-MLG01,LOT-0396,1049
9/30/2025,WH-MLG01,LOT-1050,1305
9/30/2025,WH-MLG01,LOT-0859,1154
9/30/2025,WH-MLG01,LOT-0048,1679
9/30/2025,WH-MLG01,LOT-0382,468
9/30/2025,WH-MLG01,LOT-1117,2041
9/30/2025,WH-MLG01,LOT-0262,464
9/30/2025,WH-MLG01,LOT-0811,2342
9/30/2025,WH-MLG01,LOT-0273,694
9/30/2025,WH-MLG01,LOT-0542,2251
9/30/2025,WH-MLG01,LOT-0342,290
9/30/2025,WH-MLG01,LOT-0081,1951
9/30/2025,WH-MLG01,LOT-0537,35
9/30/2025,WH-MLG01,LOT-0139,1872
9/30/2025,WH-MLG01,LOT-0349,1061
9/30/2025,WH-MLG01,LOT-0175,1264
9/30/2025,WH-MLG01,LOT-0730,1013
9/30/2025,WH-MLG01,LOT-0923,1677
9/30/2025,WH-MLG01,LOT-0946,230
9/30/2025,WH-MLG01,LOT-0275,602
9/30/2025,WH-MLG01,LOT-0015,933
9/30/2025,WH-MLG01,LOT-0550,1245
9/30/2025,WH-MLG01,LOT-0573,1210
9/30/2025,WH-MLG01,LOT-0136,549
9/30/2025,WH-MLG01,LOT-0041,762
9/30/2025,WH-MLG01,LOT-0116,1486
9/30/2025,WH-MLG01,LOT-1014,600
9/30/2025,WH-MLG01,LOT-0558,390
9/30/2025,WH-MLG01,LOT-0205,1637
9/30/2025,WH-MLG01,LOT-1158,73
9/30/2025,WH-MLG01,LOT-0441,600
9/30/2025,WH-MLG01,LOT-0327,1412
9/30/2025,WH-MLG01,LOT-0761,751
9/30/2025,WH-MLG01,LOT-0492,889
9/30/2025,WH-MLG01,LOT-1129,2417
9/30/2025,WH-MLG01,LOT-0155,1115
9/30/2025,WH-MLG01,LOT-0122,347
9/30/2025,WH-MLG01,LOT-0989,591
9/30/2025,WH-MLG01,LOT-0634,79
9/30/2025,WH-MLG01,LOT-0203,2399
9/30/2025,WH-MLG01,LOT-0296,1122
9/30/2025,WH-MLG01,LOT-0568,1259
9/30/2025,WH-MLG01,LOT-1115,1837
9/30/2025,WH-MLG01,LOT-0954,1953
9/30/2025,WH-MLG01,LOT-0058,748
9/30/2025,WH-MLG01,LOT-1143,1549
9/30/2025,WH-MLG01,LOT-0310,102
9/30/2025,WH-MLG01,LOT-0799,862
9/30/2025,WH-MLG01,LOT-0524,758
9/30/2025,WH-MLG01,LOT-1177,1733
9/30/2025,WH-MLG01,LOT-0834,1456
9/30/2025,WH-MLG01,LOT-0420,1303
9/30/2025,WH-MLG01,LOT-0376,396
9/30/2025,WH-MLG01,LOT-0364,930
9/30/2025,WH-MLG01,LOT-0765,544
9/30/2025,WH-MLG01,LOT-0161,1936
9/30/2025,WH-MLG01,LOT-1016,1685
9/30/2025,WH-MLG01,LOT-0612,333
9/30/2025,WH-MLG01,LOT-0380,1917
9/30/2025,WH-MLG01,LOT-0594,2478
9/30/2025,WH-MLG01,LOT-0543,1239
9/30/2025,WH-MLG01,LOT-0439,2292
9/30/2025,WH-MLG01,LOT-0354,108
9/30/2025,WH-MLG01,LOT-0221,558
9/30/2025,WH-MLG01,LOT-1093,1117
9/30/2025,WH-MLG01,LOT-0106,1422
9/30/2025,WH-MLG01,LOT-0073,1480
9/30/2025,WH-MLG01,LOT-0395,2403
9/30/2025,WH-MLG01,LOT-0626,2222
9/30/2025,WH-MLG01,LOT-0784,1446
9/30/2025,WH-MLG01,LOT-1077,468
9/30/2025,WH-MLG01,LOT-0884,1575
9/30/2025,WH-MLG01,LOT-0204,161
9/30/2025,WH-MLG01,LOT-0782,548
9/30/2025,WH-MLG01,LOT-0103,443
9/30/2025,WH-MLG01,LOT-0025,445
9/30/2025,WH-MLG01,LOT-0306,2365
9/30/2025,WH-MLG01,LOT-1119,462
9/30/2025,WH-MLG01,LOT-0818,1319
9/30/2025,WH-SLO01,LOT-1191,1601
9/30/2025,WH-SLO01,LOT-0187,1013
9/30/2025,WH-SLO01,LOT-0350,176
9/30/2025,WH-SLO01,LOT-0881,217
9/30/2025,WH-SLO01,LOT-1107,104
9/30/2025,WH-SLO01,LOT-0829,2454
9/30/2025,WH-SLO01,LOT-0585,2424
9/30/2025,WH-SLO01,LOT-1098,2119
9/30/2025,WH-SLO01,LOT-0848,1145
9/30/2025,WH-SLO01,LOT-0523,907
9/30/2025,WH-SLO01,LOT-0981,1030
9/30/2025,WH-SLO01,LOT-1139,1789
9/30/2025,WH-SLO01,LOT-0877,496
9/30/2025,WH-SLO01,LOT-1053,406
9/30/2025,WH-SLO01,LOT-0863,1010
9/30/2025,WH-SLO01,LOT-0260,1835
9/30/2025,WH-SLO01,LOT-0439,347
9/30/2025,WH-SLO01,LOT-0950,403
9/30/2025,WH-SLO01,LOT-0777,2153
9/30/2025,WH-SLO01,LOT-0121,358
9/30/2025,WH-SLO01,LOT-0020,1313
9/30/2025,WH-SLO01,LOT-1025,388
9/30/2025,WH-SLO01,LOT-1077,2484
9/30/2025,WH-SLO01,LOT-0552,2284
9/30/2025,WH-SLO01,LOT-0639,1522
9/30/2025,WH-SLO01,LOT-0935,1071
9/30/2025,WH-SLO01,LOT-0531,1360
9/30/2025,WH-SLO01,LOT-0049,2063
9/30/2025,WH-SLO01,LOT-1047,589
9/30/2025,WH-SLO01,LOT-0473,2358
9/30/2025,WH-SLO01,LOT-0898,1275
9/30/2025,WH-SLO01,LOT-1142,624
9/30/2025,WH-SLO01,LOT-0182,84
9/30/2025,WH-SLO01,LOT-1157,784
9/30/2025,WH-SLO01,LOT-0225,1074
9/30/2025,WH-SLO01,LOT-1172,59
9/30/2025,WH-SLO01,LOT-0067,290
9/30/2025,WH-SLO01,LOT-1005,1496
9/30/2025,WH-SLO01,LOT-0598,843
9/30/2025,WH-SLO01,LOT-1162,1336
9/30/2025,WH-SLO01,LOT-0268,989
9/30/2025,WH-SLO01,LOT-0176,1147
9/30/2025,WH-SLO01,LOT-0896,1701
9/30/2025,WH-SLO01,LOT-0616,1693
9/30/2025,WH-SLO01,LOT-0090,132
9/30/2025,WH-SLO01,LOT-0104,1838
9/30/2025,WH-SLO01,LOT-0827,1327
9/30/2025,WH-SLO01,LOT-1170,1546
9/30/2025,WH-SLO01,LOT-1084,2364
9/30/2025,WH-SLO01,LOT-0413,2497
9/30/2025,WH-SLO01,LOT-0805,2456
9/30/2025,WH-SLO01,LOT-0262,1035
9/30/2025,WH-SLO01,LOT-0405,1170
9/30/2025,WH-SLO01,LOT-0668,2393
9/30/2025,WH-SLO01,LOT-0472,1129
9/30/2025,WH-SLO01,LOT-0571,1666
9/30/2025,WH-SLO01,LOT-0551,1779
9/30/2025,WH-SLO01,LOT-1045,1818
9/30/2025,WH-SLO01,LOT-0554,617
9/30/2025,WH-SLO01,LOT-0920,229
9/30/2025,WH-SLO01,LOT-0081,401
9/30/2025,WH-SLO01,LOT-1033,249
9/30/2025,WH-SLO01,LOT-0324,2264
9/30/2025,WH-SLO01,LOT-0241,575
9/30/2025,WH-SLO01,LOT-0459,1103
9/30/2025,WH-SLO01,LOT-1176,75
9/30/2025,WH-SLO01,LOT-1081,580
9/30/2025,WH-SLO01,LOT-0841,2218
9/30/2025,WH-SLO01,LOT-0653,385
9/30/2025,WH-SLO01,LOT-0562,2086
9/30/2025,WH-SLO01,LOT-0885,633
9/30/2025,WH-SLO01,LOT-0384,574
9/30/2025,WH-SLO01,LOT-0304,921
9/30/2025,WH-SLO01,LOT-0345,2112
9/30/2025,WH-SLO01,LOT-0136,1839
9/30/2025,WH-SLO01,LOT-0341,2453
9/30/2025,WH-SLO01,LOT-0409,1193
9/30/2025,WH-SLO01,LOT-1007,14
9/30/2025,WH-SLO01,LOT-0030,621
9/30/2025,WH-SLO01,LOT-0736,1611
9/30/2025,WH-SLO01,LOT-0674,586
9/30/2025,WH-SLO01,LOT-0004,147
9/30/2025,WH-SLO01,LOT-0427,2184
9/30/2025,WH-SLO01,LOT-0447,1429
9/30/2025,WH-SLO01,LOT-0005,2061
9/30/2025,WH-SLO01,LOT-0125,296
9/30/2025,WH-SLO01,LOT-0043,2045
9/30/2025,WH-SLO01,LOT-0038,1083
9/30/2025,WH-SLO01,LOT-1124,1340
9/30/2025,WH-SLO01,LOT-1063,566
9/30/2025,WH-SLO01,LOT-0772,1925
9/30/2025,WH-SLO01,LOT-0510,941
9/30/2025,WH-SLO01,LOT-0826,1478
9/30/2025,WH-SLO01,LOT-0929,799
9/30/2025,WH-SLO01,LOT-0491,1695
9/30/2025,WH-SLO01,LOT-0228,1286
9/30/2025,WH-SLO01,LOT-0010,664
9/30/2025,WH-SLO01,LOT-0007,920
9/30/2025,WH-SLO01,LOT-1058,1420
9/30/2025,WH-SLO01,LOT-1068,1871
9/30/2025,WH-SLO01,LOT-1171,81
9/30/2025,WH-SLO01,LOT-1164,44
9/30/2025,WH-SLO01,LOT-0185,1216
9/30/2025,WH-SLO01,LOT-0249,367
9/30/2025,WH-SLO01,LOT-0517,663
9/30/2025,WH-SLO01,LOT-0244,397
9/30/2025,WH-SLO01,LOT-0832,2303
9/30/2025,WH-SLO01,LOT-0006,581
9/30/2025,WH-SLO01,LOT-0048,2269
9/30/2025,WH-SLO01,LOT-1188,1369
9/30/2025,WH-SLO01,LOT-0190,449
9/30/2025,WH-SLO01,LOT-0788,2258
9/30/2025,WH-SLO01,LOT-1163,485
9/30/2025,WH-SLO01,LOT-0312,1724
9/30/2025,WH-SLO01,LOT-0482,294
9/30/2025,WH-SLO01,LOT-0285,733
9/30/2025,WH-SLO01,LOT-1013,1350
9/30/2025,WH-SLO01,LOT-0936,1427
9/30/2025,WH-SLO01,LOT-1192,2322
9/30/2025,WH-SLO01,LOT-1090,83
9/30/2025,WH-SLO01,LOT-1183,1184
9/30/2025,WH-SLO01,LOT-0942,1638
9/30/2025,WH-SLO01,LOT-0092,478
9/30/2025,WH-SLO01,LOT-0796,139
9/30/2025,WH-SLO01,LOT-0019,259
9/30/2025,WH-SLO01,LOT-1110,1913
9/30/2025,WH-SLO01,LOT-0690,2474
9/30/2025,WH-SLO01,LOT-0615,718
9/30/2025,WH-SLO01,LOT-1113,907
9/30/2025,WH-SLO01,LOT-0169,236
9/30/2025,WH-SLO01,LOT-1122,1093
9/30/2025,WH-SLO01,LOT-0871,1756
9/30/2025,WH-SLO01,LOT-0984,1682
9/30/2025,WH-SLO01,LOT-0529,106
9/30/2025,WH-YOG01,LOT-0175,606
9/30/2025,WH-YOG01,LOT-0262,524
9/30/2025,WH-YOG01,LOT-1151,973
9/30/2025,WH-YOG01,LOT-0497,1292
9/30/2025,WH-YOG01,LOT-1070,1123
9/30/2025,WH-YOG01,LOT-0294,868
9/30/2025,WH-YOG01,LOT-0939,1269
9/30/2025,WH-YOG01,LOT-0178,229
9/30/2025,WH-YOG01,LOT-0061,1268
9/30/2025,WH-YOG01,LOT-0184,1727
9/30/2025,WH-YOG01,LOT-0360,1559
9/30/2025,WH-YOG01,LOT-0411,2253
9/30/2025,WH-YOG01,LOT-0261,634
9/30/2025,WH-YOG01,LOT-1163,462
9/30/2025,WH-YOG01,LOT-0875,627
9/30/2025,WH-YOG01,LOT-0141,365
9/30/2025,WH-YOG01,LOT-0719,1387
9/30/2025,WH-YOG01,LOT-0257,1782
9/30/2025,WH-YOG01,LOT-0542,1045
9/30/2025,WH-YOG01,LOT-1091,2486
9/30/2025,WH-YOG01,LOT-0767,1469
9/30/2025,WH-YOG01,LOT-0024,680
9/30/2025,WH-YOG01,LOT-1020,1471
9/30/2025,WH-YOG01,LOT-0880,1061
9/30/2025,WH-YOG01,LOT-0892,2364
9/30/2025,WH-YOG01,LOT-0666,714
9/30/2025,WH-YOG01,LOT-0460,80
9/30/2025,WH-YOG01,LOT-0530,1647
9/30/2025,WH-YOG01,LOT-0640,1142
9/30/2025,WH-YOG01,LOT-0782,1169
9/30/2025,WH-YOG01,LOT-0095,370
9/30/2025,WH-YOG01,LOT-0626,516
9/30/2025,WH-YOG01,LOT-0364,424
9/30/2025,WH-YOG01,LOT-0296,2029
9/30/2025,WH-YOG01,LOT-0901,811
9/30/2025,WH-YOG01,LOT-0859,2249
9/30/2025,WH-YOG01,LOT-0449,2264
9/30/2025,WH-YOG01,LOT-0615,338
9/30/2025,WH-YOG01,LOT-0785,2185
9/30/2025,WH-YOG01,LOT-0052,611
9/30/2025,WH-YOG01,LOT-0220,1908
9/30/2025,WH-YOG01,LOT-0181,1030
9/30/2025,WH-YOG01,LOT-0682,20
9/30/2025,WH-YOG01,LOT-0485,1767
9/30/2025,WH-YOG01,LOT-0015,966
9/30/2025,WH-YOG01,LOT-0750,1266
9/30/2025,WH-YOG01,LOT-1023,933
9/30/2025,WH-YOG01,LOT-0420,1391
9/30/2025,WH-YOG01,LOT-0634,2413
9/30/2025,WH-YOG01,LOT-1008,1187
9/30/2025,WH-YOG01,LOT-0305,2059
9/30/2025,WH-YOG01,LOT-0532,2069
9/30/2025,WH-YOG01,LOT-0482,742
9/30/2025,WH-YOG01,LOT-0717,275
9/30/2025,WH-YOG01,LOT-1144,2173
9/30/2025,WH-YOG01,LOT-0864,2126
9/30/2025,WH-YOG01,LOT-0171,1145
9/30/2025,WH-YOG01,LOT-1006,2413
9/30/2025,WH-YOG01,LOT-0840,1729
9/30/2025,WH-YOG01,LOT-1096,2208
9/30/2025,WH-YOG01,LOT-0347,105
9/30/2025,WH-YOG01,LOT-0335,1669
9/30/2025,WH-YOG01,LOT-0651,1669
9/30/2025,WH-YOG01,LOT-0208,1073
9/30/2025,WH-YOG01,LOT-0259,84
9/30/2025,WH-YOG01,LOT-0940,1432
9/30/2025,WH-YOG01,LOT-0376,412
9/30/2025,WH-YOG01,LOT-0808,422
9/30/2025,WH-YOG01,LOT-0928,189
9/30/2025,WH-YOG01,LOT-0008,754
9/30/2025,WH-YOG01,LOT-1044,383
9/30/2025,WH-YOG01,LOT-0803,669
9/30/2025,WH-YOG01,LOT-0857,1529
9/30/2025,WH-YOG01,LOT-0794,1283
9/30/2025,WH-YOG01,LOT-0720,813
9/30/2025,WH-YOG01,LOT-0820,1152
9/30/2025,WH-YOG01,LOT-0313,346
9/30/2025,WH-YOG01,LOT-0267,773
9/30/2025,WH-YOG01,LOT-0566,1022
9/30/2025,WH-YOG01,LOT-0157,130
9/30/2025,WH-YOG01,LOT-0906,495
9/30/2025,WH-YOG01,LOT-0838,1654
9/30/2025,WH-YOG01,LOT-1118,218
9/30/2025,WH-YOG01,LOT-1046,1283
9/30/2025,WH-YOG01,LOT-0553,2172
9/30/2025,WH-YOG01,LOT-0601,1746
9/30/2025,WH-YOG01,LOT-0970,27
9/30/2025,WH-YOG01,LOT-0957,991
9/30/2025,WH-YOG01,LOT-0165,2044
9/30/2025,WH-YOG01,LOT-0327,592
9/30/2025,WH-YOG01,LOT-1185,421
9/30/2025,WH-YOG01,LOT-0124,2079
9/30/2025,WH-YOG01,LOT-0426,1587
9/30/2025,WH-YOG01,LOT-0741,226
9/30/2025,WH-YOG01,LOT-0031,249
9/30/2025,WH-YOG01,LOT-0075,839
9/30/2025,WH-YOG01,LOT-0846,678
9/30/2025,WH-YOG01,LOT-0223,265
9/30/2025,WH-YOG01,LOT-0622,835
9/30/2025,WH-YOG01,LOT-1026,440
9/30/2025,WH-YOG01,LOT-1159,2445
9/30/2025,WH-YOG01,LOT-0990,1839
9/30/2025,WH-YOG01,LOT-0618,2265
10/31/2025,WH-JKT01,LOT-0102,2150
10/31/2025,WH-JKT01,LOT-0165,1066
10/31/2025,WH-JKT01,LOT-0184,651
10/31/2025,WH-JKT01,LOT-0566,1165
10/31/2025,WH-JKT01,LOT-0067,877
10/31/2025,WH-JKT01,LOT-0028,470
10/31/2025,WH-JKT01,LOT-0430,2214
10/31/2025,WH-JKT01,LOT-0610,919
10/31/2025,WH-JKT01,LOT-0973,2377
10/31/2025,WH-JKT01,LOT-0240,570
10/31/2025,WH-JKT01,LOT-0493,1191
10/31/2025,WH-JKT01,LOT-0220,2229
10/31/2025,WH-JKT01,LOT-1017,1209
10/31/2025,WH-JKT01,LOT-0203,2071
10/31/2025,WH-JKT01,LOT-0956,280
10/31/2025,WH-JKT01,LOT-1137,912
10/31/2025,WH-JKT01,LOT-0850,106
10/31/2025,WH-JKT01,LOT-0094,51
10/31/2025,WH-JKT01,LOT-0215,1244
10/31/2025,WH-JKT01,LOT-0795,448
10/31/2025,WH-JKT01,LOT-0319,1751
10/31/2025,WH-JKT01,LOT-0727,2470
10/31/2025,WH-JKT01,LOT-0105,315
10/31/2025,WH-JKT01,LOT-1040,73
10/31/2025,WH-JKT01,LOT-0530,1305
10/31/2025,WH-JKT01,LOT-0202,946
10/31/2025,WH-JKT01,LOT-1192,201
10/31/2025,WH-JKT01,LOT-0584,613
10/31/2025,WH-JKT01,LOT-1073,423
10/31/2025,WH-JKT01,LOT-0674,1518
10/31/2025,WH-JKT01,LOT-0747,301
10/31/2025,WH-JKT01,LOT-0020,1554
10/31/2025,WH-JKT01,LOT-0247,1960
10/31/2025,WH-JKT01,LOT-0158,1503
10/31/2025,WH-JKT01,LOT-0422,2263
10/31/2025,WH-JKT01,LOT-0897,1599
10/31/2025,WH-JKT01,LOT-0698,1201
10/31/2025,WH-JKT01,LOT-0458,1665
10/31/2025,WH-JKT01,LOT-0692,1013
10/31/2025,WH-JKT01,LOT-1086,956
10/31/2025,WH-JKT01,LOT-0340,1361
10/31/2025,WH-JKT01,LOT-0245,963
10/31/2025,WH-JKT01,LOT-0047,1279
10/31/2025,WH-JKT01,LOT-0968,2262
10/31/2025,WH-JKT01,LOT-0341,381
10/31/2025,WH-JKT01,LOT-1144,392
10/31/2025,WH-JKT01,LOT-1083,22
10/31/2025,WH-JKT01,LOT-0909,1344
10/31/2025,WH-JKT01,LOT-1071,79
10/31/2025,WH-JKT01,LOT-0008,495
10/31/2025,WH-JKT01,LOT-0966,1141
10/31/2025,WH-JKT01,LOT-0282,2052
10/31/2025,WH-JKT01,LOT-0959,1732
10/31/2025,WH-JKT01,LOT-0116,1073
10/31/2025,WH-JKT01,LOT-0465,646
10/31/2025,WH-JKT01,LOT-0230,2019
10/31/2025,WH-JKT01,LOT-0851,2080
10/31/2025,WH-JKT01,LOT-0217,2407
10/31/2025,WH-JKT01,LOT-0874,1748
10/31/2025,WH-JKT01,LOT-0057,510
10/31/2025,WH-JKT01,LOT-1132,1320
10/31/2025,WH-JKT01,LOT-1049,1945
10/31/2025,WH-JKT01,LOT-0228,1020
10/31/2025,WH-JKT01,LOT-0963,2270
10/31/2025,WH-JKT01,LOT-0317,1390
10/31/2025,WH-JKT01,LOT-0266,1324
10/31/2025,WH-JKT01,LOT-0416,465
10/31/2025,WH-JKT01,LOT-0787,570
10/31/2025,WH-JKT01,LOT-0515,2246
10/31/2025,WH-JKT01,LOT-0986,322
10/31/2025,WH-JKT01,LOT-1005,1849
10/31/2025,WH-JKT01,LOT-0248,2028
10/31/2025,WH-JKT01,LOT-1097,1359
10/31/2025,WH-JKT01,LOT-0406,413
10/31/2025,WH-JKT01,LOT-0994,558
10/31/2025,WH-JKT01,LOT-0694,969
10/31/2025,WH-JKT01,LOT-0083,2435
10/31/2025,WH-JKT01,LOT-0917,1534
10/31/2025,WH-JKT01,LOT-0859,2315
10/31/2025,WH-JKT01,LOT-1147,2048
10/31/2025,WH-JKT01,LOT-0218,2085
10/31/2025,WH-JKT01,LOT-0015,413
10/31/2025,WH-JKT01,LOT-0373,1408
10/31/2025,WH-JKT01,LOT-0588,1493
10/31/2025,WH-JKT01,LOT-1121,1073
10/31/2025,WH-JKT01,LOT-0031,643
10/31/2025,WH-JKT01,LOT-1125,1551
10/31/2025,WH-JKT01,LOT-0751,196
10/31/2025,WH-JKT01,LOT-0721,2461
10/31/2025,WH-JKT01,LOT-0954,1901
10/31/2025,WH-JKT01,LOT-1026,668
10/31/2025,WH-JKT01,LOT-0065,940
10/31/2025,WH-JKT01,LOT-0348,1580
10/31/2025,WH-JKT01,LOT-0527,87
10/31/2025,WH-JKT01,LOT-0601,638
10/31/2025,WH-JKT01,LOT-0398,1220
10/31/2025,WH-JKT01,LOT-0277,1208
10/31/2025,WH-JKT01,LOT-0437,1792
10/31/2025,WH-JKT01,LOT-0810,1524
10/31/2025,WH-JKT01,LOT-0382,1157
10/31/2025,WH-JKT01,LOT-0333,1741
10/31/2025,WH-JKT01,LOT-0249,1904
10/31/2025,WH-JKT01,LOT-0801,1929
10/31/2025,WH-JKT01,LOT-1199,588
10/31/2025,WH-JKT01,LOT-0078,160
10/31/2025,WH-JKT01,LOT-0788,1476
10/31/2025,WH-JKT01,LOT-0784,274
10/31/2025,WH-JKT01,LOT-1130,1818
10/31/2025,WH-JKT01,LOT-0722,426
10/31/2025,WH-JKT01,LOT-0934,121
10/31/2025,WH-JKT01,LOT-0532,1896
10/31/2025,WH-JKT01,LOT-0816,843
10/31/2025,WH-JKT01,LOT-0967,260
10/31/2025,WH-JKT01,LOT-0041,2058
10/31/2025,WH-JKT01,LOT-0797,1909
10/31/2025,WH-JKT01,LOT-0907,511
10/31/2025,WH-JKT01,LOT-0731,1491
10/31/2025,WH-JKT01,LOT-0136,1583
10/31/2025,WH-JKT01,LOT-0895,1089
10/31/2025,WH-JKT01,LOT-0243,1978
10/31/2025,WH-JKT01,LOT-0504,2187
10/31/2025,WH-JKT01,LOT-1184,951
10/31/2025,WH-JKT01,LOT-0291,1980
10/31/2025,WH-JKT01,LOT-0660,260
10/31/2025,WH-JKT01,LOT-0113,896
10/31/2025,WH-JKT01,LOT-0237,410
10/31/2025,WH-JKT01,LOT-0833,2003
10/31/2025,WH-JKT01,LOT-0611,1312
10/31/2025,WH-JKT01,LOT-0298,1267
10/31/2025,WH-JKT01,LOT-0796,944
10/31/2025,WH-JKT01,LOT-0149,2181
10/31/2025,WH-JKT01,LOT-0010,75
10/31/2025,WH-JKT01,LOT-0984,770
10/31/2025,WH-JKT01,LOT-0446,1821
10/31/2025,WH-JKT01,LOT-0405,1224
10/31/2025,WH-JKT01,LOT-0746,308
10/31/2025,WH-JKT01,LOT-0096,1245
10/31/2025,WH-SBY01,LOT-0665,2379
10/31/2025,WH-SBY01,LOT-0941,42
10/31/2025,WH-SBY01,LOT-0371,859
10/31/2025,WH-SBY01,LOT-0786,2404
10/31/2025,WH-SBY01,LOT-0103,743
10/31/2025,WH-SBY01,LOT-0332,776
10/31/2025,WH-SBY01,LOT-1153,131
10/31/2025,WH-SBY01,LOT-0354,748
10/31/2025,WH-SBY01,LOT-0681,1702
10/31/2025,WH-SBY01,LOT-0532,2339
10/31/2025,WH-SBY01,LOT-0808,2261
10/31/2025,WH-SBY01,LOT-1082,66
10/31/2025,WH-SBY01,LOT-0825,401
10/31/2025,WH-SBY01,LOT-0303,1100
10/31/2025,WH-SBY01,LOT-0924,765
10/31/2025,WH-SBY01,LOT-0381,1638
10/31/2025,WH-SBY01,LOT-1137,1110
10/31/2025,WH-SBY01,LOT-1058,2039
10/31/2025,WH-SBY01,LOT-0615,327
10/31/2025,WH-SBY01,LOT-0094,258
10/31/2025,WH-SBY01,LOT-0919,1739
10/31/2025,WH-SBY01,LOT-0854,2247
10/31/2025,WH-SBY01,LOT-0878,113
10/31/2025,WH-SBY01,LOT-0514,302
10/31/2025,WH-SBY01,LOT-0279,1855
10/31/2025,WH-SBY01,LOT-0022,1912
10/31/2025,WH-SBY01,LOT-0913,89
10/31/2025,WH-SBY01,LOT-0773,894
10/31/2025,WH-SBY01,LOT-0424,339
10/31/2025,WH-SBY01,LOT-0295,1648
10/31/2025,WH-SBY01,LOT-0980,804
10/31/2025,WH-SBY01,LOT-0139,1835
10/31/2025,WH-SBY01,LOT-0423,171
10/31/2025,WH-SBY01,LOT-0693,1412
10/31/2025,WH-SBY01,LOT-0427,54
10/31/2025,WH-SBY01,LOT-1124,144
10/31/2025,WH-SBY01,LOT-0822,1202
10/31/2025,WH-SBY01,LOT-0975,2399
10/31/2025,WH-SBY01,LOT-0856,822
10/31/2025,WH-SBY01,LOT-0284,864
10/31/2025,WH-SBY01,LOT-0734,766
10/31/2025,WH-SBY01,LOT-0257,1702
10/31/2025,WH-SBY01,LOT-0447,1889
10/31/2025,WH-SBY01,LOT-1084,761
10/31/2025,WH-SBY01,LOT-0884,1049
10/31/2025,WH-SBY01,LOT-1033,1155
10/31/2025,WH-SBY01,LOT-0974,1553
10/31/2025,WH-SBY01,LOT-0107,2375
10/31/2025,WH-SBY01,LOT-0833,926
10/31/2025,WH-SBY01,LOT-0062,473
10/31/2025,WH-SBY01,LOT-0540,1814
10/31/2025,WH-SBY01,LOT-1059,664
10/31/2025,WH-SBY01,LOT-1072,2316
10/31/2025,WH-SBY01,LOT-0806,1151
10/31/2025,WH-SBY01,LOT-0479,1826
10/31/2025,WH-SBY01,LOT-0362,1784
10/31/2025,WH-SBY01,LOT-0118,999
10/31/2025,WH-SBY01,LOT-0686,2284
10/31/2025,WH-SBY01,LOT-0759,31
10/31/2025,WH-SBY01,LOT-0482,2221
10/31/2025,WH-SBY01,LOT-0013,920
10/31/2025,WH-SBY01,LOT-0711,2315
10/31/2025,WH-SBY01,LOT-0053,143
10/31/2025,WH-SBY01,LOT-1075,1638
10/31/2025,WH-SBY01,LOT-0297,1341
10/31/2025,WH-SBY01,LOT-0972,1075
10/31/2025,WH-SBY01,LOT-0410,259
10/31/2025,WH-SBY01,LOT-1184,650
10/31/2025,WH-SBY01,LOT-0857,1442
10/31/2025,WH-SBY01,LOT-0172,2262
10/31/2025,WH-SBY01,LOT-0671,1341
10/31/2025,WH-SBY01,LOT-0921,455
10/31/2025,WH-SBY01,LOT-0879,2482
10/31/2025,WH-SBY01,LOT-0528,906
10/31/2025,WH-SBY01,LOT-0019,2486
10/31/2025,WH-SBY01,LOT-0644,931
10/31/2025,WH-SBY01,LOT-0393,531
10/31/2025,WH-SBY01,LOT-0659,1902
10/31/2025,WH-SBY01,LOT-0843,657
10/31/2025,WH-SBY01,LOT-0923,2030
10/31/2025,WH-SBY01,LOT-0119,748
10/31/2025,WH-SBY01,LOT-0971,2225
10/31/2025,WH-SBY01,LOT-1025,366
10/31/2025,WH-SBY01,LOT-0949,665
10/31/2025,WH-SBY01,LOT-1024,2355
10/31/2025,WH-SBY01,LOT-0695,492
10/31/2025,WH-SBY01,LOT-0706,1597
10/31/2025,WH-SBY01,LOT-0522,920
10/31/2025,WH-SBY01,LOT-0326,1435
10/31/2025,WH-SBY01,LOT-0894,205
10/31/2025,WH-SBY01,LOT-0158,1232
10/31/2025,WH-SBY01,LOT-0057,2316
10/31/2025,WH-SBY01,LOT-0495,1768
10/31/2025,WH-SBY01,LOT-1080,253
10/31/2025,WH-SBY01,LOT-0302,523
10/31/2025,WH-SBY01,LOT-0977,1773
10/31/2025,WH-SBY01,LOT-0431,1729
10/31/2025,WH-SBY01,LOT-0267,1863
10/31/2025,WH-SBY01,LOT-0933,1628
10/31/2025,WH-SBY01,LOT-0370,1366
10/31/2025,WH-SBY01,LOT-0123,713
10/31/2025,WH-SBY01,LOT-0361,1868
10/31/2025,WH-SBY01,LOT-0360,690
10/31/2025,WH-SBY01,LOT-0988,2274
10/31/2025,WH-SBY01,LOT-0212,1254
10/31/2025,WH-SBY01,LOT-0218,1467
10/31/2025,WH-SBY01,LOT-0154,851
10/31/2025,WH-SBY01,LOT-0952,2418
10/31/2025,WH-SBY01,LOT-0760,2013
10/31/2025,WH-SBY01,LOT-1004,1094
10/31/2025,WH-SBY01,LOT-0873,2411
10/31/2025,WH-SBY01,LOT-0248,1540
10/31/2025,WH-SBY01,LOT-1008,105
10/31/2025,WH-SBY01,LOT-0219,1864
10/31/2025,WH-SBY01,LOT-0867,12
10/31/2025,WH-SBY01,LOT-0337,2081
10/31/2025,WH-SBY01,LOT-0604,2246
10/31/2025,WH-SBY01,LOT-0323,1791
10/31/2025,WH-SBY01,LOT-1113,1244
10/31/2025,WH-SBY01,LOT-0762,21
10/31/2025,WH-SBY01,LOT-0234,1724
10/31/2025,WH-SBY01,LOT-0592,2038
10/31/2025,WH-SBY01,LOT-0550,1498
10/31/2025,WH-SBY01,LOT-1132,1700
10/31/2025,WH-SBY01,LOT-0828,98
10/31/2025,WH-SBY01,LOT-1182,704
10/31/2025,WH-SBY01,LOT-1134,192
10/31/2025,WH-SBY01,LOT-0477,2244
10/31/2025,WH-SBY01,LOT-0067,51
10/31/2025,WH-SBY01,LOT-0768,433
10/31/2025,WH-SBY01,LOT-0213,2324
10/31/2025,WH-SBY01,LOT-0871,713
10/31/2025,WH-BDG01,LOT-0096,690
10/31/2025,WH-BDG01,LOT-0340,443
10/31/2025,WH-BDG01,LOT-0382,267
10/31/2025,WH-BDG01,LOT-0160,1459
10/31/2025,WH-BDG01,LOT-0761,953
10/31/2025,WH-BDG01,LOT-0613,1369
10/31/2025,WH-BDG01,LOT-0488,1462
10/31/2025,WH-BDG01,LOT-0067,50
10/31/2025,WH-BDG01,LOT-0573,1311
10/31/2025,WH-BDG01,LOT-0531,395
10/31/2025,WH-BDG01,LOT-1111,1119
10/31/2025,WH-BDG01,LOT-1173,869
10/31/2025,WH-BDG01,LOT-0071,581
10/31/2025,WH-BDG01,LOT-1198,421
10/31/2025,WH-BDG01,LOT-0462,2393
10/31/2025,WH-BDG01,LOT-0356,440
10/31/2025,WH-BDG01,LOT-0322,1236
10/31/2025,WH-BDG01,LOT-0714,983
10/31/2025,WH-BDG01,LOT-0395,212
10/31/2025,WH-BDG01,LOT-0507,2129
10/31/2025,WH-BDG01,LOT-0423,1818
10/31/2025,WH-BDG01,LOT-0355,1997
10/31/2025,WH-BDG01,LOT-0014,2431
10/31/2025,WH-BDG01,LOT-0344,1898
10/31/2025,WH-BDG01,LOT-0502,582
10/31/2025,WH-BDG01,LOT-0733,1078
10/31/2025,WH-BDG01,LOT-0138,1919
10/31/2025,WH-BDG01,LOT-0084,2489
10/31/2025,WH-BDG01,LOT-0316,529
10/31/2025,WH-BDG01,LOT-0767,1543
10/31/2025,WH-BDG01,LOT-0679,1039
10/31/2025,WH-BDG01,LOT-0705,547
10/31/2025,WH-BDG01,LOT-0122,638
10/31/2025,WH-BDG01,LOT-0233,392
10/31/2025,WH-BDG01,LOT-0464,2065
10/31/2025,WH-BDG01,LOT-0692,2243
10/31/2025,WH-BDG01,LOT-0581,977
10/31/2025,WH-BDG01,LOT-0673,1051
10/31/2025,WH-BDG01,LOT-0069,1326
10/31/2025,WH-BDG01,LOT-0463,2220
10/31/2025,WH-BDG01,LOT-0830,458
10/31/2025,WH-BDG01,LOT-1190,2429
10/31/2025,WH-BDG01,LOT-1033,748
10/31/2025,WH-BDG01,LOT-1136,40
10/31/2025,WH-BDG01,LOT-1148,1249
10/31/2025,WH-BDG01,LOT-0584,2233
10/31/2025,WH-BDG01,LOT-0427,1988
10/31/2025,WH-BDG01,LOT-0397,2027
10/31/2025,WH-BDG01,LOT-0503,179
10/31/2025,WH-BDG01,LOT-0333,1777
10/31/2025,WH-BDG01,LOT-0604,2028
10/31/2025,WH-BDG01,LOT-0505,1575
10/31/2025,WH-BDG01,LOT-0808,2363
10/31/2025,WH-BDG01,LOT-0335,822
10/31/2025,WH-BDG01,LOT-0874,865
10/31/2025,WH-BDG01,LOT-0271,970
10/31/2025,WH-BDG01,LOT-0015,706
10/31/2025,WH-BDG01,LOT-1101,2422
10/31/2025,WH-BDG01,LOT-0055,2424
10/31/2025,WH-BDG01,LOT-0711,2296
10/31/2025,WH-BDG01,LOT-1156,1771
10/31/2025,WH-BDG01,LOT-1103,1461
10/31/2025,WH-BDG01,LOT-0473,400
10/31/2025,WH-BDG01,LOT-0251,1476
10/31/2025,WH-BDG01,LOT-0259,244
10/31/2025,WH-BDG01,LOT-0552,689
10/31/2025,WH-BDG01,LOT-0554,1403
10/31/2025,WH-BDG01,LOT-0186,1923
10/31/2025,WH-BDG01,LOT-0332,2233
10/31/2025,WH-BDG01,LOT-1188,1197
10/31/2025,WH-BDG01,LOT-0118,1784
10/31/2025,WH-BDG01,LOT-0910,1136
10/31/2025,WH-BDG01,LOT-0683,244
10/31/2025,WH-BDG01,LOT-0805,2138
10/31/2025,WH-BDG01,LOT-0642,1376
10/31/2025,WH-BDG01,LOT-0275,2072
10/31/2025,WH-BDG01,LOT-0116,1481
10/31/2025,WH-BDG01,LOT-0242,2169
10/31/2025,WH-BDG01,LOT-0293,2182
10/31/2025,WH-BDG01,LOT-0498,796
10/31/2025,WH-BDG01,LOT-1017,2227
10/31/2025,WH-BDG01,LOT-0823,713
10/31/2025,WH-BDG01,LOT-0406,1323
10/31/2025,WH-BDG01,LOT-0155,1800
10/31/2025,WH-BDG01,LOT-0986,1967
10/31/2025,WH-BDG01,LOT-0942,562
10/31/2025,WH-BDG01,LOT-0633,1666
10/31/2025,WH-BDG01,LOT-0762,714
10/31/2025,WH-BDG01,LOT-0570,83
10/31/2025,WH-BDG01,LOT-0328,2090
10/31/2025,WH-BDG01,LOT-0135,1100
10/31/2025,WH-BDG01,LOT-0031,1639
10/31/2025,WH-BDG01,LOT-0787,1985
10/31/2025,WH-BDG01,LOT-0374,523
10/31/2025,WH-BDG01,LOT-0550,2404
10/31/2025,WH-BDG01,LOT-0191,699
10/31/2025,WH-BDG01,LOT-1160,1494
10/31/2025,WH-BDG01,LOT-0417,1259
10/31/2025,WH-BDG01,LOT-0918,897
10/31/2025,WH-BDG01,LOT-0701,1316
10/31/2025,WH-BDG01,LOT-0201,1538
10/31/2025,WH-BDG01,LOT-0272,338
10/31/2025,WH-BDG01,LOT-0371,2408
10/31/2025,WH-BDG01,LOT-0811,1614
10/31/2025,WH-BDG01,LOT-0915,701
10/31/2025,WH-BDG01,LOT-0156,2285
10/31/2025,WH-BDG01,LOT-0470,661
10/31/2025,WH-BDG01,LOT-0205,717
10/31/2025,WH-BDG01,LOT-0987,761
10/31/2025,WH-BDG01,LOT-0763,1445
10/31/2025,WH-BDG01,LOT-0476,45
10/31/2025,WH-BDG01,LOT-0821,445
10/31/2025,WH-BDG01,LOT-0263,2194
10/31/2025,WH-BDG01,LOT-0868,761
10/31/2025,WH-BDG01,LOT-0562,1454
10/31/2025,WH-BDG01,LOT-0970,1671
10/31/2025,WH-BDG01,LOT-0653,698
10/31/2025,WH-BDG01,LOT-0310,1238
10/31/2025,WH-BDG01,LOT-1042,1841
10/31/2025,WH-BDG01,LOT-0817,714
10/31/2025,WH-BDG01,LOT-0516,2272
10/31/2025,WH-BDG01,LOT-0785,1694
10/31/2025,WH-BDG01,LOT-0211,782
10/31/2025,WH-BDG01,LOT-0291,2422
10/31/2025,WH-BDG01,LOT-0053,1041
10/31/2025,WH-BDG01,LOT-0872,748
10/31/2025,WH-BDG01,LOT-0247,62
10/31/2025,WH-BDG01,LOT-0919,381
10/31/2025,WH-BDG01,LOT-0469,704
10/31/2025,WH-BDG01,LOT-0010,675
10/31/2025,WH-BDG01,LOT-1170,1016
10/31/2025,WH-BDG01,LOT-0325,1130
10/31/2025,WH-BDG01,LOT-1092,367
10/31/2025,WH-BDG01,LOT-0551,1187
10/31/2025,WH-BDG01,LOT-0646,2343
10/31/2025,WH-BDG01,LOT-0282,2358
10/31/2025,WH-BDG01,LOT-0126,726
10/31/2025,WH-BDG01,LOT-0392,2443
10/31/2025,WH-SMG01,LOT-0028,1934
10/31/2025,WH-SMG01,LOT-0856,1600
10/31/2025,WH-SMG01,LOT-0808,2153
10/31/2025,WH-SMG01,LOT-0349,1492
10/31/2025,WH-SMG01,LOT-0909,1962
10/31/2025,WH-SMG01,LOT-0082,1731
10/31/2025,WH-SMG01,LOT-0276,139
10/31/2025,WH-SMG01,LOT-0840,1738
10/31/2025,WH-SMG01,LOT-0817,863
10/31/2025,WH-SMG01,LOT-0001,1038
10/31/2025,WH-SMG01,LOT-0538,2485
10/31/2025,WH-SMG01,LOT-0702,1207
10/31/2025,WH-SMG01,LOT-0108,747
10/31/2025,WH-SMG01,LOT-1190,194
10/31/2025,WH-SMG01,LOT-0740,1146
10/31/2025,WH-SMG01,LOT-0882,1765
10/31/2025,WH-SMG01,LOT-0398,294
10/31/2025,WH-SMG01,LOT-0380,1948
10/31/2025,WH-SMG01,LOT-0137,1352
10/31/2025,WH-SMG01,LOT-0978,1403
10/31/2025,WH-SMG01,LOT-0584,419
10/31/2025,WH-SMG01,LOT-0081,2105
10/31/2025,WH-SMG01,LOT-0039,2264
10/31/2025,WH-SMG01,LOT-0475,1817
10/31/2025,WH-SMG01,LOT-0154,90
10/31/2025,WH-SMG01,LOT-0103,364
10/31/2025,WH-SMG01,LOT-0173,2035
10/31/2025,WH-SMG01,LOT-1178,2322
10/31/2025,WH-SMG01,LOT-0450,783
10/31/2025,WH-SMG01,LOT-0504,716
10/31/2025,WH-SMG01,LOT-0760,1237
10/31/2025,WH-SMG01,LOT-0412,758
10/31/2025,WH-SMG01,LOT-1104,178
10/31/2025,WH-SMG01,LOT-0364,700
10/31/2025,WH-SMG01,LOT-0329,1185
10/31/2025,WH-SMG01,LOT-0611,2305
10/31/2025,WH-SMG01,LOT-0950,907
10/31/2025,WH-SMG01,LOT-0192,1833
10/31/2025,WH-SMG01,LOT-0178,1270
10/31/2025,WH-SMG01,LOT-0456,1102
10/31/2025,WH-SMG01,LOT-0783,1104
10/31/2025,WH-SMG01,LOT-0012,328
10/31/2025,WH-SMG01,LOT-0096,2042
10/31/2025,WH-SMG01,LOT-0860,699
10/31/2025,WH-SMG01,LOT-0044,907
10/31/2025,WH-SMG01,LOT-1084,1110
10/31/2025,WH-SMG01,LOT-0295,1424
10/31/2025,WH-SMG01,LOT-0945,1764
10/31/2025,WH-SMG01,LOT-0996,1383
10/31/2025,WH-SMG01,LOT-0077,814
10/31/2025,WH-SMG01,LOT-0657,2062
10/31/2025,WH-SMG01,LOT-0820,1602
10/31/2025,WH-SMG01,LOT-0576,2355
10/31/2025,WH-SMG01,LOT-0228,1056
10/31/2025,WH-SMG01,LOT-0857,1847
10/31/2025,WH-SMG01,LOT-0113,2345
10/31/2025,WH-SMG01,LOT-0971,54
10/31/2025,WH-SMG01,LOT-0893,687
10/31/2025,WH-SMG01,LOT-0266,1480
10/31/2025,WH-SMG01,LOT-0801,1211
10/31/2025,WH-SMG01,LOT-0577,2205
10/31/2025,WH-SMG01,LOT-0448,1524
10/31/2025,WH-SMG01,LOT-1077,933
10/31/2025,WH-SMG01,LOT-0725,1560
10/31/2025,WH-SMG01,LOT-0022,570
10/31/2025,WH-SMG01,LOT-0031,1722
10/31/2025,WH-SMG01,LOT-1173,2301
10/31/2025,WH-SMG01,LOT-0667,2335
10/31/2025,WH-SMG01,LOT-0468,179
10/31/2025,WH-SMG01,LOT-0949,1160
10/31/2025,WH-SMG01,LOT-0356,1925
10/31/2025,WH-SMG01,LOT-0410,718
10/31/2025,WH-SMG01,LOT-0556,820
10/31/2025,WH-SMG01,LOT-0868,2122
10/31/2025,WH-SMG01,LOT-0185,1787
10/31/2025,WH-SMG01,LOT-0911,1100
10/31/2025,WH-SMG01,LOT-0872,268
10/31/2025,WH-SMG01,LOT-0301,59
10/31/2025,WH-SMG01,LOT-0457,23
10/31/2025,WH-SMG01,LOT-0422,2449
10/31/2025,WH-SMG01,LOT-0406,1398
10/31/2025,WH-SMG01,LOT-0841,940
10/31/2025,WH-SMG01,LOT-0235,2061
10/31/2025,WH-SMG01,LOT-0026,1391
10/31/2025,WH-SMG01,LOT-0531,1291
10/31/2025,WH-SMG01,LOT-0580,1983
10/31/2025,WH-SMG01,LOT-0191,1107
10/31/2025,WH-SMG01,LOT-0892,724
10/31/2025,WH-SMG01,LOT-0614,384
10/31/2025,WH-SMG01,LOT-0282,1610
10/31/2025,WH-SMG01,LOT-0204,1150
10/31/2025,WH-SMG01,LOT-0797,970
10/31/2025,WH-SMG01,LOT-0715,1325
10/31/2025,WH-SMG01,LOT-0566,2426
10/31/2025,WH-SMG01,LOT-0590,2481
10/31/2025,WH-SMG01,LOT-0239,75
10/31/2025,WH-SMG01,LOT-0403,143
10/31/2025,WH-SMG01,LOT-0942,2392
10/31/2025,WH-SMG01,LOT-0366,912
10/31/2025,WH-SMG01,LOT-0951,1963
10/31/2025,WH-BKS01,LOT-0160,2376
10/31/2025,WH-BKS01,LOT-0537,70
10/31/2025,WH-BKS01,LOT-0876,1953
10/31/2025,WH-BKS01,LOT-0103,795
10/31/2025,WH-BKS01,LOT-0625,2386
10/31/2025,WH-BKS01,LOT-1001,2391
10/31/2025,WH-BKS01,LOT-0841,736
10/31/2025,WH-BKS01,LOT-0193,2094
10/31/2025,WH-BKS01,LOT-0602,338
10/31/2025,WH-BKS01,LOT-0455,2330
10/31/2025,WH-BKS01,LOT-0934,2207
10/31/2025,WH-BKS01,LOT-1035,664
10/31/2025,WH-BKS01,LOT-1071,2019
10/31/2025,WH-BKS01,LOT-0565,501
10/31/2025,WH-BKS01,LOT-0435,2311
10/31/2025,WH-BKS01,LOT-0937,640
10/31/2025,WH-BKS01,LOT-0105,1724
10/31/2025,WH-BKS01,LOT-0812,1332
10/31/2025,WH-BKS01,LOT-0769,845
10/31/2025,WH-BKS01,LOT-0169,965
10/31/2025,WH-BKS01,LOT-1111,1909
10/31/2025,WH-BKS01,LOT-0925,380
10/31/2025,WH-BKS01,LOT-0720,1884
10/31/2025,WH-BKS01,LOT-0852,34
10/31/2025,WH-BKS01,LOT-0526,2196
10/31/2025,WH-BKS01,LOT-0849,1742
10/31/2025,WH-BKS01,LOT-0958,1271
10/31/2025,WH-BKS01,LOT-0270,1084
10/31/2025,WH-BKS01,LOT-0795,712
10/31/2025,WH-BKS01,LOT-0479,1669
10/31/2025,WH-BKS01,LOT-0828,2415
10/31/2025,WH-BKS01,LOT-1134,1205
10/31/2025,WH-BKS01,LOT-0138,656
10/31/2025,WH-BKS01,LOT-0754,133
10/31/2025,WH-BKS01,LOT-0609,854
10/31/2025,WH-BKS01,LOT-0179,2432
10/31/2025,WH-BKS01,LOT-1064,2203
10/31/2025,WH-BKS01,LOT-0764,970
10/31/2025,WH-BKS01,LOT-1060,366
10/31/2025,WH-BKS01,LOT-1170,982
10/31/2025,WH-BKS01,LOT-0069,1348
10/31/2025,WH-BKS01,LOT-0123,1248
10/31/2025,WH-BKS01,LOT-0306,2473
10/31/2025,WH-BKS01,LOT-0928,88
10/31/2025,WH-BKS01,LOT-0974,472
10/31/2025,WH-BKS01,LOT-0342,1166
10/31/2025,WH-BKS01,LOT-1182,1479
10/31/2025,WH-BKS01,LOT-0226,2326
10/31/2025,WH-BKS01,LOT-0023,1724
10/31/2025,WH-BKS01,LOT-1059,1851
10/31/2025,WH-BKS01,LOT-0631,119
10/31/2025,WH-BKS01,LOT-0686,1568
10/31/2025,WH-BKS01,LOT-0084,2462
10/31/2025,WH-BKS01,LOT-0931,745
10/31/2025,WH-BKS01,LOT-1152,270
10/31/2025,WH-BKS01,LOT-0789,1402
10/31/2025,WH-BKS01,LOT-0042,2216
10/31/2025,WH-BKS01,LOT-0595,1808
10/31/2025,WH-BKS01,LOT-0484,787
10/31/2025,WH-BKS01,LOT-0745,18
10/31/2025,WH-BKS01,LOT-0844,1516
10/31/2025,WH-BKS01,LOT-0878,1068
10/31/2025,WH-BKS01,LOT-0692,2497
10/31/2025,WH-BKS01,LOT-0075,2182
10/31/2025,WH-BKS01,LOT-0467,675
10/31/2025,WH-BKS01,LOT-0508,1122
10/31/2025,WH-BKS01,LOT-0910,960
10/31/2025,WH-BKS01,LOT-0547,2309
10/31/2025,WH-BKS01,LOT-0871,2109
10/31/2025,WH-BKS01,LOT-1043,1148
10/31/2025,WH-BKS01,LOT-0504,1014
10/31/2025,WH-BKS01,LOT-0433,232
10/31/2025,WH-BKS01,LOT-0056,610
10/31/2025,WH-BKS01,LOT-0990,318
10/31/2025,WH-BKS01,LOT-0902,1918
10/31/2025,WH-BKS01,LOT-0046,2216
10/31/2025,WH-BKS01,LOT-0829,467
10/31/2025,WH-BKS01,LOT-0965,1706
10/31/2025,WH-BKS01,LOT-0247,1941
10/31/2025,WH-BKS01,LOT-1123,2066
10/31/2025,WH-BKS01,LOT-0278,32
10/31/2025,WH-BKS01,LOT-0375,1592
10/31/2025,WH-BKS01,LOT-0376,1553
10/31/2025,WH-BKS01,LOT-0862,1120
10/31/2025,WH-BKS01,LOT-1177,918
10/31/2025,WH-BKS01,LOT-0576,476
10/31/2025,WH-BKS01,LOT-0167,1417
10/31/2025,WH-BKS01,LOT-0034,2171
10/31/2025,WH-BKS01,LOT-1049,2385
10/31/2025,WH-BKS01,LOT-0926,222
10/31/2025,WH-BKS01,LOT-1041,431
10/31/2025,WH-BKS01,LOT-1039,1564
10/31/2025,WH-BKS01,LOT-0883,1044
10/31/2025,WH-BKS01,LOT-0674,2389
10/31/2025,WH-BKS01,LOT-0447,591
10/31/2025,WH-BKS01,LOT-1029,2103
10/31/2025,WH-BKS01,LOT-0675,391
10/31/2025,WH-BKS01,LOT-0096,1355
10/31/2025,WH-BKS01,LOT-0794,16
10/31/2025,WH-BKS01,LOT-0421,828
10/31/2025,WH-BKS01,LOT-1173,1848
10/31/2025,WH-BKS01,LOT-0850,199
10/31/2025,WH-BKS01,LOT-0419,478
10/31/2025,WH-BKS01,LOT-0624,1959
10/31/2025,WH-BKS01,LOT-0347,232
10/31/2025,WH-BKS01,LOT-1055,2463
10/31/2025,WH-BKS01,LOT-1032,649
10/31/2025,WH-BKS01,LOT-0987,1698
10/31/2025,WH-BKS01,LOT-0819,1232
10/31/2025,WH-BKS01,LOT-0050,184
10/31/2025,WH-BKS01,LOT-0645,1837
10/31/2025,WH-BKS01,LOT-0661,206
10/31/2025,WH-BKS01,LOT-0045,843
10/31/2025,WH-BKS01,LOT-0620,137
10/31/2025,WH-BKS01,LOT-0283,2111
10/31/2025,WH-BKS01,LOT-0285,2219
10/31/2025,WH-BKS01,LOT-0242,138
10/31/2025,WH-BKS01,LOT-0933,2130
10/31/2025,WH-BKS01,LOT-0121,278
10/31/2025,WH-BKS01,LOT-0538,1870
10/31/2025,WH-BKS01,LOT-1149,662
10/31/2025,WH-BKS01,LOT-0866,1657
10/31/2025,WH-BKS01,LOT-1117,625
10/31/2025,WH-BKS01,LOT-0823,2175
10/31/2025,WH-BKS01,LOT-0907,688
10/31/2025,WH-BKS01,LOT-0061,2470
10/31/2025,WH-BKS01,LOT-0834,1708
10/31/2025,WH-BKS01,LOT-0801,2263
10/31/2025,WH-BKS01,LOT-0422,722
10/31/2025,WH-BKS01,LOT-0383,1222
10/31/2025,WH-BKS01,LOT-0126,1235
10/31/2025,WH-BKS01,LOT-0143,2166
10/31/2025,WH-BKS01,LOT-0824,1346
10/31/2025,WH-BKS01,LOT-0334,133
10/31/2025,WH-TNG01,LOT-0040,55
10/31/2025,WH-TNG01,LOT-0938,1582
10/31/2025,WH-TNG01,LOT-0302,1717
10/31/2025,WH-TNG01,LOT-1058,1640
10/31/2025,WH-TNG01,LOT-1040,307
10/31/2025,WH-TNG01,LOT-1187,1868
10/31/2025,WH-TNG01,LOT-0695,2341
10/31/2025,WH-TNG01,LOT-1158,2399
10/31/2025,WH-TNG01,LOT-0377,1681
10/31/2025,WH-TNG01,LOT-0957,734
10/31/2025,WH-TNG01,LOT-0565,784
10/31/2025,WH-TNG01,LOT-0182,1422
10/31/2025,WH-TNG01,LOT-0155,1554
10/31/2025,WH-TNG01,LOT-0859,2426
10/31/2025,WH-TNG01,LOT-1106,2470
10/31/2025,WH-TNG01,LOT-0005,642
10/31/2025,WH-TNG01,LOT-0867,2418
10/31/2025,WH-TNG01,LOT-0231,2480
10/31/2025,WH-TNG01,LOT-0789,2255
10/31/2025,WH-TNG01,LOT-0226,1025
10/31/2025,WH-TNG01,LOT-0352,892
10/31/2025,WH-TNG01,LOT-0968,1323
10/31/2025,WH-TNG01,LOT-0832,2274
10/31/2025,WH-TNG01,LOT-0803,1965
10/31/2025,WH-TNG01,LOT-0272,1647
10/31/2025,WH-TNG01,LOT-0032,2287
10/31/2025,WH-TNG01,LOT-1142,2118
10/31/2025,WH-TNG01,LOT-0068,1910
10/31/2025,WH-TNG01,LOT-1087,2039
10/31/2025,WH-TNG01,LOT-0274,1857
10/31/2025,WH-TNG01,LOT-0035,777
10/31/2025,WH-TNG01,LOT-0492,1534
10/31/2025,WH-TNG01,LOT-0246,1786
10/31/2025,WH-TNG01,LOT-0935,60
10/31/2025,WH-TNG01,LOT-0117,1243
10/31/2025,WH-TNG01,LOT-0359,507
10/31/2025,WH-TNG01,LOT-0863,1021
10/31/2025,WH-TNG01,LOT-0399,1053
10/31/2025,WH-TNG01,LOT-0542,2161
10/31/2025,WH-TNG01,LOT-0575,717
10/31/2025,WH-TNG01,LOT-0552,210
10/31/2025,WH-TNG01,LOT-0448,2153
10/31/2025,WH-TNG01,LOT-0668,1040
10/31/2025,WH-TNG01,LOT-0782,2500
10/31/2025,WH-TNG01,LOT-0519,1021
10/31/2025,WH-TNG01,LOT-0685,401
10/31/2025,WH-TNG01,LOT-1069,1350
10/31/2025,WH-TNG01,LOT-0993,829
10/31/2025,WH-TNG01,LOT-0013,2480
10/31/2025,WH-TNG01,LOT-0167,2172
10/31/2025,WH-TNG01,LOT-0366,786
10/31/2025,WH-TNG01,LOT-0023,2465
10/31/2025,WH-TNG01,LOT-0605,356
10/31/2025,WH-TNG01,LOT-0293,643
10/31/2025,WH-TNG01,LOT-0611,526
10/31/2025,WH-TNG01,LOT-0333,1658
10/31/2025,WH-TNG01,LOT-0766,50
10/31/2025,WH-TNG01,LOT-0441,130
10/31/2025,WH-TNG01,LOT-0836,28
10/31/2025,WH-TNG01,LOT-0039,282
10/31/2025,WH-TNG01,LOT-1200,1196
10/31/2025,WH-TNG01,LOT-0185,1228
10/31/2025,WH-TNG01,LOT-0320,213
10/31/2025,WH-TNG01,LOT-0457,1920
10/31/2025,WH-TNG01,LOT-0940,1643
10/31/2025,WH-TNG01,LOT-0746,611
10/31/2025,WH-TNG01,LOT-0510,285
10/31/2025,WH-TNG01,LOT-0019,1259
10/31/2025,WH-TNG01,LOT-0375,939
10/31/2025,WH-TNG01,LOT-1130,148
10/31/2025,WH-TNG01,LOT-0546,1174
10/31/2025,WH-TNG01,LOT-1168,2320
10/31/2025,WH-TNG01,LOT-0925,299
10/31/2025,WH-TNG01,LOT-0830,901
10/31/2025,WH-TNG01,LOT-0121,1240
10/31/2025,WH-TNG01,LOT-0512,494
10/31/2025,WH-TNG01,LOT-0772,78
10/31/2025,WH-TNG01,LOT-0920,846
10/31/2025,WH-TNG01,LOT-0002,2125
10/31/2025,WH-TNG01,LOT-0271,2364
10/31/2025,WH-TNG01,LOT-0602,2040
10/31/2025,WH-TNG01,LOT-0497,1326
10/31/2025,WH-TNG01,LOT-0769,633
10/31/2025,WH-TNG01,LOT-0652,2236
10/31/2025,WH-TNG01,LOT-0273,1935
10/31/2025,WH-TNG01,LOT-0632,552
10/31/2025,WH-TNG01,LOT-0087,145
10/31/2025,WH-TNG01,LOT-0721,2432
10/31/2025,WH-TNG01,LOT-0727,2222
10/31/2025,WH-TNG01,LOT-0456,1790
10/31/2025,WH-TNG01,LOT-0871,1350
10/31/2025,WH-TNG01,LOT-0524,1581
10/31/2025,WH-TNG01,LOT-1027,1227
10/31/2025,WH-TNG01,LOT-0163,664
10/31/2025,WH-TNG01,LOT-1092,564
10/31/2025,WH-TNG01,LOT-0901,1225
10/31/2025,WH-TNG01,LOT-0753,56
10/31/2025,WH-TNG01,LOT-0571,1359
10/31/2025,WH-TNG01,LOT-0034,629
10/31/2025,WH-TNG01,LOT-0498,237
10/31/2025,WH-TNG01,LOT-0820,2134
10/31/2025,WH-TNG01,LOT-0558,758
10/31/2025,WH-TNG01,LOT-1045,966
10/31/2025,WH-TNG01,LOT-1120,1389
10/31/2025,WH-TNG01,LOT-0301,960
10/31/2025,WH-TNG01,LOT-0244,136
10/31/2025,WH-TNG01,LOT-0722,2345
10/31/2025,WH-TNG01,LOT-0926,1994
10/31/2025,WH-TNG01,LOT-1021,1757
10/31/2025,WH-TNG01,LOT-1061,1763
10/31/2025,WH-TNG01,LOT-0757,429
10/31/2025,WH-TNG01,LOT-0567,1079
10/31/2025,WH-TNG01,LOT-0842,2298
10/31/2025,WH-TNG01,LOT-0312,1651
10/31/2025,WH-TNG01,LOT-0405,522
10/31/2025,WH-TNG01,LOT-0261,2338
10/31/2025,WH-TNG01,LOT-0473,2243
10/31/2025,WH-TNG01,LOT-0877,149
10/31/2025,WH-TNG01,LOT-0079,1525
10/31/2025,WH-TNG01,LOT-0781,1657
10/31/2025,WH-TNG01,LOT-0826,2197
10/31/2025,WH-TNG01,LOT-0950,549
10/31/2025,WH-TNG01,LOT-1084,27
10/31/2025,WH-TNG01,LOT-0582,358
10/31/2025,WH-TNG01,LOT-1199,1950
10/31/2025,WH-TNG01,LOT-0151,1502
10/31/2025,WH-TNG01,LOT-0265,1017
10/31/2025,WH-TNG01,LOT-0764,21
10/31/2025,WH-TNG01,LOT-1191,1847
10/31/2025,WH-TNG01,LOT-0636,1683
10/31/2025,WH-TNG01,LOT-1162,1685
10/31/2025,WH-TNG01,LOT-0357,421
10/31/2025,WH-TNG01,LOT-0277,2165
10/31/2025,WH-TNG01,LOT-0104,1773
10/31/2025,WH-TNG01,LOT-0526,2352
10/31/2025,WH-TNG01,LOT-0381,1374
10/31/2025,WH-TNG01,LOT-1075,1977
10/31/2025,WH-TNG01,LOT-0793,636
10/31/2025,WH-TNG01,LOT-0378,1199
10/31/2025,WH-TNG01,LOT-0340,37
10/31/2025,WH-TNG01,LOT-1155,1278
10/31/2025,WH-TNG01,LOT-0264,1025
10/31/2025,WH-BPR01,LOT-0630,1720
10/31/2025,WH-BPR01,LOT-1006,551
10/31/2025,WH-BPR01,LOT-0528,829
10/31/2025,WH-BPR01,LOT-0247,237
10/31/2025,WH-BPR01,LOT-0335,787
10/31/2025,WH-BPR01,LOT-0652,2487
10/31/2025,WH-BPR01,LOT-0462,1928
10/31/2025,WH-BPR01,LOT-0149,1238
10/31/2025,WH-BPR01,LOT-0398,1089
10/31/2025,WH-BPR01,LOT-0988,94
10/31/2025,WH-BPR01,LOT-0647,2070
10/31/2025,WH-BPR01,LOT-0829,2087
10/31/2025,WH-BPR01,LOT-0199,228
10/31/2025,WH-BPR01,LOT-0027,1779
10/31/2025,WH-BPR01,LOT-0107,2006
10/31/2025,WH-BPR01,LOT-1017,184
10/31/2025,WH-BPR01,LOT-1004,2080
10/31/2025,WH-BPR01,LOT-1016,2488
10/31/2025,WH-BPR01,LOT-0403,2297
10/31/2025,WH-BPR01,LOT-0348,1988
10/31/2025,WH-BPR01,LOT-0151,184
10/31/2025,WH-BPR01,LOT-0717,2453
10/31/2025,WH-BPR01,LOT-0128,698
10/31/2025,WH-BPR01,LOT-0463,178
10/31/2025,WH-BPR01,LOT-0859,491
10/31/2025,WH-BPR01,LOT-0177,2465
10/31/2025,WH-BPR01,LOT-1179,389
10/31/2025,WH-BPR01,LOT-0368,2225
10/31/2025,WH-BPR01,LOT-0093,1165
10/31/2025,WH-BPR01,LOT-0301,920
10/31/2025,WH-BPR01,LOT-0684,333
10/31/2025,WH-BPR01,LOT-1196,386
10/31/2025,WH-BPR01,LOT-0146,827
10/31/2025,WH-BPR01,LOT-0407,604
10/31/2025,WH-BPR01,LOT-1057,1606
10/31/2025,WH-BPR01,LOT-0992,1560
10/31/2025,WH-BPR01,LOT-0397,420
10/31/2025,WH-BPR01,LOT-0431,404
10/31/2025,WH-BPR01,LOT-0942,1383
10/31/2025,WH-BPR01,LOT-0083,2210
10/31/2025,WH-BPR01,LOT-0389,1139
10/31/2025,WH-BPR01,LOT-0611,2277
10/31/2025,WH-BPR01,LOT-0377,1396
10/31/2025,WH-BPR01,LOT-0602,2307
10/31/2025,WH-BPR01,LOT-0636,202
10/31/2025,WH-BPR01,LOT-0564,1414
10/31/2025,WH-BPR01,LOT-0919,677
10/31/2025,WH-BPR01,LOT-0587,1645
10/31/2025,WH-BPR01,LOT-1127,997
10/31/2025,WH-BPR01,LOT-0001,773
10/31/2025,WH-BPR01,LOT-0555,498
10/31/2025,WH-BPR01,LOT-1011,466
10/31/2025,WH-BPR01,LOT-0884,2443
10/31/2025,WH-BPR01,LOT-0053,1661
10/31/2025,WH-BPR01,LOT-0910,142
10/31/2025,WH-BPR01,LOT-1095,1219
10/31/2025,WH-BPR01,LOT-0852,1872
10/31/2025,WH-BPR01,LOT-0264,660
10/31/2025,WH-BPR01,LOT-0646,611
10/31/2025,WH-BPR01,LOT-0135,84
10/31/2025,WH-BPR01,LOT-0011,1294
10/31/2025,WH-BPR01,LOT-0964,935
10/31/2025,WH-BPR01,LOT-0847,2470
10/31/2025,WH-BPR01,LOT-0659,1936
10/31/2025,WH-BPR01,LOT-0157,38
10/31/2025,WH-BPR01,LOT-0147,1959
10/31/2025,WH-BPR01,LOT-0966,1965
10/31/2025,WH-BPR01,LOT-0070,1126
10/31/2025,WH-BPR01,LOT-1142,1498
10/31/2025,WH-BPR01,LOT-0732,1150
10/31/2025,WH-BPR01,LOT-0184,1223
10/31/2025,WH-BPR01,LOT-0990,1977
10/31/2025,WH-BPR01,LOT-0490,242
10/31/2025,WH-BPR01,LOT-0341,2188
10/31/2025,WH-BPR01,LOT-1103,573
10/31/2025,WH-BPR01,LOT-0711,815
10/31/2025,WH-BPR01,LOT-0161,337
10/31/2025,WH-BPR01,LOT-0549,1827
10/31/2025,WH-BPR01,LOT-0721,270
10/31/2025,WH-BPR01,LOT-0786,1194
10/31/2025,WH-BPR01,LOT-0395,1609
10/31/2025,WH-BPR01,LOT-0524,310
10/31/2025,WH-BPR01,LOT-0076,2354
10/31/2025,WH-BPR01,LOT-1144,1398
10/31/2025,WH-BPR01,LOT-0726,1008
10/31/2025,WH-BPR01,LOT-1043,2371
10/31/2025,WH-BPR01,LOT-0003,1125
10/31/2025,WH-BPR01,LOT-0706,1735
10/31/2025,WH-BPR01,LOT-0710,2000
10/31/2025,WH-BPR01,LOT-1116,1597
10/31/2025,WH-BPR01,LOT-0162,1681
10/31/2025,WH-BPR01,LOT-0196,551
10/31/2025,WH-BPR01,LOT-0658,1678
10/31/2025,WH-BPR01,LOT-0926,746
10/31/2025,WH-BPR01,LOT-0534,1026
10/31/2025,WH-BPR01,LOT-0556,1348
10/31/2025,WH-BPR01,LOT-0804,2370
10/31/2025,WH-BPR01,LOT-0750,1549
10/31/2025,WH-BPR01,LOT-0510,21
10/31/2025,WH-BPR01,LOT-0240,1498
10/31/2025,WH-BPR01,LOT-0816,960
10/31/2025,WH-BPR01,LOT-0097,65
10/31/2025,WH-BPR01,LOT-1008,574
10/31/2025,WH-BPR01,LOT-0969,1584
10/31/2025,WH-BPR01,LOT-0006,311
10/31/2025,WH-BPR01,LOT-0104,2199
10/31/2025,WH-BPR01,LOT-0584,1243
10/31/2025,WH-BPR01,LOT-0024,77
10/31/2025,WH-BPR01,LOT-0504,541
10/31/2025,WH-BPR01,LOT-0026,1541
10/31/2025,WH-BPR01,LOT-0638,2001
10/31/2025,WH-BPR01,LOT-0654,2285
10/31/2025,WH-BPR01,LOT-0639,1846
10/31/2025,WH-BPR01,LOT-0241,34
10/31/2025,WH-BPR01,LOT-1106,895
10/31/2025,WH-BPR01,LOT-0566,1600
10/31/2025,WH-BPR01,LOT-0038,2127
10/31/2025,WH-BPR01,LOT-1119,1653
10/31/2025,WH-BPR01,LOT-0307,208
10/31/2025,WH-BPR01,LOT-0365,1364
10/31/2025,WH-BPR01,LOT-0167,222
10/31/2025,WH-BPR01,LOT-0050,1621
10/31/2025,WH-BPR01,LOT-0429,978
10/31/2025,WH-BPR01,LOT-0784,180
10/31/2025,WH-BPR01,LOT-0807,1632
10/31/2025,WH-BPR01,LOT-0329,1631
10/31/2025,WH-BPR01,LOT-0082,987
10/31/2025,WH-BPR01,LOT-0489,1787
10/31/2025,WH-BPR01,LOT-1053,44
10/31/2025,WH-BPR01,LOT-0762,1529
10/31/2025,WH-BPR01,LOT-1115,190
10/31/2025,WH-BPR01,LOT-1136,539
10/31/2025,WH-BPR01,LOT-0818,2184
10/31/2025,WH-BPR01,LOT-0571,369
10/31/2025,WH-BPR01,LOT-0044,1766
10/31/2025,WH-BPR01,LOT-0911,1099
10/31/2025,WH-BPR01,LOT-1094,42
10/31/2025,WH-BPR01,LOT-1107,2242
10/31/2025,WH-BPR01,LOT-0311,2417
10/31/2025,WH-BPR01,LOT-0803,504
10/31/2025,WH-BPR01,LOT-0323,54
10/31/2025,WH-BPR01,LOT-0693,896
10/31/2025,WH-BPR01,LOT-0186,2412
10/31/2025,WH-BPR01,LOT-0783,189
10/31/2025,WH-BPR01,LOT-0579,2436
10/31/2025,WH-BPR01,LOT-0896,494
10/31/2025,WH-BPR01,LOT-0424,685
10/31/2025,WH-BPR01,LOT-0418,250
10/31/2025,WH-BPR01,LOT-0485,981
10/31/2025,WH-BPR01,LOT-0702,128
10/31/2025,WH-MLG01,LOT-0748,538
10/31/2025,WH-MLG01,LOT-0278,744
10/31/2025,WH-MLG01,LOT-0048,1057
10/31/2025,WH-MLG01,LOT-0538,1247
10/31/2025,WH-MLG01,LOT-0695,317
10/31/2025,WH-MLG01,LOT-0324,866
10/31/2025,WH-MLG01,LOT-0410,1014
10/31/2025,WH-MLG01,LOT-0943,2429
10/31/2025,WH-MLG01,LOT-0760,1346
10/31/2025,WH-MLG01,LOT-1165,1269
10/31/2025,WH-MLG01,LOT-0958,1821
10/31/2025,WH-MLG01,LOT-0751,2333
10/31/2025,WH-MLG01,LOT-0474,1096
10/31/2025,WH-MLG01,LOT-0230,241
10/31/2025,WH-MLG01,LOT-1177,1547
10/31/2025,WH-MLG01,LOT-0383,1092
10/31/2025,WH-MLG01,LOT-0804,1506
10/31/2025,WH-MLG01,LOT-0086,885
10/31/2025,WH-MLG01,LOT-0102,407
10/31/2025,WH-MLG01,LOT-1093,1320
10/31/2025,WH-MLG01,LOT-0882,1925
10/31/2025,WH-MLG01,LOT-0089,2400
10/31/2025,WH-MLG01,LOT-0273,232
10/31/2025,WH-MLG01,LOT-0950,1317
10/31/2025,WH-MLG01,LOT-0715,1895
10/31/2025,WH-MLG01,LOT-1010,514
10/31/2025,WH-MLG01,LOT-0605,2355
10/31/2025,WH-MLG01,LOT-0659,337
10/31/2025,WH-MLG01,LOT-0528,2159
10/31/2025,WH-MLG01,LOT-0560,2367
10/31/2025,WH-MLG01,LOT-0281,2187
10/31/2025,WH-MLG01,LOT-0090,1639
10/31/2025,WH-MLG01,LOT-0654,1790
10/31/2025,WH-MLG01,LOT-0586,1240
10/31/2025,WH-MLG01,LOT-1141,1667
10/31/2025,WH-MLG01,LOT-0577,2388
10/31/2025,WH-MLG01,LOT-0585,889
10/31/2025,WH-MLG01,LOT-0675,1769
10/31/2025,WH-MLG01,LOT-0462,1362
10/31/2025,WH-MLG01,LOT-1053,1600
10/31/2025,WH-MLG01,LOT-0186,514
10/31/2025,WH-MLG01,LOT-0255,2278
10/31/2025,WH-MLG01,LOT-1142,972
10/31/2025,WH-MLG01,LOT-0034,807
10/31/2025,WH-MLG01,LOT-1150,1330
10/31/2025,WH-MLG01,LOT-0248,2497
10/31/2025,WH-MLG01,LOT-1123,2037
10/31/2025,WH-MLG01,LOT-0798,1090
10/31/2025,WH-MLG01,LOT-0713,2301
10/31/2025,WH-MLG01,LOT-0718,1894
10/31/2025,WH-MLG01,LOT-1085,1631
10/31/2025,WH-MLG01,LOT-0433,2250
10/31/2025,WH-MLG01,LOT-0581,38
10/31/2025,WH-MLG01,LOT-0580,1542
10/31/2025,WH-MLG01,LOT-0677,1929
10/31/2025,WH-MLG01,LOT-0816,211
10/31/2025,WH-MLG01,LOT-0832,770
10/31/2025,WH-MLG01,LOT-0322,1004
10/31/2025,WH-MLG01,LOT-0344,1968
10/31/2025,WH-MLG01,LOT-0306,1951
10/31/2025,WH-MLG01,LOT-0253,373
10/31/2025,WH-MLG01,LOT-1011,2230
10/31/2025,WH-MLG01,LOT-1014,1096
10/31/2025,WH-MLG01,LOT-0108,1010
10/31/2025,WH-MLG01,LOT-0645,34
10/31/2025,WH-MLG01,LOT-0835,420
10/31/2025,WH-MLG01,LOT-0779,2318
10/31/2025,WH-MLG01,LOT-0025,770
10/31/2025,WH-MLG01,LOT-0481,681
10/31/2025,WH-MLG01,LOT-0837,114
10/31/2025,WH-MLG01,LOT-0211,2481
10/31/2025,WH-MLG01,LOT-0861,1484
10/31/2025,WH-MLG01,LOT-0286,1781
10/31/2025,WH-MLG01,LOT-0635,2012
10/31/2025,WH-MLG01,LOT-1110,1000
10/31/2025,WH-MLG01,LOT-0867,898
10/31/2025,WH-MLG01,LOT-0063,786
10/31/2025,WH-MLG01,LOT-0917,598
10/31/2025,WH-MLG01,LOT-0022,2482
10/31/2025,WH-MLG01,LOT-0607,1972
10/31/2025,WH-MLG01,LOT-0920,881
10/31/2025,WH-MLG01,LOT-0316,555
10/31/2025,WH-MLG01,LOT-0864,871
10/31/2025,WH-MLG01,LOT-0033,2326
10/31/2025,WH-MLG01,LOT-0269,1668
10/31/2025,WH-MLG01,LOT-0403,1194
10/31/2025,WH-MLG01,LOT-0724,1071
10/31/2025,WH-MLG01,LOT-0129,173
10/31/2025,WH-MLG01,LOT-0750,772
10/31/2025,WH-MLG01,LOT-1033,2306
10/31/2025,WH-MLG01,LOT-0056,556
10/31/2025,WH-MLG01,LOT-0146,1329
10/31/2025,WH-MLG01,LOT-0767,993
10/31/2025,WH-MLG01,LOT-0408,681
10/31/2025,WH-MLG01,LOT-0009,1627
10/31/2025,WH-MLG01,LOT-0139,1894
10/31/2025,WH-MLG01,LOT-0904,1550
10/31/2025,WH-MLG01,LOT-0472,2441
10/31/2025,WH-MLG01,LOT-0185,775
10/31/2025,WH-MLG01,LOT-1018,1067
10/31/2025,WH-MLG01,LOT-0193,687
10/31/2025,WH-MLG01,LOT-0648,1809
10/31/2025,WH-MLG01,LOT-0111,1949
10/31/2025,WH-MLG01,LOT-0711,979
10/31/2025,WH-MLG01,LOT-1079,663
10/31/2025,WH-MLG01,LOT-0902,926
10/31/2025,WH-MLG01,LOT-1172,2201
10/31/2025,WH-MLG01,LOT-0127,1395
10/31/2025,WH-MLG01,LOT-0765,586
10/31/2025,WH-SLO01,LOT-0280,2341
10/31/2025,WH-SLO01,LOT-0489,19
10/31/2025,WH-SLO01,LOT-0374,1770
10/31/2025,WH-SLO01,LOT-0045,664
10/31/2025,WH-SLO01,LOT-1179,66
10/31/2025,WH-SLO01,LOT-0193,173
10/31/2025,WH-SLO01,LOT-0515,1013
10/31/2025,WH-SLO01,LOT-0001,1668
10/31/2025,WH-SLO01,LOT-0134,791
10/31/2025,WH-SLO01,LOT-0867,2092
10/31/2025,WH-SLO01,LOT-0387,1471
10/31/2025,WH-SLO01,LOT-0467,1662
10/31/2025,WH-SLO01,LOT-0359,1084
10/31/2025,WH-SLO01,LOT-1058,1696
10/31/2025,WH-SLO01,LOT-0572,300
10/31/2025,WH-SLO01,LOT-0601,1168
10/31/2025,WH-SLO01,LOT-0284,2359
10/31/2025,WH-SLO01,LOT-0436,1844
10/31/2025,WH-SLO01,LOT-0609,1104
10/31/2025,WH-SLO01,LOT-1014,1300
10/31/2025,WH-SLO01,LOT-0145,2447
10/31/2025,WH-SLO01,LOT-1076,1999
10/31/2025,WH-SLO01,LOT-0306,2411
10/31/2025,WH-SLO01,LOT-0019,865
10/31/2025,WH-SLO01,LOT-0990,437
10/31/2025,WH-SLO01,LOT-0679,2151
10/31/2025,WH-SLO01,LOT-0658,901
10/31/2025,WH-SLO01,LOT-0173,2414
10/31/2025,WH-SLO01,LOT-0673,2347
10/31/2025,WH-SLO01,LOT-0551,1994
10/31/2025,WH-SLO01,LOT-0701,2362
10/31/2025,WH-SLO01,LOT-0260,2228
10/31/2025,WH-SLO01,LOT-0797,1147
10/31/2025,WH-SLO01,LOT-0118,2460
10/31/2025,WH-SLO01,LOT-0907,326
10/31/2025,WH-SLO01,LOT-0663,1065
10/31/2025,WH-SLO01,LOT-0894,2462
10/31/2025,WH-SLO01,LOT-1165,2082
10/31/2025,WH-SLO01,LOT-0143,1760
10/31/2025,WH-SLO01,LOT-0414,150
10/31/2025,WH-SLO01,LOT-1129,2423
10/31/2025,WH-SLO01,LOT-0453,1300
10/31/2025,WH-SLO01,LOT-0255,1294
10/31/2025,WH-SLO01,LOT-0061,68
10/31/2025,WH-SLO01,LOT-0008,1165
10/31/2025,WH-SLO01,LOT-0806,2456
10/31/2025,WH-SLO01,LOT-0583,860
10/31/2025,WH-SLO01,LOT-0504,595
10/31/2025,WH-SLO01,LOT-0438,1717
10/31/2025,WH-SLO01,LOT-0317,1797
10/31/2025,WH-SLO01,LOT-0378,1224
10/31/2025,WH-SLO01,LOT-0886,896
10/31/2025,WH-SLO01,LOT-0309,532
10/31/2025,WH-SLO01,LOT-0263,549
10/31/2025,WH-SLO01,LOT-1010,921
10/31/2025,WH-SLO01,LOT-0921,2428
10/31/2025,WH-SLO01,LOT-0958,1063
10/31/2025,WH-SLO01,LOT-0957,1570
10/31/2025,WH-SLO01,LOT-0448,425
10/31/2025,WH-SLO01,LOT-0418,545
10/31/2025,WH-SLO01,LOT-0155,423
10/31/2025,WH-SLO01,LOT-0849,652
10/31/2025,WH-SLO01,LOT-1037,2254
10/31/2025,WH-SLO01,LOT-0070,2409
10/31/2025,WH-SLO01,LOT-0816,2195
10/31/2025,WH-SLO01,LOT-0823,315
10/31/2025,WH-SLO01,LOT-0612,437
10/31/2025,WH-SLO01,LOT-0980,1359
10/31/2025,WH-SLO01,LOT-0058,1190
10/31/2025,WH-SLO01,LOT-0908,2313
10/31/2025,WH-SLO01,LOT-0425,1400
10/31/2025,WH-SLO01,LOT-1144,943
10/31/2025,WH-SLO01,LOT-0741,1040
10/31/2025,WH-SLO01,LOT-0108,76
10/31/2025,WH-SLO01,LOT-0488,26
10/31/2025,WH-SLO01,LOT-0776,309
10/31/2025,WH-SLO01,LOT-0071,757
10/31/2025,WH-SLO01,LOT-0687,1854
10/31/2025,WH-SLO01,LOT-0642,1799
10/31/2025,WH-SLO01,LOT-0348,679
10/31/2025,WH-SLO01,LOT-1032,573
10/31/2025,WH-SLO01,LOT-0624,800
10/31/2025,WH-SLO01,LOT-0278,2433
10/31/2025,WH-SLO01,LOT-0590,2185
10/31/2025,WH-SLO01,LOT-0174,1255
10/31/2025,WH-SLO01,LOT-0077,2048
10/31/2025,WH-SLO01,LOT-0969,1239
10/31/2025,WH-SLO01,LOT-0610,717
10/31/2025,WH-SLO01,LOT-0110,671
10/31/2025,WH-SLO01,LOT-0271,1406
10/31/2025,WH-SLO01,LOT-1016,1638
10/31/2025,WH-SLO01,LOT-0554,1898
10/31/2025,WH-SLO01,LOT-0038,2074
10/31/2025,WH-SLO01,LOT-0890,2023
10/31/2025,WH-SLO01,LOT-0970,273
10/31/2025,WH-SLO01,LOT-0752,2112
10/31/2025,WH-SLO01,LOT-0343,2062
10/31/2025,WH-SLO01,LOT-0877,2165
10/31/2025,WH-SLO01,LOT-0929,588
10/31/2025,WH-SLO01,LOT-0861,537
10/31/2025,WH-SLO01,LOT-0283,849
10/31/2025,WH-SLO01,LOT-0761,1854
10/31/2025,WH-YOG01,LOT-1119,880
10/31/2025,WH-YOG01,LOT-0990,1112
10/31/2025,WH-YOG01,LOT-0119,2379
10/31/2025,WH-YOG01,LOT-0676,59
10/31/2025,WH-YOG01,LOT-1120,2401
10/31/2025,WH-YOG01,LOT-0595,1784
10/31/2025,WH-YOG01,LOT-0139,281
10/31/2025,WH-YOG01,LOT-0795,2497
10/31/2025,WH-YOG01,LOT-1070,1958
10/31/2025,WH-YOG01,LOT-0102,2452
10/31/2025,WH-YOG01,LOT-0788,1995
10/31/2025,WH-YOG01,LOT-0158,2368
10/31/2025,WH-YOG01,LOT-0410,2004
10/31/2025,WH-YOG01,LOT-0524,562
10/31/2025,WH-YOG01,LOT-1179,1127
10/31/2025,WH-YOG01,LOT-0758,1388
10/31/2025,WH-YOG01,LOT-0821,636
10/31/2025,WH-YOG01,LOT-0627,2284
10/31/2025,WH-YOG01,LOT-0958,1110
10/31/2025,WH-YOG01,LOT-1178,458
10/31/2025,WH-YOG01,LOT-1099,869
10/31/2025,WH-YOG01,LOT-0556,1495
10/31/2025,WH-YOG01,LOT-0802,1604
10/31/2025,WH-YOG01,LOT-0051,1117
10/31/2025,WH-YOG01,LOT-0665,2167
10/31/2025,WH-YOG01,LOT-1056,63
10/31/2025,WH-YOG01,LOT-0878,1233
10/31/2025,WH-YOG01,LOT-0909,1311
10/31/2025,WH-YOG01,LOT-0552,183
10/31/2025,WH-YOG01,LOT-1162,1910
10/31/2025,WH-YOG01,LOT-0793,848
10/31/2025,WH-YOG01,LOT-0395,1459
10/31/2025,WH-YOG01,LOT-1110,1556
10/31/2025,WH-YOG01,LOT-0495,2025
10/31/2025,WH-YOG01,LOT-0008,1235
10/31/2025,WH-YOG01,LOT-0911,2096
10/31/2025,WH-YOG01,LOT-0316,68
10/31/2025,WH-YOG01,LOT-0413,2357
10/31/2025,WH-YOG01,LOT-0809,1328
10/31/2025,WH-YOG01,LOT-0245,2050
10/31/2025,WH-YOG01,LOT-0104,922
10/31/2025,WH-YOG01,LOT-1113,2357
10/31/2025,WH-YOG01,LOT-0122,1038
10/31/2025,WH-YOG01,LOT-1176,87
10/31/2025,WH-YOG01,LOT-0289,1389
10/31/2025,WH-YOG01,LOT-0855,2404
10/31/2025,WH-YOG01,LOT-0172,2256
10/31/2025,WH-YOG01,LOT-0787,194
10/31/2025,WH-YOG01,LOT-0272,584
10/31/2025,WH-YOG01,LOT-0016,1780
10/31/2025,WH-YOG01,LOT-0203,14
10/31/2025,WH-YOG01,LOT-0858,700
10/31/2025,WH-YOG01,LOT-0661,1037
10/31/2025,WH-YOG01,LOT-0730,1117
10/31/2025,WH-YOG01,LOT-0653,612
10/31/2025,WH-YOG01,LOT-0921,191
10/31/2025,WH-YOG01,LOT-1038,965
10/31/2025,WH-YOG01,LOT-0833,378
10/31/2025,WH-YOG01,LOT-0569,1459
10/31/2025,WH-YOG01,LOT-0677,2182
10/31/2025,WH-YOG01,LOT-1023,2469
10/31/2025,WH-YOG01,LOT-1071,583
10/31/2025,WH-YOG01,LOT-0817,1370
10/31/2025,WH-YOG01,LOT-0672,2142
10/31/2025,WH-YOG01,LOT-0735,1158
10/31/2025,WH-YOG01,LOT-1011,81
10/31/2025,WH-YOG01,LOT-0722,1929
10/31/2025,WH-YOG01,LOT-0205,793
10/31/2025,WH-YOG01,LOT-0353,1288
10/31/2025,WH-YOG01,LOT-0522,639
10/31/2025,WH-YOG01,LOT-0964,177
10/31/2025,WH-YOG01,LOT-0883,941
10/31/2025,WH-YOG01,LOT-0563,404
10/31/2025,WH-YOG01,LOT-0012,2318
10/31/2025,WH-YOG01,LOT-0015,1812
10/31/2025,WH-YOG01,LOT-0108,1893
10/31/2025,WH-YOG01,LOT-0792,1939
10/31/2025,WH-YOG01,LOT-1073,1180
10/31/2025,WH-YOG01,LOT-0915,2191
10/31/2025,WH-YOG01,LOT-0692,1799
10/31/2025,WH-YOG01,LOT-1068,1895
10/31/2025,WH-YOG01,LOT-0850,1495
10/31/2025,WH-YOG01,LOT-1088,1506
10/31/2025,WH-YOG01,LOT-0597,475
10/31/2025,WH-YOG01,LOT-0118,1274
10/31/2025,WH-YOG01,LOT-0732,283
10/31/2025,WH-YOG01,LOT-0147,2113
10/31/2025,WH-YOG01,LOT-0784,1752
10/31/2025,WH-YOG01,LOT-0723,1104
10/31/2025,WH-YOG01,LOT-0523,2150
10/31/2025,WH-YOG01,LOT-0666,661
10/31/2025,WH-YOG01,LOT-0219,835
10/31/2025,WH-YOG01,LOT-0359,25
10/31/2025,WH-YOG01,LOT-0526,2061
10/31/2025,WH-YOG01,LOT-0620,2148
10/31/2025,WH-YOG01,LOT-0533,538
10/31/2025,WH-YOG01,LOT-0141,2493
10/31/2025,WH-YOG01,LOT-1050,1320
10/31/2025,WH-YOG01,LOT-0968,2139
10/31/2025,WH-YOG01,LOT-0607,1633
10/31/2025,WH-YOG01,LOT-0011,2116
10/31/2025,WH-YOG01,LOT-0295,1142
10/31/2025,WH-YOG01,LOT-0414,444
10/31/2025,WH-YOG01,LOT-1084,2346
10/31/2025,WH-YOG01,LOT-1095,1731
10/31/2025,WH-YOG01,LOT-0873,661
10/31/2025,WH-YOG01,LOT-0035,1012
10/31/2025,WH-YOG01,LOT-0478,910
10/31/2025,WH-YOG01,LOT-0652,699
10/31/2025,WH-YOG01,LOT-0963,1768
10/31/2025,WH-YOG01,LOT-0086,137
10/31/2025,WH-YOG01,LOT-0131,1486
10/31/2025,WH-YOG01,LOT-0927,2257
10/31/2025,WH-YOG01,LOT-0041,1553
10/31/2025,WH-YOG01,LOT-0503,1156
10/31/2025,WH-YOG01,LOT-0837,688
10/31/2025,WH-YOG01,LOT-0398,1891
10/31/2025,WH-YOG01,LOT-0094,1730
10/31/2025,WH-YOG01,LOT-0611,1978
10/31/2025,WH-YOG01,LOT-0549,1208
10/31/2025,WH-YOG01,LOT-0435,2124
10/31/2025,WH-YOG01,LOT-0843,869
10/31/2025,WH-YOG01,LOT-0125,414
10/31/2025,WH-YOG01,LOT-0356,1826
10/31/2025,WH-YOG01,LOT-0093,798
10/31/2025,WH-YOG01,LOT-0682,20
10/31/2025,WH-YOG01,LOT-0100,1582
10/31/2025,WH-YOG01,LOT-1108,1660
10/31/2025,WH-YOG01,LOT-1096,754
10/31/2025,WH-YOG01,LOT-0458,2428
10/31/2025,WH-YOG01,LOT-0063,885
10/31/2025,WH-YOG01,LOT-0570,364
10/31/2025,WH-YOG01,LOT-0142,1531
11/30/2025,WH-JKT01,LOT-1085,2332
11/30/2025,WH-JKT01,LOT-0185,2221
11/30/2025,WH-JKT01,LOT-0960,2152
11/30/2025,WH-JKT01,LOT-1108,1595
11/30/2025,WH-JKT01,LOT-1026,412
11/30/2025,WH-JKT01,LOT-0307,2102
11/30/2025,WH-JKT01,LOT-0604,558
11/30/2025,WH-JKT01,LOT-0301,118
11/30/2025,WH-JKT01,LOT-0782,2010
11/30/2025,WH-JKT01,LOT-0741,38
11/30/2025,WH-JKT01,LOT-0697,1655
11/30/2025,WH-JKT01,LOT-1154,1599
11/30/2025,WH-JKT01,LOT-0640,2451
11/30/2025,WH-JKT01,LOT-0849,160
11/30/2025,WH-JKT01,LOT-1124,495
11/30/2025,WH-JKT01,LOT-0048,202
11/30/2025,WH-JKT01,LOT-0861,1872
11/30/2025,WH-JKT01,LOT-0313,2410
11/30/2025,WH-JKT01,LOT-0483,550
11/30/2025,WH-JKT01,LOT-0274,908
11/30/2025,WH-JKT01,LOT-0943,1980
11/30/2025,WH-JKT01,LOT-0296,611
11/30/2025,WH-JKT01,LOT-0451,2424
11/30/2025,WH-JKT01,LOT-0971,2282
11/30/2025,WH-JKT01,LOT-0244,599
11/30/2025,WH-JKT01,LOT-0923,1597
11/30/2025,WH-JKT01,LOT-1030,2276
11/30/2025,WH-JKT01,LOT-1187,2495
11/30/2025,WH-JKT01,LOT-0056,956
11/30/2025,WH-JKT01,LOT-0311,927
11/30/2025,WH-JKT01,LOT-0351,1135
11/30/2025,WH-JKT01,LOT-0467,2104
11/30/2025,WH-JKT01,LOT-0966,1798
11/30/2025,WH-JKT01,LOT-1174,1254
11/30/2025,WH-JKT01,LOT-0116,2498
11/30/2025,WH-JKT01,LOT-0074,1870
11/30/2025,WH-JKT01,LOT-0878,199
11/30/2025,WH-JKT01,LOT-0648,1003
11/30/2025,WH-JKT01,LOT-0559,1305
11/30/2025,WH-JKT01,LOT-1111,191
11/30/2025,WH-JKT01,LOT-0918,1733
11/30/2025,WH-JKT01,LOT-0114,2020
11/30/2025,WH-JKT01,LOT-1131,1353
11/30/2025,WH-JKT01,LOT-0575,1895
11/30/2025,WH-JKT01,LOT-0955,2103
11/30/2025,WH-JKT01,LOT-0915,1704
11/30/2025,WH-JKT01,LOT-1190,2134
11/30/2025,WH-JKT01,LOT-0662,932
11/30/2025,WH-JKT01,LOT-0532,792
11/30/2025,WH-JKT01,LOT-0145,1395
11/30/2025,WH-JKT01,LOT-0912,1461
11/30/2025,WH-JKT01,LOT-0862,1837
11/30/2025,WH-JKT01,LOT-1017,64
11/30/2025,WH-JKT01,LOT-0643,2004
11/30/2025,WH-JKT01,LOT-0415,1821
11/30/2025,WH-JKT01,LOT-1075,977
11/30/2025,WH-JKT01,LOT-0159,425
11/30/2025,WH-JKT01,LOT-1116,709
11/30/2025,WH-JKT01,LOT-0082,903
11/30/2025,WH-JKT01,LOT-0927,420
11/30/2025,WH-JKT01,LOT-0431,1332
11/30/2025,WH-JKT01,LOT-0948,1358
11/30/2025,WH-JKT01,LOT-1054,1403
11/30/2025,WH-JKT01,LOT-0136,184
11/30/2025,WH-JKT01,LOT-0723,1313
11/30/2025,WH-JKT01,LOT-1195,1812
11/30/2025,WH-JKT01,LOT-0133,144
11/30/2025,WH-JKT01,LOT-0657,1474
11/30/2025,WH-JKT01,LOT-1012,530
11/30/2025,WH-JKT01,LOT-0119,393
11/30/2025,WH-JKT01,LOT-1143,2159
11/30/2025,WH-JKT01,LOT-0620,1969
11/30/2025,WH-JKT01,LOT-0757,2481
11/30/2025,WH-JKT01,LOT-1045,921
11/30/2025,WH-JKT01,LOT-0800,2125
11/30/2025,WH-JKT01,LOT-0344,1131
11/30/2025,WH-JKT01,LOT-0830,1157
11/30/2025,WH-JKT01,LOT-1127,1088
11/30/2025,WH-JKT01,LOT-1036,193
11/30/2025,WH-JKT01,LOT-0540,1284
11/30/2025,WH-JKT01,LOT-1128,1515
11/30/2025,WH-JKT01,LOT-1049,2095
11/30/2025,WH-JKT01,LOT-0908,2211
11/30/2025,WH-JKT01,LOT-0842,867
11/30/2025,WH-JKT01,LOT-0421,438
11/30/2025,WH-JKT01,LOT-1076,322
11/30/2025,WH-JKT01,LOT-0047,1285
11/30/2025,WH-JKT01,LOT-0319,271
11/30/2025,WH-JKT01,LOT-0035,1273
11/30/2025,WH-JKT01,LOT-0981,1989
11/30/2025,WH-JKT01,LOT-0817,220
11/30/2025,WH-JKT01,LOT-0163,429
11/30/2025,WH-JKT01,LOT-0310,634
11/30/2025,WH-JKT01,LOT-0488,939
11/30/2025,WH-JKT01,LOT-0818,1331
11/30/2025,WH-JKT01,LOT-0223,211
11/30/2025,WH-JKT01,LOT-0370,822
11/30/2025,WH-JKT01,LOT-0235,1650
11/30/2025,WH-JKT01,LOT-0058,2204
11/30/2025,WH-JKT01,LOT-0684,1828
11/30/2025,WH-JKT01,LOT-0181,476
11/30/2025,WH-JKT01,LOT-1121,1338
11/30/2025,WH-JKT01,LOT-1120,1621
11/30/2025,WH-JKT01,LOT-0205,2196
11/30/2025,WH-JKT01,LOT-0317,2474
11/30/2025,WH-SBY01,LOT-0077,1184
11/30/2025,WH-SBY01,LOT-1194,415
11/30/2025,WH-SBY01,LOT-0897,943
11/30/2025,WH-SBY01,LOT-0923,1238
11/30/2025,WH-SBY01,LOT-0915,1130
11/30/2025,WH-SBY01,LOT-1102,1974
11/30/2025,WH-SBY01,LOT-0110,1593
11/30/2025,WH-SBY01,LOT-0292,249
11/30/2025,WH-SBY01,LOT-0476,2429
11/30/2025,WH-SBY01,LOT-0620,1055
11/30/2025,WH-SBY01,LOT-0547,2313
11/30/2025,WH-SBY01,LOT-0732,843
11/30/2025,WH-SBY01,LOT-0874,2004
11/30/2025,WH-SBY01,LOT-1050,1852
11/30/2025,WH-SBY01,LOT-0598,1188
11/30/2025,WH-SBY01,LOT-0540,115
11/30/2025,WH-SBY01,LOT-0844,536
11/30/2025,WH-SBY01,LOT-0969,2432
11/30/2025,WH-SBY01,LOT-1177,523
11/30/2025,WH-SBY01,LOT-0601,2205
11/30/2025,WH-SBY01,LOT-0051,1669
11/30/2025,WH-SBY01,LOT-0475,1192
11/30/2025,WH-SBY01,LOT-0867,998
11/30/2025,WH-SBY01,LOT-0876,834
11/30/2025,WH-SBY01,LOT-0611,127
11/30/2025,WH-SBY01,LOT-0045,630
11/30/2025,WH-SBY01,LOT-0136,1749
11/30/2025,WH-SBY01,LOT-0885,1434
11/30/2025,WH-SBY01,LOT-0447,131
11/30/2025,WH-SBY01,LOT-0276,2365
11/30/2025,WH-SBY01,LOT-0654,2406
11/30/2025,WH-SBY01,LOT-0983,1584
11/30/2025,WH-SBY01,LOT-0448,776
11/30/2025,WH-SBY01,LOT-1022,487
11/30/2025,WH-SBY01,LOT-1037,2294
11/30/2025,WH-SBY01,LOT-0427,782
11/30/2025,WH-SBY01,LOT-0244,1712
11/30/2025,WH-SBY01,LOT-0728,1554
11/30/2025,WH-SBY01,LOT-1193,1863
11/30/2025,WH-SBY01,LOT-1021,1892
11/30/2025,WH-SBY01,LOT-0750,514
11/30/2025,WH-SBY01,LOT-0928,2466
11/30/2025,WH-SBY01,LOT-0329,1556
11/30/2025,WH-SBY01,LOT-0302,1711
11/30/2025,WH-SBY01,LOT-0900,1705
11/30/2025,WH-SBY01,LOT-0479,1793
11/30/2025,WH-SBY01,LOT-0214,329
11/30/2025,WH-SBY01,LOT-1043,16
11/30/2025,WH-SBY01,LOT-0806,581
11/30/2025,WH-SBY01,LOT-1146,1293
11/30/2025,WH-SBY01,LOT-0078,1624
11/30/2025,WH-SBY01,LOT-0280,995
11/30/2025,WH-SBY01,LOT-1157,1148
11/30/2025,WH-SBY01,LOT-0182,722
11/30/2025,WH-SBY01,LOT-0679,141
11/30/2025,WH-SBY01,LOT-0755,560
11/30/2025,WH-SBY01,LOT-0624,534
11/30/2025,WH-SBY01,LOT-0336,557
11/30/2025,WH-SBY01,LOT-0465,911
11/30/2025,WH-SBY01,LOT-0359,1110
11/30/2025,WH-SBY01,LOT-0615,2420
11/30/2025,WH-SBY01,LOT-0186,2239
11/30/2025,WH-SBY01,LOT-0770,172
11/30/2025,WH-SBY01,LOT-0764,306
11/30/2025,WH-SBY01,LOT-0142,865
11/30/2025,WH-SBY01,LOT-1127,1802
11/30/2025,WH-SBY01,LOT-0711,1744
11/30/2025,WH-SBY01,LOT-0521,2278
11/30/2025,WH-SBY01,LOT-1101,914
11/30/2025,WH-SBY01,LOT-0507,1734
11/30/2025,WH-SBY01,LOT-1195,2009
11/30/2025,WH-SBY01,LOT-0887,1476
11/30/2025,WH-SBY01,LOT-0797,76
11/30/2025,WH-SBY01,LOT-0050,394
11/30/2025,WH-SBY01,LOT-0956,1952
11/30/2025,WH-SBY01,LOT-0425,1862
11/30/2025,WH-SBY01,LOT-0788,305
11/30/2025,WH-SBY01,LOT-0965,1351
11/30/2025,WH-SBY01,LOT-0522,623
11/30/2025,WH-SBY01,LOT-0362,1256
11/30/2025,WH-SBY01,LOT-0251,1140
11/30/2025,WH-SBY01,LOT-0708,1663
11/30/2025,WH-SBY01,LOT-1173,502
11/30/2025,WH-SBY01,LOT-0731,1133
11/30/2025,WH-SBY01,LOT-1116,1213
11/30/2025,WH-SBY01,LOT-0581,120
11/30/2025,WH-SBY01,LOT-0169,682
11/30/2025,WH-SBY01,LOT-0998,875
11/30/2025,WH-SBY01,LOT-0549,1014
11/30/2025,WH-SBY01,LOT-0236,1445
11/30/2025,WH-SBY01,LOT-0870,266
11/30/2025,WH-SBY01,LOT-0131,1885
11/30/2025,WH-SBY01,LOT-0906,1255
11/30/2025,WH-SBY01,LOT-0007,1629
11/30/2025,WH-SBY01,LOT-0690,1486
11/30/2025,WH-SBY01,LOT-0027,1788
11/30/2025,WH-SBY01,LOT-0331,1268
11/30/2025,WH-SBY01,LOT-0340,583
11/30/2025,WH-SBY01,LOT-0158,1553
11/30/2025,WH-SBY01,LOT-1052,225
11/30/2025,WH-SBY01,LOT-0193,460
11/30/2025,WH-SBY01,LOT-0829,2261
11/30/2025,WH-SBY01,LOT-1131,1581
11/30/2025,WH-SBY01,LOT-0148,1018
11/30/2025,WH-BDG01,LOT-0263,60
11/30/2025,WH-BDG01,LOT-0778,1665
11/30/2025,WH-BDG01,LOT-0447,146
11/30/2025,WH-BDG01,LOT-0137,226
11/30/2025,WH-BDG01,LOT-1163,766
11/30/2025,WH-BDG01,LOT-1198,809
11/30/2025,WH-BDG01,LOT-0731,232
11/30/2025,WH-BDG01,LOT-0782,767
11/30/2025,WH-BDG01,LOT-0686,2067
11/30/2025,WH-BDG01,LOT-0730,1778
11/30/2025,WH-BDG01,LOT-1194,1383
11/30/2025,WH-BDG01,LOT-0324,1382
11/30/2025,WH-BDG01,LOT-0375,87
11/30/2025,WH-BDG01,LOT-0996,1347
11/30/2025,WH-BDG01,LOT-0899,575
11/30/2025,WH-BDG01,LOT-0770,698
11/30/2025,WH-BDG01,LOT-0539,1190
11/30/2025,WH-BDG01,LOT-0190,401
11/30/2025,WH-BDG01,LOT-0612,402
11/30/2025,WH-BDG01,LOT-0093,1194
11/30/2025,WH-BDG01,LOT-0054,638
11/30/2025,WH-BDG01,LOT-0444,121
11/30/2025,WH-BDG01,LOT-1122,1663
11/30/2025,WH-BDG01,LOT-0663,1684
11/30/2025,WH-BDG01,LOT-0006,1977
11/30/2025,WH-BDG01,LOT-0367,160
11/30/2025,WH-BDG01,LOT-0704,432
11/30/2025,WH-BDG01,LOT-0131,1300
11/30/2025,WH-BDG01,LOT-0427,318
11/30/2025,WH-BDG01,LOT-0556,1058
11/30/2025,WH-BDG01,LOT-0591,1319
11/30/2025,WH-BDG01,LOT-0524,2421
11/30/2025,WH-BDG01,LOT-1126,2329
11/30/2025,WH-BDG01,LOT-0818,590
11/30/2025,WH-BDG01,LOT-0986,88
11/30/2025,WH-BDG01,LOT-0289,400
11/30/2025,WH-BDG01,LOT-0370,1655
11/30/2025,WH-BDG01,LOT-1093,1748
11/30/2025,WH-BDG01,LOT-1098,1033
11/30/2025,WH-BDG01,LOT-0469,852
11/30/2025,WH-BDG01,LOT-1173,2137
11/30/2025,WH-BDG01,LOT-0002,586
11/30/2025,WH-BDG01,LOT-0616,537
11/30/2025,WH-BDG01,LOT-0961,565
11/30/2025,WH-BDG01,LOT-0494,569
11/30/2025,WH-BDG01,LOT-0479,1148
11/30/2025,WH-BDG01,LOT-0136,163
11/30/2025,WH-BDG01,LOT-0518,139
11/30/2025,WH-BDG01,LOT-0740,1318
11/30/2025,WH-BDG01,LOT-0566,960
11/30/2025,WH-BDG01,LOT-0775,2414
11/30/2025,WH-BDG01,LOT-0172,544
11/30/2025,WH-BDG01,LOT-0766,764
11/30/2025,WH-BDG01,LOT-0988,731
11/30/2025,WH-BDG01,LOT-0599,203
11/30/2025,WH-BDG01,LOT-1189,1535
11/30/2025,WH-BDG01,LOT-0406,1557
11/30/2025,WH-BDG01,LOT-0305,582
11/30/2025,WH-BDG01,LOT-0733,122
11/30/2025,WH-BDG01,LOT-0191,401
11/30/2025,WH-BDG01,LOT-0235,199
11/30/2025,WH-BDG01,LOT-0534,319
11/30/2025,WH-BDG01,LOT-0938,476
11/30/2025,WH-BDG01,LOT-1078,860
11/30/2025,WH-BDG01,LOT-1059,1058
11/30/2025,WH-BDG01,LOT-0956,2198
11/30/2025,WH-BDG01,LOT-0649,1266
11/30/2025,WH-BDG01,LOT-0438,866
11/30/2025,WH-BDG01,LOT-0275,925
11/30/2025,WH-BDG01,LOT-0017,2368
11/30/2025,WH-BDG01,LOT-0593,423
11/30/2025,WH-BDG01,LOT-0029,798
11/30/2025,WH-BDG01,LOT-1195,943
11/30/2025,WH-BDG01,LOT-0660,723
11/30/2025,WH-BDG01,LOT-0585,1499
11/30/2025,WH-BDG01,LOT-0500,753
11/30/2025,WH-BDG01,LOT-0903,2127
11/30/2025,WH-BDG01,LOT-1015,1561
11/30/2025,WH-BDG01,LOT-0892,488
11/30/2025,WH-BDG01,LOT-0871,889
11/30/2025,WH-BDG01,LOT-0195,658
11/30/2025,WH-BDG01,LOT-1053,1006
11/30/2025,WH-BDG01,LOT-0398,2458
11/30/2025,WH-BDG01,LOT-0107,1051
11/30/2025,WH-BDG01,LOT-1083,1384
11/30/2025,WH-BDG01,LOT-1029,1696
11/30/2025,WH-BDG01,LOT-0106,1170
11/30/2025,WH-BDG01,LOT-0123,1375
11/30/2025,WH-BDG01,LOT-0205,527
11/30/2025,WH-BDG01,LOT-0984,897
11/30/2025,WH-BDG01,LOT-0499,1256
11/30/2025,WH-BDG01,LOT-0176,770
11/30/2025,WH-BDG01,LOT-0640,2060
11/30/2025,WH-BDG01,LOT-0423,1647
11/30/2025,WH-BDG01,LOT-1193,1232
11/30/2025,WH-BDG01,LOT-0173,1230
11/30/2025,WH-BDG01,LOT-0665,1823
11/30/2025,WH-BDG01,LOT-0189,1763
11/30/2025,WH-BDG01,LOT-0133,30
11/30/2025,WH-BDG01,LOT-0513,719
11/30/2025,WH-BDG01,LOT-0888,1090
11/30/2025,WH-BDG01,LOT-1096,2400
11/30/2025,WH-BDG01,LOT-0845,2107
11/30/2025,WH-BDG01,LOT-0350,1771
11/30/2025,WH-BDG01,LOT-0213,1768
11/30/2025,WH-BDG01,LOT-0031,801
11/30/2025,WH-BDG01,LOT-1124,1106
11/30/2025,WH-BDG01,LOT-0159,722
11/30/2025,WH-BDG01,LOT-0935,233
11/30/2025,WH-BDG01,LOT-0200,2399
11/30/2025,WH-BDG01,LOT-0831,1470
11/30/2025,WH-BDG01,LOT-1075,1023
11/30/2025,WH-BDG01,LOT-0656,1801
11/30/2025,WH-BDG01,LOT-0867,1868
11/30/2025,WH-BDG01,LOT-0617,1949
11/30/2025,WH-BDG01,LOT-0264,1003
11/30/2025,WH-BDG01,LOT-0678,1143
11/30/2025,WH-BDG01,LOT-0931,2356
11/30/2025,WH-BDG01,LOT-0109,2263
11/30/2025,WH-BDG01,LOT-0833,1486
11/30/2025,WH-BDG01,LOT-1123,736
11/30/2025,WH-BDG01,LOT-0005,1942
11/30/2025,WH-BDG01,LOT-0293,960
11/30/2025,WH-BDG01,LOT-0877,1469
11/30/2025,WH-BDG01,LOT-1185,1667
11/30/2025,WH-BDG01,LOT-0501,387
11/30/2025,WH-BDG01,LOT-0148,1380
11/30/2025,WH-BDG01,LOT-0763,737
11/30/2025,WH-BDG01,LOT-0540,1581
11/30/2025,WH-BDG01,LOT-0368,1665
11/30/2025,WH-BDG01,LOT-0402,1529
11/30/2025,WH-SMG01,LOT-1153,2378
11/30/2025,WH-SMG01,LOT-0136,683
11/30/2025,WH-SMG01,LOT-0548,1601
11/30/2025,WH-SMG01,LOT-1000,1224
11/30/2025,WH-SMG01,LOT-0799,1420
11/30/2025,WH-SMG01,LOT-0323,1670
11/30/2025,WH-SMG01,LOT-0758,850
11/30/2025,WH-SMG01,LOT-0505,793
11/30/2025,WH-SMG01,LOT-1047,2458
11/30/2025,WH-SMG01,LOT-0125,455
11/30/2025,WH-SMG01,LOT-0854,1894
11/30/2025,WH-SMG01,LOT-0853,578
11/30/2025,WH-SMG01,LOT-0615,2406
11/30/2025,WH-SMG01,LOT-0216,2421
11/30/2025,WH-SMG01,LOT-0546,1241
11/30/2025,WH-SMG01,LOT-0969,56
11/30/2025,WH-SMG01,LOT-0757,891
11/30/2025,WH-SMG01,LOT-0449,1629
11/30/2025,WH-SMG01,LOT-0511,2355
11/30/2025,WH-SMG01,LOT-0829,1084
11/30/2025,WH-SMG01,LOT-1192,2081
11/30/2025,WH-SMG01,LOT-0760,337
11/30/2025,WH-SMG01,LOT-0327,459
11/30/2025,WH-SMG01,LOT-0591,753
11/30/2025,WH-SMG01,LOT-0905,1704
11/30/2025,WH-SMG01,LOT-0555,1579
11/30/2025,WH-SMG01,LOT-0807,1206
11/30/2025,WH-SMG01,LOT-0890,2333
11/30/2025,WH-SMG01,LOT-0651,1894
11/30/2025,WH-SMG01,LOT-0478,372
11/30/2025,WH-SMG01,LOT-0693,1689
11/30/2025,WH-SMG01,LOT-0427,1859
11/30/2025,WH-SMG01,LOT-1150,114
11/30/2025,WH-SMG01,LOT-1189,1696
11/30/2025,WH-SMG01,LOT-0836,2265
11/30/2025,WH-SMG01,LOT-0261,928
11/30/2025,WH-SMG01,LOT-1181,904
11/30/2025,WH-SMG01,LOT-1130,1356
11/30/2025,WH-SMG01,LOT-0695,913
11/30/2025,WH-SMG01,LOT-0512,2467
11/30/2025,WH-SMG01,LOT-0316,464
11/30/2025,WH-SMG01,LOT-0594,144
11/30/2025,WH-SMG01,LOT-0415,439
11/30/2025,WH-SMG01,LOT-0796,1605
11/30/2025,WH-SMG01,LOT-1012,450
11/30/2025,WH-SMG01,LOT-0309,705
11/30/2025,WH-SMG01,LOT-0610,1443
11/30/2025,WH-SMG01,LOT-0212,2349
11/30/2025,WH-SMG01,LOT-0694,122
11/30/2025,WH-SMG01,LOT-0973,475
11/30/2025,WH-SMG01,LOT-0168,1653
11/30/2025,WH-SMG01,LOT-0321,1021
11/30/2025,WH-SMG01,LOT-0938,2335
11/30/2025,WH-SMG01,LOT-0857,2474
11/30/2025,WH-SMG01,LOT-0403,1124
11/30/2025,WH-SMG01,LOT-1121,2406
11/30/2025,WH-SMG01,LOT-0460,148
11/30/2025,WH-SMG01,LOT-0664,343
11/30/2025,WH-SMG01,LOT-0556,807
11/30/2025,WH-SMG01,LOT-0436,937
11/30/2025,WH-SMG01,LOT-0587,958
11/30/2025,WH-SMG01,LOT-0842,1124
11/30/2025,WH-SMG01,LOT-1124,1123
11/30/2025,WH-SMG01,LOT-0673,892
11/30/2025,WH-SMG01,LOT-1025,1960
11/30/2025,WH-SMG01,LOT-0879,1727
11/30/2025,WH-SMG01,LOT-1184,1984
11/30/2025,WH-SMG01,LOT-0054,850
11/30/2025,WH-SMG01,LOT-0846,1130
11/30/2025,WH-SMG01,LOT-0208,2195
11/30/2025,WH-SMG01,LOT-0806,421
11/30/2025,WH-SMG01,LOT-1103,1162
11/30/2025,WH-SMG01,LOT-0302,196
11/30/2025,WH-SMG01,LOT-0607,2317
11/30/2025,WH-SMG01,LOT-1159,2244
11/30/2025,WH-SMG01,LOT-0964,1096
11/30/2025,WH-SMG01,LOT-0485,372
11/30/2025,WH-SMG01,LOT-1119,264
11/30/2025,WH-SMG01,LOT-0159,301
11/30/2025,WH-SMG01,LOT-0851,1788
11/30/2025,WH-SMG01,LOT-0197,2031
11/30/2025,WH-SMG01,LOT-0726,2469
11/30/2025,WH-SMG01,LOT-0171,896
11/30/2025,WH-SMG01,LOT-1056,164
11/30/2025,WH-SMG01,LOT-0946,312
11/30/2025,WH-SMG01,LOT-0182,1038
11/30/2025,WH-SMG01,LOT-0060,2239
11/30/2025,WH-SMG01,LOT-0502,383
11/30/2025,WH-SMG01,LOT-0048,434
11/30/2025,WH-SMG01,LOT-1019,1650
11/30/2025,WH-SMG01,LOT-0971,52
11/30/2025,WH-SMG01,LOT-0268,1168
11/30/2025,WH-SMG01,LOT-0778,2378
11/30/2025,WH-SMG01,LOT-0121,2427
11/30/2025,WH-SMG01,LOT-0966,350
11/30/2025,WH-SMG01,LOT-0341,112
11/30/2025,WH-SMG01,LOT-0009,204
11/30/2025,WH-SMG01,LOT-0196,1286
11/30/2025,WH-SMG01,LOT-0561,671
11/30/2025,WH-SMG01,LOT-1099,168
11/30/2025,WH-SMG01,LOT-0868,626
11/30/2025,WH-SMG01,LOT-0988,2179
11/30/2025,WH-SMG01,LOT-1135,2311
11/30/2025,WH-SMG01,LOT-0040,1718
11/30/2025,WH-SMG01,LOT-1139,1718
11/30/2025,WH-SMG01,LOT-0287,497
11/30/2025,WH-SMG01,LOT-0792,1665
11/30/2025,WH-SMG01,LOT-0564,2239
11/30/2025,WH-SMG01,LOT-1176,145
11/30/2025,WH-SMG01,LOT-0426,306
11/30/2025,WH-SMG01,LOT-0242,2476
11/30/2025,WH-SMG01,LOT-0270,172
11/30/2025,WH-SMG01,LOT-0251,1019
11/30/2025,WH-SMG01,LOT-0585,1205
11/30/2025,WH-SMG01,LOT-0816,601
11/30/2025,WH-SMG01,LOT-0906,509
11/30/2025,WH-SMG01,LOT-0813,831
11/30/2025,WH-SMG01,LOT-0377,1066
11/30/2025,WH-SMG01,LOT-0663,2065
11/30/2025,WH-SMG01,LOT-0570,1358
11/30/2025,WH-SMG01,LOT-0296,1248
11/30/2025,WH-BKS01,LOT-0535,363
11/30/2025,WH-BKS01,LOT-0320,1876
11/30/2025,WH-BKS01,LOT-0123,649
11/30/2025,WH-BKS01,LOT-0430,1606
11/30/2025,WH-BKS01,LOT-0654,1665
11/30/2025,WH-BKS01,LOT-0405,555
11/30/2025,WH-BKS01,LOT-0153,1491
11/30/2025,WH-BKS01,LOT-0872,1669
11/30/2025,WH-BKS01,LOT-0126,1513
11/30/2025,WH-BKS01,LOT-0980,116
11/30/2025,WH-BKS01,LOT-1159,1070
11/30/2025,WH-BKS01,LOT-0197,1577
11/30/2025,WH-BKS01,LOT-0995,42
11/30/2025,WH-BKS01,LOT-0205,1961
11/30/2025,WH-BKS01,LOT-0421,102
11/30/2025,WH-BKS01,LOT-1114,185
11/30/2025,WH-BKS01,LOT-0783,349
11/30/2025,WH-BKS01,LOT-0121,1214
11/30/2025,WH-BKS01,LOT-0164,1134
11/30/2025,WH-BKS01,LOT-0664,465
11/30/2025,WH-BKS01,LOT-0985,921
11/30/2025,WH-BKS01,LOT-0203,30
11/30/2025,WH-BKS01,LOT-0177,1558
11/30/2025,WH-BKS01,LOT-1015,2095
11/30/2025,WH-BKS01,LOT-0238,1734
11/30/2025,WH-BKS01,LOT-0417,747
11/30/2025,WH-BKS01,LOT-0277,1077
11/30/2025,WH-BKS01,LOT-0201,175
11/30/2025,WH-BKS01,LOT-1194,2106
11/30/2025,WH-BKS01,LOT-0634,1833
11/30/2025,WH-BKS01,LOT-0034,430
11/30/2025,WH-BKS01,LOT-0278,31
11/30/2025,WH-BKS01,LOT-0622,24
11/30/2025,WH-BKS01,LOT-0951,1696
11/30/2025,WH-BKS01,LOT-0009,1685
11/30/2025,WH-BKS01,LOT-0331,2227
11/30/2025,WH-BKS01,LOT-1067,2465
11/30/2025,WH-BKS01,LOT-1138,251
11/30/2025,WH-BKS01,LOT-0181,1123
11/30/2025,WH-BKS01,LOT-0593,420
11/30/2025,WH-BKS01,LOT-0189,2000
11/30/2025,WH-BKS01,LOT-0245,565
11/30/2025,WH-BKS01,LOT-0272,2206
11/30/2025,WH-BKS01,LOT-1093,586
11/30/2025,WH-BKS01,LOT-0941,41
11/30/2025,WH-BKS01,LOT-0613,1942
11/30/2025,WH-BKS01,LOT-0650,1679
11/30/2025,WH-BKS01,LOT-0280,700
11/30/2025,WH-BKS01,LOT-0993,797
11/30/2025,WH-BKS01,LOT-0154,2064
11/30/2025,WH-BKS01,LOT-0437,465
11/30/2025,WH-BKS01,LOT-0894,508
11/30/2025,WH-BKS01,LOT-0976,1448
11/30/2025,WH-BKS01,LOT-1045,670
11/30/2025,WH-BKS01,LOT-0755,583
11/30/2025,WH-BKS01,LOT-1006,949
11/30/2025,WH-BKS01,LOT-0780,595
11/30/2025,WH-BKS01,LOT-0604,2271
11/30/2025,WH-BKS01,LOT-0878,616
11/30/2025,WH-BKS01,LOT-0385,751
11/30/2025,WH-BKS01,LOT-0147,726
11/30/2025,WH-BKS01,LOT-0490,2287
11/30/2025,WH-BKS01,LOT-1135,644
11/30/2025,WH-BKS01,LOT-0077,1172
11/30/2025,WH-BKS01,LOT-1023,63
11/30/2025,WH-BKS01,LOT-0618,2205
11/30/2025,WH-BKS01,LOT-0228,1147
11/30/2025,WH-BKS01,LOT-0777,1939
11/30/2025,WH-BKS01,LOT-0251,1348
11/30/2025,WH-BKS01,LOT-1183,647
11/30/2025,WH-BKS01,LOT-0587,2164
11/30/2025,WH-BKS01,LOT-0347,798
11/30/2025,WH-BKS01,LOT-0511,1476
11/30/2025,WH-BKS01,LOT-0311,2492
11/30/2025,WH-BKS01,LOT-0244,2430
11/30/2025,WH-BKS01,LOT-0714,2449
11/30/2025,WH-BKS01,LOT-0582,1227
11/30/2025,WH-BKS01,LOT-0099,140
11/30/2025,WH-BKS01,LOT-0156,15
11/30/2025,WH-BKS01,LOT-0487,1127
11/30/2025,WH-BKS01,LOT-0169,387
11/30/2025,WH-BKS01,LOT-0688,169
11/30/2025,WH-BKS01,LOT-0447,2280
11/30/2025,WH-BKS01,LOT-0679,1107
11/30/2025,WH-BKS01,LOT-0106,1862
11/30/2025,WH-BKS01,LOT-0842,2489
11/30/2025,WH-BKS01,LOT-0888,484
11/30/2025,WH-BKS01,LOT-0380,944
11/30/2025,WH-BKS01,LOT-0796,1537
11/30/2025,WH-BKS01,LOT-0137,426
11/30/2025,WH-BKS01,LOT-0833,482
11/30/2025,WH-BKS01,LOT-1123,1018
11/30/2025,WH-BKS01,LOT-0519,1431
11/30/2025,WH-BKS01,LOT-0706,131
11/30/2025,WH-BKS01,LOT-0691,1297
11/30/2025,WH-BKS01,LOT-0343,805
11/30/2025,WH-BKS01,LOT-0662,1315
11/30/2025,WH-BKS01,LOT-0360,1824
11/30/2025,WH-BKS01,LOT-1018,606
11/30/2025,WH-BKS01,LOT-0639,684
11/30/2025,WH-BKS01,LOT-0005,2183
11/30/2025,WH-BKS01,LOT-0285,2435
11/30/2025,WH-BKS01,LOT-0745,547
11/30/2025,WH-BKS01,LOT-0580,41
11/30/2025,WH-BKS01,LOT-0997,1798
11/30/2025,WH-BKS01,LOT-0134,1194
11/30/2025,WH-BKS01,LOT-0956,491
11/30/2025,WH-BKS01,LOT-1196,1482
11/30/2025,WH-BKS01,LOT-1112,2014
11/30/2025,WH-BKS01,LOT-0566,2289
11/30/2025,WH-BKS01,LOT-1077,177
11/30/2025,WH-BKS01,LOT-0736,2462
11/30/2025,WH-BKS01,LOT-0873,1912
11/30/2025,WH-BKS01,LOT-0800,2157
11/30/2025,WH-BKS01,LOT-0579,994
11/30/2025,WH-BKS01,LOT-1038,129
11/30/2025,WH-BKS01,LOT-1168,532
11/30/2025,WH-BKS01,LOT-0453,2223
11/30/2025,WH-BKS01,LOT-0120,80
11/30/2025,WH-BKS01,LOT-0063,308
11/30/2025,WH-BKS01,LOT-0757,107
11/30/2025,WH-BKS01,LOT-0218,1239
11/30/2025,WH-BKS01,LOT-0698,429
11/30/2025,WH-BKS01,LOT-0887,1188
11/30/2025,WH-BKS01,LOT-0925,1359
11/30/2025,WH-BKS01,LOT-0713,1003
11/30/2025,WH-BKS01,LOT-0824,1244
11/30/2025,WH-BKS01,LOT-0427,326
11/30/2025,WH-BKS01,LOT-0749,1373
11/30/2025,WH-BKS01,LOT-0746,527
11/30/2025,WH-BKS01,LOT-1034,2101
11/30/2025,WH-BKS01,LOT-0607,401
11/30/2025,WH-BKS01,LOT-0299,1085
11/30/2025,WH-BKS01,LOT-0378,1189
11/30/2025,WH-BKS01,LOT-0919,1933
11/30/2025,WH-TNG01,LOT-0840,601
11/30/2025,WH-TNG01,LOT-0931,1394
11/30/2025,WH-TNG01,LOT-0590,2466
11/30/2025,WH-TNG01,LOT-0264,1202
11/30/2025,WH-TNG01,LOT-1128,1479
11/30/2025,WH-TNG01,LOT-0075,752
11/30/2025,WH-TNG01,LOT-0359,920
11/30/2025,WH-TNG01,LOT-0175,348
11/30/2025,WH-TNG01,LOT-1045,1329
11/30/2025,WH-TNG01,LOT-1138,2212
11/30/2025,WH-TNG01,LOT-0458,580
11/30/2025,WH-TNG01,LOT-0047,2161
11/30/2025,WH-TNG01,LOT-0790,1594
11/30/2025,WH-TNG01,LOT-0455,937
11/30/2025,WH-TNG01,LOT-0706,198
11/30/2025,WH-TNG01,LOT-1020,1154
11/30/2025,WH-TNG01,LOT-1146,92
11/30/2025,WH-TNG01,LOT-0052,582
11/30/2025,WH-TNG01,LOT-0466,2488
11/30/2025,WH-TNG01,LOT-0952,1792
11/30/2025,WH-TNG01,LOT-1144,1616
11/30/2025,WH-TNG01,LOT-1199,762
11/30/2025,WH-TNG01,LOT-0237,2467
11/30/2025,WH-TNG01,LOT-0299,381
11/30/2025,WH-TNG01,LOT-0200,1822
11/30/2025,WH-TNG01,LOT-0911,656
11/30/2025,WH-TNG01,LOT-0514,416
11/30/2025,WH-TNG01,LOT-0491,1998
11/30/2025,WH-TNG01,LOT-0825,1220
11/30/2025,WH-TNG01,LOT-1180,652
11/30/2025,WH-TNG01,LOT-0029,2468
11/30/2025,WH-TNG01,LOT-0654,578
11/30/2025,WH-TNG01,LOT-0680,546
11/30/2025,WH-TNG01,LOT-1132,118
11/30/2025,WH-TNG01,LOT-0662,1247
11/30/2025,WH-TNG01,LOT-1010,366
11/30/2025,WH-TNG01,LOT-0763,1678
11/30/2025,WH-TNG01,LOT-1172,1910
11/30/2025,WH-TNG01,LOT-0627,2228
11/30/2025,WH-TNG01,LOT-0043,734
11/30/2025,WH-TNG01,LOT-1116,498
11/30/2025,WH-TNG01,LOT-0570,1481
11/30/2025,WH-TNG01,LOT-0383,996
11/30/2025,WH-TNG01,LOT-0002,2428
11/30/2025,WH-TNG01,LOT-0859,731
11/30/2025,WH-TNG01,LOT-0881,1673
11/30/2025,WH-TNG01,LOT-1161,1576
11/30/2025,WH-TNG01,LOT-0101,2484
11/30/2025,WH-TNG01,LOT-0611,869
11/30/2025,WH-TNG01,LOT-0736,1954
11/30/2025,WH-TNG01,LOT-0314,30
11/30/2025,WH-TNG01,LOT-1065,1632
11/30/2025,WH-TNG01,LOT-1113,916
11/30/2025,WH-TNG01,LOT-0879,526
11/30/2025,WH-TNG01,LOT-0031,1463
11/30/2025,WH-TNG01,LOT-0773,145
11/30/2025,WH-TNG01,LOT-0137,892
11/30/2025,WH-TNG01,LOT-0100,506
11/30/2025,WH-TNG01,LOT-0796,954
11/30/2025,WH-TNG01,LOT-0861,2411
11/30/2025,WH-TNG01,LOT-0942,652
11/30/2025,WH-TNG01,LOT-0493,2058
11/30/2025,WH-TNG01,LOT-0479,194
11/30/2025,WH-TNG01,LOT-0927,1247
11/30/2025,WH-TNG01,LOT-0560,2187
11/30/2025,WH-TNG01,LOT-0761,1477
11/30/2025,WH-TNG01,LOT-0910,41
11/30/2025,WH-TNG01,LOT-0089,767
11/30/2025,WH-TNG01,LOT-0170,629
11/30/2025,WH-TNG01,LOT-0818,194
11/30/2025,WH-TNG01,LOT-0652,1722
11/30/2025,WH-TNG01,LOT-0295,400
11/30/2025,WH-TNG01,LOT-0849,2406
11/30/2025,WH-TNG01,LOT-0191,209
11/30/2025,WH-TNG01,LOT-0457,445
11/30/2025,WH-TNG01,LOT-0857,2371
11/30/2025,WH-TNG01,LOT-1148,990
11/30/2025,WH-TNG01,LOT-0142,1007
11/30/2025,WH-TNG01,LOT-0613,876
11/30/2025,WH-TNG01,LOT-1131,1540
11/30/2025,WH-TNG01,LOT-0120,934
11/30/2025,WH-TNG01,LOT-0287,2014
11/30/2025,WH-TNG01,LOT-0733,2484
11/30/2025,WH-TNG01,LOT-0451,2005
11/30/2025,WH-TNG01,LOT-0042,357
11/30/2025,WH-TNG01,LOT-1049,2482
11/30/2025,WH-TNG01,LOT-0575,263
11/30/2025,WH-TNG01,LOT-0399,18
11/30/2025,WH-TNG01,LOT-0981,248
11/30/2025,WH-TNG01,LOT-0817,98
11/30/2025,WH-TNG01,LOT-0330,762
11/30/2025,WH-TNG01,LOT-0815,2392
11/30/2025,WH-TNG01,LOT-0606,1409
11/30/2025,WH-TNG01,LOT-0552,1772
11/30/2025,WH-TNG01,LOT-0618,417
11/30/2025,WH-TNG01,LOT-1022,1553
11/30/2025,WH-TNG01,LOT-0370,608
11/30/2025,WH-TNG01,LOT-0019,764
11/30/2025,WH-TNG01,LOT-1089,1404
11/30/2025,WH-TNG01,LOT-0578,1552
11/30/2025,WH-TNG01,LOT-0378,1160
11/30/2025,WH-TNG01,LOT-0289,2026
11/30/2025,WH-TNG01,LOT-0357,272
11/30/2025,WH-TNG01,LOT-0436,2115
11/30/2025,WH-TNG01,LOT-1050,1519
11/30/2025,WH-TNG01,LOT-0010,1459
11/30/2025,WH-TNG01,LOT-0066,2466
11/30/2025,WH-TNG01,LOT-0561,1276
11/30/2025,WH-TNG01,LOT-0164,20
11/30/2025,WH-TNG01,LOT-0259,1851
11/30/2025,WH-TNG01,LOT-0631,2383
11/30/2025,WH-TNG01,LOT-0227,594
11/30/2025,WH-TNG01,LOT-0678,939
11/30/2025,WH-TNG01,LOT-0701,11
11/30/2025,WH-TNG01,LOT-0506,1180
11/30/2025,WH-TNG01,LOT-0816,1419
11/30/2025,WH-TNG01,LOT-0222,899
11/30/2025,WH-TNG01,LOT-0671,569
11/30/2025,WH-TNG01,LOT-1095,969
11/30/2025,WH-TNG01,LOT-0693,349
11/30/2025,WH-TNG01,LOT-0646,1587
11/30/2025,WH-TNG01,LOT-0940,1929
11/30/2025,WH-TNG01,LOT-1198,1916
11/30/2025,WH-TNG01,LOT-0059,2199
11/30/2025,WH-TNG01,LOT-0787,319
11/30/2025,WH-TNG01,LOT-1154,1176
11/30/2025,WH-TNG01,LOT-0776,1367
11/30/2025,WH-TNG01,LOT-0333,1553
11/30/2025,WH-TNG01,LOT-0569,1196
11/30/2025,WH-TNG01,LOT-0337,1816
11/30/2025,WH-TNG01,LOT-0756,1189
11/30/2025,WH-TNG01,LOT-0126,1013
11/30/2025,WH-TNG01,LOT-0490,1828
11/30/2025,WH-TNG01,LOT-0437,62
11/30/2025,WH-TNG01,LOT-0454,494
11/30/2025,WH-BPR01,LOT-0606,1151
11/30/2025,WH-BPR01,LOT-0723,2376
11/30/2025,WH-BPR01,LOT-0402,1189
11/30/2025,WH-BPR01,LOT-0214,1515
11/30/2025,WH-BPR01,LOT-0165,502
11/30/2025,WH-BPR01,LOT-0925,98
11/30/2025,WH-BPR01,LOT-1022,1266
11/30/2025,WH-BPR01,LOT-0877,1676
11/30/2025,WH-BPR01,LOT-0862,575
11/30/2025,WH-BPR01,LOT-0697,1299
11/30/2025,WH-BPR01,LOT-0120,33
11/30/2025,WH-BPR01,LOT-0706,1702
11/30/2025,WH-BPR01,LOT-0363,2379
11/30/2025,WH-BPR01,LOT-0965,540
11/30/2025,WH-BPR01,LOT-0857,2334
11/30/2025,WH-BPR01,LOT-0138,1725
11/30/2025,WH-BPR01,LOT-0257,1349
11/30/2025,WH-BPR01,LOT-0055,1579
11/30/2025,WH-BPR01,LOT-1179,2196
11/30/2025,WH-BPR01,LOT-0328,1377
11/30/2025,WH-BPR01,LOT-1135,459
11/30/2025,WH-BPR01,LOT-0178,595
11/30/2025,WH-BPR01,LOT-0658,232
11/30/2025,WH-BPR01,LOT-0977,1737
11/30/2025,WH-BPR01,LOT-1122,527
11/30/2025,WH-BPR01,LOT-0113,1842
11/30/2025,WH-BPR01,LOT-0834,1721
11/30/2025,WH-BPR01,LOT-0152,2026
11/30/2025,WH-BPR01,LOT-0123,744
11/30/2025,WH-BPR01,LOT-0320,2456
11/30/2025,WH-BPR01,LOT-0271,957
11/30/2025,WH-BPR01,LOT-0504,1318
11/30/2025,WH-BPR01,LOT-0142,99
11/30/2025,WH-BPR01,LOT-0234,1815
11/30/2025,WH-BPR01,LOT-0801,2403
11/30/2025,WH-BPR01,LOT-0980,892
11/30/2025,WH-BPR01,LOT-1121,1064
11/30/2025,WH-BPR01,LOT-0905,1113
11/30/2025,WH-BPR01,LOT-0050,577
11/30/2025,WH-BPR01,LOT-0792,308
11/30/2025,WH-BPR01,LOT-0979,546
11/30/2025,WH-BPR01,LOT-0876,2367
11/30/2025,WH-BPR01,LOT-0419,461
11/30/2025,WH-BPR01,LOT-0687,1243
11/30/2025,WH-BPR01,LOT-0278,1800
11/30/2025,WH-BPR01,LOT-0310,1530
11/30/2025,WH-BPR01,LOT-0407,27
11/30/2025,WH-BPR01,LOT-0996,772
11/30/2025,WH-BPR01,LOT-0253,613
11/30/2025,WH-BPR01,LOT-1105,812
11/30/2025,WH-BPR01,LOT-0729,1208
11/30/2025,WH-BPR01,LOT-1200,2031
11/30/2025,WH-BPR01,LOT-0319,1900
11/30/2025,WH-BPR01,LOT-0147,2263
11/30/2025,WH-BPR01,LOT-0283,35
11/30/2025,WH-BPR01,LOT-0776,1185
11/30/2025,WH-BPR01,LOT-1059,1422
11/30/2025,WH-BPR01,LOT-0583,2028
11/30/2025,WH-BPR01,LOT-1050,2333
11/30/2025,WH-BPR01,LOT-0753,1909
11/30/2025,WH-BPR01,LOT-0849,570
11/30/2025,WH-BPR01,LOT-0452,1540
11/30/2025,WH-BPR01,LOT-1020,486
11/30/2025,WH-BPR01,LOT-0172,2138
11/30/2025,WH-BPR01,LOT-0171,1203
11/30/2025,WH-BPR01,LOT-0586,222
11/30/2025,WH-BPR01,LOT-0312,1889
11/30/2025,WH-BPR01,LOT-0639,109
11/30/2025,WH-BPR01,LOT-0395,843
11/30/2025,WH-BPR01,LOT-0045,952
11/30/2025,WH-BPR01,LOT-0083,2179
11/30/2025,WH-BPR01,LOT-0060,558
11/30/2025,WH-BPR01,LOT-0502,393
11/30/2025,WH-BPR01,LOT-0929,1208
11/30/2025,WH-BPR01,LOT-0690,1864
11/30/2025,WH-BPR01,LOT-1167,2285
11/30/2025,WH-BPR01,LOT-1102,599
11/30/2025,WH-BPR01,LOT-1157,1005
11/30/2025,WH-BPR01,LOT-0305,800
11/30/2025,WH-BPR01,LOT-0499,1831
11/30/2025,WH-BPR01,LOT-0150,649
11/30/2025,WH-BPR01,LOT-0425,239
11/30/2025,WH-BPR01,LOT-0294,2334
11/30/2025,WH-BPR01,LOT-0532,1114
11/30/2025,WH-BPR01,LOT-0896,1307
11/30/2025,WH-BPR01,LOT-1029,272
11/30/2025,WH-BPR01,LOT-0779,1626
11/30/2025,WH-BPR01,LOT-0428,2009
11/30/2025,WH-BPR01,LOT-0260,1649
11/30/2025,WH-BPR01,LOT-0981,1833
11/30/2025,WH-BPR01,LOT-1097,58
11/30/2025,WH-BPR01,LOT-0529,1629
11/30/2025,WH-BPR01,LOT-0212,817
11/30/2025,WH-BPR01,LOT-1006,1677
11/30/2025,WH-BPR01,LOT-0414,909
11/30/2025,WH-BPR01,LOT-1018,585
11/30/2025,WH-BPR01,LOT-0846,2140
11/30/2025,WH-BPR01,LOT-0702,1756
11/30/2025,WH-BPR01,LOT-1168,831
11/30/2025,WH-BPR01,LOT-0699,27
11/30/2025,WH-BPR01,LOT-0431,472
11/30/2025,WH-BPR01,LOT-1073,285
11/30/2025,WH-BPR01,LOT-0286,576
11/30/2025,WH-BPR01,LOT-0085,630
11/30/2025,WH-BPR01,LOT-0194,120
11/30/2025,WH-BPR01,LOT-0202,210
11/30/2025,WH-BPR01,LOT-0563,2131
11/30/2025,WH-BPR01,LOT-0063,1206
11/30/2025,WH-BPR01,LOT-0795,2071
11/30/2025,WH-BPR01,LOT-0724,1109
11/30/2025,WH-BPR01,LOT-0336,528
11/30/2025,WH-BPR01,LOT-0805,1598
11/30/2025,WH-BPR01,LOT-0600,1046
11/30/2025,WH-BPR01,LOT-0377,2234
11/30/2025,WH-BPR01,LOT-0883,843
11/30/2025,WH-BPR01,LOT-0912,848
11/30/2025,WH-BPR01,LOT-0756,880
11/30/2025,WH-BPR01,LOT-0131,1742
11/30/2025,WH-BPR01,LOT-0296,1858
11/30/2025,WH-BPR01,LOT-1000,2370
11/30/2025,WH-BPR01,LOT-0375,1570
11/30/2025,WH-BPR01,LOT-0573,103
11/30/2025,WH-BPR01,LOT-0648,2096
11/30/2025,WH-BPR01,LOT-0708,691
11/30/2025,WH-BPR01,LOT-0510,2222
11/30/2025,WH-BPR01,LOT-1002,2489
11/30/2025,WH-BPR01,LOT-0749,1670
11/30/2025,WH-BPR01,LOT-0804,2052
11/30/2025,WH-BPR01,LOT-0644,361
11/30/2025,WH-BPR01,LOT-0791,857
11/30/2025,WH-BPR01,LOT-0962,1571
11/30/2025,WH-BPR01,LOT-0842,45
11/30/2025,WH-BPR01,LOT-0533,1384
11/30/2025,WH-BPR01,LOT-1084,1047
11/30/2025,WH-BPR01,LOT-0904,2494
11/30/2025,WH-BPR01,LOT-1048,1181
11/30/2025,WH-BPR01,LOT-0602,1791
11/30/2025,WH-BPR01,LOT-0873,2465
11/30/2025,WH-BPR01,LOT-0338,555
11/30/2025,WH-MLG01,LOT-1152,2382
11/30/2025,WH-MLG01,LOT-0759,2145
11/30/2025,WH-MLG01,LOT-0859,837
11/30/2025,WH-MLG01,LOT-0574,825
11/30/2025,WH-MLG01,LOT-1164,664
11/30/2025,WH-MLG01,LOT-0107,1705
11/30/2025,WH-MLG01,LOT-0233,278
11/30/2025,WH-MLG01,LOT-0385,1961
11/30/2025,WH-MLG01,LOT-0299,180
11/30/2025,WH-MLG01,LOT-0536,1324
11/30/2025,WH-MLG01,LOT-0757,125
11/30/2025,WH-MLG01,LOT-0192,1373
11/30/2025,WH-MLG01,LOT-1155,2206
11/30/2025,WH-MLG01,LOT-0441,859
11/30/2025,WH-MLG01,LOT-0767,1545
11/30/2025,WH-MLG01,LOT-0103,786
11/30/2025,WH-MLG01,LOT-0002,1056
11/30/2025,WH-MLG01,LOT-0159,1470
11/30/2025,WH-MLG01,LOT-0222,2218
11/30/2025,WH-MLG01,LOT-0680,284
11/30/2025,WH-MLG01,LOT-0598,2418
11/30/2025,WH-MLG01,LOT-0802,1434
11/30/2025,WH-MLG01,LOT-0225,1738
11/30/2025,WH-MLG01,LOT-0974,1350
11/30/2025,WH-MLG01,LOT-0707,1811
11/30/2025,WH-MLG01,LOT-1087,624
11/30/2025,WH-MLG01,LOT-0123,2244
11/30/2025,WH-MLG01,LOT-1108,1523
11/30/2025,WH-MLG01,LOT-0100,1021
11/30/2025,WH-MLG01,LOT-0444,1503
11/30/2025,WH-MLG01,LOT-1073,990
11/30/2025,WH-MLG01,LOT-1044,1023
11/30/2025,WH-MLG01,LOT-1182,2379
11/30/2025,WH-MLG01,LOT-0074,2440
11/30/2025,WH-MLG01,LOT-0586,2095
11/30/2025,WH-MLG01,LOT-0523,678
11/30/2025,WH-MLG01,LOT-0140,1166
11/30/2025,WH-MLG01,LOT-0126,662
11/30/2025,WH-MLG01,LOT-0578,1598
11/30/2025,WH-MLG01,LOT-0557,1649
11/30/2025,WH-MLG01,LOT-0496,591
11/30/2025,WH-MLG01,LOT-0131,396
11/30/2025,WH-MLG01,LOT-0714,1927
11/30/2025,WH-MLG01,LOT-0831,1984
11/30/2025,WH-MLG01,LOT-0789,1382
11/30/2025,WH-MLG01,LOT-1043,2301
11/30/2025,WH-MLG01,LOT-0697,187
11/30/2025,WH-MLG01,LOT-0156,282
11/30/2025,WH-MLG01,LOT-0438,1362
11/30/2025,WH-MLG01,LOT-0677,2219
11/30/2025,WH-MLG01,LOT-0392,1106
11/30/2025,WH-MLG01,LOT-1070,1752
11/30/2025,WH-MLG01,LOT-0212,1762
11/30/2025,WH-MLG01,LOT-0563,2254
11/30/2025,WH-MLG01,LOT-1055,1996
11/30/2025,WH-MLG01,LOT-0445,2487
11/30/2025,WH-MLG01,LOT-0978,862
11/30/2025,WH-MLG01,LOT-0636,27
11/30/2025,WH-MLG01,LOT-0939,839
11/30/2025,WH-MLG01,LOT-0655,36
11/30/2025,WH-MLG01,LOT-0722,631
11/30/2025,WH-MLG01,LOT-1036,2121
11/30/2025,WH-MLG01,LOT-0404,1406
11/30/2025,WH-MLG01,LOT-0087,847
11/30/2025,WH-MLG01,LOT-0025,655
11/30/2025,WH-MLG01,LOT-0826,1902
11/30/2025,WH-MLG01,LOT-1058,742
11/30/2025,WH-MLG01,LOT-0651,1971
11/30/2025,WH-MLG01,LOT-0782,1583
11/30/2025,WH-MLG01,LOT-0917,1771
11/30/2025,WH-MLG01,LOT-0226,2436
11/30/2025,WH-MLG01,LOT-0998,2304
11/30/2025,WH-MLG01,LOT-0924,919
11/30/2025,WH-MLG01,LOT-1125,1054
11/30/2025,WH-MLG01,LOT-0538,1307
11/30/2025,WH-MLG01,LOT-0187,295
11/30/2025,WH-MLG01,LOT-0077,1529
11/30/2025,WH-MLG01,LOT-0317,260
11/30/2025,WH-MLG01,LOT-0948,684
11/30/2025,WH-MLG01,LOT-0211,1320
11/30/2025,WH-MLG01,LOT-0830,525
11/30/2025,WH-MLG01,LOT-1080,2131
11/30/2025,WH-MLG01,LOT-1145,1528
11/30/2025,WH-MLG01,LOT-0419,1238
11/30/2025,WH-MLG01,LOT-0991,1756
11/30/2025,WH-MLG01,LOT-0893,446
11/30/2025,WH-MLG01,LOT-0219,987
11/30/2025,WH-MLG01,LOT-0750,28
11/30/2025,WH-MLG01,LOT-1057,2239
11/30/2025,WH-MLG01,LOT-0798,1923
11/30/2025,WH-MLG01,LOT-0869,790
11/30/2025,WH-MLG01,LOT-1060,41
11/30/2025,WH-MLG01,LOT-0866,2202
11/30/2025,WH-MLG01,LOT-0232,2321
11/30/2025,WH-MLG01,LOT-0175,1942
11/30/2025,WH-MLG01,LOT-1165,522
11/30/2025,WH-MLG01,LOT-1170,42
11/30/2025,WH-MLG01,LOT-0963,1880
11/30/2025,WH-MLG01,LOT-0790,926
11/30/2025,WH-MLG01,LOT-0899,2285
11/30/2025,WH-MLG01,LOT-0730,693
11/30/2025,WH-SLO01,LOT-0974,2079
11/30/2025,WH-SLO01,LOT-0961,1702
11/30/2025,WH-SLO01,LOT-0934,1596
11/30/2025,WH-SLO01,LOT-0238,1171
11/30/2025,WH-SLO01,LOT-0248,993
11/30/2025,WH-SLO01,LOT-1027,648
11/30/2025,WH-SLO01,LOT-0600,103
11/30/2025,WH-SLO01,LOT-0288,860
11/30/2025,WH-SLO01,LOT-0654,385
11/30/2025,WH-SLO01,LOT-0263,2036
11/30/2025,WH-SLO01,LOT-0985,578
11/30/2025,WH-SLO01,LOT-1033,1679
11/30/2025,WH-SLO01,LOT-0799,1743
11/30/2025,WH-SLO01,LOT-0407,1504
11/30/2025,WH-SLO01,LOT-0003,609
11/30/2025,WH-SLO01,LOT-0126,2133
11/30/2025,WH-SLO01,LOT-0018,591
11/30/2025,WH-SLO01,LOT-0907,1281
11/30/2025,WH-SLO01,LOT-0170,1619
11/30/2025,WH-SLO01,LOT-0300,2216
11/30/2025,WH-SLO01,LOT-0150,1374
11/30/2025,WH-SLO01,LOT-0099,1090
11/30/2025,WH-SLO01,LOT-0290,2435
11/30/2025,WH-SLO01,LOT-0571,691
11/30/2025,WH-SLO01,LOT-0289,2050
11/30/2025,WH-SLO01,LOT-0397,536
11/30/2025,WH-SLO01,LOT-0605,1198
11/30/2025,WH-SLO01,LOT-0595,20
11/30/2025,WH-SLO01,LOT-1002,171
11/30/2025,WH-SLO01,LOT-0444,150
11/30/2025,WH-SLO01,LOT-0107,588
11/30/2025,WH-SLO01,LOT-0715,95
11/30/2025,WH-SLO01,LOT-0991,2246
11/30/2025,WH-SLO01,LOT-0916,1612
11/30/2025,WH-SLO01,LOT-0962,213
11/30/2025,WH-SLO01,LOT-0193,363
11/30/2025,WH-SLO01,LOT-0875,1255
11/30/2025,WH-SLO01,LOT-0247,1554
11/30/2025,WH-SLO01,LOT-1188,81
11/30/2025,WH-SLO01,LOT-1194,1319
11/30/2025,WH-SLO01,LOT-0973,362
11/30/2025,WH-SLO01,LOT-0222,2423
11/30/2025,WH-SLO01,LOT-0771,108
11/30/2025,WH-SLO01,LOT-0748,2301
11/30/2025,WH-SLO01,LOT-0890,1394
11/30/2025,WH-SLO01,LOT-0717,1156
11/30/2025,WH-SLO01,LOT-0817,863
11/30/2025,WH-SLO01,LOT-0825,596
11/30/2025,WH-SLO01,LOT-0933,2039
11/30/2025,WH-SLO01,LOT-0833,479
11/30/2025,WH-SLO01,LOT-0607,1651
11/30/2025,WH-SLO01,LOT-0084,841
11/30/2025,WH-SLO01,LOT-0774,243
11/30/2025,WH-SLO01,LOT-1074,821
11/30/2025,WH-SLO01,LOT-0481,970
11/30/2025,WH-SLO01,LOT-0399,1321
11/30/2025,WH-SLO01,LOT-0589,1733
11/30/2025,WH-SLO01,LOT-0545,899
11/30/2025,WH-SLO01,LOT-0033,1572
11/30/2025,WH-SLO01,LOT-0036,2460
11/30/2025,WH-SLO01,LOT-0751,832
11/30/2025,WH-SLO01,LOT-0312,62
11/30/2025,WH-SLO01,LOT-0331,376
11/30/2025,WH-SLO01,LOT-0577,248
11/30/2025,WH-SLO01,LOT-0284,242
11/30/2025,WH-SLO01,LOT-0778,164
11/30/2025,WH-SLO01,LOT-0747,2423
11/30/2025,WH-SLO01,LOT-0402,224
11/30/2025,WH-SLO01,LOT-0940,2165
11/30/2025,WH-SLO01,LOT-0411,2447
11/30/2025,WH-SLO01,LOT-0374,2421
11/30/2025,WH-SLO01,LOT-0261,971
11/30/2025,WH-SLO01,LOT-0181,280
11/30/2025,WH-SLO01,LOT-1187,2275
11/30/2025,WH-SLO01,LOT-0156,1826
11/30/2025,WH-SLO01,LOT-0530,2144
11/30/2025,WH-SLO01,LOT-0500,476
11/30/2025,WH-SLO01,LOT-0028,24
11/30/2025,WH-SLO01,LOT-0044,1278
11/30/2025,WH-SLO01,LOT-0742,2187
11/30/2025,WH-SLO01,LOT-0583,193
11/30/2025,WH-SLO01,LOT-0980,720
11/30/2025,WH-SLO01,LOT-0499,2167
11/30/2025,WH-SLO01,LOT-0863,954
11/30/2025,WH-SLO01,LOT-0103,1385
11/30/2025,WH-SLO01,LOT-0234,1151
11/30/2025,WH-SLO01,LOT-0686,274
11/30/2025,WH-SLO01,LOT-1010,1382
11/30/2025,WH-SLO01,LOT-0235,2237
11/30/2025,WH-SLO01,LOT-0674,2468
11/30/2025,WH-SLO01,LOT-0077,746
11/30/2025,WH-SLO01,LOT-0197,217
11/30/2025,WH-SLO01,LOT-0090,952
11/30/2025,WH-SLO01,LOT-0142,212
11/30/2025,WH-SLO01,LOT-0813,1085
11/30/2025,WH-SLO01,LOT-0311,913
11/30/2025,WH-SLO01,LOT-0859,1826
11/30/2025,WH-SLO01,LOT-0019,1718
11/30/2025,WH-SLO01,LOT-0063,1749
11/30/2025,WH-SLO01,LOT-0067,372
11/30/2025,WH-SLO01,LOT-0276,1003
11/30/2025,WH-SLO01,LOT-0822,1720
11/30/2025,WH-SLO01,LOT-1148,1623
11/30/2025,WH-SLO01,LOT-1172,707
11/30/2025,WH-SLO01,LOT-0428,2196
11/30/2025,WH-SLO01,LOT-0536,111
11/30/2025,WH-SLO01,LOT-0960,2106
11/30/2025,WH-SLO01,LOT-0689,347
11/30/2025,WH-SLO01,LOT-1140,584
11/30/2025,WH-SLO01,LOT-0417,571
11/30/2025,WH-SLO01,LOT-0452,1767
11/30/2025,WH-SLO01,LOT-0653,2139
11/30/2025,WH-SLO01,LOT-0592,283
11/30/2025,WH-SLO01,LOT-1040,1438
11/30/2025,WH-SLO01,LOT-1025,2353
11/30/2025,WH-SLO01,LOT-0424,1251
11/30/2025,WH-SLO01,LOT-0734,1889
11/30/2025,WH-SLO01,LOT-1008,1060
11/30/2025,WH-SLO01,LOT-0183,1885
11/30/2025,WH-SLO01,LOT-0383,25
11/30/2025,WH-SLO01,LOT-0221,1433
11/30/2025,WH-SLO01,LOT-0581,912
11/30/2025,WH-SLO01,LOT-1169,311
11/30/2025,WH-SLO01,LOT-0826,371
11/30/2025,WH-SLO01,LOT-0967,158
11/30/2025,WH-SLO01,LOT-1168,1438
11/30/2025,WH-SLO01,LOT-0187,2256
11/30/2025,WH-SLO01,LOT-0517,878
11/30/2025,WH-SLO01,LOT-0788,1011
11/30/2025,WH-SLO01,LOT-0497,44
11/30/2025,WH-YOG01,LOT-0887,624
11/30/2025,WH-YOG01,LOT-1019,1402
11/30/2025,WH-YOG01,LOT-0416,64
11/30/2025,WH-YOG01,LOT-0918,271
11/30/2025,WH-YOG01,LOT-1032,2087
11/30/2025,WH-YOG01,LOT-0595,1613
11/30/2025,WH-YOG01,LOT-0286,157
11/30/2025,WH-YOG01,LOT-0194,2030
11/30/2025,WH-YOG01,LOT-1143,1137
11/30/2025,WH-YOG01,LOT-1198,710
11/30/2025,WH-YOG01,LOT-0256,2351
11/30/2025,WH-YOG01,LOT-0632,104
11/30/2025,WH-YOG01,LOT-0287,1654
11/30/2025,WH-YOG01,LOT-0865,2470
11/30/2025,WH-YOG01,LOT-0477,1421
11/30/2025,WH-YOG01,LOT-0972,621
11/30/2025,WH-YOG01,LOT-0836,752
11/30/2025,WH-YOG01,LOT-0730,673
11/30/2025,WH-YOG01,LOT-0059,940
11/30/2025,WH-YOG01,LOT-0213,784
11/30/2025,WH-YOG01,LOT-0831,1681
11/30/2025,WH-YOG01,LOT-0995,2486
11/30/2025,WH-YOG01,LOT-0875,873
11/30/2025,WH-YOG01,LOT-0981,497
11/30/2025,WH-YOG01,LOT-0202,2307
11/30/2025,WH-YOG01,LOT-1043,74
11/30/2025,WH-YOG01,LOT-1015,1584
11/30/2025,WH-YOG01,LOT-0816,698
11/30/2025,WH-YOG01,LOT-0257,181
11/30/2025,WH-YOG01,LOT-1088,65
11/30/2025,WH-YOG01,LOT-1112,2051
11/30/2025,WH-YOG01,LOT-0444,811
11/30/2025,WH-YOG01,LOT-0838,91
11/30/2025,WH-YOG01,LOT-0484,567
11/30/2025,WH-YOG01,LOT-0886,1081
11/30/2025,WH-YOG01,LOT-1116,717
11/30/2025,WH-YOG01,LOT-1078,1586
11/30/2025,WH-YOG01,LOT-0733,1744
11/30/2025,WH-YOG01,LOT-0051,578
11/30/2025,WH-YOG01,LOT-0180,1073
11/30/2025,WH-YOG01,LOT-0813,2361
11/30/2025,WH-YOG01,LOT-0331,1858
11/30/2025,WH-YOG01,LOT-0942,1498
11/30/2025,WH-YOG01,LOT-0823,989
11/30/2025,WH-YOG01,LOT-0353,1933
11/30/2025,WH-YOG01,LOT-0326,1190
11/30/2025,WH-YOG01,LOT-0377,111
11/30/2025,WH-YOG01,LOT-0871,1347
11/30/2025,WH-YOG01,LOT-0891,2036
11/30/2025,WH-YOG01,LOT-0910,386
11/30/2025,WH-YOG01,LOT-1055,1144
11/30/2025,WH-YOG01,LOT-0023,1259
11/30/2025,WH-YOG01,LOT-1168,1611
11/30/2025,WH-YOG01,LOT-0399,2457
11/30/2025,WH-YOG01,LOT-0917,1515
11/30/2025,WH-YOG01,LOT-0814,1681
11/30/2025,WH-YOG01,LOT-0176,2041
11/30/2025,WH-YOG01,LOT-0810,1057
11/30/2025,WH-YOG01,LOT-0666,213
11/30/2025,WH-YOG01,LOT-0347,1568
11/30/2025,WH-YOG01,LOT-0384,2233
11/30/2025,WH-YOG01,LOT-1128,2029
11/30/2025,WH-YOG01,LOT-1102,863
11/30/2025,WH-YOG01,LOT-0002,1492
11/30/2025,WH-YOG01,LOT-0950,1254
11/30/2025,WH-YOG01,LOT-0597,1046
11/30/2025,WH-YOG01,LOT-1190,1536
11/30/2025,WH-YOG01,LOT-1196,906
11/30/2025,WH-YOG01,LOT-0496,1051
11/30/2025,WH-YOG01,LOT-0652,1362
11/30/2025,WH-YOG01,LOT-1159,278
11/30/2025,WH-YOG01,LOT-1097,1159
11/30/2025,WH-YOG01,LOT-0218,1569
11/30/2025,WH-YOG01,LOT-0278,1767
11/30/2025,WH-YOG01,LOT-0663,2258
11/30/2025,WH-YOG01,LOT-0700,2207
11/30/2025,WH-YOG01,LOT-0977,1725
11/30/2025,WH-YOG01,LOT-0984,1459
11/30/2025,WH-YOG01,LOT-0953,2115
11/30/2025,WH-YOG01,LOT-0312,823
11/30/2025,WH-YOG01,LOT-0889,1106
11/30/2025,WH-YOG01,LOT-0661,2085
11/30/2025,WH-YOG01,LOT-1016,822
11/30/2025,WH-YOG01,LOT-0779,1225
11/30/2025,WH-YOG01,LOT-0607,2310
11/30/2025,WH-YOG01,LOT-0052,946
11/30/2025,WH-YOG01,LOT-1125,1456
11/30/2025,WH-YOG01,LOT-0385,2250
11/30/2025,WH-YOG01,LOT-1141,1767
11/30/2025,WH-YOG01,LOT-0757,665
11/30/2025,WH-YOG01,LOT-1090,1715
11/30/2025,WH-YOG01,LOT-0650,2035
11/30/2025,WH-YOG01,LOT-0061,894
11/30/2025,WH-YOG01,LOT-0149,1788
11/30/2025,WH-YOG01,LOT-0596,1614
11/30/2025,WH-YOG01,LOT-0903,1237
11/30/2025,WH-YOG01,LOT-0224,2130
11/30/2025,WH-YOG01,LOT-0794,1292
11/30/2025,WH-YOG01,LOT-0676,994
11/30/2025,WH-YOG01,LOT-0989,641
11/30/2025,WH-YOG01,LOT-1130,130
11/30/2025,WH-YOG01,LOT-1194,1897
11/30/2025,WH-YOG01,LOT-0386,1946
11/30/2025,WH-YOG01,LOT-1171,1504
11/30/2025,WH-YOG01,LOT-0144,2158
11/30/2025,WH-YOG01,LOT-0285,1939
11/30/2025,WH-YOG01,LOT-0722,28
11/30/2025,WH-YOG01,LOT-0812,2090
11/30/2025,WH-YOG01,LOT-0719,1200
11/30/2025,WH-YOG01,LOT-0191,1008
11/30/2025,WH-YOG01,LOT-1095,661
11/30/2025,WH-YOG01,LOT-1092,1683
11/30/2025,WH-YOG01,LOT-0904,2307
11/30/2025,WH-YOG01,LOT-0165,904
11/30/2025,WH-YOG01,LOT-0234,1041
11/30/2025,WH-YOG01,LOT-1077,1241
11/30/2025,WH-YOG01,LOT-0878,1008
11/30/2025,WH-YOG01,LOT-0081,1773
11/30/2025,WH-YOG01,LOT-0115,2455
11/30/2025,WH-YOG01,LOT-0740,1391
11/30/2025,WH-YOG01,LOT-0090,2203
11/30/2025,WH-YOG01,LOT-0009,139
11/30/2025,WH-YOG01,LOT-0537,1468
11/30/2025,WH-YOG01,LOT-0553,107
11/30/2025,WH-YOG01,LOT-0371,1261
11/30/2025,WH-YOG01,LOT-1071,1317
11/30/2025,WH-YOG01,LOT-0916,254
11/30/2025,WH-YOG01,LOT-1150,1489
11/30/2025,WH-YOG01,LOT-1007,140
11/30/2025,WH-YOG01,LOT-0716,2450
11/30/2025,WH-YOG01,LOT-0949,726
11/30/2025,WH-YOG01,LOT-0102,2189
11/30/2025,WH-YOG01,LOT-0478,1112
11/30/2025,WH-YOG01,LOT-0035,1652
11/30/2025,WH-YOG01,LOT-0290,1908
11/30/2025,WH-YOG01,LOT-0402,686
11/30/2025,WH-YOG01,LOT-0037,43
11/30/2025,WH-YOG01,LOT-0253,219
11/30/2025,WH-YOG01,LOT-0209,1885
12/31/2025,WH-JKT01,LOT-0575,1743
12/31/2025,WH-JKT01,LOT-0353,693
12/31/2025,WH-JKT01,LOT-0402,1752
12/31/2025,WH-JKT01,LOT-1162,1064
12/31/2025,WH-JKT01,LOT-0094,425
12/31/2025,WH-JKT01,LOT-0958,721
12/31/2025,WH-JKT01,LOT-0916,1747
12/31/2025,WH-JKT01,LOT-0466,127
12/31/2025,WH-JKT01,LOT-1004,2114
12/31/2025,WH-JKT01,LOT-0291,1064
12/31/2025,WH-JKT01,LOT-0645,2163
12/31/2025,WH-JKT01,LOT-0553,495
12/31/2025,WH-JKT01,LOT-0708,2103
12/31/2025,WH-JKT01,LOT-0010,1820
12/31/2025,WH-JKT01,LOT-0495,1616
12/31/2025,WH-JKT01,LOT-1152,664
12/31/2025,WH-JKT01,LOT-0059,67
12/31/2025,WH-JKT01,LOT-0130,2423
12/31/2025,WH-JKT01,LOT-0864,252
12/31/2025,WH-JKT01,LOT-0283,1746
12/31/2025,WH-JKT01,LOT-0687,2348
12/31/2025,WH-JKT01,LOT-1146,968
12/31/2025,WH-JKT01,LOT-0720,353
12/31/2025,WH-JKT01,LOT-0226,2481
12/31/2025,WH-JKT01,LOT-0726,1777
12/31/2025,WH-JKT01,LOT-0079,995
12/31/2025,WH-JKT01,LOT-0272,92
12/31/2025,WH-JKT01,LOT-0615,972
12/31/2025,WH-JKT01,LOT-0704,2458
12/31/2025,WH-JKT01,LOT-0048,1386
12/31/2025,WH-JKT01,LOT-0379,312
12/31/2025,WH-JKT01,LOT-0193,1795
12/31/2025,WH-JKT01,LOT-0639,2033
12/31/2025,WH-JKT01,LOT-0430,252
12/31/2025,WH-JKT01,LOT-0465,1282
12/31/2025,WH-JKT01,LOT-0133,1384
12/31/2025,WH-JKT01,LOT-0286,143
12/31/2025,WH-JKT01,LOT-0951,1361
12/31/2025,WH-JKT01,LOT-0543,2427
12/31/2025,WH-JKT01,LOT-0477,2221
12/31/2025,WH-JKT01,LOT-0459,595
12/31/2025,WH-JKT01,LOT-1007,522
12/31/2025,WH-JKT01,LOT-0678,1725
12/31/2025,WH-JKT01,LOT-0386,1815
12/31/2025,WH-JKT01,LOT-0162,942
12/31/2025,WH-JKT01,LOT-0206,419
12/31/2025,WH-JKT01,LOT-0229,719
12/31/2025,WH-JKT01,LOT-0292,891
12/31/2025,WH-JKT01,LOT-0490,1158
12/31/2025,WH-JKT01,LOT-0723,948
12/31/2025,WH-JKT01,LOT-1180,2185
12/31/2025,WH-JKT01,LOT-0060,2287
12/31/2025,WH-JKT01,LOT-0563,2183
12/31/2025,WH-JKT01,LOT-0342,167
12/31/2025,WH-JKT01,LOT-0822,1273
12/31/2025,WH-JKT01,LOT-0734,2066
12/31/2025,WH-JKT01,LOT-0944,1419
12/31/2025,WH-JKT01,LOT-0542,380
12/31/2025,WH-JKT01,LOT-0306,1205
12/31/2025,WH-JKT01,LOT-1130,633
12/31/2025,WH-JKT01,LOT-0890,244
12/31/2025,WH-JKT01,LOT-0779,604
12/31/2025,WH-JKT01,LOT-0376,1522
12/31/2025,WH-JKT01,LOT-0705,2499
12/31/2025,WH-JKT01,LOT-0228,1002
12/31/2025,WH-JKT01,LOT-0105,1651
12/31/2025,WH-JKT01,LOT-1073,1229
12/31/2025,WH-JKT01,LOT-0745,1510
12/31/2025,WH-JKT01,LOT-1016,199
12/31/2025,WH-JKT01,LOT-0458,602
12/31/2025,WH-JKT01,LOT-1083,2274
12/31/2025,WH-JKT01,LOT-0395,729
12/31/2025,WH-JKT01,LOT-1135,982
12/31/2025,WH-JKT01,LOT-0717,448
12/31/2025,WH-JKT01,LOT-0714,1018
12/31/2025,WH-JKT01,LOT-0600,1055
12/31/2025,WH-JKT01,LOT-0701,552
12/31/2025,WH-JKT01,LOT-0165,1940
12/31/2025,WH-JKT01,LOT-0532,1491
12/31/2025,WH-JKT01,LOT-0884,1529
12/31/2025,WH-JKT01,LOT-0084,1818
12/31/2025,WH-JKT01,LOT-0166,1560
12/31/2025,WH-JKT01,LOT-1198,1921
12/31/2025,WH-JKT01,LOT-0476,766
12/31/2025,WH-JKT01,LOT-0664,2493
12/31/2025,WH-JKT01,LOT-0161,271
12/31/2025,WH-JKT01,LOT-0977,461
12/31/2025,WH-JKT01,LOT-0624,1366
12/31/2025,WH-JKT01,LOT-0733,1209
12/31/2025,WH-JKT01,LOT-0641,2428
12/31/2025,WH-JKT01,LOT-0451,109
12/31/2025,WH-JKT01,LOT-0930,1178
12/31/2025,WH-JKT01,LOT-0065,1069
12/31/2025,WH-JKT01,LOT-0856,804
12/31/2025,WH-JKT01,LOT-0278,358
12/31/2025,WH-JKT01,LOT-0971,2145
12/31/2025,WH-JKT01,LOT-0382,841
12/31/2025,WH-JKT01,LOT-1114,1235
12/31/2025,WH-JKT01,LOT-0221,1028
12/31/2025,WH-JKT01,LOT-0852,1795
12/31/2025,WH-JKT01,LOT-0934,1535
12/31/2025,WH-JKT01,LOT-0410,931
12/31/2025,WH-JKT01,LOT-0507,356
12/31/2025,WH-JKT01,LOT-0906,166
12/31/2025,WH-JKT01,LOT-0513,652
12/31/2025,WH-JKT01,LOT-0790,2407
12/31/2025,WH-JKT01,LOT-0196,1991
12/31/2025,WH-JKT01,LOT-0288,1991
12/31/2025,WH-JKT01,LOT-0178,496
12/31/2025,WH-JKT01,LOT-0651,449
12/31/2025,WH-JKT01,LOT-0975,1323
12/31/2025,WH-JKT01,LOT-0768,74
12/31/2025,WH-SBY01,LOT-0302,1693
12/31/2025,WH-SBY01,LOT-1198,920
12/31/2025,WH-SBY01,LOT-0235,1711
12/31/2025,WH-SBY01,LOT-0958,47
12/31/2025,WH-SBY01,LOT-0260,983
12/31/2025,WH-SBY01,LOT-0799,2211
12/31/2025,WH-SBY01,LOT-0696,2325
12/31/2025,WH-SBY01,LOT-0132,362
12/31/2025,WH-SBY01,LOT-0926,1971
12/31/2025,WH-SBY01,LOT-0438,1015
12/31/2025,WH-SBY01,LOT-0332,1568
12/31/2025,WH-SBY01,LOT-1043,2468
12/31/2025,WH-SBY01,LOT-0229,61
12/31/2025,WH-SBY01,LOT-0876,1918
12/31/2025,WH-SBY01,LOT-0290,2100
12/31/2025,WH-SBY01,LOT-0171,2436
12/31/2025,WH-SBY01,LOT-0110,1264
12/31/2025,WH-SBY01,LOT-1032,2001
12/31/2025,WH-SBY01,LOT-1002,1764
12/31/2025,WH-SBY01,LOT-0469,1984
12/31/2025,WH-SBY01,LOT-0319,764
12/31/2025,WH-SBY01,LOT-0321,199
12/31/2025,WH-SBY01,LOT-0201,185
12/31/2025,WH-SBY01,LOT-1127,104
12/31/2025,WH-SBY01,LOT-0505,1458
12/31/2025,WH-SBY01,LOT-0814,540
12/31/2025,WH-SBY01,LOT-1162,340
12/31/2025,WH-SBY01,LOT-0155,1062
12/31/2025,WH-SBY01,LOT-0660,418
12/31/2025,WH-SBY01,LOT-0907,216
12/31/2025,WH-SBY01,LOT-0447,1951
12/31/2025,WH-SBY01,LOT-0944,46
12/31/2025,WH-SBY01,LOT-0892,1880
12/31/2025,WH-SBY01,LOT-0992,477
12/31/2025,WH-SBY01,LOT-0234,1786
12/31/2025,WH-SBY01,LOT-0056,998
12/31/2025,WH-SBY01,LOT-0736,1111
12/31/2025,WH-SBY01,LOT-0281,2306
12/31/2025,WH-SBY01,LOT-1157,1505
12/31/2025,WH-SBY01,LOT-1053,122
12/31/2025,WH-SBY01,LOT-0925,2193
12/31/2025,WH-SBY01,LOT-0999,2494
12/31/2025,WH-SBY01,LOT-0003,1323
12/31/2025,WH-SBY01,LOT-0906,436
12/31/2025,WH-SBY01,LOT-0599,748
12/31/2025,WH-SBY01,LOT-0710,897
12/31/2025,WH-SBY01,LOT-0166,1889
12/31/2025,WH-SBY01,LOT-0765,36
12/31/2025,WH-SBY01,LOT-0403,2177
12/31/2025,WH-SBY01,LOT-0116,1530
12/31/2025,WH-SBY01,LOT-0521,341
12/31/2025,WH-SBY01,LOT-0562,461
12/31/2025,WH-SBY01,LOT-0651,2402
12/31/2025,WH-SBY01,LOT-0105,339
12/31/2025,WH-SBY01,LOT-0022,1094
12/31/2025,WH-SBY01,LOT-0364,1254
12/31/2025,WH-SBY01,LOT-0013,1491
12/31/2025,WH-SBY01,LOT-0269,1073
12/31/2025,WH-SBY01,LOT-0773,1498
12/31/2025,WH-SBY01,LOT-1067,1731
12/31/2025,WH-SBY01,LOT-0500,2490
12/31/2025,WH-SBY01,LOT-1148,1945
12/31/2025,WH-SBY01,LOT-1013,590
12/31/2025,WH-SBY01,LOT-1137,1629
12/31/2025,WH-SBY01,LOT-0071,1419
12/31/2025,WH-SBY01,LOT-0437,1396
12/31/2025,WH-SBY01,LOT-0635,1605
12/31/2025,WH-SBY01,LOT-0114,480
12/31/2025,WH-SBY01,LOT-0349,2467
12/31/2025,WH-SBY01,LOT-0648,772
12/31/2025,WH-SBY01,LOT-1031,1867
12/31/2025,WH-SBY01,LOT-0819,1762
12/31/2025,WH-SBY01,LOT-0927,2051
12/31/2025,WH-SBY01,LOT-0813,330
12/31/2025,WH-SBY01,LOT-0097,977
12/31/2025,WH-SBY01,LOT-0487,1808
12/31/2025,WH-SBY01,LOT-0098,1837
12/31/2025,WH-SBY01,LOT-0558,486
12/31/2025,WH-SBY01,LOT-0018,2062
12/31/2025,WH-SBY01,LOT-0422,2059
12/31/2025,WH-SBY01,LOT-0560,1710
12/31/2025,WH-SBY01,LOT-0836,589
12/31/2025,WH-SBY01,LOT-0941,1753
12/31/2025,WH-SBY01,LOT-0713,995
12/31/2025,WH-SBY01,LOT-0610,2404
12/31/2025,WH-SBY01,LOT-0141,1461
12/31/2025,WH-SBY01,LOT-1099,1651
12/31/2025,WH-SBY01,LOT-0300,446
12/31/2025,WH-SBY01,LOT-0492,560
12/31/2025,WH-SBY01,LOT-0869,1655
12/31/2025,WH-SBY01,LOT-1110,1573
12/31/2025,WH-SBY01,LOT-1035,1814
12/31/2025,WH-SBY01,LOT-0198,2237
12/31/2025,WH-SBY01,LOT-0092,906
12/31/2025,WH-SBY01,LOT-0499,113
12/31/2025,WH-SBY01,LOT-1126,1534
12/31/2025,WH-SBY01,LOT-0271,1498
12/31/2025,WH-SBY01,LOT-0915,2035
12/31/2025,WH-SBY01,LOT-0354,859
12/31/2025,WH-SBY01,LOT-0147,1889
12/31/2025,WH-SBY01,LOT-0100,413
12/31/2025,WH-SBY01,LOT-0643,811
12/31/2025,WH-SBY01,LOT-0206,2240
12/31/2025,WH-SBY01,LOT-0501,2159
12/31/2025,WH-SBY01,LOT-0576,1967
12/31/2025,WH-SBY01,LOT-0769,1183
12/31/2025,WH-SBY01,LOT-0124,200
12/31/2025,WH-SBY01,LOT-1118,689
12/31/2025,WH-SBY01,LOT-0636,582
12/31/2025,WH-SBY01,LOT-0328,900
12/31/2025,WH-SBY01,LOT-0305,1192
12/31/2025,WH-SBY01,LOT-0006,1569
12/31/2025,WH-SBY01,LOT-0202,291
12/31/2025,WH-SBY01,LOT-0482,1246
12/31/2025,WH-SBY01,LOT-1097,1227
12/31/2025,WH-SBY01,LOT-1121,1611
12/31/2025,WH-SBY01,LOT-0347,1571
12/31/2025,WH-SBY01,LOT-0741,730
12/31/2025,WH-SBY01,LOT-0484,2034
12/31/2025,WH-SBY01,LOT-0356,1747
12/31/2025,WH-SBY01,LOT-0065,848
12/31/2025,WH-SBY01,LOT-0404,904
12/31/2025,WH-SBY01,LOT-0158,13
12/31/2025,WH-SBY01,LOT-0793,1225
12/31/2025,WH-SBY01,LOT-1072,462
12/31/2025,WH-SBY01,LOT-0249,303
12/31/2025,WH-BDG01,LOT-0853,1691
12/31/2025,WH-BDG01,LOT-0199,902
12/31/2025,WH-BDG01,LOT-0611,2008
12/31/2025,WH-BDG01,LOT-0357,2306
12/31/2025,WH-BDG01,LOT-0210,2087
12/31/2025,WH-BDG01,LOT-0768,300
12/31/2025,WH-BDG01,LOT-0381,373
12/31/2025,WH-BDG01,LOT-0606,2360
12/31/2025,WH-BDG01,LOT-1048,875
12/31/2025,WH-BDG01,LOT-0465,2162
12/31/2025,WH-BDG01,LOT-0231,2426
12/31/2025,WH-BDG01,LOT-0813,2388
12/31/2025,WH-BDG01,LOT-1090,2407
12/31/2025,WH-BDG01,LOT-0864,229
12/31/2025,WH-BDG01,LOT-0425,1615
12/31/2025,WH-BDG01,LOT-0852,2182
12/31/2025,WH-BDG01,LOT-0537,692
12/31/2025,WH-BDG01,LOT-0982,203
12/31/2025,WH-BDG01,LOT-0056,476
12/31/2025,WH-BDG01,LOT-0513,858
12/31/2025,WH-BDG01,LOT-0796,63
12/31/2025,WH-BDG01,LOT-0642,2056
12/31/2025,WH-BDG01,LOT-0773,324
12/31/2025,WH-BDG01,LOT-1104,1754
12/31/2025,WH-BDG01,LOT-1158,2032
12/31/2025,WH-BDG01,LOT-0794,1435
12/31/2025,WH-BDG01,LOT-1046,782
12/31/2025,WH-BDG01,LOT-0990,713
12/31/2025,WH-BDG01,LOT-0045,480
12/31/2025,WH-BDG01,LOT-0444,1603
12/31/2025,WH-BDG01,LOT-1129,918
12/31/2025,WH-BDG01,LOT-1145,806
12/31/2025,WH-BDG01,LOT-0474,1736
12/31/2025,WH-BDG01,LOT-0007,503
12/31/2025,WH-BDG01,LOT-0058,1001
12/31/2025,WH-BDG01,LOT-0570,324
12/31/2025,WH-BDG01,LOT-1109,1935
12/31/2025,WH-BDG01,LOT-0451,2168
12/31/2025,WH-BDG01,LOT-0997,1359
12/31/2025,WH-BDG01,LOT-0467,1106
12/31/2025,WH-BDG01,LOT-0823,2379
12/31/2025,WH-BDG01,LOT-0162,160
12/31/2025,WH-BDG01,LOT-0706,195
12/31/2025,WH-BDG01,LOT-1181,1281
12/31/2025,WH-BDG01,LOT-0371,2476
12/31/2025,WH-BDG01,LOT-0297,240
12/31/2025,WH-BDG01,LOT-0233,1003
12/31/2025,WH-BDG01,LOT-0344,1960
12/31/2025,WH-BDG01,LOT-0989,679
12/31/2025,WH-BDG01,LOT-0119,2473
12/31/2025,WH-BDG01,LOT-0786,1473
12/31/2025,WH-BDG01,LOT-0676,1221
12/31/2025,WH-BDG01,LOT-0457,1531
12/31/2025,WH-BDG01,LOT-0574,2123
12/31/2025,WH-BDG01,LOT-0132,1373
12/31/2025,WH-BDG01,LOT-0090,2072
12/31/2025,WH-BDG01,LOT-0542,931
12/31/2025,WH-BDG01,LOT-0103,1409
12/31/2025,WH-BDG01,LOT-0298,1734
12/31/2025,WH-BDG01,LOT-1186,970
12/31/2025,WH-BDG01,LOT-0193,2458
12/31/2025,WH-BDG01,LOT-0168,2410
12/31/2025,WH-BDG01,LOT-1113,2255
12/31/2025,WH-BDG01,LOT-0926,516
12/31/2025,WH-BDG01,LOT-0349,637
12/31/2025,WH-BDG01,LOT-0263,1983
12/31/2025,WH-BDG01,LOT-1052,1150
12/31/2025,WH-BDG01,LOT-0322,902
12/31/2025,WH-BDG01,LOT-0576,2482
12/31/2025,WH-BDG01,LOT-0983,641
12/31/2025,WH-BDG01,LOT-0255,605
12/31/2025,WH-BDG01,LOT-1063,1329
12/31/2025,WH-BDG01,LOT-0395,1410
12/31/2025,WH-BDG01,LOT-0042,443
12/31/2025,WH-BDG01,LOT-0180,1803
12/31/2025,WH-BDG01,LOT-1099,1125
12/31/2025,WH-BDG01,LOT-0234,295
12/31/2025,WH-BDG01,LOT-0915,2468
12/31/2025,WH-BDG01,LOT-1195,764
12/31/2025,WH-BDG01,LOT-0821,1331
12/31/2025,WH-BDG01,LOT-0110,2294
12/31/2025,WH-BDG01,LOT-0984,283
12/31/2025,WH-BDG01,LOT-0686,1050
12/31/2025,WH-BDG01,LOT-0918,2031
12/31/2025,WH-BDG01,LOT-1077,1734
12/31/2025,WH-BDG01,LOT-1067,745
12/31/2025,WH-BDG01,LOT-0517,445
12/31/2025,WH-BDG01,LOT-0978,756
12/31/2025,WH-BDG01,LOT-0584,779
12/31/2025,WH-BDG01,LOT-1192,1672
12/31/2025,WH-BDG01,LOT-0920,162
12/31/2025,WH-BDG01,LOT-0117,507
12/31/2025,WH-BDG01,LOT-0647,2230
12/31/2025,WH-BDG01,LOT-0331,1628
12/31/2025,WH-BDG01,LOT-0277,965
12/31/2025,WH-BDG01,LOT-0219,2350
12/31/2025,WH-BDG01,LOT-1005,2460
12/31/2025,WH-BDG01,LOT-0227,1079
12/31/2025,WH-BDG01,LOT-0572,1476
12/31/2025,WH-BDG01,LOT-1119,1067
12/31/2025,WH-BDG01,LOT-0839,410
12/31/2025,WH-BDG01,LOT-0688,861
12/31/2025,WH-BDG01,LOT-0856,2282
12/31/2025,WH-BDG01,LOT-0729,1040
12/31/2025,WH-BDG01,LOT-1059,1313
12/31/2025,WH-BDG01,LOT-0195,967
12/31/2025,WH-BDG01,LOT-1133,394
12/31/2025,WH-BDG01,LOT-1095,1295
12/31/2025,WH-BDG01,LOT-0209,1605
12/31/2025,WH-BDG01,LOT-0020,901
12/31/2025,WH-BDG01,LOT-0887,225
12/31/2025,WH-BDG01,LOT-0158,2480
12/31/2025,WH-BDG01,LOT-1009,1002
12/31/2025,WH-BDG01,LOT-0433,45
12/31/2025,WH-BDG01,LOT-0833,1936
12/31/2025,WH-BDG01,LOT-0499,2458
12/31/2025,WH-BDG01,LOT-0194,1648
12/31/2025,WH-BDG01,LOT-0836,2145
12/31/2025,WH-BDG01,LOT-0410,1393
12/31/2025,WH-BDG01,LOT-0345,198
12/31/2025,WH-BDG01,LOT-0945,2414
12/31/2025,WH-BDG01,LOT-0751,1765
12/31/2025,WH-BDG01,LOT-0722,1262
12/31/2025,WH-BDG01,LOT-0919,1494
12/31/2025,WH-BDG01,LOT-0365,2382
12/31/2025,WH-BDG01,LOT-0849,2215
12/31/2025,WH-BDG01,LOT-0212,1913
12/31/2025,WH-BDG01,LOT-0858,565
12/31/2025,WH-BDG01,LOT-0625,1146
12/31/2025,WH-SMG01,LOT-0066,864
12/31/2025,WH-SMG01,LOT-1152,1945
12/31/2025,WH-SMG01,LOT-0361,1529
12/31/2025,WH-SMG01,LOT-0221,429
12/31/2025,WH-SMG01,LOT-0944,2167
12/31/2025,WH-SMG01,LOT-0991,1571
12/31/2025,WH-SMG01,LOT-0386,1796
12/31/2025,WH-SMG01,LOT-0674,1052
12/31/2025,WH-SMG01,LOT-0191,162
12/31/2025,WH-SMG01,LOT-0858,2089
12/31/2025,WH-SMG01,LOT-0821,1790
12/31/2025,WH-SMG01,LOT-1041,1492
12/31/2025,WH-SMG01,LOT-0132,1189
12/31/2025,WH-SMG01,LOT-0137,729
12/31/2025,WH-SMG01,LOT-0423,1174
12/31/2025,WH-SMG01,LOT-0442,1030
12/31/2025,WH-SMG01,LOT-0964,2312
12/31/2025,WH-SMG01,LOT-0394,733
12/31/2025,WH-SMG01,LOT-0879,1581
12/31/2025,WH-SMG01,LOT-0928,557
12/31/2025,WH-SMG01,LOT-0059,2281
12/31/2025,WH-SMG01,LOT-0980,1360
12/31/2025,WH-SMG01,LOT-0279,1417
12/31/2025,WH-SMG01,LOT-0248,95
12/31/2025,WH-SMG01,LOT-0981,1852
12/31/2025,WH-SMG01,LOT-0464,1111
12/31/2025,WH-SMG01,LOT-0602,846
12/31/2025,WH-SMG01,LOT-0023,1402
12/31/2025,WH-SMG01,LOT-0370,98
12/31/2025,WH-SMG01,LOT-0626,2375
12/31/2025,WH-SMG01,LOT-0272,1432
12/31/2025,WH-SMG01,LOT-0352,678
12/31/2025,WH-SMG01,LOT-0350,2301
12/31/2025,WH-SMG01,LOT-0554,2152
12/31/2025,WH-SMG01,LOT-0193,1538
12/31/2025,WH-SMG01,LOT-1076,1124
12/31/2025,WH-SMG01,LOT-0471,1974
12/31/2025,WH-SMG01,LOT-0126,43
12/31/2025,WH-SMG01,LOT-0844,1028
12/31/2025,WH-SMG01,LOT-0504,2341
12/31/2025,WH-SMG01,LOT-0379,1758
12/31/2025,WH-SMG01,LOT-0481,2488
12/31/2025,WH-SMG01,LOT-0889,1738
12/31/2025,WH-SMG01,LOT-0641,1170
12/31/2025,WH-SMG01,LOT-0632,1348
12/31/2025,WH-SMG01,LOT-0030,868
12/31/2025,WH-SMG01,LOT-1115,1331
12/31/2025,WH-SMG01,LOT-0205,2471
12/31/2025,WH-SMG01,LOT-0635,403
12/31/2025,WH-SMG01,LOT-0595,1936
12/31/2025,WH-SMG01,LOT-0550,1668
12/31/2025,WH-SMG01,LOT-0345,1354
12/31/2025,WH-SMG01,LOT-0608,193
12/31/2025,WH-SMG01,LOT-1133,1069
12/31/2025,WH-SMG01,LOT-0555,1885
12/31/2025,WH-SMG01,LOT-0319,520
12/31/2025,WH-SMG01,LOT-0064,2260
12/31/2025,WH-SMG01,LOT-0323,2152
12/31/2025,WH-SMG01,LOT-0573,834
12/31/2025,WH-SMG01,LOT-0502,28
12/31/2025,WH-SMG01,LOT-0754,164
12/31/2025,WH-SMG01,LOT-0015,2434
12/31/2025,WH-SMG01,LOT-0631,2421
12/31/2025,WH-SMG01,LOT-0900,1403
12/31/2025,WH-SMG01,LOT-0843,1132
12/31/2025,WH-SMG01,LOT-0719,568
12/31/2025,WH-SMG01,LOT-0187,2264
12/31/2025,WH-SMG01,LOT-0242,2093
12/31/2025,WH-SMG01,LOT-1055,1875
12/31/2025,WH-SMG01,LOT-0873,879
12/31/2025,WH-SMG01,LOT-0134,1135
12/31/2025,WH-SMG01,LOT-0689,1176
12/31/2025,WH-SMG01,LOT-0854,1656
12/31/2025,WH-SMG01,LOT-0562,1555
12/31/2025,WH-SMG01,LOT-0017,2124
12/31/2025,WH-SMG01,LOT-1180,1786
12/31/2025,WH-SMG01,LOT-0584,1770
12/31/2025,WH-SMG01,LOT-0212,1853
12/31/2025,WH-SMG01,LOT-0633,2422
12/31/2025,WH-SMG01,LOT-1014,2217
12/31/2025,WH-SMG01,LOT-0720,2383
12/31/2025,WH-SMG01,LOT-0395,1067
12/31/2025,WH-SMG01,LOT-1105,1881
12/31/2025,WH-SMG01,LOT-0958,77
12/31/2025,WH-SMG01,LOT-0080,1683
12/31/2025,WH-SMG01,LOT-0656,446
12/31/2025,WH-SMG01,LOT-0638,1884
12/31/2025,WH-SMG01,LOT-0275,101
12/31/2025,WH-SMG01,LOT-0615,1784
12/31/2025,WH-SMG01,LOT-0666,2403
12/31/2025,WH-SMG01,LOT-0192,220
12/31/2025,WH-SMG01,LOT-0115,358
12/31/2025,WH-SMG01,LOT-1042,1078
12/31/2025,WH-SMG01,LOT-0367,1813
12/31/2025,WH-SMG01,LOT-0790,346
12/31/2025,WH-SMG01,LOT-0156,340
12/31/2025,WH-SMG01,LOT-0145,117
12/31/2025,WH-SMG01,LOT-0056,890
12/31/2025,WH-SMG01,LOT-0409,2154
12/31/2025,WH-SMG01,LOT-0652,1077
12/31/2025,WH-SMG01,LOT-0786,1845
12/31/2025,WH-SMG01,LOT-0655,430
12/31/2025,WH-SMG01,LOT-0548,1389
12/31/2025,WH-SMG01,LOT-0372,1616
12/31/2025,WH-SMG01,LOT-1184,1977
12/31/2025,WH-SMG01,LOT-0360,1478
12/31/2025,WH-SMG01,LOT-0073,1725
12/31/2025,WH-SMG01,LOT-0358,1780
12/31/2025,WH-SMG01,LOT-0496,1344
12/31/2025,WH-SMG01,LOT-0984,10
12/31/2025,WH-SMG01,LOT-0783,1397
12/31/2025,WH-SMG01,LOT-0782,323
12/31/2025,WH-SMG01,LOT-0887,2233
12/31/2025,WH-SMG01,LOT-1195,2079
12/31/2025,WH-SMG01,LOT-0868,1740
12/31/2025,WH-SMG01,LOT-0355,91
12/31/2025,WH-SMG01,LOT-0344,402
12/31/2025,WH-SMG01,LOT-1168,1584
12/31/2025,WH-SMG01,LOT-0711,2022
12/31/2025,WH-SMG01,LOT-0479,1208
12/31/2025,WH-SMG01,LOT-0475,1078
12/31/2025,WH-SMG01,LOT-1101,2315
12/31/2025,WH-SMG01,LOT-1165,750
12/31/2025,WH-SMG01,LOT-0513,847
12/31/2025,WH-SMG01,LOT-1110,1173
12/31/2025,WH-SMG01,LOT-0393,859
12/31/2025,WH-SMG01,LOT-0034,1517
12/31/2025,WH-SMG01,LOT-0473,1791
12/31/2025,WH-SMG01,LOT-0260,2367
12/31/2025,WH-SMG01,LOT-0575,2128
12/31/2025,WH-SMG01,LOT-0305,1352
12/31/2025,WH-SMG01,LOT-0603,86
12/31/2025,WH-SMG01,LOT-0005,1149
12/31/2025,WH-SMG01,LOT-0776,1337
12/31/2025,WH-SMG01,LOT-0870,78
12/31/2025,WH-SMG01,LOT-0364,1382
12/31/2025,WH-SMG01,LOT-1050,1685
12/31/2025,WH-SMG01,LOT-0385,1683
12/31/2025,WH-SMG01,LOT-0840,2371
12/31/2025,WH-SMG01,LOT-0392,949
12/31/2025,WH-SMG01,LOT-0413,1994
12/31/2025,WH-SMG01,LOT-1060,1415
12/31/2025,WH-SMG01,LOT-1104,1283
12/31/2025,WH-SMG01,LOT-0472,196
12/31/2025,WH-SMG01,LOT-0488,565
12/31/2025,WH-SMG01,LOT-0528,1092
12/31/2025,WH-BKS01,LOT-1149,2041
12/31/2025,WH-BKS01,LOT-0891,1095
12/31/2025,WH-BKS01,LOT-0148,2040
12/31/2025,WH-BKS01,LOT-0966,1543
12/31/2025,WH-BKS01,LOT-1100,1126
12/31/2025,WH-BKS01,LOT-0344,1184
12/31/2025,WH-BKS01,LOT-0679,990
12/31/2025,WH-BKS01,LOT-0913,1178
12/31/2025,WH-BKS01,LOT-0255,2067
12/31/2025,WH-BKS01,LOT-0616,1379
12/31/2025,WH-BKS01,LOT-0069,576
12/31/2025,WH-BKS01,LOT-0267,2416
12/31/2025,WH-BKS01,LOT-0677,1460
12/31/2025,WH-BKS01,LOT-0115,789
12/31/2025,WH-BKS01,LOT-0493,1837
12/31/2025,WH-BKS01,LOT-1104,1892
12/31/2025,WH-BKS01,LOT-0663,1049
12/31/2025,WH-BKS01,LOT-1005,122
12/31/2025,WH-BKS01,LOT-0877,993
12/31/2025,WH-BKS01,LOT-0354,1960
12/31/2025,WH-BKS01,LOT-0771,1604
12/31/2025,WH-BKS01,LOT-0617,1917
12/31/2025,WH-BKS01,LOT-1054,1729
12/31/2025,WH-BKS01,LOT-0147,2293
12/31/2025,WH-BKS01,LOT-0843,1956
12/31/2025,WH-BKS01,LOT-0511,1162
12/31/2025,WH-BKS01,LOT-1060,112
12/31/2025,WH-BKS01,LOT-0589,1096
12/31/2025,WH-BKS01,LOT-1174,625
12/31/2025,WH-BKS01,LOT-0501,102
12/31/2025,WH-BKS01,LOT-0834,1976
12/31/2025,WH-BKS01,LOT-1146,1735
12/31/2025,WH-BKS01,LOT-0107,1923
12/31/2025,WH-BKS01,LOT-0790,1462
12/31/2025,WH-BKS01,LOT-0402,339
12/31/2025,WH-BKS01,LOT-0662,1272
12/31/2025,WH-BKS01,LOT-1049,2454
12/31/2025,WH-BKS01,LOT-0719,1833
12/31/2025,WH-BKS01,LOT-0453,1446
12/31/2025,WH-BKS01,LOT-0039,828
12/31/2025,WH-BKS01,LOT-0174,1230
12/31/2025,WH-BKS01,LOT-0045,371
12/31/2025,WH-BKS01,LOT-0163,321
12/31/2025,WH-BKS01,LOT-0290,1308
12/31/2025,WH-BKS01,LOT-0900,1939
12/31/2025,WH-BKS01,LOT-1125,860
12/31/2025,WH-BKS01,LOT-1184,861
12/31/2025,WH-BKS01,LOT-0773,253
12/31/2025,WH-BKS01,LOT-0683,2419
12/31/2025,WH-BKS01,LOT-0173,248
12/31/2025,WH-BKS01,LOT-0427,142
12/31/2025,WH-BKS01,LOT-0004,200
12/31/2025,WH-BKS01,LOT-0603,2348
12/31/2025,WH-BKS01,LOT-1032,1147
12/31/2025,WH-BKS01,LOT-0756,147
12/31/2025,WH-BKS01,LOT-0302,1685
12/31/2025,WH-BKS01,LOT-1003,1536
12/31/2025,WH-BKS01,LOT-0942,1641
12/31/2025,WH-BKS01,LOT-0718,1472
12/31/2025,WH-BKS01,LOT-1074,2083
12/31/2025,WH-BKS01,LOT-0973,624
12/31/2025,WH-BKS01,LOT-0100,1001
12/31/2025,WH-BKS01,LOT-0443,1199
12/31/2025,WH-BKS01,LOT-0794,1088
12/31/2025,WH-BKS01,LOT-0671,1416
12/31/2025,WH-BKS01,LOT-0850,1010
12/31/2025,WH-BKS01,LOT-0301,2161
12/31/2025,WH-BKS01,LOT-0106,1376
12/31/2025,WH-BKS01,LOT-0398,1741
12/31/2025,WH-BKS01,LOT-0866,1506
12/31/2025,WH-BKS01,LOT-0442,1017
12/31/2025,WH-BKS01,LOT-0520,1410
12/31/2025,WH-BKS01,LOT-0623,748
12/31/2025,WH-BKS01,LOT-0577,830
12/31/2025,WH-BKS01,LOT-0433,543
12/31/2025,WH-BKS01,LOT-0529,1695
12/31/2025,WH-BKS01,LOT-0826,1770
12/31/2025,WH-BKS01,LOT-1042,140
12/31/2025,WH-BKS01,LOT-0774,65
12/31/2025,WH-BKS01,LOT-0477,160
12/31/2025,WH-BKS01,LOT-0215,1075
12/31/2025,WH-BKS01,LOT-1101,1920
12/31/2025,WH-BKS01,LOT-0309,128
12/31/2025,WH-BKS01,LOT-0456,2347
12/31/2025,WH-BKS01,LOT-0760,332
12/31/2025,WH-BKS01,LOT-0901,297
12/31/2025,WH-BKS01,LOT-0864,255
12/31/2025,WH-BKS01,LOT-0182,1015
12/31/2025,WH-BKS01,LOT-0977,1270
12/31/2025,WH-BKS01,LOT-0098,2405
12/31/2025,WH-BKS01,LOT-0919,1491
12/31/2025,WH-BKS01,LOT-0451,1736
12/31/2025,WH-BKS01,LOT-0915,328
12/31/2025,WH-BKS01,LOT-0618,332
12/31/2025,WH-BKS01,LOT-0574,2467
12/31/2025,WH-BKS01,LOT-0732,2458
12/31/2025,WH-BKS01,LOT-0945,2065
12/31/2025,WH-BKS01,LOT-0946,2335
12/31/2025,WH-BKS01,LOT-0355,2433
12/31/2025,WH-BKS01,LOT-0847,1644
12/31/2025,WH-BKS01,LOT-0279,1297
12/31/2025,WH-BKS01,LOT-0795,339
12/31/2025,WH-BKS01,LOT-0502,365
12/31/2025,WH-BKS01,LOT-0804,2253
12/31/2025,WH-BKS01,LOT-0911,426
12/31/2025,WH-BKS01,LOT-1103,1313
12/31/2025,WH-BKS01,LOT-0642,2067
12/31/2025,WH-BKS01,LOT-0085,890
12/31/2025,WH-BKS01,LOT-1044,1844
12/31/2025,WH-BKS01,LOT-1136,1143
12/31/2025,WH-BKS01,LOT-1001,1655
12/31/2025,WH-TNG01,LOT-0157,2279
12/31/2025,WH-TNG01,LOT-0639,1546
12/31/2025,WH-TNG01,LOT-0628,1362
12/31/2025,WH-TNG01,LOT-0964,1488
12/31/2025,WH-TNG01,LOT-0919,2135
12/31/2025,WH-TNG01,LOT-0871,463
12/31/2025,WH-TNG01,LOT-0191,1553
12/31/2025,WH-TNG01,LOT-1046,1897
12/31/2025,WH-TNG01,LOT-0837,1423
12/31/2025,WH-TNG01,LOT-1047,738
12/31/2025,WH-TNG01,LOT-0998,891
12/31/2025,WH-TNG01,LOT-0001,2213
12/31/2025,WH-TNG01,LOT-0575,851
12/31/2025,WH-TNG01,LOT-0946,407
12/31/2025,WH-TNG01,LOT-1196,2416
12/31/2025,WH-TNG01,LOT-0843,912
12/31/2025,WH-TNG01,LOT-0819,1284
12/31/2025,WH-TNG01,LOT-0786,2191
12/31/2025,WH-TNG01,LOT-1122,2352
12/31/2025,WH-TNG01,LOT-0302,385
12/31/2025,WH-TNG01,LOT-0033,2253
12/31/2025,WH-TNG01,LOT-0764,178
12/31/2025,WH-TNG01,LOT-0273,237
12/31/2025,WH-TNG01,LOT-0756,813
12/31/2025,WH-TNG01,LOT-0828,2192
12/31/2025,WH-TNG01,LOT-0703,276
12/31/2025,WH-TNG01,LOT-0768,1067
12/31/2025,WH-TNG01,LOT-0035,1587
12/31/2025,WH-TNG01,LOT-1079,784
12/31/2025,WH-TNG01,LOT-0139,1071
12/31/2025,WH-TNG01,LOT-0566,530
12/31/2025,WH-TNG01,LOT-0337,2495
12/31/2025,WH-TNG01,LOT-0477,718
12/31/2025,WH-TNG01,LOT-0475,1286
12/31/2025,WH-TNG01,LOT-0008,653
12/31/2025,WH-TNG01,LOT-0370,431
12/31/2025,WH-TNG01,LOT-1177,1525
12/31/2025,WH-TNG01,LOT-0381,2362
12/31/2025,WH-TNG01,LOT-1017,1907
12/31/2025,WH-TNG01,LOT-0866,1001
12/31/2025,WH-TNG01,LOT-0586,223
12/31/2025,WH-TNG01,LOT-0036,2416
12/31/2025,WH-TNG01,LOT-0647,426
12/31/2025,WH-TNG01,LOT-0570,720
12/31/2025,WH-TNG01,LOT-0986,269
12/31/2025,WH-TNG01,LOT-0496,2119
12/31/2025,WH-TNG01,LOT-1096,1297
12/31/2025,WH-TNG01,LOT-0865,643
12/31/2025,WH-TNG01,LOT-0358,1944
12/31/2025,WH-TNG01,LOT-0319,801
12/31/2025,WH-TNG01,LOT-0138,1219
12/31/2025,WH-TNG01,LOT-0519,381
12/31/2025,WH-TNG01,LOT-0113,366
12/31/2025,WH-TNG01,LOT-0727,1221
12/31/2025,WH-TNG01,LOT-0443,1654
12/31/2025,WH-TNG01,LOT-0181,370
12/31/2025,WH-TNG01,LOT-1090,815
12/31/2025,WH-TNG01,LOT-0796,1031
12/31/2025,WH-TNG01,LOT-0771,353
12/31/2025,WH-TNG01,LOT-0067,1371
12/31/2025,WH-TNG01,LOT-0632,1469
12/31/2025,WH-TNG01,LOT-0993,1494
12/31/2025,WH-TNG01,LOT-0630,811
12/31/2025,WH-TNG01,LOT-0924,231
12/31/2025,WH-TNG01,LOT-0499,267
12/31/2025,WH-TNG01,LOT-0437,1323
12/31/2025,WH-TNG01,LOT-1131,925
12/31/2025,WH-TNG01,LOT-0185,169
12/31/2025,WH-TNG01,LOT-0930,787
12/31/2025,WH-TNG01,LOT-1025,251
12/31/2025,WH-TNG01,LOT-0696,1268
12/31/2025,WH-TNG01,LOT-0344,1225
12/31/2025,WH-TNG01,LOT-0535,52
12/31/2025,WH-TNG01,LOT-0933,1852
12/31/2025,WH-TNG01,LOT-0613,1816
12/31/2025,WH-TNG01,LOT-0620,2192
12/31/2025,WH-TNG01,LOT-0263,370
12/31/2025,WH-TNG01,LOT-0006,418
12/31/2025,WH-TNG01,LOT-0385,204
12/31/2025,WH-TNG01,LOT-0671,1678
12/31/2025,WH-TNG01,LOT-0538,1486
12/31/2025,WH-TNG01,LOT-0578,2258
12/31/2025,WH-TNG01,LOT-0212,1251
12/31/2025,WH-TNG01,LOT-0341,1291
12/31/2025,WH-TNG01,LOT-0463,1319
12/31/2025,WH-TNG01,LOT-1034,1880
12/31/2025,WH-TNG01,LOT-0985,1676
12/31/2025,WH-TNG01,LOT-0732,1780
12/31/2025,WH-TNG01,LOT-0169,982
12/31/2025,WH-TNG01,LOT-1101,1261
12/31/2025,WH-TNG01,LOT-0833,1343
12/31/2025,WH-TNG01,LOT-0848,1253
12/31/2025,WH-TNG01,LOT-0636,500
12/31/2025,WH-TNG01,LOT-1018,2297
12/31/2025,WH-TNG01,LOT-0982,762
12/31/2025,WH-TNG01,LOT-0196,2457
12/31/2025,WH-TNG01,LOT-0418,2430
12/31/2025,WH-TNG01,LOT-0417,412
12/31/2025,WH-TNG01,LOT-0751,589
12/31/2025,WH-TNG01,LOT-1036,1675
12/31/2025,WH-TNG01,LOT-0018,2459
12/31/2025,WH-TNG01,LOT-0290,1103
12/31/2025,WH-TNG01,LOT-0728,1407
12/31/2025,WH-TNG01,LOT-1053,635
12/31/2025,WH-TNG01,LOT-0766,235
12/31/2025,WH-TNG01,LOT-0401,1717
12/31/2025,WH-TNG01,LOT-0548,1266
12/31/2025,WH-TNG01,LOT-0857,346
12/31/2025,WH-TNG01,LOT-0652,431
12/31/2025,WH-TNG01,LOT-1095,103
12/31/2025,WH-TNG01,LOT-0161,1727
12/31/2025,WH-TNG01,LOT-0716,438
12/31/2025,WH-TNG01,LOT-0431,1576
12/31/2025,WH-TNG01,LOT-1080,1568
12/31/2025,WH-TNG01,LOT-1102,392
12/31/2025,WH-TNG01,LOT-0747,80
12/31/2025,WH-TNG01,LOT-0244,251
12/31/2025,WH-TNG01,LOT-1002,2166
12/31/2025,WH-TNG01,LOT-1128,552
12/31/2025,WH-TNG01,LOT-0672,665
12/31/2025,WH-TNG01,LOT-0704,1034
12/31/2025,WH-TNG01,LOT-0119,558
12/31/2025,WH-TNG01,LOT-1183,515
12/31/2025,WH-TNG01,LOT-1071,1666
12/31/2025,WH-TNG01,LOT-0622,2203
12/31/2025,WH-TNG01,LOT-0156,589
12/31/2025,WH-TNG01,LOT-0350,1719
12/31/2025,WH-BPR01,LOT-0258,700
12/31/2025,WH-BPR01,LOT-0312,2342
12/31/2025,WH-BPR01,LOT-0172,1197
12/31/2025,WH-BPR01,LOT-1023,1271
12/31/2025,WH-BPR01,LOT-0729,310
12/31/2025,WH-BPR01,LOT-0824,2423
12/31/2025,WH-BPR01,LOT-0350,509
12/31/2025,WH-BPR01,LOT-0781,1073
12/31/2025,WH-BPR01,LOT-1165,1892
12/31/2025,WH-BPR01,LOT-0782,2317
12/31/2025,WH-BPR01,LOT-0300,205
12/31/2025,WH-BPR01,LOT-0063,1491
12/31/2025,WH-BPR01,LOT-1084,965
12/31/2025,WH-BPR01,LOT-0397,1270
12/31/2025,WH-BPR01,LOT-0555,1814
12/31/2025,WH-BPR01,LOT-1017,534
12/31/2025,WH-BPR01,LOT-1174,2307
12/31/2025,WH-BPR01,LOT-0177,990
12/31/2025,WH-BPR01,LOT-0008,2420
12/31/2025,WH-BPR01,LOT-0023,1478
12/31/2025,WH-BPR01,LOT-0708,390
12/31/2025,WH-BPR01,LOT-0472,1684
12/31/2025,WH-BPR01,LOT-0285,1952
12/31/2025,WH-BPR01,LOT-0721,890
12/31/2025,WH-BPR01,LOT-1009,240
12/31/2025,WH-BPR01,LOT-0266,2321
12/31/2025,WH-BPR01,LOT-0272,1367
12/31/2025,WH-BPR01,LOT-1129,915
12/31/2025,WH-BPR01,LOT-0934,526
12/31/2025,WH-BPR01,LOT-0101,1623
12/31/2025,WH-BPR01,LOT-0413,2031
12/31/2025,WH-BPR01,LOT-0324,42
12/31/2025,WH-BPR01,LOT-0299,2289
12/31/2025,WH-BPR01,LOT-0096,1057
12/31/2025,WH-BPR01,LOT-0949,2101
12/31/2025,WH-BPR01,LOT-0548,2127
12/31/2025,WH-BPR01,LOT-1145,1664
12/31/2025,WH-BPR01,LOT-0696,2175
12/31/2025,WH-BPR01,LOT-1011,1705
12/31/2025,WH-BPR01,LOT-0264,1368
12/31/2025,WH-BPR01,LOT-0521,1566
12/31/2025,WH-BPR01,LOT-0392,621
12/31/2025,WH-BPR01,LOT-1140,2438
12/31/2025,WH-BPR01,LOT-0251,693
12/31/2025,WH-BPR01,LOT-0297,1515
12/31/2025,WH-BPR01,LOT-0717,2200
12/31/2025,WH-BPR01,LOT-0181,770
12/31/2025,WH-BPR01,LOT-0605,660
12/31/2025,WH-BPR01,LOT-0686,2162
12/31/2025,WH-BPR01,LOT-0382,684
12/31/2025,WH-BPR01,LOT-0092,2207
12/31/2025,WH-BPR01,LOT-0679,16
12/31/2025,WH-BPR01,LOT-1049,463
12/31/2025,WH-BPR01,LOT-0048,2168
12/31/2025,WH-BPR01,LOT-0302,904
12/31/2025,WH-BPR01,LOT-1057,641
12/31/2025,WH-BPR01,LOT-0819,1015
12/31/2025,WH-BPR01,LOT-0033,1539
12/31/2025,WH-BPR01,LOT-0779,868
12/31/2025,WH-BPR01,LOT-0090,180
12/31/2025,WH-BPR01,LOT-0590,1799
12/31/2025,WH-BPR01,LOT-1132,2098
12/31/2025,WH-BPR01,LOT-0059,2116
12/31/2025,WH-BPR01,LOT-0356,1414
12/31/2025,WH-BPR01,LOT-0373,1759
12/31/2025,WH-BPR01,LOT-0537,2202
12/31/2025,WH-BPR01,LOT-0027,1230
12/31/2025,WH-BPR01,LOT-0858,1740
12/31/2025,WH-BPR01,LOT-0735,1996
12/31/2025,WH-BPR01,LOT-0616,1687
12/31/2025,WH-BPR01,LOT-0978,2038
12/31/2025,WH-BPR01,LOT-0540,2067
12/31/2025,WH-BPR01,LOT-0924,85
12/31/2025,WH-BPR01,LOT-0818,1645
12/31/2025,WH-BPR01,LOT-0699,1150
12/31/2025,WH-BPR01,LOT-0086,1336
12/31/2025,WH-BPR01,LOT-1187,2269
12/31/2025,WH-BPR01,LOT-0527,906
12/31/2025,WH-BPR01,LOT-0171,1974
12/31/2025,WH-BPR01,LOT-1030,1111
12/31/2025,WH-BPR01,LOT-1197,1159
12/31/2025,WH-BPR01,LOT-1035,2363
12/31/2025,WH-BPR01,LOT-0677,1343
12/31/2025,WH-BPR01,LOT-0893,2364
12/31/2025,WH-BPR01,LOT-0804,1955
12/31/2025,WH-BPR01,LOT-0532,1381
12/31/2025,WH-BPR01,LOT-0419,610
12/31/2025,WH-BPR01,LOT-0073,335
12/31/2025,WH-BPR01,LOT-0193,956
12/31/2025,WH-BPR01,LOT-0797,1473
12/31/2025,WH-BPR01,LOT-0675,831
12/31/2025,WH-BPR01,LOT-0726,342
12/31/2025,WH-BPR01,LOT-0884,1966
12/31/2025,WH-BPR01,LOT-0276,1330
12/31/2025,WH-BPR01,LOT-0452,1421
12/31/2025,WH-BPR01,LOT-1055,1360
12/31/2025,WH-BPR01,LOT-1008,2466
12/31/2025,WH-BPR01,LOT-1088,659
12/31/2025,WH-BPR01,LOT-1042,2070
12/31/2025,WH-BPR01,LOT-1046,2011
12/31/2025,WH-BPR01,LOT-0907,1134
12/31/2025,WH-BPR01,LOT-0712,2211
12/31/2025,WH-BPR01,LOT-0872,1883
12/31/2025,WH-BPR01,LOT-0487,1142
12/31/2025,WH-BPR01,LOT-0152,366
12/31/2025,WH-BPR01,LOT-0422,273
12/31/2025,WH-BPR01,LOT-0798,1202
12/31/2025,WH-BPR01,LOT-0108,2166
12/31/2025,WH-BPR01,LOT-0854,1590
12/31/2025,WH-BPR01,LOT-0263,650
12/31/2025,WH-BPR01,LOT-0283,1765
12/31/2025,WH-BPR01,LOT-0201,1827
12/31/2025,WH-BPR01,LOT-1139,1333
12/31/2025,WH-BPR01,LOT-0783,502
12/31/2025,WH-BPR01,LOT-0019,492
12/31/2025,WH-BPR01,LOT-0573,2029
12/31/2025,WH-BPR01,LOT-0988,1748
12/31/2025,WH-BPR01,LOT-0568,1063
12/31/2025,WH-BPR01,LOT-0916,1380
12/31/2025,WH-BPR01,LOT-0164,927
12/31/2025,WH-BPR01,LOT-1183,1108
12/31/2025,WH-BPR01,LOT-0032,1674
12/31/2025,WH-BPR01,LOT-0439,1466
12/31/2025,WH-BPR01,LOT-1043,1313
12/31/2025,WH-BPR01,LOT-0035,304
12/31/2025,WH-BPR01,LOT-0425,1477
12/31/2025,WH-BPR01,LOT-0249,1795
12/31/2025,WH-BPR01,LOT-0526,1282
12/31/2025,WH-BPR01,LOT-1068,467
12/31/2025,WH-BPR01,LOT-0661,1661
12/31/2025,WH-BPR01,LOT-0504,1814
12/31/2025,WH-BPR01,LOT-1148,2178
12/31/2025,WH-MLG01,LOT-0875,1398
12/31/2025,WH-MLG01,LOT-0487,853
12/31/2025,WH-MLG01,LOT-0017,420
12/31/2025,WH-MLG01,LOT-0103,1769
12/31/2025,WH-MLG01,LOT-1159,1138
12/31/2025,WH-MLG01,LOT-0424,2227
12/31/2025,WH-MLG01,LOT-0719,738
12/31/2025,WH-MLG01,LOT-1033,2139
12/31/2025,WH-MLG01,LOT-0377,1011
12/31/2025,WH-MLG01,LOT-0125,2129
12/31/2025,WH-MLG01,LOT-0226,1387
12/31/2025,WH-MLG01,LOT-0812,2346
12/31/2025,WH-MLG01,LOT-0393,1959
12/31/2025,WH-MLG01,LOT-0078,1124
12/31/2025,WH-MLG01,LOT-0176,1812
12/31/2025,WH-MLG01,LOT-0671,1832
12/31/2025,WH-MLG01,LOT-1179,1789
12/31/2025,WH-MLG01,LOT-0974,1445
12/31/2025,WH-MLG01,LOT-0318,1563
12/31/2025,WH-MLG01,LOT-0354,1317
12/31/2025,WH-MLG01,LOT-0576,2395
12/31/2025,WH-MLG01,LOT-0297,160
12/31/2025,WH-MLG01,LOT-0259,1981
12/31/2025,WH-MLG01,LOT-1074,86
12/31/2025,WH-MLG01,LOT-1109,1491
12/31/2025,WH-MLG01,LOT-0441,1345
12/31/2025,WH-MLG01,LOT-0626,1251
12/31/2025,WH-MLG01,LOT-0343,1088
12/31/2025,WH-MLG01,LOT-0983,871
12/31/2025,WH-MLG01,LOT-0782,1263
12/31/2025,WH-MLG01,LOT-0841,921
12/31/2025,WH-MLG01,LOT-1134,1779
12/31/2025,WH-MLG01,LOT-0100,2209
12/31/2025,WH-MLG01,LOT-1163,1938
12/31/2025,WH-MLG01,LOT-1065,2027
12/31/2025,WH-MLG01,LOT-0521,427
12/31/2025,WH-MLG01,LOT-0893,1387
12/31/2025,WH-MLG01,LOT-0101,1691
12/31/2025,WH-MLG01,LOT-0170,2318
12/31/2025,WH-MLG01,LOT-1037,725
12/31/2025,WH-MLG01,LOT-0069,586
12/31/2025,WH-MLG01,LOT-0563,20
12/31/2025,WH-MLG01,LOT-0418,2394
12/31/2025,WH-MLG01,LOT-0403,1098
12/31/2025,WH-MLG01,LOT-0615,230
12/31/2025,WH-MLG01,LOT-0011,2004
12/31/2025,WH-MLG01,LOT-0148,1668
12/31/2025,WH-MLG01,LOT-0684,997
12/31/2025,WH-MLG01,LOT-0449,1232
12/31/2025,WH-MLG01,LOT-0899,471
12/31/2025,WH-MLG01,LOT-0496,1426
12/31/2025,WH-MLG01,LOT-0768,872
12/31/2025,WH-MLG01,LOT-1080,1484
12/31/2025,WH-MLG01,LOT-0818,2441
12/31/2025,WH-MLG01,LOT-0820,1909
12/31/2025,WH-MLG01,LOT-0996,1921
12/31/2025,WH-MLG01,LOT-0214,521
12/31/2025,WH-MLG01,LOT-0709,218
12/31/2025,WH-MLG01,LOT-0669,205
12/31/2025,WH-MLG01,LOT-0535,459
12/31/2025,WH-MLG01,LOT-0559,514
12/31/2025,WH-MLG01,LOT-0854,1374
12/31/2025,WH-MLG01,LOT-0033,1043
12/31/2025,WH-MLG01,LOT-0707,1903
12/31/2025,WH-MLG01,LOT-0502,1873
12/31/2025,WH-MLG01,LOT-1200,946
12/31/2025,WH-MLG01,LOT-0316,1188
12/31/2025,WH-MLG01,LOT-0805,1086
12/31/2025,WH-MLG01,LOT-0084,994
12/31/2025,WH-MLG01,LOT-0896,303
12/31/2025,WH-MLG01,LOT-0993,1084
12/31/2025,WH-MLG01,LOT-0548,2207
12/31/2025,WH-MLG01,LOT-0826,1991
12/31/2025,WH-MLG01,LOT-0283,556
12/31/2025,WH-MLG01,LOT-1016,718
12/31/2025,WH-MLG01,LOT-0279,1453
12/31/2025,WH-MLG01,LOT-0099,1506
12/31/2025,WH-MLG01,LOT-0682,1928
12/31/2025,WH-MLG01,LOT-0423,2059
12/31/2025,WH-MLG01,LOT-0810,1389
12/31/2025,WH-MLG01,LOT-0613,1653
12/31/2025,WH-MLG01,LOT-1175,1052
12/31/2025,WH-MLG01,LOT-0129,435
12/31/2025,WH-MLG01,LOT-0220,924
12/31/2025,WH-MLG01,LOT-0314,1413
12/31/2025,WH-MLG01,LOT-1087,1117
12/31/2025,WH-MLG01,LOT-0715,2008
12/31/2025,WH-MLG01,LOT-0838,1275
12/31/2025,WH-MLG01,LOT-0911,400
12/31/2025,WH-MLG01,LOT-0315,1621
12/31/2025,WH-MLG01,LOT-1027,2197
12/31/2025,WH-MLG01,LOT-0747,1356
12/31/2025,WH-MLG01,LOT-0088,1542
12/31/2025,WH-MLG01,LOT-0350,1925
12/31/2025,WH-MLG01,LOT-0732,886
12/31/2025,WH-MLG01,LOT-0658,1296
12/31/2025,WH-MLG01,LOT-0446,631
12/31/2025,WH-MLG01,LOT-1141,983
12/31/2025,WH-MLG01,LOT-0504,602
12/31/2025,WH-MLG01,LOT-0041,2207
12/31/2025,WH-MLG01,LOT-1019,1512
12/31/2025,WH-MLG01,LOT-0930,1537
12/31/2025,WH-MLG01,LOT-0697,1441
12/31/2025,WH-MLG01,LOT-0656,2273
12/31/2025,WH-MLG01,LOT-1125,82
12/31/2025,WH-MLG01,LOT-0285,2394
12/31/2025,WH-MLG01,LOT-0183,1419
12/31/2025,WH-MLG01,LOT-0326,2000
12/31/2025,WH-MLG01,LOT-0792,2458
12/31/2025,WH-MLG01,LOT-0374,1244
12/31/2025,WH-MLG01,LOT-0533,2008
12/31/2025,WH-MLG01,LOT-0760,1493
12/31/2025,WH-MLG01,LOT-0815,2064
12/31/2025,WH-MLG01,LOT-0979,410
12/31/2025,WH-MLG01,LOT-1049,1684
12/31/2025,WH-MLG01,LOT-0547,1658
12/31/2025,WH-MLG01,LOT-0591,191
12/31/2025,WH-MLG01,LOT-0006,646
12/31/2025,WH-MLG01,LOT-0914,2184
12/31/2025,WH-MLG01,LOT-1150,1085
12/31/2025,WH-MLG01,LOT-0046,491
12/31/2025,WH-MLG01,LOT-0985,802
12/31/2025,WH-MLG01,LOT-0704,1691
12/31/2025,WH-MLG01,LOT-0169,696
12/31/2025,WH-MLG01,LOT-1153,986
12/31/2025,WH-MLG01,LOT-1167,884
12/31/2025,WH-MLG01,LOT-0205,1246
12/31/2025,WH-MLG01,LOT-1034,1828
12/31/2025,WH-MLG01,LOT-0133,17
12/31/2025,WH-MLG01,LOT-0935,1241
12/31/2025,WH-MLG01,LOT-0990,84
12/31/2025,WH-MLG01,LOT-0759,1914
12/31/2025,WH-MLG01,LOT-0141,426
12/31/2025,WH-MLG01,LOT-1173,1040
12/31/2025,WH-MLG01,LOT-0568,1650
12/31/2025,WH-MLG01,LOT-0197,2438
12/31/2025,WH-MLG01,LOT-0629,1831
12/31/2025,WH-MLG01,LOT-0339,403
12/31/2025,WH-SLO01,LOT-1010,1710
12/31/2025,WH-SLO01,LOT-1002,981
12/31/2025,WH-SLO01,LOT-0503,1938
12/31/2025,WH-SLO01,LOT-0596,2431
12/31/2025,WH-SLO01,LOT-0255,1093
12/31/2025,WH-SLO01,LOT-1139,289
12/31/2025,WH-SLO01,LOT-0716,589
12/31/2025,WH-SLO01,LOT-0655,2084
12/31/2025,WH-SLO01,LOT-1172,2152
12/31/2025,WH-SLO01,LOT-0697,1608
12/31/2025,WH-SLO01,LOT-0086,1767
12/31/2025,WH-SLO01,LOT-1062,2399
12/31/2025,WH-SLO01,LOT-0444,434
12/31/2025,WH-SLO01,LOT-1023,372
12/31/2025,WH-SLO01,LOT-0581,527
12/31/2025,WH-SLO01,LOT-0764,536
12/31/2025,WH-SLO01,LOT-0825,813
12/31/2025,WH-SLO01,LOT-0076,690
12/31/2025,WH-SLO01,LOT-0252,319
12/31/2025,WH-SLO01,LOT-0946,1090
12/31/2025,WH-SLO01,LOT-0053,691
12/31/2025,WH-SLO01,LOT-0392,1330
12/31/2025,WH-SLO01,LOT-0796,661
12/31/2025,WH-SLO01,LOT-0207,1556
12/31/2025,WH-SLO01,LOT-0040,348
12/31/2025,WH-SLO01,LOT-0160,453
12/31/2025,WH-SLO01,LOT-0943,2408
12/31/2025,WH-SLO01,LOT-0713,2013
12/31/2025,WH-SLO01,LOT-0064,2248
12/31/2025,WH-SLO01,LOT-0081,2334
12/31/2025,WH-SLO01,LOT-0215,611
12/31/2025,WH-SLO01,LOT-0898,1374
12/31/2025,WH-SLO01,LOT-0073,1263
12/31/2025,WH-SLO01,LOT-0785,1625
12/31/2025,WH-SLO01,LOT-1174,1314
12/31/2025,WH-SLO01,LOT-0553,1859
12/31/2025,WH-SLO01,LOT-1177,1091
12/31/2025,WH-SLO01,LOT-0069,1127
12/31/2025,WH-SLO01,LOT-1113,1556
12/31/2025,WH-SLO01,LOT-0886,1534
12/31/2025,WH-SLO01,LOT-0365,889
12/31/2025,WH-SLO01,LOT-1084,750
12/31/2025,WH-SLO01,LOT-0641,1545
12/31/2025,WH-SLO01,LOT-0643,1308
12/31/2025,WH-SLO01,LOT-0201,1157
12/31/2025,WH-SLO01,LOT-0815,1183
12/31/2025,WH-SLO01,LOT-0320,322
12/31/2025,WH-SLO01,LOT-0225,458
12/31/2025,WH-SLO01,LOT-0748,2143
12/31/2025,WH-SLO01,LOT-1185,409
12/31/2025,WH-SLO01,LOT-0485,2190
12/31/2025,WH-SLO01,LOT-1126,1413
12/31/2025,WH-SLO01,LOT-1199,359
12/31/2025,WH-SLO01,LOT-0869,885
12/31/2025,WH-SLO01,LOT-0912,1574
12/31/2025,WH-SLO01,LOT-0823,1853
12/31/2025,WH-SLO01,LOT-0512,778
12/31/2025,WH-SLO01,LOT-0723,2103
12/31/2025,WH-SLO01,LOT-0406,84
12/31/2025,WH-SLO01,LOT-0878,1394
12/31/2025,WH-SLO01,LOT-0997,601
12/31/2025,WH-SLO01,LOT-0492,247
12/31/2025,WH-SLO01,LOT-0754,854
12/31/2025,WH-SLO01,LOT-0730,2273
12/31/2025,WH-SLO01,LOT-1080,2221
12/31/2025,WH-SLO01,LOT-0835,420
12/31/2025,WH-SLO01,LOT-0094,2439
12/31/2025,WH-SLO01,LOT-0119,896
12/31/2025,WH-SLO01,LOT-0931,1830
12/31/2025,WH-SLO01,LOT-0263,1766
12/31/2025,WH-SLO01,LOT-0273,2111
12/31/2025,WH-SLO01,LOT-1094,1242
12/31/2025,WH-SLO01,LOT-1103,418
12/31/2025,WH-SLO01,LOT-0440,2209
12/31/2025,WH-SLO01,LOT-0554,1154
12/31/2025,WH-SLO01,LOT-0175,2044
12/31/2025,WH-SLO01,LOT-0438,338
12/31/2025,WH-SLO01,LOT-0473,1075
12/31/2025,WH-SLO01,LOT-0708,1574
12/31/2025,WH-SLO01,LOT-0219,561
12/31/2025,WH-SLO01,LOT-0398,689
12/31/2025,WH-SLO01,LOT-0015,124
12/31/2025,WH-SLO01,LOT-0153,315
12/31/2025,WH-SLO01,LOT-0558,1079
12/31/2025,WH-SLO01,LOT-0389,2149
12/31/2025,WH-SLO01,LOT-0097,1008
12/31/2025,WH-SLO01,LOT-0959,822
12/31/2025,WH-SLO01,LOT-0635,1005
12/31/2025,WH-SLO01,LOT-0338,1335
12/31/2025,WH-SLO01,LOT-1009,1103
12/31/2025,WH-SLO01,LOT-0465,254
12/31/2025,WH-SLO01,LOT-0830,409
12/31/2025,WH-SLO01,LOT-0461,465
12/31/2025,WH-SLO01,LOT-0983,766
12/31/2025,WH-SLO01,LOT-1163,1824
12/31/2025,WH-SLO01,LOT-0848,702
12/31/2025,WH-SLO01,LOT-0905,2228
12/31/2025,WH-SLO01,LOT-0129,858
12/31/2025,WH-SLO01,LOT-0549,1604
12/31/2025,WH-SLO01,LOT-1066,56
12/31/2025,WH-SLO01,LOT-0046,811
12/31/2025,WH-SLO01,LOT-0402,16
12/31/2025,WH-SLO01,LOT-0023,2091
12/31/2025,WH-SLO01,LOT-0106,1982
12/31/2025,WH-SLO01,LOT-0935,1627
12/31/2025,WH-SLO01,LOT-0468,1202
12/31/2025,WH-SLO01,LOT-0746,1929
12/31/2025,WH-SLO01,LOT-0895,1987
12/31/2025,WH-SLO01,LOT-1149,199
12/31/2025,WH-SLO01,LOT-0315,2357
12/31/2025,WH-SLO01,LOT-0799,53
12/31/2025,WH-SLO01,LOT-0052,1737
12/31/2025,WH-SLO01,LOT-1052,1989
12/31/2025,WH-SLO01,LOT-0357,1793
12/31/2025,WH-SLO01,LOT-0702,454
12/31/2025,WH-SLO01,LOT-0372,2236
12/31/2025,WH-YOG01,LOT-0953,355
12/31/2025,WH-YOG01,LOT-0773,1976
12/31/2025,WH-YOG01,LOT-0296,1285
12/31/2025,WH-YOG01,LOT-0765,1394
12/31/2025,WH-YOG01,LOT-0006,1049
12/31/2025,WH-YOG01,LOT-0990,1555
12/31/2025,WH-YOG01,LOT-0863,2360
12/31/2025,WH-YOG01,LOT-0989,901
12/31/2025,WH-YOG01,LOT-0135,1423
12/31/2025,WH-YOG01,LOT-0853,510
12/31/2025,WH-YOG01,LOT-0380,116
12/31/2025,WH-YOG01,LOT-0193,677
12/31/2025,WH-YOG01,LOT-1022,343
12/31/2025,WH-YOG01,LOT-0302,1256
12/31/2025,WH-YOG01,LOT-0086,202
12/31/2025,WH-YOG01,LOT-0578,372
12/31/2025,WH-YOG01,LOT-1118,626
12/31/2025,WH-YOG01,LOT-1073,2234
12/31/2025,WH-YOG01,LOT-1058,1011
12/31/2025,WH-YOG01,LOT-0809,785
12/31/2025,WH-YOG01,LOT-1149,365
12/31/2025,WH-YOG01,LOT-0102,2350
12/31/2025,WH-YOG01,LOT-0614,1363
12/31/2025,WH-YOG01,LOT-0211,1515
12/31/2025,WH-YOG01,LOT-1027,2112
12/31/2025,WH-YOG01,LOT-0799,2397
12/31/2025,WH-YOG01,LOT-1177,1985
12/31/2025,WH-YOG01,LOT-0456,2329
12/31/2025,WH-YOG01,LOT-0092,2378
12/31/2025,WH-YOG01,LOT-0464,58
12/31/2025,WH-YOG01,LOT-0332,913
12/31/2025,WH-YOG01,LOT-0793,1398
12/31/2025,WH-YOG01,LOT-0610,2479
12/31/2025,WH-YOG01,LOT-0673,1868
12/31/2025,WH-YOG01,LOT-0821,419
12/31/2025,WH-YOG01,LOT-0526,2028
12/31/2025,WH-YOG01,LOT-0880,2029
12/31/2025,WH-YOG01,LOT-0957,343
12/31/2025,WH-YOG01,LOT-0612,2000
12/31/2025,WH-YOG01,LOT-0224,119
12/31/2025,WH-YOG01,LOT-0171,797
12/31/2025,WH-YOG01,LOT-0822,143
12/31/2025,WH-YOG01,LOT-0076,1424
12/31/2025,WH-YOG01,LOT-0662,1692
12/31/2025,WH-YOG01,LOT-0473,2059
12/31/2025,WH-YOG01,LOT-0042,1860
12/31/2025,WH-YOG01,LOT-0513,243
12/31/2025,WH-YOG01,LOT-1166,2357
12/31/2025,WH-YOG01,LOT-0068,1252
12/31/2025,WH-YOG01,LOT-1157,311
12/31/2025,WH-YOG01,LOT-0997,540
12/31/2025,WH-YOG01,LOT-0032,1048
12/31/2025,WH-YOG01,LOT-0470,1574
12/31/2025,WH-YOG01,LOT-0268,29
12/31/2025,WH-YOG01,LOT-0689,1361
12/31/2025,WH-YOG01,LOT-0235,391
12/31/2025,WH-YOG01,LOT-0923,1616
12/31/2025,WH-YOG01,LOT-0109,1047
12/31/2025,WH-YOG01,LOT-0253,2225
12/31/2025,WH-YOG01,LOT-1132,959
12/31/2025,WH-YOG01,LOT-0142,2284
12/31/2025,WH-YOG01,LOT-0766,2429
12/31/2025,WH-YOG01,LOT-1145,1323
12/31/2025,WH-YOG01,LOT-1176,865
12/31/2025,WH-YOG01,LOT-0205,989
12/31/2025,WH-YOG01,LOT-0385,1845
12/31/2025,WH-YOG01,LOT-0814,1587
12/31/2025,WH-YOG01,LOT-1116,2298
12/31/2025,WH-YOG01,LOT-0292,1070
12/31/2025,WH-YOG01,LOT-1187,482
12/31/2025,WH-YOG01,LOT-0802,2292
12/31/2025,WH-YOG01,LOT-0952,1867
12/31/2025,WH-YOG01,LOT-0023,1663
12/31/2025,WH-YOG01,LOT-0947,1883
12/31/2025,WH-YOG01,LOT-0568,1913
12/31/2025,WH-YOG01,LOT-0359,1794
12/31/2025,WH-YOG01,LOT-0242,258
12/31/2025,WH-YOG01,LOT-0681,48
12/31/2025,WH-YOG01,LOT-0506,1598
12/31/2025,WH-YOG01,LOT-0138,1156
12/31/2025,WH-YOG01,LOT-0510,929
12/31/2025,WH-YOG01,LOT-0816,1280
12/31/2025,WH-YOG01,LOT-0284,1339
12/31/2025,WH-YOG01,LOT-0699,2414
12/31/2025,WH-YOG01,LOT-0352,1873
12/31/2025,WH-YOG01,LOT-0823,965
12/31/2025,WH-YOG01,LOT-0008,337
12/31/2025,WH-YOG01,LOT-0288,1945
12/31/2025,WH-YOG01,LOT-0357,978
12/31/2025,WH-YOG01,LOT-0232,192
12/31/2025,WH-YOG01,LOT-0868,942
12/31/2025,WH-YOG01,LOT-1171,934
12/31/2025,WH-YOG01,LOT-0052,735
12/31/2025,WH-YOG01,LOT-1128,1092
12/31/2025,WH-YOG01,LOT-1045,2386
12/31/2025,WH-YOG01,LOT-0933,1731
12/31/2025,WH-YOG01,LOT-0752,1858
12/31/2025,WH-YOG01,LOT-0566,1375
12/31/2025,WH-YOG01,LOT-1054,2057
12/31/2025,WH-YOG01,LOT-0022,1091
12/31/2025,WH-YOG01,LOT-0290,1403
12/31/2025,WH-YOG01,LOT-0475,486
12/31/2025,WH-YOG01,LOT-0408,11
12/31/2025,WH-YOG01,LOT-0754,1247
12/31/2025,WH-YOG01,LOT-1117,2233
12/31/2025,WH-YOG01,LOT-1032,1160
12/31/2025,WH-YOG01,LOT-0611,2194
12/31/2025,WH-YOG01,LOT-0394,186
12/31/2025,WH-YOG01,LOT-0170,2412
12/31/2025,WH-YOG01,LOT-0009,1253
12/31/2025,WH-YOG01,LOT-0837,1807
12/31/2025,WH-YOG01,LOT-0742,899
12/31/2025,WH-YOG01,LOT-0919,489
12/31/2025,WH-YOG01,LOT-0491,2227
12/31/2025,WH-YOG01,LOT-0669,389
